route_id,service_id,trip_id,realtime_trip_id,trip_headsign,trip_short_name,trip_long_name,direction_id,block_id,shape_id,wheelchair_accessible,bikes_allowed
152911,2315,378751842,RET:M006:521920,Schiedam Centrum,521920,,0,,1639033,0,
152911,2315,378751843,RET:M006:521967,Schiedam Centrum,521967,,0,,1639033,0,
152911,2315,378751844,RET:M006:522057,Schiedam Centrum,522057,,0,,1639033,0,
152911,2315,378751845,RET:M006:522158,Schiedam Centrum,522158,,0,,1639033,0,
152911,2315,378751846,RET:M006:522216,Schiedam Centrum,522216,,0,,1639033,0,
152911,2315,378751847,RET:M006:521923,Binnenhof,521923,,1,,1638918,0,
152911,2315,378751848,RET:M006:521927,Binnenhof,521927,,1,,1638918,0,
152911,2315,378751849,RET:M006:521931,Binnenhof,521931,,1,,1638918,0,
152911,2315,378751850,RET:M006:521935,Binnenhof,521935,,1,,1638918,0,1
152911,2315,378751851,RET:M006:521939,Binnenhof,521939,,1,,1638918,0,1
152911,2315,378751852,RET:M006:521943,Binnenhof,521943,,1,,1638918,0,1
152911,2315,378751853,RET:M006:521947,Binnenhof,521947,,1,,1638918,0,1
152911,2315,378751854,RET:M006:521951,Binnenhof,521951,,1,,1638918,0,1
152911,2315,378751855,RET:M006:521955,Binnenhof,521955,,1,,1638918,0,
152911,2315,378751856,RET:M006:521959,Binnenhof,521959,,1,,1638918,0,
152911,2315,378751857,RET:M006:521970,Binnenhof,521970,,1,,1638918,0,
152911,2315,378751858,RET:M006:521974,Binnenhof,521974,,1,,1638918,0,
152911,2315,378751859,RET:M006:521978,Binnenhof,521978,,1,,1638918,0,
152911,2315,378751860,RET:M006:521982,Binnenhof,521982,,1,,1638918,0,1
152911,2315,378751861,RET:M006:521986,Binnenhof,521986,,1,,1638918,0,1
152911,2315,378751862,RET:M006:521990,Binnenhof,521990,,1,,1638918,0,1
152911,2315,378751863,RET:M006:521994,Binnenhof,521994,,1,,1638918,0,1
152911,2315,378751864,RET:M006:521998,Binnenhof,521998,,1,,1638918,0,1
152911,2315,378751865,RET:M006:522002,Binnenhof,522002,,1,,1638918,0,
152911,2315,378751866,RET:M006:522006,Binnenhof,522006,,1,,1638918,0,
152911,2315,378751867,RET:M006:522018,Binnenhof,522018,,1,,1638918,0,
152911,2315,378751868,RET:M006:522022,Binnenhof,522022,,1,,1638918,0,
152911,2315,378751869,RET:M006:522026,Binnenhof,522026,,1,,1638918,0,1
152911,2315,378751870,RET:M006:522030,Binnenhof,522030,,1,,1638918,0,1
152911,2315,378751871,RET:M006:522034,Binnenhof,522034,,1,,1638918,0,1
152911,2315,378751872,RET:M006:522038,Binnenhof,522038,,1,,1638918,0,1
152911,2315,378751873,RET:M006:522042,Binnenhof,522042,,1,,1638918,0,1
152911,2315,378751874,RET:M006:522046,Binnenhof,522046,,1,,1638918,0,
152911,2315,378751875,RET:M006:522050,Binnenhof,522050,,1,,1638918,0,
152911,2315,378751876,RET:M006:522054,Binnenhof,522054,,1,,1638918,0,1
152911,2315,378751877,RET:M006:522060,Binnenhof,522060,,1,,1638918,0,
152911,2315,378751878,RET:M006:522064,Binnenhof,522064,,1,,1638918,0,
152911,2315,378751879,RET:M006:522068,Binnenhof,522068,,1,,1638918,0,1
152911,2315,378751880,RET:M006:522072,Binnenhof,522072,,1,,1638918,0,1
152911,2315,378751881,RET:M006:522076,Binnenhof,522076,,1,,1638918,0,1
152911,2315,378751882,RET:M006:522080,Binnenhof,522080,,1,,1638918,0,1
152911,2315,378751883,RET:M006:522084,Binnenhof,522084,,1,,1638918,0,1
152911,2315,378751884,RET:M006:522088,Binnenhof,522088,,1,,1638918,0,
152911,2315,378751885,RET:M006:522092,Binnenhof,522092,,1,,1638918,0,
152911,2315,378751886,RET:M006:522119,Binnenhof,522119,,1,,1638918,0,
152911,2315,378751887,RET:M006:522123,Binnenhof,522123,,1,,1638918,0,
152911,2315,378751888,RET:M006:522127,Binnenhof,522127,,1,,1638918,0,1
152911,2315,378751889,RET:M006:522131,Binnenhof,522131,,1,,1638918,0,1
152911,2315,378751890,RET:M006:522135,Binnenhof,522135,,1,,1638918,0,1
152911,2315,378751891,RET:M006:522139,Binnenhof,522139,,1,,1638918,0,1
152911,2315,378751892,RET:M006:522143,Binnenhof,522143,,1,,1638918,0,1
152911,2315,378751893,RET:M006:522147,Binnenhof,522147,,1,,1638918,0,
152911,2315,378751894,RET:M006:522151,Binnenhof,522151,,1,,1638918,0,
152911,2315,378751895,RET:M006:522161,Binnenhof,522161,,1,,1638918,0,
152911,2315,378751896,RET:M006:522165,Binnenhof,522165,,1,,1638918,0,
152911,2315,378751897,RET:M006:522169,Binnenhof,522169,,1,,1638918,0,1
152911,2315,378751898,RET:M006:522173,Binnenhof,522173,,1,,1638918,0,1
152911,2315,378751899,RET:M006:522177,Binnenhof,522177,,1,,1638918,0,1
152911,2315,378751900,RET:M006:522181,Binnenhof,522181,,1,,1638918,0,1
152911,2315,378751901,RET:M006:522185,Binnenhof,522185,,1,,1638918,0,1
152911,2315,378751902,RET:M006:522189,Binnenhof,522189,,1,,1638918,0,
152911,2315,378751903,RET:M006:522193,Binnenhof,522193,,1,,1638918,0,
152911,2315,378751904,RET:M006:522197,Binnenhof,522197,,1,,1638918,0,1
152911,2315,378751905,RET:M006:522219,Binnenhof,522219,,1,,1638918,0,
152911,2315,378751906,RET:M006:522223,Binnenhof,522223,,1,,1638918,0,
152911,2315,378751907,RET:M006:522227,Binnenhof,522227,,1,,1638918,0,1
152911,2315,378751908,RET:M006:522231,Binnenhof,522231,,1,,1638918,0,1
152911,2315,378751909,RET:M006:522235,Binnenhof,522235,,1,,1638918,0,1
152911,2315,378751910,RET:M006:522239,Binnenhof,522239,,1,,1638918,0,1
152911,2315,378751911,RET:M006:522243,Binnenhof,522243,,1,,1638918,0,1
152911,2315,378751912,RET:M006:522247,Binnenhof,522247,,1,,1638918,0,
152911,2315,378751913,RET:M006:522251,Binnenhof,522251,,1,,1638918,0,
152911,2315,378751914,RET:M006:522262,Binnenhof,522262,,1,,1638918,0,
152911,2315,378751915,RET:M006:522266,Binnenhof,522266,,1,,1638918,0,
152911,2315,378751916,RET:M006:522270,Binnenhof,522270,,1,,1638918,0,1
152911,2315,378751917,RET:M006:522274,Binnenhof,522274,,1,,1638918,0,1
152911,2315,378751918,RET:M006:522278,Binnenhof,522278,,1,,1638918,0,1
152911,2315,378751919,RET:M006:522282,Binnenhof,522282,,1,,1638918,0,1
152911,2315,378751920,RET:M006:522286,Binnenhof,522286,,1,,1638918,0,
152911,2315,378751921,RET:M006:522290,Binnenhof,522290,,1,,1638918,0,
152911,2315,378751922,RET:M006:522294,Binnenhof,522294,,1,,1638918,0,
152911,2315,378751923,RET:M006:521924,Schiedam Centrum,521924,,0,,1639216,0,
152911,2315,378751924,RET:M006:521928,Schiedam Centrum,521928,,0,,1639216,0,
152911,2315,378751925,RET:M006:521932,Schiedam Centrum,521932,,0,,1639216,0,1
152911,2315,378751926,RET:M006:521936,Schiedam Centrum,521936,,0,,1639216,0,1
152911,2315,378751927,RET:M006:521940,Schiedam Centrum,521940,,0,,1639216,0,1
152911,2315,378751928,RET:M006:521944,Schiedam Centrum,521944,,0,,1639216,0,1
152911,2315,378751929,RET:M006:521948,Schiedam Centrum,521948,,0,,1639216,0,1
152911,2315,378751930,RET:M006:521952,Schiedam Centrum,521952,,0,,1639216,0,
152911,2315,378751931,RET:M006:521956,Schiedam Centrum,521956,,0,,1639216,0,
152911,2315,378751932,RET:M006:521960,Schiedam Centrum,521960,,0,,1639216,0,1
152911,2315,378751933,RET:M006:521971,Schiedam Centrum,521971,,0,,1639216,0,
152911,2315,378751934,RET:M006:521975,Schiedam Centrum,521975,,0,,1639216,0,
152911,2315,378751935,RET:M006:521979,Schiedam Centrum,521979,,0,,1639216,0,1
152911,2315,378751936,RET:M006:521983,Schiedam Centrum,521983,,0,,1639216,0,1
152911,2315,378751937,RET:M006:521987,Schiedam Centrum,521987,,0,,1639216,0,1
152911,2315,378751938,RET:M006:521991,Schiedam Centrum,521991,,0,,1639216,0,1
152911,2315,378751939,RET:M006:521995,Schiedam Centrum,521995,,0,,1639216,0,1
152911,2315,378751940,RET:M006:521999,Schiedam Centrum,521999,,0,,1639216,0,
152911,2315,378751941,RET:M006:522003,Schiedam Centrum,522003,,0,,1639216,0,
152911,2315,378751942,RET:M006:522007,Schiedam Centrum,522007,,0,,1639216,0,1
152911,2315,378751943,RET:M006:522015,Schiedam Centrum,522015,,0,,1639216,0,
152911,2315,378751944,RET:M006:522019,Schiedam Centrum,522019,,0,,1639216,0,
152911,2315,378751945,RET:M006:522023,Schiedam Centrum,522023,,0,,1639216,0,
152911,2315,378751946,RET:M006:522027,Schiedam Centrum,522027,,0,,1639216,0,1
152911,2315,378751947,RET:M006:522031,Schiedam Centrum,522031,,0,,1639216,0,1
152911,2315,378751948,RET:M006:522035,Schiedam Centrum,522035,,0,,1639216,0,1
152911,2315,378751949,RET:M006:522039,Schiedam Centrum,522039,,0,,1639216,0,1
152911,2315,378751950,RET:M006:522043,Schiedam Centrum,522043,,0,,1639216,0,1
152911,2315,378751951,RET:M006:522047,Schiedam Centrum,522047,,0,,1639216,0,
152911,2315,378751952,RET:M006:522051,Schiedam Centrum,522051,,0,,1639216,0,
152911,2315,378751953,RET:M006:522061,Schiedam Centrum,522061,,0,,1639216,0,
152911,2315,378751954,RET:M006:522065,Schiedam Centrum,522065,,0,,1639216,0,
152911,2315,378751955,RET:M006:522069,Schiedam Centrum,522069,,0,,1639216,0,1
152911,2315,378751956,RET:M006:522073,Schiedam Centrum,522073,,0,,1639216,0,1
152911,2315,378751957,RET:M006:522077,Schiedam Centrum,522077,,0,,1639216,0,1
152911,2315,378751958,RET:M006:522081,Schiedam Centrum,522081,,0,,1639216,0,1
152911,2315,378751959,RET:M006:522085,Schiedam Centrum,522085,,0,,1639216,0,1
152911,2315,378751960,RET:M006:522089,Schiedam Centrum,522089,,0,,1639216,0,
152911,2315,378751961,RET:M006:522093,Schiedam Centrum,522093,,0,,1639216,0,
152911,2315,378751962,RET:M006:522116,Schiedam Centrum,522116,,0,,1639216,0,
152911,2315,378751963,RET:M006:522120,Schiedam Centrum,522120,,0,,1639216,0,
152911,2315,378751964,RET:M006:522124,Schiedam Centrum,522124,,0,,1639216,0,
152911,2315,378751965,RET:M006:522128,Schiedam Centrum,522128,,0,,1639216,0,1
152911,2315,378751966,RET:M006:522132,Schiedam Centrum,522132,,0,,1639216,0,1
152911,2315,378751967,RET:M006:522136,Schiedam Centrum,522136,,0,,1639216,0,1
152911,2315,378751968,RET:M006:522140,Schiedam Centrum,522140,,0,,1639216,0,1
152911,2315,378751969,RET:M006:522144,Schiedam Centrum,522144,,0,,1639216,0,
152911,2315,378751970,RET:M006:522148,Schiedam Centrum,522148,,0,,1639216,0,
152911,2315,378751971,RET:M006:522152,Schiedam Centrum,522152,,0,,1639216,0,
152911,2315,378751972,RET:M006:522162,Schiedam Centrum,522162,,0,,1639216,0,
152911,2315,378751973,RET:M006:522166,Schiedam Centrum,522166,,0,,1639216,0,
152911,2315,378751974,RET:M006:522170,Schiedam Centrum,522170,,0,,1639216,0,1
152911,2315,378751975,RET:M006:522174,Schiedam Centrum,522174,,0,,1639216,0,1
152911,2315,378751976,RET:M006:522178,Schiedam Centrum,522178,,0,,1639216,0,1
152911,2315,378751977,RET:M006:522182,Schiedam Centrum,522182,,0,,1639216,0,1
152911,2315,378751978,RET:M006:522186,Schiedam Centrum,522186,,0,,1639216,0,1
152911,2315,378751979,RET:M006:522190,Schiedam Centrum,522190,,0,,1639216,0,
152911,2315,378751980,RET:M006:522194,Schiedam Centrum,522194,,0,,1639216,0,
152911,2315,378751981,RET:M006:522220,Schiedam Centrum,522220,,0,,1639216,0,
152911,2315,378751982,RET:M006:522224,Schiedam Centrum,522224,,0,,1639216,0,1
152911,2315,378751983,RET:M006:522228,Schiedam Centrum,522228,,0,,1639216,0,1
152911,2315,378751984,RET:M006:522232,Schiedam Centrum,522232,,0,,1639216,0,1
152911,2315,378751985,RET:M006:522236,Schiedam Centrum,522236,,0,,1639216,0,1
152911,2315,378751986,RET:M006:522240,Schiedam Centrum,522240,,0,,1639216,0,1
152911,2315,378751987,RET:M006:522244,Schiedam Centrum,522244,,0,,1639216,0,
152911,2315,378751988,RET:M006:522248,Schiedam Centrum,522248,,0,,1639216,0,
152911,2315,378751989,RET:M006:522252,Schiedam Centrum,522252,,0,,1639216,0,
152911,2315,378751990,RET:M006:522259,Schiedam Centrum,522259,,0,,1639216,0,
152911,2315,378751991,RET:M006:522263,Schiedam Centrum,522263,,0,,1639216,0,
152911,2315,378751992,RET:M006:522267,Schiedam Centrum,522267,,0,,1639216,0,1
152911,2315,378751993,RET:M006:522271,Schiedam Centrum,522271,,0,,1639216,0,1
152911,2315,378751994,RET:M006:522275,Schiedam Centrum,522275,,0,,1639216,0,1
152911,2315,378751995,RET:M006:522279,Schiedam Centrum,522279,,0,,1639216,0,1
152911,2315,378751996,RET:M006:522283,Schiedam Centrum,522283,,0,,1639216,0,1
152911,2315,378751997,RET:M006:522287,Schiedam Centrum,522287,,0,,1639216,0,
152911,2315,378751998,RET:M006:522291,Schiedam Centrum,522291,,0,,1639216,0,
152911,2315,378751999,RET:M006:522295,Schiedam Centrum,522295,,0,,1639216,0,1
152911,2315,378752000,RET:M006:521963,Capelsebrug,521963,,1,,1638930,0,1
152911,2315,378752001,RET:M006:522010,Capelsebrug,522010,,1,,1638930,0,1
152911,2315,378752002,RET:M006:522298,Capelsebrug,522298,,1,,1638930,0,1
152911,2315,378752003,RET:M006:522014,Binnenhof,522014,,1,,1638959,0,
152911,2315,378752004,RET:M006:522115,Binnenhof,522115,,1,,1638959,0,
152911,2315,378752005,RET:M006:522258,Binnenhof,522258,,1,,1638959,0,
152911,2315,378752006,RET:M006:522096,Binnenhof,522096,,1,,1638687,0,
152911,2315,378752007,RET:M006:522155,Binnenhof,522155,,1,,1638687,0,1
152911,2315,378752008,RET:M006:522255,Binnenhof,522255,,1,,1638687,0,1
152911,2315,378752009,RET:M006:522098,Kralingse Zoom,522098,,0,,1638680,0,1
152911,2315,378752010,RET:M006:522099,Binnenhof,522099,,1,,1638744,0,1
152911,2315,378752011,RET:M006:522101,Binnenhof,522101,,1,,1638744,0,1
152911,2315,378752012,RET:M006:522103,Binnenhof,522103,,1,,1638744,0,1
152911,2315,378752013,RET:M006:522105,Binnenhof,522105,,1,,1638744,0,1
152911,2315,378752014,RET:M006:522107,Binnenhof,522107,,1,,1638744,0,1
152911,2315,378752015,RET:M006:522109,Binnenhof,522109,,1,,1638744,0,1
152911,2315,378752016,RET:M006:522111,Binnenhof,522111,,1,,1638744,0,1
152911,2315,378752017,RET:M006:522200,Binnenhof,522200,,1,,1638744,0,1
152911,2315,378752018,RET:M006:522202,Binnenhof,522202,,1,,1638744,0,1
152911,2315,378752019,RET:M006:522204,Binnenhof,522204,,1,,1638744,0,1
152911,2315,378752020,RET:M006:522206,Binnenhof,522206,,1,,1638744,0,1
152911,2315,378752021,RET:M006:522208,Binnenhof,522208,,1,,1638744,0,1
152911,2315,378752022,RET:M006:522210,Binnenhof,522210,,1,,1638744,0,1
152911,2315,378752023,RET:M006:522212,Binnenhof,522212,,1,,1638744,0,1
152911,2315,378752024,RET:M006:522303,Binnenhof,522303,,1,,1638744,0,1
152911,2315,378752025,RET:M006:522305,Binnenhof,522305,,1,,1638744,0,1
152911,2315,378752026,RET:M006:522307,Binnenhof,522307,,1,,1638744,0,1
152911,2315,378752027,RET:M006:522309,Binnenhof,522309,,1,,1638744,0,1
152911,2315,378752028,RET:M006:522311,Binnenhof,522311,,1,,1638744,0,1
152911,2315,378752029,RET:M006:522313,Binnenhof,522313,,1,,1638744,0,1
152911,2315,378752030,RET:M006:522315,Binnenhof,522315,,1,,1638744,0,1
152911,2315,378752031,RET:M006:522100,Kralingse Zoom,522100,,0,,1638981,0,1
152911,2315,378752032,RET:M006:522102,Kralingse Zoom,522102,,0,,1638981,0,1
152911,2315,378752033,RET:M006:522104,Kralingse Zoom,522104,,0,,1638981,0,1
152911,2315,378752034,RET:M006:522106,Kralingse Zoom,522106,,0,,1638981,0,1
152911,2315,378752035,RET:M006:522108,Kralingse Zoom,522108,,0,,1638981,0,1
152911,2315,378752036,RET:M006:522110,Kralingse Zoom,522110,,0,,1638981,0,1
152911,2315,378752037,RET:M006:522199,Kralingse Zoom,522199,,0,,1638981,0,1
152911,2315,378752038,RET:M006:522201,Kralingse Zoom,522201,,0,,1638981,0,1
152911,2315,378752039,RET:M006:522203,Kralingse Zoom,522203,,0,,1638981,0,1
152911,2315,378752040,RET:M006:522205,Kralingse Zoom,522205,,0,,1638981,0,1
152911,2315,378752041,RET:M006:522207,Kralingse Zoom,522207,,0,,1638981,0,1
152911,2315,378752042,RET:M006:522209,Kralingse Zoom,522209,,0,,1638981,0,1
152911,2315,378752043,RET:M006:522211,Kralingse Zoom,522211,,0,,1638981,0,1
152911,2315,378752044,RET:M006:522302,Kralingse Zoom,522302,,0,,1638981,0,1
152911,2315,378752045,RET:M006:522304,Kralingse Zoom,522304,,0,,1638981,0,1
152911,2315,378752046,RET:M006:522306,Kralingse Zoom,522306,,0,,1638981,0,1
152911,2315,378752047,RET:M006:522308,Kralingse Zoom,522308,,0,,1638981,0,1
152911,2315,378752048,RET:M006:522310,Kralingse Zoom,522310,,0,,1638981,0,1
152911,2315,378752049,RET:M006:522312,Kralingse Zoom,522312,,0,,1638981,0,1
152911,2315,378752050,RET:M006:522314,Kralingse Zoom,522314,,0,,1638981,0,1
152911,2315,378752051,RET:M006:522112,Alexander,522112,,0,,,0,1
152911,2315,378752052,RET:M006:522213,Alexander,522213,,0,,,0,1
152911,2315,378752053,RET:M006:522316,Alexander,522316,,0,,,0,1
152911,3605,378753034,RET:M006:527352,Binnenhof,527352,,1,,1638744,0,1
152911,3605,378753035,RET:M006:527354,Binnenhof,527354,,1,,1638744,0,1
152911,3605,378753036,RET:M006:527356,Binnenhof,527356,,1,,1638744,0,1
152911,3605,378753037,RET:M006:527391,Binnenhof,527391,,1,,1638744,0,1
152911,3605,378753038,RET:M006:527393,Binnenhof,527393,,1,,1638744,0,1
152911,3605,378753039,RET:M006:527395,Binnenhof,527395,,1,,1638744,0,1
152911,3605,378753040,RET:M006:527430,Binnenhof,527430,,1,,1638744,0,1
152911,3605,378753041,RET:M006:527432,Binnenhof,527432,,1,,1638744,0,1
152911,3605,378753042,RET:M006:527434,Binnenhof,527434,,1,,1638744,0,1
152911,3605,378753043,RET:M006:527470,Binnenhof,527470,,1,,1638744,0,1
152911,3605,378753044,RET:M006:527504,Binnenhof,527504,,1,,1638744,0,1
152911,3605,378753045,RET:M006:527535,Binnenhof,527535,,1,,1638744,0,1
152911,3605,378753046,RET:M006:527537,Binnenhof,527537,,1,,1638744,0,1
152911,3605,378753047,RET:M006:527539,Binnenhof,527539,,1,,1638744,0,1
152911,3605,378753048,RET:M006:527541,Binnenhof,527541,,1,,1638744,0,1
152911,3605,378753049,RET:M006:527543,Binnenhof,527543,,1,,1638744,0,1
152911,3605,378753050,RET:M006:527545,Binnenhof,527545,,1,,1638744,0,1
152911,3605,378753051,RET:M006:527547,Binnenhof,527547,,1,,1638744,0,1
152911,3605,378753052,RET:M006:527551,Binnenhof,527551,,1,,1638744,0,1
152911,3605,378753053,RET:M006:527553,Binnenhof,527553,,1,,1638744,0,1
152911,3605,378753054,RET:M006:527555,Binnenhof,527555,,1,,1638744,0,1
152911,3605,378753055,RET:M006:527557,Binnenhof,527557,,1,,1638744,0,1
152911,3605,378753056,RET:M006:527559,Binnenhof,527559,,1,,1638744,0,1
152911,3605,378753057,RET:M006:527561,Binnenhof,527561,,1,,1638744,0,1
152911,3605,378753058,RET:M006:527563,Binnenhof,527563,,1,,1638744,0,1
152911,3605,378753059,RET:M006:527567,Binnenhof,527567,,1,,1638744,0,1
152911,3605,378753060,RET:M006:527569,Binnenhof,527569,,1,,1638744,0,1
152911,3605,378753061,RET:M006:527571,Binnenhof,527571,,1,,1638744,0,1
152911,3605,378753062,RET:M006:527573,Binnenhof,527573,,1,,1638744,0,1
152911,3605,378753063,RET:M006:527575,Binnenhof,527575,,1,,1638744,0,1
152911,3605,378753064,RET:M006:527577,Binnenhof,527577,,1,,1638744,0,1
152911,3605,378753065,RET:M006:527353,Kralingse Zoom,527353,,0,,1638981,0,1
152911,3605,378753066,RET:M006:527355,Kralingse Zoom,527355,,0,,1638981,0,1
152911,3605,378753067,RET:M006:527392,Kralingse Zoom,527392,,0,,1638981,0,1
152911,3605,378753068,RET:M006:527394,Kralingse Zoom,527394,,0,,1638981,0,1
152911,3605,378753069,RET:M006:527431,Kralingse Zoom,527431,,0,,1638981,0,1
152911,3605,378753070,RET:M006:527433,Kralingse Zoom,527433,,0,,1638981,0,1
152911,3605,378753071,RET:M006:527536,Kralingse Zoom,527536,,0,,1638981,0,1
152911,3605,378753072,RET:M006:527538,Kralingse Zoom,527538,,0,,1638981,0,1
152911,3605,378753073,RET:M006:527540,Kralingse Zoom,527540,,0,,1638981,0,1
152911,3605,378753074,RET:M006:527542,Kralingse Zoom,527542,,0,,1638981,0,1
152911,3605,378753075,RET:M006:527544,Kralingse Zoom,527544,,0,,1638981,0,1
152911,3605,378753076,RET:M006:527546,Kralingse Zoom,527546,,0,,1638981,0,1
152911,3605,378753077,RET:M006:527550,Kralingse Zoom,527550,,0,,1638981,0,1
152911,3605,378753078,RET:M006:527552,Kralingse Zoom,527552,,0,,1638981,0,1
152911,3605,378753079,RET:M006:527554,Kralingse Zoom,527554,,0,,1638981,0,1
152911,3605,378753080,RET:M006:527556,Kralingse Zoom,527556,,0,,1638981,0,1
152911,3605,378753081,RET:M006:527558,Kralingse Zoom,527558,,0,,1638981,0,1
152911,3605,378753082,RET:M006:527560,Kralingse Zoom,527560,,0,,1638981,0,1
152911,3605,378753083,RET:M006:527562,Kralingse Zoom,527562,,0,,1638981,0,1
152911,3605,378753084,RET:M006:527568,Kralingse Zoom,527568,,0,,1638981,0,1
152911,3605,378753085,RET:M006:527570,Kralingse Zoom,527570,,0,,1638981,0,1
152911,3605,378753086,RET:M006:527572,Kralingse Zoom,527572,,0,,1638981,0,1
152911,3605,378753087,RET:M006:527574,Kralingse Zoom,527574,,0,,1638981,0,1
152911,3605,378753088,RET:M006:527576,Kralingse Zoom,527576,,0,,1638981,0,1
152911,3605,378753089,RET:M006:527357,Schiedam Centrum,527357,,0,,1639216,0,1
152911,3605,378753090,RET:M006:527361,Schiedam Centrum,527361,,0,,1639216,0,1
152911,3605,378753091,RET:M006:527365,Schiedam Centrum,527365,,0,,1639216,0,1
152911,3605,378753092,RET:M006:527369,Schiedam Centrum,527369,,0,,1639216,0,1
152911,3605,378753093,RET:M006:527373,Schiedam Centrum,527373,,0,,1639216,0,1
152911,3605,378753094,RET:M006:527377,Schiedam Centrum,527377,,0,,1639216,0,1
152911,3605,378753095,RET:M006:527381,Schiedam Centrum,527381,,0,,1639216,0,1
152911,3605,378753096,RET:M006:527385,Schiedam Centrum,527385,,0,,1639216,0,1
152911,3605,378753097,RET:M006:527396,Schiedam Centrum,527396,,0,,1639216,0,1
152911,3605,378753098,RET:M006:527400,Schiedam Centrum,527400,,0,,1639216,0,1
152911,3605,378753099,RET:M006:527404,Schiedam Centrum,527404,,0,,1639216,0,1
152911,3605,378753100,RET:M006:527408,Schiedam Centrum,527408,,0,,1639216,0,1
152911,3605,378753101,RET:M006:527412,Schiedam Centrum,527412,,0,,1639216,0,1
152911,3605,378753102,RET:M006:527416,Schiedam Centrum,527416,,0,,1639216,0,1
152911,3605,378753103,RET:M006:527420,Schiedam Centrum,527420,,0,,1639216,0,1
152911,3605,378753104,RET:M006:527424,Schiedam Centrum,527424,,0,,1639216,0,1
152911,3605,378753105,RET:M006:527435,Schiedam Centrum,527435,,0,,1639216,0,1
152911,3605,378753106,RET:M006:527439,Schiedam Centrum,527439,,0,,1639216,0,1
152911,3605,378753107,RET:M006:527443,Schiedam Centrum,527443,,0,,1639216,0,1
152911,3605,378753108,RET:M006:527447,Schiedam Centrum,527447,,0,,1639216,0,1
152911,3605,378753109,RET:M006:527451,Schiedam Centrum,527451,,0,,1639216,0,1
152911,3605,378753110,RET:M006:527455,Schiedam Centrum,527455,,0,,1639216,0,1
152911,3605,378753111,RET:M006:527459,Schiedam Centrum,527459,,0,,1639216,0,1
152911,3605,378753112,RET:M006:527463,Schiedam Centrum,527463,,0,,1639216,0,1
152911,3605,378753113,RET:M006:527471,Schiedam Centrum,527471,,0,,1639216,0,1
152911,3605,378753114,RET:M006:527475,Schiedam Centrum,527475,,0,,1639216,0,1
152911,3605,378753115,RET:M006:527479,Schiedam Centrum,527479,,0,,1639216,0,1
152911,3605,378753116,RET:M006:527483,Schiedam Centrum,527483,,0,,1639216,0,1
152911,3605,378753117,RET:M006:527487,Schiedam Centrum,527487,,0,,1639216,0,1
152911,3605,378753118,RET:M006:527491,Schiedam Centrum,527491,,0,,1639216,0,1
152911,3605,378753119,RET:M006:527495,Schiedam Centrum,527495,,0,,1639216,0,1
152911,3605,378753120,RET:M006:527505,Schiedam Centrum,527505,,0,,1639216,0,1
152911,3605,378753121,RET:M006:527509,Schiedam Centrum,527509,,0,,1639216,0,1
152911,3605,378753122,RET:M006:527513,Schiedam Centrum,527513,,0,,1639216,0,1
152911,3605,378753123,RET:M006:527517,Schiedam Centrum,527517,,0,,1639216,0,1
152911,3605,378753124,RET:M006:527521,Schiedam Centrum,527521,,0,,1639216,0,1
152911,3605,378753125,RET:M006:527525,Schiedam Centrum,527525,,0,,1639216,0,1
152911,3605,378753126,RET:M006:527529,Schiedam Centrum,527529,,0,,1639216,0,1
152911,3605,378753127,RET:M006:527360,Binnenhof,527360,,1,,1638918,0,1
152911,3605,378753128,RET:M006:527364,Binnenhof,527364,,1,,1638918,0,1
152911,3605,378753129,RET:M006:527368,Binnenhof,527368,,1,,1638918,0,1
152911,3605,378753130,RET:M006:527372,Binnenhof,527372,,1,,1638918,0,1
152911,3605,378753131,RET:M006:527376,Binnenhof,527376,,1,,1638918,0,1
152911,3605,378753132,RET:M006:527380,Binnenhof,527380,,1,,1638918,0,1
152911,3605,378753133,RET:M006:527384,Binnenhof,527384,,1,,1638918,0,1
152911,3605,378753134,RET:M006:527388,Binnenhof,527388,,1,,1638918,0,1
152911,3605,378753135,RET:M006:527399,Binnenhof,527399,,1,,1638918,0,1
152911,3605,378753136,RET:M006:527403,Binnenhof,527403,,1,,1638918,0,1
152911,3605,378753137,RET:M006:527407,Binnenhof,527407,,1,,1638918,0,1
152911,3605,378753138,RET:M006:527411,Binnenhof,527411,,1,,1638918,0,1
152911,3605,378753139,RET:M006:527415,Binnenhof,527415,,1,,1638918,0,1
152911,3605,378753140,RET:M006:527419,Binnenhof,527419,,1,,1638918,0,1
152911,3605,378753141,RET:M006:527423,Binnenhof,527423,,1,,1638918,0,1
152911,3605,378753142,RET:M006:527427,Binnenhof,527427,,1,,1638918,0,1
152911,3605,378753143,RET:M006:527438,Binnenhof,527438,,1,,1638918,0,1
152911,3605,378753144,RET:M006:527442,Binnenhof,527442,,1,,1638918,0,1
152911,3605,378753145,RET:M006:527446,Binnenhof,527446,,1,,1638918,0,1
152911,3605,378753146,RET:M006:527450,Binnenhof,527450,,1,,1638918,0,1
152911,3605,378753147,RET:M006:527454,Binnenhof,527454,,1,,1638918,0,1
152911,3605,378753148,RET:M006:527458,Binnenhof,527458,,1,,1638918,0,1
152911,3605,378753149,RET:M006:527462,Binnenhof,527462,,1,,1638918,0,1
152911,3605,378753150,RET:M006:527474,Binnenhof,527474,,1,,1638918,0,1
152911,3605,378753151,RET:M006:527478,Binnenhof,527478,,1,,1638918,0,1
152911,3605,378753152,RET:M006:527482,Binnenhof,527482,,1,,1638918,0,1
152911,3605,378753153,RET:M006:527486,Binnenhof,527486,,1,,1638918,0,1
152911,3605,378753154,RET:M006:527490,Binnenhof,527490,,1,,1638918,0,1
152911,3605,378753155,RET:M006:527494,Binnenhof,527494,,1,,1638918,0,1
152911,3605,378753156,RET:M006:527498,Binnenhof,527498,,1,,1638918,0,1
152911,3605,378753157,RET:M006:527508,Binnenhof,527508,,1,,1638918,0,1
152911,3605,378753158,RET:M006:527512,Binnenhof,527512,,1,,1638918,0,1
152911,3605,378753159,RET:M006:527516,Binnenhof,527516,,1,,1638918,0,1
152911,3605,378753160,RET:M006:527520,Binnenhof,527520,,1,,1638918,0,1
152911,3605,378753161,RET:M006:527524,Binnenhof,527524,,1,,1638918,0,1
152911,3605,378753162,RET:M006:527528,Binnenhof,527528,,1,,1638918,0,1
152911,3605,378753163,RET:M006:527466,Capelsebrug,527466,,1,,1638930,0,1
152911,3605,378753164,RET:M006:527500,Capelsebrug,527500,,0,,1638798,0,1
152911,3605,378753165,RET:M006:527532,Binnenhof,527532,,1,,1638687,0,1
152911,3605,378753166,RET:M006:527534,Kralingse Zoom,527534,,0,,1638680,0,1
152911,3605,378753167,RET:M006:527566,Kralingse Zoom,527566,,0,,1638680,0,1
152911,3605,378753168,RET:M006:527548,Alexander,527548,,0,,,0,1
152911,3605,378753169,RET:M006:527564,Alexander,527564,,0,,,0,1
152911,3605,378753170,RET:M006:527578,Alexander,527578,,0,,,0,1
152911,1857,378773873,RET:M006:374771,Binnenhof,374771,,1,,1638744,0,1
152911,1857,378773874,RET:M006:374773,Binnenhof,374773,,1,,1638744,0,1
152911,1857,378773875,RET:M006:374775,Binnenhof,374775,,1,,1638744,0,1
152911,1857,378773876,RET:M006:374810,Binnenhof,374810,,1,,1638744,0,1
152911,1857,378773877,RET:M006:374812,Binnenhof,374812,,1,,1638744,0,1
152911,1857,378773878,RET:M006:374814,Binnenhof,374814,,1,,1638744,0,1
152911,1857,378773879,RET:M006:374849,Binnenhof,374849,,1,,1638744,0,1
152911,1857,378773880,RET:M006:374851,Binnenhof,374851,,1,,1638744,0,1
152911,1857,378773881,RET:M006:374853,Binnenhof,374853,,1,,1638744,0,1
152911,1857,378773882,RET:M006:374889,Binnenhof,374889,,1,,1638744,0,1
152911,1857,378773883,RET:M006:374923,Binnenhof,374923,,1,,1638744,0,1
152911,1857,378773884,RET:M006:374954,Binnenhof,374954,,1,,1638744,0,1
152911,1857,378773885,RET:M006:374956,Binnenhof,374956,,1,,1638744,0,1
152911,1857,378773886,RET:M006:374958,Binnenhof,374958,,1,,1638744,0,1
152911,1857,378773887,RET:M006:374960,Binnenhof,374960,,1,,1638744,0,1
152911,1857,378773888,RET:M006:374962,Binnenhof,374962,,1,,1638744,0,1
152911,1857,378773889,RET:M006:374964,Binnenhof,374964,,1,,1638744,0,1
152911,1857,378773890,RET:M006:374966,Binnenhof,374966,,1,,1638744,0,1
152911,1857,378773891,RET:M006:374970,Binnenhof,374970,,1,,1638744,0,1
152911,1857,378773892,RET:M006:374972,Binnenhof,374972,,1,,1638744,0,1
152911,1857,378773893,RET:M006:374974,Binnenhof,374974,,1,,1638744,0,1
152911,1857,378773894,RET:M006:374976,Binnenhof,374976,,1,,1638744,0,1
152911,1857,378773895,RET:M006:374978,Binnenhof,374978,,1,,1638744,0,1
152911,1857,378773896,RET:M006:374980,Binnenhof,374980,,1,,1638744,0,1
152911,1857,378773897,RET:M006:374982,Binnenhof,374982,,1,,1638744,0,1
152911,1857,378773898,RET:M006:374986,Binnenhof,374986,,1,,1638744,0,1
152911,1857,378773899,RET:M006:374988,Binnenhof,374988,,1,,1638744,0,1
152911,1857,378773900,RET:M006:374990,Binnenhof,374990,,1,,1638744,0,1
152911,1857,378773901,RET:M006:374992,Binnenhof,374992,,1,,1638744,0,1
152911,1857,378773902,RET:M006:374994,Binnenhof,374994,,1,,1638744,0,1
152911,1857,378773903,RET:M006:374996,Binnenhof,374996,,1,,1638744,0,1
152911,1857,378773904,RET:M006:374772,Kralingse Zoom,374772,,0,,1638981,0,1
152911,1857,378773905,RET:M006:374774,Kralingse Zoom,374774,,0,,1638981,0,1
152911,1857,378773906,RET:M006:374811,Kralingse Zoom,374811,,0,,1638981,0,1
152911,1857,378773907,RET:M006:374813,Kralingse Zoom,374813,,0,,1638981,0,1
152911,1857,378773908,RET:M006:374850,Kralingse Zoom,374850,,0,,1638981,0,1
152911,1857,378773909,RET:M006:374852,Kralingse Zoom,374852,,0,,1638981,0,1
152911,1857,378773910,RET:M006:374955,Kralingse Zoom,374955,,0,,1638981,0,1
152911,1857,378773911,RET:M006:374957,Kralingse Zoom,374957,,0,,1638981,0,1
152911,1857,378773912,RET:M006:374959,Kralingse Zoom,374959,,0,,1638981,0,1
152911,1857,378773913,RET:M006:374961,Kralingse Zoom,374961,,0,,1638981,0,1
152911,1857,378773914,RET:M006:374963,Kralingse Zoom,374963,,0,,1638981,0,1
152911,1857,378773915,RET:M006:374965,Kralingse Zoom,374965,,0,,1638981,0,1
152911,1857,378773916,RET:M006:374969,Kralingse Zoom,374969,,0,,1638981,0,1
152911,1857,378773917,RET:M006:374971,Kralingse Zoom,374971,,0,,1638981,0,1
152911,1857,378773918,RET:M006:374973,Kralingse Zoom,374973,,0,,1638981,0,1
152911,1857,378773919,RET:M006:374975,Kralingse Zoom,374975,,0,,1638981,0,1
152911,1857,378773920,RET:M006:374977,Kralingse Zoom,374977,,0,,1638981,0,1
152911,1857,378773921,RET:M006:374979,Kralingse Zoom,374979,,0,,1638981,0,1
152911,1857,378773922,RET:M006:374981,Kralingse Zoom,374981,,0,,1638981,0,1
152911,1857,378773923,RET:M006:374987,Kralingse Zoom,374987,,0,,1638981,0,1
152911,1857,378773924,RET:M006:374989,Kralingse Zoom,374989,,0,,1638981,0,1
152911,1857,378773925,RET:M006:374991,Kralingse Zoom,374991,,0,,1638981,0,1
152911,1857,378773926,RET:M006:374993,Kralingse Zoom,374993,,0,,1638981,0,1
152911,1857,378773927,RET:M006:374995,Kralingse Zoom,374995,,0,,1638981,0,1
152911,1857,378773928,RET:M006:374776,Schiedam Centrum,374776,,0,,1639216,0,1
152911,1857,378773929,RET:M006:374780,Schiedam Centrum,374780,,0,,1639216,0,1
152911,1857,378773930,RET:M006:374784,Schiedam Centrum,374784,,0,,1639216,0,1
152911,1857,378773931,RET:M006:374788,Schiedam Centrum,374788,,0,,1639216,0,1
152911,1857,378773932,RET:M006:374792,Schiedam Centrum,374792,,0,,1639216,0,1
152911,1857,378773933,RET:M006:374796,Schiedam Centrum,374796,,0,,1639216,0,1
152911,1857,378773934,RET:M006:374800,Schiedam Centrum,374800,,0,,1639216,0,1
152911,1857,378773935,RET:M006:374804,Schiedam Centrum,374804,,0,,1639216,0,1
152911,1857,378773936,RET:M006:374815,Schiedam Centrum,374815,,0,,1639216,0,1
152911,1857,378773937,RET:M006:374819,Schiedam Centrum,374819,,0,,1639216,0,1
152911,1857,378773938,RET:M006:374823,Schiedam Centrum,374823,,0,,1639216,0,1
152911,1857,378773939,RET:M006:374827,Schiedam Centrum,374827,,0,,1639216,0,1
152911,1857,378773940,RET:M006:374831,Schiedam Centrum,374831,,0,,1639216,0,1
152911,1857,378773941,RET:M006:374835,Schiedam Centrum,374835,,0,,1639216,0,1
152911,1857,378773942,RET:M006:374839,Schiedam Centrum,374839,,0,,1639216,0,1
152911,1857,378773943,RET:M006:374843,Schiedam Centrum,374843,,0,,1639216,0,1
152911,1857,378773944,RET:M006:374854,Schiedam Centrum,374854,,0,,1639216,0,1
152911,1857,378773945,RET:M006:374858,Schiedam Centrum,374858,,0,,1639216,0,1
152911,1857,378773946,RET:M006:374862,Schiedam Centrum,374862,,0,,1639216,0,1
152911,1857,378773947,RET:M006:374866,Schiedam Centrum,374866,,0,,1639216,0,1
152911,1857,378773948,RET:M006:374870,Schiedam Centrum,374870,,0,,1639216,0,1
152911,1857,378773949,RET:M006:374874,Schiedam Centrum,374874,,0,,1639216,0,1
152911,1857,378773950,RET:M006:374878,Schiedam Centrum,374878,,0,,1639216,0,1
152911,1857,378773951,RET:M006:374882,Schiedam Centrum,374882,,0,,1639216,0,1
152911,1857,378773952,RET:M006:374890,Schiedam Centrum,374890,,0,,1639216,0,1
152911,1857,378773953,RET:M006:374894,Schiedam Centrum,374894,,0,,1639216,0,1
152911,1857,378773954,RET:M006:374898,Schiedam Centrum,374898,,0,,1639216,0,1
152911,1857,378773955,RET:M006:374902,Schiedam Centrum,374902,,0,,1639216,0,1
152911,1857,378773956,RET:M006:374906,Schiedam Centrum,374906,,0,,1639216,0,1
152911,1857,378773957,RET:M006:374910,Schiedam Centrum,374910,,0,,1639216,0,1
152911,1857,378773958,RET:M006:374914,Schiedam Centrum,374914,,0,,1639216,0,1
152911,1857,378773959,RET:M006:374924,Schiedam Centrum,374924,,0,,1639216,0,1
152911,1857,378773960,RET:M006:374928,Schiedam Centrum,374928,,0,,1639216,0,1
152911,1857,378773961,RET:M006:374932,Schiedam Centrum,374932,,0,,1639216,0,1
152911,1857,378773962,RET:M006:374936,Schiedam Centrum,374936,,0,,1639216,0,1
152911,1857,378773963,RET:M006:374940,Schiedam Centrum,374940,,0,,1639216,0,1
152911,1857,378773964,RET:M006:374944,Schiedam Centrum,374944,,0,,1639216,0,1
152911,1857,378773965,RET:M006:374948,Schiedam Centrum,374948,,0,,1639216,0,1
152911,1857,378773966,RET:M006:374779,Binnenhof,374779,,1,,1638918,0,1
152911,1857,378773967,RET:M006:374783,Binnenhof,374783,,1,,1638918,0,1
152911,1857,378773968,RET:M006:374787,Binnenhof,374787,,1,,1638918,0,1
152911,1857,378773969,RET:M006:374791,Binnenhof,374791,,1,,1638918,0,1
152911,1857,378773970,RET:M006:374795,Binnenhof,374795,,1,,1638918,0,1
152911,1857,378773971,RET:M006:374799,Binnenhof,374799,,1,,1638918,0,1
152911,1857,378773972,RET:M006:374803,Binnenhof,374803,,1,,1638918,0,1
152911,1857,378773973,RET:M006:374807,Binnenhof,374807,,1,,1638918,0,1
152911,1857,378773974,RET:M006:374818,Binnenhof,374818,,1,,1638918,0,1
152911,1857,378773975,RET:M006:374822,Binnenhof,374822,,1,,1638918,0,1
152911,1857,378773976,RET:M006:374826,Binnenhof,374826,,1,,1638918,0,1
152911,1857,378773977,RET:M006:374830,Binnenhof,374830,,1,,1638918,0,1
152911,1857,378773978,RET:M006:374834,Binnenhof,374834,,1,,1638918,0,1
152911,1857,378773979,RET:M006:374838,Binnenhof,374838,,1,,1638918,0,1
152911,1857,378773980,RET:M006:374842,Binnenhof,374842,,1,,1638918,0,1
152911,1857,378773981,RET:M006:374846,Binnenhof,374846,,1,,1638918,0,1
152911,1857,378773982,RET:M006:374857,Binnenhof,374857,,1,,1638918,0,1
152911,1857,378773983,RET:M006:374861,Binnenhof,374861,,1,,1638918,0,1
152911,1857,378773984,RET:M006:374865,Binnenhof,374865,,1,,1638918,0,1
152911,1857,378773985,RET:M006:374869,Binnenhof,374869,,1,,1638918,0,1
152911,1857,378773986,RET:M006:374873,Binnenhof,374873,,1,,1638918,0,1
152911,1857,378773987,RET:M006:374877,Binnenhof,374877,,1,,1638918,0,1
152911,1857,378773988,RET:M006:374881,Binnenhof,374881,,1,,1638918,0,1
152911,1857,378773989,RET:M006:374893,Binnenhof,374893,,1,,1638918,0,1
152911,1857,378773990,RET:M006:374897,Binnenhof,374897,,1,,1638918,0,1
152911,1857,378773991,RET:M006:374901,Binnenhof,374901,,1,,1638918,0,1
152911,1857,378773992,RET:M006:374905,Binnenhof,374905,,1,,1638918,0,1
152911,1857,378773993,RET:M006:374909,Binnenhof,374909,,1,,1638918,0,1
152911,1857,378773994,RET:M006:374913,Binnenhof,374913,,1,,1638918,0,1
152911,1857,378773995,RET:M006:374917,Binnenhof,374917,,1,,1638918,0,1
152911,1857,378773996,RET:M006:374927,Binnenhof,374927,,1,,1638918,0,1
152911,1857,378773997,RET:M006:374931,Binnenhof,374931,,1,,1638918,0,1
152911,1857,378773998,RET:M006:374935,Binnenhof,374935,,1,,1638918,0,1
152911,1857,378773999,RET:M006:374939,Binnenhof,374939,,1,,1638918,0,1
152911,1857,378774000,RET:M006:374943,Binnenhof,374943,,1,,1638918,0,1
152911,1857,378774001,RET:M006:374947,Binnenhof,374947,,1,,1638918,0,1
152911,1857,378774002,RET:M006:374885,Capelsebrug,374885,,1,,1638930,0,1
152911,1857,378774003,RET:M006:374919,Capelsebrug,374919,,0,,1638798,0,1
152911,1857,378774004,RET:M006:374951,Binnenhof,374951,,1,,1638687,0,1
152911,1857,378774005,RET:M006:374953,Kralingse Zoom,374953,,0,,1638680,0,1
152911,1857,378774006,RET:M006:374985,Kralingse Zoom,374985,,0,,1638680,0,1
152911,1857,378774007,RET:M006:374967,Alexander,374967,,0,,,0,1
152911,1857,378774008,RET:M006:374983,Alexander,374983,,0,,,0,1
152911,1857,378774009,RET:M006:374997,Alexander,374997,,0,,,0,1
152911,1,378777227,RET:M006:437340,Schiedam Centrum,437340,,0,,1639033,0,
152911,1,378777228,RET:M006:437391,Schiedam Centrum,437391,,0,,1639033,0,
152911,1,378777229,RET:M006:437487,Schiedam Centrum,437487,,0,,1639033,0,
152911,1,378777230,RET:M006:437343,Binnenhof,437343,,1,,1638918,0,
152911,1,378777231,RET:M006:437347,Binnenhof,437347,,1,,1638918,0,
152911,1,378777232,RET:M006:437351,Binnenhof,437351,,1,,1638918,0,
152911,1,378777233,RET:M006:437355,Binnenhof,437355,,1,,1638918,0,1
152911,1,378777234,RET:M006:437359,Binnenhof,437359,,1,,1638918,0,1
152911,1,378777235,RET:M006:437363,Binnenhof,437363,,1,,1638918,0,1
152911,1,378777236,RET:M006:437367,Binnenhof,437367,,1,,1638918,0,1
152911,1,378777237,RET:M006:437371,Binnenhof,437371,,1,,1638918,0,1
152911,1,378777238,RET:M006:437375,Binnenhof,437375,,1,,1638918,0,
152911,1,378777239,RET:M006:437379,Binnenhof,437379,,1,,1638918,0,
152911,1,378777240,RET:M006:437383,Binnenhof,437383,,1,,1638918,0,
152911,1,378777241,RET:M006:437394,Binnenhof,437394,,1,,1638918,0,
152911,1,378777242,RET:M006:437398,Binnenhof,437398,,1,,1638918,0,
152911,1,378777243,RET:M006:437402,Binnenhof,437402,,1,,1638918,0,
152911,1,378777244,RET:M006:437406,Binnenhof,437406,,1,,1638918,0,1
152911,1,378777245,RET:M006:437410,Binnenhof,437410,,1,,1638918,0,1
152911,1,378777246,RET:M006:437414,Binnenhof,437414,,1,,1638918,0,1
152911,1,378777247,RET:M006:437418,Binnenhof,437418,,1,,1638918,0,1
152911,1,378777248,RET:M006:437422,Binnenhof,437422,,1,,1638918,0,1
152911,1,378777249,RET:M006:437426,Binnenhof,437426,,1,,1638918,0,
152911,1,378777250,RET:M006:437430,Binnenhof,437430,,1,,1638918,0,
152911,1,378777251,RET:M006:437434,Binnenhof,437434,,1,,1638918,0,1
152911,1,378777252,RET:M006:437444,Binnenhof,437444,,1,,1638918,0,
152911,1,378777253,RET:M006:437448,Binnenhof,437448,,1,,1638918,0,
152911,1,378777254,RET:M006:437452,Binnenhof,437452,,1,,1638918,0,1
152911,1,378777255,RET:M006:437456,Binnenhof,437456,,1,,1638918,0,1
152911,1,378777256,RET:M006:437460,Binnenhof,437460,,1,,1638918,0,1
152911,1,378777257,RET:M006:437464,Binnenhof,437464,,1,,1638918,0,1
152911,1,378777258,RET:M006:437468,Binnenhof,437468,,1,,1638918,0,1
152911,1,378777259,RET:M006:437472,Binnenhof,437472,,1,,1638918,0,1
152911,1,378777260,RET:M006:437476,Binnenhof,437476,,1,,1638918,0,
152911,1,378777261,RET:M006:437480,Binnenhof,437480,,1,,1638918,0,
152911,1,378777262,RET:M006:437484,Binnenhof,437484,,1,,1638918,0,1
152911,1,378777263,RET:M006:437490,Binnenhof,437490,,1,,1638918,0,
152911,1,378777264,RET:M006:437494,Binnenhof,437494,,1,,1638918,0,
152911,1,378777265,RET:M006:437498,Binnenhof,437498,,1,,1638918,0,
152911,1,378777266,RET:M006:437502,Binnenhof,437502,,1,,1638918,0,1
152911,1,378777267,RET:M006:437506,Binnenhof,437506,,1,,1638918,0,1
152911,1,378777268,RET:M006:437510,Binnenhof,437510,,1,,1638918,0,1
152911,1,378777269,RET:M006:437514,Binnenhof,437514,,1,,1638918,0,1
152911,1,378777270,RET:M006:437518,Binnenhof,437518,,1,,1638918,0,1
152911,1,378777271,RET:M006:437522,Binnenhof,437522,,1,,1638918,0,
152911,1,378777272,RET:M006:437526,Binnenhof,437526,,1,,1638918,0,
152911,1,378777273,RET:M006:437553,Binnenhof,437553,,1,,1638918,0,
152911,1,378777274,RET:M006:437557,Binnenhof,437557,,1,,1638918,0,
152911,1,378777275,RET:M006:437561,Binnenhof,437561,,1,,1638918,0,1
152911,1,378777276,RET:M006:437565,Binnenhof,437565,,1,,1638918,0,1
152911,1,378777277,RET:M006:437569,Binnenhof,437569,,1,,1638918,0,1
152911,1,378777278,RET:M006:437573,Binnenhof,437573,,1,,1638918,0,1
152911,1,378777279,RET:M006:437577,Binnenhof,437577,,1,,1638918,0,1
152911,1,378777280,RET:M006:437581,Binnenhof,437581,,1,,1638918,0,
152911,1,378777281,RET:M006:437585,Binnenhof,437585,,1,,1638918,0,
152911,1,378777282,RET:M006:437589,Binnenhof,437589,,1,,1638918,0,
152911,1,378777283,RET:M006:437593,Binnenhof,437593,,1,,1638918,0,1
152911,1,378777284,RET:M006:437344,Schiedam Centrum,437344,,0,,1639216,0,
152911,1,378777285,RET:M006:437348,Schiedam Centrum,437348,,0,,1639216,0,
152911,1,378777286,RET:M006:437352,Schiedam Centrum,437352,,0,,1639216,0,
152911,1,378777287,RET:M006:437356,Schiedam Centrum,437356,,0,,1639216,0,1
152911,1,378777288,RET:M006:437360,Schiedam Centrum,437360,,0,,1639216,0,1
152911,1,378777289,RET:M006:437364,Schiedam Centrum,437364,,0,,1639216,0,1
152911,1,378777290,RET:M006:437368,Schiedam Centrum,437368,,0,,1639216,0,1
152911,1,378777291,RET:M006:437372,Schiedam Centrum,437372,,0,,1639216,0,1
152911,1,378777292,RET:M006:437376,Schiedam Centrum,437376,,0,,1639216,0,
152911,1,378777293,RET:M006:437380,Schiedam Centrum,437380,,0,,1639216,0,
152911,1,378777294,RET:M006:437384,Schiedam Centrum,437384,,0,,1639216,0,1
152911,1,378777295,RET:M006:437395,Schiedam Centrum,437395,,0,,1639216,0,
152911,1,378777296,RET:M006:437399,Schiedam Centrum,437399,,0,,1639216,0,
152911,1,378777297,RET:M006:437403,Schiedam Centrum,437403,,0,,1639216,0,1
152911,1,378777298,RET:M006:437407,Schiedam Centrum,437407,,0,,1639216,0,1
152911,1,378777299,RET:M006:437411,Schiedam Centrum,437411,,0,,1639216,0,1
152911,1,378777300,RET:M006:437415,Schiedam Centrum,437415,,0,,1639216,0,1
152911,1,378777301,RET:M006:437419,Schiedam Centrum,437419,,0,,1639216,0,1
152911,1,378777302,RET:M006:437423,Schiedam Centrum,437423,,0,,1639216,0,1
152911,1,378777303,RET:M006:437427,Schiedam Centrum,437427,,0,,1639216,0,
152911,1,378777304,RET:M006:437431,Schiedam Centrum,437431,,0,,1639216,0,
152911,1,378777305,RET:M006:437441,Schiedam Centrum,437441,,0,,1639216,0,
152911,1,378777306,RET:M006:437445,Schiedam Centrum,437445,,0,,1639216,0,
152911,1,378777307,RET:M006:437449,Schiedam Centrum,437449,,0,,1639216,0,
152911,1,378777308,RET:M006:437453,Schiedam Centrum,437453,,0,,1639216,0,1
152911,1,378777309,RET:M006:437457,Schiedam Centrum,437457,,0,,1639216,0,1
152911,1,378777310,RET:M006:437461,Schiedam Centrum,437461,,0,,1639216,0,1
152911,1,378777311,RET:M006:437465,Schiedam Centrum,437465,,0,,1639216,0,1
152911,1,378777312,RET:M006:437469,Schiedam Centrum,437469,,0,,1639216,0,1
152911,1,378777313,RET:M006:437473,Schiedam Centrum,437473,,0,,1639216,0,
152911,1,378777314,RET:M006:437477,Schiedam Centrum,437477,,0,,1639216,0,
152911,1,378777315,RET:M006:437481,Schiedam Centrum,437481,,0,,1639216,0,
152911,1,378777316,RET:M006:437491,Schiedam Centrum,437491,,0,,1639216,0,
152911,1,378777317,RET:M006:437495,Schiedam Centrum,437495,,0,,1639216,0,
152911,1,378777318,RET:M006:437499,Schiedam Centrum,437499,,0,,1639216,0,1
152911,1,378777319,RET:M006:437503,Schiedam Centrum,437503,,0,,1639216,0,1
152911,1,378777320,RET:M006:437507,Schiedam Centrum,437507,,0,,1639216,0,1
152911,1,378777321,RET:M006:437511,Schiedam Centrum,437511,,0,,1639216,0,1
152911,1,378777322,RET:M006:437515,Schiedam Centrum,437515,,0,,1639216,0,1
152911,1,378777323,RET:M006:437519,Schiedam Centrum,437519,,0,,1639216,0,
152911,1,378777324,RET:M006:437523,Schiedam Centrum,437523,,0,,1639216,0,
152911,1,378777325,RET:M006:437527,Schiedam Centrum,437527,,0,,1639216,0,
152911,1,378777326,RET:M006:437550,Schiedam Centrum,437550,,0,,1639216,0,
152911,1,378777327,RET:M006:437554,Schiedam Centrum,437554,,0,,1639216,0,
152911,1,378777328,RET:M006:437558,Schiedam Centrum,437558,,0,,1639216,0,
152911,1,378777329,RET:M006:437562,Schiedam Centrum,437562,,0,,1639216,0,1
152911,1,378777330,RET:M006:437566,Schiedam Centrum,437566,,0,,1639216,0,1
152911,1,378777331,RET:M006:437570,Schiedam Centrum,437570,,0,,1639216,0,1
152911,1,378777332,RET:M006:437574,Schiedam Centrum,437574,,0,,1639216,0,1
152911,1,378777333,RET:M006:437578,Schiedam Centrum,437578,,0,,1639216,0,1
152911,1,378777334,RET:M006:437582,Schiedam Centrum,437582,,0,,1639216,0,
152911,1,378777335,RET:M006:437586,Schiedam Centrum,437586,,0,,1639216,0,
152911,1,378777336,RET:M006:437590,Schiedam Centrum,437590,,0,,1639216,0,1
152911,1,378777337,RET:M006:437387,Capelsebrug,437387,,1,,1638930,0,1
152911,1,378777338,RET:M006:437436,Capelsebrug,437436,,0,,1638798,0,1
152911,1,378777339,RET:M006:437440,Binnenhof,437440,,1,,1638959,0,
152911,1,378777340,RET:M006:437549,Binnenhof,437549,,1,,1638959,0,
152911,1,378777341,RET:M006:437530,Binnenhof,437530,,1,,1638687,0,1
152911,1,378777342,RET:M006:437532,Kralingse Zoom,437532,,0,,1638680,0,1
152911,1,378777343,RET:M006:437611,Kralingse Zoom,437611,,0,,1638680,0,1
152911,1,378777344,RET:M006:437533,Binnenhof,437533,,1,,1638744,0,1
152911,1,378777345,RET:M006:437535,Binnenhof,437535,,1,,1638744,0,1
152911,1,378777346,RET:M006:437537,Binnenhof,437537,,1,,1638744,0,1
152911,1,378777347,RET:M006:437539,Binnenhof,437539,,1,,1638744,0,1
152911,1,378777348,RET:M006:437541,Binnenhof,437541,,1,,1638744,0,1
152911,1,378777349,RET:M006:437543,Binnenhof,437543,,1,,1638744,0,1
152911,1,378777350,RET:M006:437545,Binnenhof,437545,,1,,1638744,0,1
152911,1,378777351,RET:M006:437596,Binnenhof,437596,,1,,1638744,0,1
152911,1,378777352,RET:M006:437598,Binnenhof,437598,,1,,1638744,0,1
152911,1,378777353,RET:M006:437600,Binnenhof,437600,,1,,1638744,0,1
152911,1,378777354,RET:M006:437602,Binnenhof,437602,,1,,1638744,0,1
152911,1,378777355,RET:M006:437604,Binnenhof,437604,,1,,1638744,0,1
152911,1,378777356,RET:M006:437606,Binnenhof,437606,,1,,1638744,0,1
152911,1,378777357,RET:M006:437608,Binnenhof,437608,,1,,1638744,0,1
152911,1,378777358,RET:M006:437612,Binnenhof,437612,,1,,1638744,0,1
152911,1,378777359,RET:M006:437614,Binnenhof,437614,,1,,1638744,0,1
152911,1,378777360,RET:M006:437616,Binnenhof,437616,,1,,1638744,0,1
152911,1,378777361,RET:M006:437618,Binnenhof,437618,,1,,1638744,0,1
152911,1,378777362,RET:M006:437620,Binnenhof,437620,,1,,1638744,0,1
152911,1,378777363,RET:M006:437622,Binnenhof,437622,,1,,1638744,0,1
152911,1,378777364,RET:M006:437534,Kralingse Zoom,437534,,0,,1638981,0,1
152911,1,378777365,RET:M006:437536,Kralingse Zoom,437536,,0,,1638981,0,1
152911,1,378777366,RET:M006:437538,Kralingse Zoom,437538,,0,,1638981,0,1
152911,1,378777367,RET:M006:437540,Kralingse Zoom,437540,,0,,1638981,0,1
152911,1,378777368,RET:M006:437542,Kralingse Zoom,437542,,0,,1638981,0,1
152911,1,378777369,RET:M006:437544,Kralingse Zoom,437544,,0,,1638981,0,1
152911,1,378777370,RET:M006:437595,Kralingse Zoom,437595,,0,,1638981,0,1
152911,1,378777371,RET:M006:437597,Kralingse Zoom,437597,,0,,1638981,0,1
152911,1,378777372,RET:M006:437599,Kralingse Zoom,437599,,0,,1638981,0,1
152911,1,378777373,RET:M006:437601,Kralingse Zoom,437601,,0,,1638981,0,1
152911,1,378777374,RET:M006:437603,Kralingse Zoom,437603,,0,,1638981,0,1
152911,1,378777375,RET:M006:437605,Kralingse Zoom,437605,,0,,1638981,0,1
152911,1,378777376,RET:M006:437607,Kralingse Zoom,437607,,0,,1638981,0,1
152911,1,378777377,RET:M006:437613,Kralingse Zoom,437613,,0,,1638981,0,1
152911,1,378777378,RET:M006:437615,Kralingse Zoom,437615,,0,,1638981,0,1
152911,1,378777379,RET:M006:437617,Kralingse Zoom,437617,,0,,1638981,0,1
152911,1,378777380,RET:M006:437619,Kralingse Zoom,437619,,0,,1638981,0,1
152911,1,378777381,RET:M006:437621,Kralingse Zoom,437621,,0,,1638981,0,1
152911,1,378777382,RET:M006:437546,Alexander,437546,,0,,,0,1
152911,1,378777383,RET:M006:437609,Alexander,437609,,0,,,0,1
152911,1,378777384,RET:M006:437623,Alexander,437623,,0,,,0,1
152911,1538,378778977,RET:M006:497669,Binnenhof,497669,,1,,1638959,0,1
152911,1538,378778978,RET:M006:497712,Binnenhof,497712,,1,,1638959,0,1
152911,1538,378778979,RET:M006:497768,Binnenhof,497768,,1,,1638959,0,1
152911,1538,378778980,RET:M006:497670,Kralingse Zoom,497670,,0,,1638981,0,1
152911,1538,378778981,RET:M006:497672,Kralingse Zoom,497672,,0,,1638981,0,1
152911,1538,378778982,RET:M006:497674,Kralingse Zoom,497674,,0,,1638981,0,1
152911,1538,378778983,RET:M006:497676,Kralingse Zoom,497676,,0,,1638981,0,1
152911,1538,378778984,RET:M006:497713,Kralingse Zoom,497713,,0,,1638981,0,1
152911,1538,378778985,RET:M006:497715,Kralingse Zoom,497715,,0,,1638981,0,1
152911,1538,378778986,RET:M006:497717,Kralingse Zoom,497717,,0,,1638981,0,1
152911,1538,378778987,RET:M006:497754,Kralingse Zoom,497754,,0,,1638981,0,1
152911,1538,378778988,RET:M006:497756,Kralingse Zoom,497756,,0,,1638981,0,1
152911,1538,378778989,RET:M006:497758,Kralingse Zoom,497758,,0,,1638981,0,1
152911,1538,378778990,RET:M006:497760,Kralingse Zoom,497760,,0,,1638981,0,1
152911,1538,378778991,RET:M006:497762,Kralingse Zoom,497762,,0,,1638981,0,1
152911,1538,378778992,RET:M006:497769,Kralingse Zoom,497769,,0,,1638981,0,1
152911,1538,378778993,RET:M006:497771,Kralingse Zoom,497771,,0,,1638981,0,1
152911,1538,378778994,RET:M006:497773,Kralingse Zoom,497773,,0,,1638981,0,1
152911,1538,378778995,RET:M006:497878,Kralingse Zoom,497878,,0,,1638981,0,1
152911,1538,378778996,RET:M006:497880,Kralingse Zoom,497880,,0,,1638981,0,1
152911,1538,378778997,RET:M006:497882,Kralingse Zoom,497882,,0,,1638981,0,1
152911,1538,378778998,RET:M006:497884,Kralingse Zoom,497884,,0,,1638981,0,1
152911,1538,378778999,RET:M006:497886,Kralingse Zoom,497886,,0,,1638981,0,1
152911,1538,378779000,RET:M006:497888,Kralingse Zoom,497888,,0,,1638981,0,1
152911,1538,378779001,RET:M006:497890,Kralingse Zoom,497890,,0,,1638981,0,1
152911,1538,378779002,RET:M006:497892,Kralingse Zoom,497892,,0,,1638981,0,1
152911,1538,378779003,RET:M006:497898,Kralingse Zoom,497898,,0,,1638981,0,1
152911,1538,378779004,RET:M006:497900,Kralingse Zoom,497900,,0,,1638981,0,1
152911,1538,378779005,RET:M006:497902,Kralingse Zoom,497902,,0,,1638981,0,1
152911,1538,378779006,RET:M006:497904,Kralingse Zoom,497904,,0,,1638981,0,1
152911,1538,378779007,RET:M006:497906,Kralingse Zoom,497906,,0,,1638981,0,1
152911,1538,378779008,RET:M006:497671,Binnenhof,497671,,1,,1638744,0,1
152911,1538,378779009,RET:M006:497673,Binnenhof,497673,,1,,1638744,0,1
152911,1538,378779010,RET:M006:497675,Binnenhof,497675,,1,,1638744,0,1
152911,1538,378779011,RET:M006:497677,Binnenhof,497677,,1,,1638744,0,1
152911,1538,378779012,RET:M006:497714,Binnenhof,497714,,1,,1638744,0,1
152911,1538,378779013,RET:M006:497716,Binnenhof,497716,,1,,1638744,0,1
152911,1538,378779014,RET:M006:497718,Binnenhof,497718,,1,,1638744,0,1
152911,1538,378779015,RET:M006:497753,Binnenhof,497753,,1,,1638744,0,1
152911,1538,378779016,RET:M006:497755,Binnenhof,497755,,1,,1638744,0,1
152911,1538,378779017,RET:M006:497757,Binnenhof,497757,,1,,1638744,0,1
152911,1538,378779018,RET:M006:497759,Binnenhof,497759,,1,,1638744,0,1
152911,1538,378779019,RET:M006:497761,Binnenhof,497761,,1,,1638744,0,1
152911,1538,378779020,RET:M006:497763,Binnenhof,497763,,1,,1638744,0,1
152911,1538,378779021,RET:M006:497770,Binnenhof,497770,,1,,1638744,0,1
152911,1538,378779022,RET:M006:497772,Binnenhof,497772,,1,,1638744,0,1
152911,1538,378779023,RET:M006:497774,Binnenhof,497774,,1,,1638744,0,1
152911,1538,378779024,RET:M006:497809,Binnenhof,497809,,1,,1638744,0,1
152911,1538,378779025,RET:M006:497845,Binnenhof,497845,,1,,1638744,0,1
152911,1538,378779026,RET:M006:497879,Binnenhof,497879,,1,,1638744,0,1
152911,1538,378779027,RET:M006:497881,Binnenhof,497881,,1,,1638744,0,1
152911,1538,378779028,RET:M006:497883,Binnenhof,497883,,1,,1638744,0,1
152911,1538,378779029,RET:M006:497885,Binnenhof,497885,,1,,1638744,0,1
152911,1538,378779030,RET:M006:497887,Binnenhof,497887,,1,,1638744,0,1
152911,1538,378779031,RET:M006:497889,Binnenhof,497889,,1,,1638744,0,1
152911,1538,378779032,RET:M006:497891,Binnenhof,497891,,1,,1638744,0,1
152911,1538,378779033,RET:M006:497897,Binnenhof,497897,,1,,1638744,0,1
152911,1538,378779034,RET:M006:497899,Binnenhof,497899,,1,,1638744,0,1
152911,1538,378779035,RET:M006:497901,Binnenhof,497901,,1,,1638744,0,1
152911,1538,378779036,RET:M006:497903,Binnenhof,497903,,1,,1638744,0,1
152911,1538,378779037,RET:M006:497905,Binnenhof,497905,,1,,1638744,0,1
152911,1538,378779038,RET:M006:497907,Binnenhof,497907,,1,,1638744,0,1
152911,1538,378779039,RET:M006:497678,Schiedam Centrum,497678,,0,,1639216,0,1
152911,1538,378779040,RET:M006:497682,Schiedam Centrum,497682,,0,,1639216,0,1
152911,1538,378779041,RET:M006:497686,Schiedam Centrum,497686,,0,,1639216,0,1
152911,1538,378779042,RET:M006:497690,Schiedam Centrum,497690,,0,,1639216,0,1
152911,1538,378779043,RET:M006:497694,Schiedam Centrum,497694,,0,,1639216,0,1
152911,1538,378779044,RET:M006:497698,Schiedam Centrum,497698,,0,,1639216,0,1
152911,1538,378779045,RET:M006:497702,Schiedam Centrum,497702,,0,,1639216,0,1
152911,1538,378779046,RET:M006:497706,Schiedam Centrum,497706,,0,,1639216,0,1
152911,1538,378779047,RET:M006:497719,Schiedam Centrum,497719,,0,,1639216,0,1
152911,1538,378779048,RET:M006:497723,Schiedam Centrum,497723,,0,,1639216,0,1
152911,1538,378779049,RET:M006:497727,Schiedam Centrum,497727,,0,,1639216,0,1
152911,1538,378779050,RET:M006:497731,Schiedam Centrum,497731,,0,,1639216,0,1
152911,1538,378779051,RET:M006:497735,Schiedam Centrum,497735,,0,,1639216,0,1
152911,1538,378779052,RET:M006:497739,Schiedam Centrum,497739,,0,,1639216,0,1
152911,1538,378779053,RET:M006:497743,Schiedam Centrum,497743,,0,,1639216,0,1
152911,1538,378779054,RET:M006:497747,Schiedam Centrum,497747,,0,,1639216,0,1
152911,1538,378779055,RET:M006:497775,Schiedam Centrum,497775,,0,,1639216,0,1
152911,1538,378779056,RET:M006:497779,Schiedam Centrum,497779,,0,,1639216,0,1
152911,1538,378779057,RET:M006:497783,Schiedam Centrum,497783,,0,,1639216,0,1
152911,1538,378779058,RET:M006:497787,Schiedam Centrum,497787,,0,,1639216,0,1
152911,1538,378779059,RET:M006:497791,Schiedam Centrum,497791,,0,,1639216,0,1
152911,1538,378779060,RET:M006:497795,Schiedam Centrum,497795,,0,,1639216,0,1
152911,1538,378779061,RET:M006:497799,Schiedam Centrum,497799,,0,,1639216,0,1
152911,1538,378779062,RET:M006:497803,Schiedam Centrum,497803,,0,,1639216,0,1
152911,1538,378779063,RET:M006:497810,Schiedam Centrum,497810,,0,,1639216,0,1
152911,1538,378779064,RET:M006:497814,Schiedam Centrum,497814,,0,,1639216,0,1
152911,1538,378779065,RET:M006:497818,Schiedam Centrum,497818,,0,,1639216,0,1
152911,1538,378779066,RET:M006:497822,Schiedam Centrum,497822,,0,,1639216,0,1
152911,1538,378779067,RET:M006:497826,Schiedam Centrum,497826,,0,,1639216,0,1
152911,1538,378779068,RET:M006:497830,Schiedam Centrum,497830,,0,,1639216,0,1
152911,1538,378779069,RET:M006:497834,Schiedam Centrum,497834,,0,,1639216,0,1
152911,1538,378779070,RET:M006:497838,Schiedam Centrum,497838,,0,,1639216,0,1
152911,1538,378779071,RET:M006:497846,Schiedam Centrum,497846,,0,,1639216,0,1
152911,1538,378779072,RET:M006:497850,Schiedam Centrum,497850,,0,,1639216,0,1
152911,1538,378779073,RET:M006:497854,Schiedam Centrum,497854,,0,,1639216,0,1
152911,1538,378779074,RET:M006:497858,Schiedam Centrum,497858,,0,,1639216,0,1
152911,1538,378779075,RET:M006:497862,Schiedam Centrum,497862,,0,,1639216,0,1
152911,1538,378779076,RET:M006:497866,Schiedam Centrum,497866,,0,,1639216,0,1
152911,1538,378779077,RET:M006:497870,Schiedam Centrum,497870,,0,,1639216,0,1
152911,1538,378779078,RET:M006:497681,Binnenhof,497681,,1,,1638918,0,1
152911,1538,378779079,RET:M006:497685,Binnenhof,497685,,1,,1638918,0,1
152911,1538,378779080,RET:M006:497689,Binnenhof,497689,,1,,1638918,0,1
152911,1538,378779081,RET:M006:497693,Binnenhof,497693,,1,,1638918,0,1
152911,1538,378779082,RET:M006:497697,Binnenhof,497697,,1,,1638918,0,1
152911,1538,378779083,RET:M006:497701,Binnenhof,497701,,1,,1638918,0,1
152911,1538,378779084,RET:M006:497705,Binnenhof,497705,,1,,1638918,0,1
152911,1538,378779085,RET:M006:497709,Binnenhof,497709,,1,,1638918,0,1
152911,1538,378779086,RET:M006:497722,Binnenhof,497722,,1,,1638918,0,1
152911,1538,378779087,RET:M006:497726,Binnenhof,497726,,1,,1638918,0,1
152911,1538,378779088,RET:M006:497730,Binnenhof,497730,,1,,1638918,0,1
152911,1538,378779089,RET:M006:497734,Binnenhof,497734,,1,,1638918,0,1
152911,1538,378779090,RET:M006:497738,Binnenhof,497738,,1,,1638918,0,1
152911,1538,378779091,RET:M006:497742,Binnenhof,497742,,1,,1638918,0,1
152911,1538,378779092,RET:M006:497746,Binnenhof,497746,,1,,1638918,0,1
152911,1538,378779093,RET:M006:497778,Binnenhof,497778,,1,,1638918,0,1
152911,1538,378779094,RET:M006:497782,Binnenhof,497782,,1,,1638918,0,1
152911,1538,378779095,RET:M006:497786,Binnenhof,497786,,1,,1638918,0,1
152911,1538,378779096,RET:M006:497790,Binnenhof,497790,,1,,1638918,0,1
152911,1538,378779097,RET:M006:497794,Binnenhof,497794,,1,,1638918,0,1
152911,1538,378779098,RET:M006:497798,Binnenhof,497798,,1,,1638918,0,1
152911,1538,378779099,RET:M006:497802,Binnenhof,497802,,1,,1638918,0,1
152911,1538,378779100,RET:M006:497806,Binnenhof,497806,,1,,1638918,0,1
152911,1538,378779101,RET:M006:497813,Binnenhof,497813,,1,,1638918,0,1
152911,1538,378779102,RET:M006:497817,Binnenhof,497817,,1,,1638918,0,1
152911,1538,378779103,RET:M006:497821,Binnenhof,497821,,1,,1638918,0,1
152911,1538,378779104,RET:M006:497825,Binnenhof,497825,,1,,1638918,0,1
152911,1538,378779105,RET:M006:497829,Binnenhof,497829,,1,,1638918,0,1
152911,1538,378779106,RET:M006:497833,Binnenhof,497833,,1,,1638918,0,1
152911,1538,378779107,RET:M006:497837,Binnenhof,497837,,1,,1638918,0,1
152911,1538,378779108,RET:M006:497849,Binnenhof,497849,,1,,1638918,0,1
152911,1538,378779109,RET:M006:497853,Binnenhof,497853,,1,,1638918,0,1
152911,1538,378779110,RET:M006:497857,Binnenhof,497857,,1,,1638918,0,1
152911,1538,378779111,RET:M006:497861,Binnenhof,497861,,1,,1638918,0,1
152911,1538,378779112,RET:M006:497865,Binnenhof,497865,,1,,1638918,0,1
152911,1538,378779113,RET:M006:497869,Binnenhof,497869,,1,,1638918,0,1
152911,1538,378779114,RET:M006:497873,Binnenhof,497873,,1,,1638918,0,1
152911,1538,378779115,RET:M006:497995,Binnenhof,497995,,1,,1638918,0,1
152911,1538,378779116,RET:M006:498078,Binnenhof,498078,,1,,1638918,0,1
152911,1538,378779117,RET:M006:497750,Binnenhof,497750,,1,,1638687,0,1
152911,1538,378779118,RET:M006:497752,Kralingse Zoom,497752,,0,,1638680,0,1
152911,1538,378779119,RET:M006:497896,Kralingse Zoom,497896,,0,,1638680,0,1
152911,1538,378779120,RET:M006:497764,Capelsebrug,497764,,0,,1638798,0,1
152911,1538,378779121,RET:M006:497875,Capelsebrug,497875,,0,,1638798,0,1
152911,1538,378779122,RET:M006:497908,Capelsebrug,497908,,0,,1638798,0,1
152911,1538,378779123,RET:M006:497841,Capelsebrug,497841,,1,,1638930,0,1
152911,1538,378779124,RET:M006:497893,Capelsebrug,497893,,1,,,0,1
152911,1538,378779125,RET:M006:497996,Alexander,497996,,0,,,0,1
152911,1538,378779126,RET:M006:498079,Alexander,498079,,0,,,0,1
152911,1021,378779860,RET:M006:502812,Schiedam Centrum,502812,,0,,1639033,0,
152911,1021,378779861,RET:M006:502863,Schiedam Centrum,502863,,0,,1639033,0,
152911,1021,378779862,RET:M006:502959,Schiedam Centrum,502959,,0,,1639033,0,
152911,1021,378779863,RET:M006:502815,Binnenhof,502815,,1,,1638918,0,
152911,1021,378779864,RET:M006:502819,Binnenhof,502819,,1,,1638918,0,
152911,1021,378779865,RET:M006:502823,Binnenhof,502823,,1,,1638918,0,
152911,1021,378779866,RET:M006:502827,Binnenhof,502827,,1,,1638918,0,1
152911,1021,378779867,RET:M006:502831,Binnenhof,502831,,1,,1638918,0,1
152911,1021,378779868,RET:M006:502835,Binnenhof,502835,,1,,1638918,0,1
152911,1021,378779869,RET:M006:502839,Binnenhof,502839,,1,,1638918,0,1
152911,1021,378779870,RET:M006:502843,Binnenhof,502843,,1,,1638918,0,1
152911,1021,378779871,RET:M006:502847,Binnenhof,502847,,1,,1638918,0,
152911,1021,378779872,RET:M006:502851,Binnenhof,502851,,1,,1638918,0,
152911,1021,378779873,RET:M006:502855,Binnenhof,502855,,1,,1638918,0,
152911,1021,378779874,RET:M006:502866,Binnenhof,502866,,1,,1638918,0,
152911,1021,378779875,RET:M006:502870,Binnenhof,502870,,1,,1638918,0,
152911,1021,378779876,RET:M006:502874,Binnenhof,502874,,1,,1638918,0,
152911,1021,378779877,RET:M006:502878,Binnenhof,502878,,1,,1638918,0,1
152911,1021,378779878,RET:M006:502882,Binnenhof,502882,,1,,1638918,0,1
152911,1021,378779879,RET:M006:502886,Binnenhof,502886,,1,,1638918,0,1
152911,1021,378779880,RET:M006:502890,Binnenhof,502890,,1,,1638918,0,1
152911,1021,378779881,RET:M006:502894,Binnenhof,502894,,1,,1638918,0,1
152911,1021,378779882,RET:M006:502898,Binnenhof,502898,,1,,1638918,0,
152911,1021,378779883,RET:M006:502902,Binnenhof,502902,,1,,1638918,0,
152911,1021,378779884,RET:M006:502906,Binnenhof,502906,,1,,1638918,0,1
152911,1021,378779885,RET:M006:502916,Binnenhof,502916,,1,,1638918,0,
152911,1021,378779886,RET:M006:502920,Binnenhof,502920,,1,,1638918,0,
152911,1021,378779887,RET:M006:502924,Binnenhof,502924,,1,,1638918,0,1
152911,1021,378779888,RET:M006:502928,Binnenhof,502928,,1,,1638918,0,1
152911,1021,378779889,RET:M006:502932,Binnenhof,502932,,1,,1638918,0,1
152911,1021,378779890,RET:M006:502936,Binnenhof,502936,,1,,1638918,0,1
152911,1021,378779891,RET:M006:502940,Binnenhof,502940,,1,,1638918,0,1
152911,1021,378779892,RET:M006:502944,Binnenhof,502944,,1,,1638918,0,1
152911,1021,378779893,RET:M006:502948,Binnenhof,502948,,1,,1638918,0,
152911,1021,378779894,RET:M006:502952,Binnenhof,502952,,1,,1638918,0,
152911,1021,378779895,RET:M006:502956,Binnenhof,502956,,1,,1638918,0,1
152911,1021,378779896,RET:M006:502962,Binnenhof,502962,,1,,1638918,0,
152911,1021,378779897,RET:M006:502966,Binnenhof,502966,,1,,1638918,0,
152911,1021,378779898,RET:M006:502970,Binnenhof,502970,,1,,1638918,0,
152911,1021,378779899,RET:M006:502974,Binnenhof,502974,,1,,1638918,0,1
152911,1021,378779900,RET:M006:502978,Binnenhof,502978,,1,,1638918,0,1
152911,1021,378779901,RET:M006:502982,Binnenhof,502982,,1,,1638918,0,1
152911,1021,378779902,RET:M006:502986,Binnenhof,502986,,1,,1638918,0,1
152911,1021,378779903,RET:M006:502990,Binnenhof,502990,,1,,1638918,0,1
152911,1021,378779904,RET:M006:502994,Binnenhof,502994,,1,,1638918,0,
152911,1021,378779905,RET:M006:502998,Binnenhof,502998,,1,,1638918,0,
152911,1021,378779906,RET:M006:503024,Binnenhof,503024,,1,,1638918,0,
152911,1021,378779907,RET:M006:503028,Binnenhof,503028,,1,,1638918,0,
152911,1021,378779908,RET:M006:503032,Binnenhof,503032,,1,,1638918,0,1
152911,1021,378779909,RET:M006:503036,Binnenhof,503036,,1,,1638918,0,1
152911,1021,378779910,RET:M006:503040,Binnenhof,503040,,1,,1638918,0,1
152911,1021,378779911,RET:M006:503044,Binnenhof,503044,,1,,1638918,0,1
152911,1021,378779912,RET:M006:503048,Binnenhof,503048,,1,,1638918,0,1
152911,1021,378779913,RET:M006:503052,Binnenhof,503052,,1,,1638918,0,
152911,1021,378779914,RET:M006:503056,Binnenhof,503056,,1,,1638918,0,
152911,1021,378779915,RET:M006:503060,Binnenhof,503060,,1,,1638918,0,
152911,1021,378779916,RET:M006:503064,Binnenhof,503064,,1,,1638918,0,1
152911,1021,378779917,RET:M006:503118,Binnenhof,503118,,1,,1638918,0,1
152911,1021,378779918,RET:M006:503225,Binnenhof,503225,,1,,1638918,0,1
152911,1021,378779919,RET:M006:502816,Schiedam Centrum,502816,,0,,1639216,0,
152911,1021,378779920,RET:M006:502820,Schiedam Centrum,502820,,0,,1639216,0,
152911,1021,378779921,RET:M006:502824,Schiedam Centrum,502824,,0,,1639216,0,
152911,1021,378779922,RET:M006:502828,Schiedam Centrum,502828,,0,,1639216,0,1
152911,1021,378779923,RET:M006:502832,Schiedam Centrum,502832,,0,,1639216,0,1
152911,1021,378779924,RET:M006:502836,Schiedam Centrum,502836,,0,,1639216,0,1
152911,1021,378779925,RET:M006:502840,Schiedam Centrum,502840,,0,,1639216,0,1
152911,1021,378779926,RET:M006:502844,Schiedam Centrum,502844,,0,,1639216,0,1
152911,1021,378779927,RET:M006:502848,Schiedam Centrum,502848,,0,,1639216,0,
152911,1021,378779928,RET:M006:502852,Schiedam Centrum,502852,,0,,1639216,0,
152911,1021,378779929,RET:M006:502856,Schiedam Centrum,502856,,0,,1639216,0,1
152911,1021,378779930,RET:M006:502867,Schiedam Centrum,502867,,0,,1639216,0,
152911,1021,378779931,RET:M006:502871,Schiedam Centrum,502871,,0,,1639216,0,
152911,1021,378779932,RET:M006:502875,Schiedam Centrum,502875,,0,,1639216,0,1
152911,1021,378779933,RET:M006:502879,Schiedam Centrum,502879,,0,,1639216,0,1
152911,1021,378779934,RET:M006:502883,Schiedam Centrum,502883,,0,,1639216,0,1
152911,1021,378779935,RET:M006:502887,Schiedam Centrum,502887,,0,,1639216,0,1
152911,1021,378779936,RET:M006:502891,Schiedam Centrum,502891,,0,,1639216,0,1
152911,1021,378779937,RET:M006:502895,Schiedam Centrum,502895,,0,,1639216,0,1
152911,1021,378779938,RET:M006:502899,Schiedam Centrum,502899,,0,,1639216,0,
152911,1021,378779939,RET:M006:502903,Schiedam Centrum,502903,,0,,1639216,0,
152911,1021,378779940,RET:M006:502913,Schiedam Centrum,502913,,0,,1639216,0,
152911,1021,378779941,RET:M006:502917,Schiedam Centrum,502917,,0,,1639216,0,
152911,1021,378779942,RET:M006:502921,Schiedam Centrum,502921,,0,,1639216,0,
152911,1021,378779943,RET:M006:502925,Schiedam Centrum,502925,,0,,1639216,0,1
152911,1021,378779944,RET:M006:502929,Schiedam Centrum,502929,,0,,1639216,0,1
152911,1021,378779945,RET:M006:502933,Schiedam Centrum,502933,,0,,1639216,0,1
152911,1021,378779946,RET:M006:502937,Schiedam Centrum,502937,,0,,1639216,0,1
152911,1021,378779947,RET:M006:502941,Schiedam Centrum,502941,,0,,1639216,0,1
152911,1021,378779948,RET:M006:502945,Schiedam Centrum,502945,,0,,1639216,0,
152911,1021,378779949,RET:M006:502949,Schiedam Centrum,502949,,0,,1639216,0,
152911,1021,378779950,RET:M006:502953,Schiedam Centrum,502953,,0,,1639216,0,
152911,1021,378779951,RET:M006:502963,Schiedam Centrum,502963,,0,,1639216,0,
152911,1021,378779952,RET:M006:502967,Schiedam Centrum,502967,,0,,1639216,0,
152911,1021,378779953,RET:M006:502971,Schiedam Centrum,502971,,0,,1639216,0,1
152911,1021,378779954,RET:M006:502975,Schiedam Centrum,502975,,0,,1639216,0,1
152911,1021,378779955,RET:M006:502979,Schiedam Centrum,502979,,0,,1639216,0,1
152911,1021,378779956,RET:M006:502983,Schiedam Centrum,502983,,0,,1639216,0,1
152911,1021,378779957,RET:M006:502987,Schiedam Centrum,502987,,0,,1639216,0,1
152911,1021,378779958,RET:M006:502991,Schiedam Centrum,502991,,0,,1639216,0,
152911,1021,378779959,RET:M006:502995,Schiedam Centrum,502995,,0,,1639216,0,
152911,1021,378779960,RET:M006:502999,Schiedam Centrum,502999,,0,,1639216,0,
152911,1021,378779961,RET:M006:503021,Schiedam Centrum,503021,,0,,1639216,0,
152911,1021,378779962,RET:M006:503025,Schiedam Centrum,503025,,0,,1639216,0,
152911,1021,378779963,RET:M006:503029,Schiedam Centrum,503029,,0,,1639216,0,
152911,1021,378779964,RET:M006:503033,Schiedam Centrum,503033,,0,,1639216,0,1
152911,1021,378779965,RET:M006:503037,Schiedam Centrum,503037,,0,,1639216,0,1
152911,1021,378779966,RET:M006:503041,Schiedam Centrum,503041,,0,,1639216,0,1
152911,1021,378779967,RET:M006:503045,Schiedam Centrum,503045,,0,,1639216,0,1
152911,1021,378779968,RET:M006:503049,Schiedam Centrum,503049,,0,,1639216,0,1
152911,1021,378779969,RET:M006:503053,Schiedam Centrum,503053,,0,,1639216,0,
152911,1021,378779970,RET:M006:503057,Schiedam Centrum,503057,,0,,1639216,0,
152911,1021,378779971,RET:M006:503061,Schiedam Centrum,503061,,0,,1639216,0,1
152911,1021,378779972,RET:M006:502859,Capelsebrug,502859,,1,,1638930,0,1
152911,1021,378779973,RET:M006:502908,Capelsebrug,502908,,0,,1638798,0,1
152911,1021,378779974,RET:M006:503016,Capelsebrug,503016,,0,,1638798,0,1
152911,1021,378779975,RET:M006:503096,Capelsebrug,503096,,0,,1638798,0,1
152911,1021,378779976,RET:M006:502912,Binnenhof,502912,,1,,1638959,0,
152911,1021,378779977,RET:M006:503020,Binnenhof,503020,,1,,1638959,0,
152911,1021,378779978,RET:M006:503002,Binnenhof,503002,,1,,1638687,0,1
152911,1021,378779979,RET:M006:503004,Kralingse Zoom,503004,,0,,1638680,0,1
152911,1021,378779980,RET:M006:503084,Kralingse Zoom,503084,,0,,1638680,0,1
152911,1021,378779981,RET:M006:503005,Binnenhof,503005,,1,,1638744,0,1
152911,1021,378779982,RET:M006:503007,Binnenhof,503007,,1,,1638744,0,1
152911,1021,378779983,RET:M006:503009,Binnenhof,503009,,1,,1638744,0,1
152911,1021,378779984,RET:M006:503011,Binnenhof,503011,,1,,1638744,0,1
152911,1021,378779985,RET:M006:503013,Binnenhof,503013,,1,,1638744,0,1
152911,1021,378779986,RET:M006:503015,Binnenhof,503015,,1,,1638744,0,1
152911,1021,378779987,RET:M006:503067,Binnenhof,503067,,1,,1638744,0,1
152911,1021,378779988,RET:M006:503069,Binnenhof,503069,,1,,1638744,0,1
152911,1021,378779989,RET:M006:503071,Binnenhof,503071,,1,,1638744,0,1
152911,1021,378779990,RET:M006:503073,Binnenhof,503073,,1,,1638744,0,1
152911,1021,378779991,RET:M006:503075,Binnenhof,503075,,1,,1638744,0,1
152911,1021,378779992,RET:M006:503077,Binnenhof,503077,,1,,1638744,0,1
152911,1021,378779993,RET:M006:503079,Binnenhof,503079,,1,,1638744,0,1
152911,1021,378779994,RET:M006:503085,Binnenhof,503085,,1,,1638744,0,1
152911,1021,378779995,RET:M006:503087,Binnenhof,503087,,1,,1638744,0,1
152911,1021,378779996,RET:M006:503089,Binnenhof,503089,,1,,1638744,0,1
152911,1021,378779997,RET:M006:503091,Binnenhof,503091,,1,,1638744,0,1
152911,1021,378779998,RET:M006:503093,Binnenhof,503093,,1,,1638744,0,1
152911,1021,378779999,RET:M006:503095,Binnenhof,503095,,1,,1638744,0,1
152911,1021,378780000,RET:M006:503006,Kralingse Zoom,503006,,0,,1638981,0,1
152911,1021,378780001,RET:M006:503008,Kralingse Zoom,503008,,0,,1638981,0,1
152911,1021,378780002,RET:M006:503010,Kralingse Zoom,503010,,0,,1638981,0,1
152911,1021,378780003,RET:M006:503012,Kralingse Zoom,503012,,0,,1638981,0,1
152911,1021,378780004,RET:M006:503014,Kralingse Zoom,503014,,0,,1638981,0,1
152911,1021,378780005,RET:M006:503066,Kralingse Zoom,503066,,0,,1638981,0,1
152911,1021,378780006,RET:M006:503068,Kralingse Zoom,503068,,0,,1638981,0,1
152911,1021,378780007,RET:M006:503070,Kralingse Zoom,503070,,0,,1638981,0,1
152911,1021,378780008,RET:M006:503072,Kralingse Zoom,503072,,0,,1638981,0,1
152911,1021,378780009,RET:M006:503074,Kralingse Zoom,503074,,0,,1638981,0,1
152911,1021,378780010,RET:M006:503076,Kralingse Zoom,503076,,0,,1638981,0,1
152911,1021,378780011,RET:M006:503078,Kralingse Zoom,503078,,0,,1638981,0,1
152911,1021,378780012,RET:M006:503080,Kralingse Zoom,503080,,0,,1638981,0,1
152911,1021,378780013,RET:M006:503086,Kralingse Zoom,503086,,0,,1638981,0,1
152911,1021,378780014,RET:M006:503088,Kralingse Zoom,503088,,0,,1638981,0,1
152911,1021,378780015,RET:M006:503090,Kralingse Zoom,503090,,0,,1638981,0,1
152911,1021,378780016,RET:M006:503092,Kralingse Zoom,503092,,0,,1638981,0,1
152911,1021,378780017,RET:M006:503094,Kralingse Zoom,503094,,0,,1638981,0,1
152911,1021,378780018,RET:M006:503081,Capelsebrug,503081,,1,,,0,1
152911,1021,378780019,RET:M006:503119,Alexander,503119,,0,,,0,1
152911,1021,378780020,RET:M006:503226,Alexander,503226,,0,,,0,1
152911,3249,378780762,RET:M006:507876,Schiedam Centrum,507876,,0,,1639033,0,
152911,3249,378780763,RET:M006:507923,Schiedam Centrum,507923,,0,,1639033,0,
152911,3249,378780764,RET:M006:508013,Schiedam Centrum,508013,,0,,1639033,0,
152911,3249,378780765,RET:M006:508114,Schiedam Centrum,508114,,0,,1639033,0,
152911,3249,378780766,RET:M006:508172,Schiedam Centrum,508172,,0,,1639033,0,
152911,3249,378780767,RET:M006:507879,Binnenhof,507879,,1,,1638918,0,
152911,3249,378780768,RET:M006:507883,Binnenhof,507883,,1,,1638918,0,
152911,3249,378780769,RET:M006:507887,Binnenhof,507887,,1,,1638918,0,
152911,3249,378780770,RET:M006:507891,Binnenhof,507891,,1,,1638918,0,1
152911,3249,378780771,RET:M006:507895,Binnenhof,507895,,1,,1638918,0,1
152911,3249,378780772,RET:M006:507899,Binnenhof,507899,,1,,1638918,0,1
152911,3249,378780773,RET:M006:507903,Binnenhof,507903,,1,,1638918,0,1
152911,3249,378780774,RET:M006:507907,Binnenhof,507907,,1,,1638918,0,1
152911,3249,378780775,RET:M006:507911,Binnenhof,507911,,1,,1638918,0,
152911,3249,378780776,RET:M006:507915,Binnenhof,507915,,1,,1638918,0,
152911,3249,378780777,RET:M006:507926,Binnenhof,507926,,1,,1638918,0,
152911,3249,378780778,RET:M006:507930,Binnenhof,507930,,1,,1638918,0,
152911,3249,378780779,RET:M006:507934,Binnenhof,507934,,1,,1638918,0,
152911,3249,378780780,RET:M006:507938,Binnenhof,507938,,1,,1638918,0,1
152911,3249,378780781,RET:M006:507942,Binnenhof,507942,,1,,1638918,0,1
152911,3249,378780782,RET:M006:507946,Binnenhof,507946,,1,,1638918,0,1
152911,3249,378780783,RET:M006:507950,Binnenhof,507950,,1,,1638918,0,1
152911,3249,378780784,RET:M006:507954,Binnenhof,507954,,1,,1638918,0,1
152911,3249,378780785,RET:M006:507958,Binnenhof,507958,,1,,1638918,0,
152911,3249,378780786,RET:M006:507962,Binnenhof,507962,,1,,1638918,0,
152911,3249,378780787,RET:M006:507974,Binnenhof,507974,,1,,1638918,0,
152911,3249,378780788,RET:M006:507978,Binnenhof,507978,,1,,1638918,0,
152911,3249,378780789,RET:M006:507982,Binnenhof,507982,,1,,1638918,0,1
152911,3249,378780790,RET:M006:507986,Binnenhof,507986,,1,,1638918,0,1
152911,3249,378780791,RET:M006:507990,Binnenhof,507990,,1,,1638918,0,1
152911,3249,378780792,RET:M006:507994,Binnenhof,507994,,1,,1638918,0,1
152911,3249,378780793,RET:M006:507998,Binnenhof,507998,,1,,1638918,0,1
152911,3249,378780794,RET:M006:508002,Binnenhof,508002,,1,,1638918,0,
152911,3249,378780795,RET:M006:508006,Binnenhof,508006,,1,,1638918,0,
152911,3249,378780796,RET:M006:508010,Binnenhof,508010,,1,,1638918,0,1
152911,3249,378780797,RET:M006:508016,Binnenhof,508016,,1,,1638918,0,
152911,3249,378780798,RET:M006:508020,Binnenhof,508020,,1,,1638918,0,
152911,3249,378780799,RET:M006:508024,Binnenhof,508024,,1,,1638918,0,1
152911,3249,378780800,RET:M006:508028,Binnenhof,508028,,1,,1638918,0,1
152911,3249,378780801,RET:M006:508032,Binnenhof,508032,,1,,1638918,0,1
152911,3249,378780802,RET:M006:508036,Binnenhof,508036,,1,,1638918,0,1
152911,3249,378780803,RET:M006:508040,Binnenhof,508040,,1,,1638918,0,1
152911,3249,378780804,RET:M006:508044,Binnenhof,508044,,1,,1638918,0,
152911,3249,378780805,RET:M006:508048,Binnenhof,508048,,1,,1638918,0,
152911,3249,378780806,RET:M006:508075,Binnenhof,508075,,1,,1638918,0,
152911,3249,378780807,RET:M006:508079,Binnenhof,508079,,1,,1638918,0,
152911,3249,378780808,RET:M006:508083,Binnenhof,508083,,1,,1638918,0,1
152911,3249,378780809,RET:M006:508087,Binnenhof,508087,,1,,1638918,0,1
152911,3249,378780810,RET:M006:508091,Binnenhof,508091,,1,,1638918,0,1
152911,3249,378780811,RET:M006:508095,Binnenhof,508095,,1,,1638918,0,1
152911,3249,378780812,RET:M006:508099,Binnenhof,508099,,1,,1638918,0,1
152911,3249,378780813,RET:M006:508103,Binnenhof,508103,,1,,1638918,0,
152911,3249,378780814,RET:M006:508107,Binnenhof,508107,,1,,1638918,0,
152911,3249,378780815,RET:M006:508117,Binnenhof,508117,,1,,1638918,0,
152911,3249,378780816,RET:M006:508121,Binnenhof,508121,,1,,1638918,0,
152911,3249,378780817,RET:M006:508125,Binnenhof,508125,,1,,1638918,0,1
152911,3249,378780818,RET:M006:508129,Binnenhof,508129,,1,,1638918,0,1
152911,3249,378780819,RET:M006:508133,Binnenhof,508133,,1,,1638918,0,1
152911,3249,378780820,RET:M006:508137,Binnenhof,508137,,1,,1638918,0,1
152911,3249,378780821,RET:M006:508141,Binnenhof,508141,,1,,1638918,0,1
152911,3249,378780822,RET:M006:508145,Binnenhof,508145,,1,,1638918,0,
152911,3249,378780823,RET:M006:508149,Binnenhof,508149,,1,,1638918,0,
152911,3249,378780824,RET:M006:508153,Binnenhof,508153,,1,,1638918,0,1
152911,3249,378780825,RET:M006:508175,Binnenhof,508175,,1,,1638918,0,
152911,3249,378780826,RET:M006:508179,Binnenhof,508179,,1,,1638918,0,
152911,3249,378780827,RET:M006:508183,Binnenhof,508183,,1,,1638918,0,1
152911,3249,378780828,RET:M006:508187,Binnenhof,508187,,1,,1638918,0,1
152911,3249,378780829,RET:M006:508191,Binnenhof,508191,,1,,1638918,0,1
152911,3249,378780830,RET:M006:508195,Binnenhof,508195,,1,,1638918,0,1
152911,3249,378780831,RET:M006:508199,Binnenhof,508199,,1,,1638918,0,1
152911,3249,378780832,RET:M006:508203,Binnenhof,508203,,1,,1638918,0,
152911,3249,378780833,RET:M006:508207,Binnenhof,508207,,1,,1638918,0,
152911,3249,378780834,RET:M006:508218,Binnenhof,508218,,1,,1638918,0,
152911,3249,378780835,RET:M006:508222,Binnenhof,508222,,1,,1638918,0,
152911,3249,378780836,RET:M006:508226,Binnenhof,508226,,1,,1638918,0,1
152911,3249,378780837,RET:M006:508230,Binnenhof,508230,,1,,1638918,0,1
152911,3249,378780838,RET:M006:508234,Binnenhof,508234,,1,,1638918,0,1
152911,3249,378780839,RET:M006:508238,Binnenhof,508238,,1,,1638918,0,1
152911,3249,378780840,RET:M006:508242,Binnenhof,508242,,1,,1638918,0,
152911,3249,378780841,RET:M006:508246,Binnenhof,508246,,1,,1638918,0,
152911,3249,378780842,RET:M006:508250,Binnenhof,508250,,1,,1638918,0,
152911,3249,378780843,RET:M006:507880,Schiedam Centrum,507880,,0,,1639216,0,
152911,3249,378780844,RET:M006:507884,Schiedam Centrum,507884,,0,,1639216,0,
152911,3249,378780845,RET:M006:507888,Schiedam Centrum,507888,,0,,1639216,0,1
152911,3249,378780846,RET:M006:507892,Schiedam Centrum,507892,,0,,1639216,0,1
152911,3249,378780847,RET:M006:507896,Schiedam Centrum,507896,,0,,1639216,0,1
152911,3249,378780848,RET:M006:507900,Schiedam Centrum,507900,,0,,1639216,0,1
152911,3249,378780849,RET:M006:507904,Schiedam Centrum,507904,,0,,1639216,0,1
152911,3249,378780850,RET:M006:507908,Schiedam Centrum,507908,,0,,1639216,0,
152911,3249,378780851,RET:M006:507912,Schiedam Centrum,507912,,0,,1639216,0,
152911,3249,378780852,RET:M006:507916,Schiedam Centrum,507916,,0,,1639216,0,1
152911,3249,378780853,RET:M006:507927,Schiedam Centrum,507927,,0,,1639216,0,
152911,3249,378780854,RET:M006:507931,Schiedam Centrum,507931,,0,,1639216,0,
152911,3249,378780855,RET:M006:507935,Schiedam Centrum,507935,,0,,1639216,0,1
152911,3249,378780856,RET:M006:507939,Schiedam Centrum,507939,,0,,1639216,0,1
152911,3249,378780857,RET:M006:507943,Schiedam Centrum,507943,,0,,1639216,0,1
152911,3249,378780858,RET:M006:507947,Schiedam Centrum,507947,,0,,1639216,0,1
152911,3249,378780859,RET:M006:507951,Schiedam Centrum,507951,,0,,1639216,0,1
152911,3249,378780860,RET:M006:507955,Schiedam Centrum,507955,,0,,1639216,0,
152911,3249,378780861,RET:M006:507959,Schiedam Centrum,507959,,0,,1639216,0,
152911,3249,378780862,RET:M006:507963,Schiedam Centrum,507963,,0,,1639216,0,1
152911,3249,378780863,RET:M006:507971,Schiedam Centrum,507971,,0,,1639216,0,
152911,3249,378780864,RET:M006:507975,Schiedam Centrum,507975,,0,,1639216,0,
152911,3249,378780865,RET:M006:507979,Schiedam Centrum,507979,,0,,1639216,0,
152911,3249,378780866,RET:M006:507983,Schiedam Centrum,507983,,0,,1639216,0,1
152911,3249,378780867,RET:M006:507987,Schiedam Centrum,507987,,0,,1639216,0,1
152911,3249,378780868,RET:M006:507991,Schiedam Centrum,507991,,0,,1639216,0,1
152911,3249,378780869,RET:M006:507995,Schiedam Centrum,507995,,0,,1639216,0,1
152911,3249,378780870,RET:M006:507999,Schiedam Centrum,507999,,0,,1639216,0,1
152911,3249,378780871,RET:M006:508003,Schiedam Centrum,508003,,0,,1639216,0,
152911,3249,378780872,RET:M006:508007,Schiedam Centrum,508007,,0,,1639216,0,
152911,3249,378780873,RET:M006:508017,Schiedam Centrum,508017,,0,,1639216,0,
152911,3249,378780874,RET:M006:508021,Schiedam Centrum,508021,,0,,1639216,0,
152911,3249,378780875,RET:M006:508025,Schiedam Centrum,508025,,0,,1639216,0,1
152911,3249,378780876,RET:M006:508029,Schiedam Centrum,508029,,0,,1639216,0,1
152911,3249,378780877,RET:M006:508033,Schiedam Centrum,508033,,0,,1639216,0,1
152911,3249,378780878,RET:M006:508037,Schiedam Centrum,508037,,0,,1639216,0,1
152911,3249,378780879,RET:M006:508041,Schiedam Centrum,508041,,0,,1639216,0,1
152911,3249,378780880,RET:M006:508045,Schiedam Centrum,508045,,0,,1639216,0,
152911,3249,378780881,RET:M006:508049,Schiedam Centrum,508049,,0,,1639216,0,
152911,3249,378780882,RET:M006:508072,Schiedam Centrum,508072,,0,,1639216,0,
152911,3249,378780883,RET:M006:508076,Schiedam Centrum,508076,,0,,1639216,0,
152911,3249,378780884,RET:M006:508080,Schiedam Centrum,508080,,0,,1639216,0,
152911,3249,378780885,RET:M006:508084,Schiedam Centrum,508084,,0,,1639216,0,1
152911,3249,378780886,RET:M006:508088,Schiedam Centrum,508088,,0,,1639216,0,1
152911,3249,378780887,RET:M006:508092,Schiedam Centrum,508092,,0,,1639216,0,1
152911,3249,378780888,RET:M006:508096,Schiedam Centrum,508096,,0,,1639216,0,1
152911,3249,378780889,RET:M006:508100,Schiedam Centrum,508100,,0,,1639216,0,
152911,3249,378780890,RET:M006:508104,Schiedam Centrum,508104,,0,,1639216,0,
152911,3249,378780891,RET:M006:508108,Schiedam Centrum,508108,,0,,1639216,0,
152911,3249,378780892,RET:M006:508118,Schiedam Centrum,508118,,0,,1639216,0,
152911,3249,378780893,RET:M006:508122,Schiedam Centrum,508122,,0,,1639216,0,
152911,3249,378780894,RET:M006:508126,Schiedam Centrum,508126,,0,,1639216,0,1
152911,3249,378780895,RET:M006:508130,Schiedam Centrum,508130,,0,,1639216,0,1
152911,3249,378780896,RET:M006:508134,Schiedam Centrum,508134,,0,,1639216,0,1
152911,3249,378780897,RET:M006:508138,Schiedam Centrum,508138,,0,,1639216,0,1
152911,3249,378780898,RET:M006:508142,Schiedam Centrum,508142,,0,,1639216,0,1
152911,3249,378780899,RET:M006:508146,Schiedam Centrum,508146,,0,,1639216,0,
152911,3249,378780900,RET:M006:508150,Schiedam Centrum,508150,,0,,1639216,0,
152911,3249,378780901,RET:M006:508176,Schiedam Centrum,508176,,0,,1639216,0,
152911,3249,378780902,RET:M006:508180,Schiedam Centrum,508180,,0,,1639216,0,1
152911,3249,378780903,RET:M006:508184,Schiedam Centrum,508184,,0,,1639216,0,1
152911,3249,378780904,RET:M006:508188,Schiedam Centrum,508188,,0,,1639216,0,1
152911,3249,378780905,RET:M006:508192,Schiedam Centrum,508192,,0,,1639216,0,1
152911,3249,378780906,RET:M006:508196,Schiedam Centrum,508196,,0,,1639216,0,1
152911,3249,378780907,RET:M006:508200,Schiedam Centrum,508200,,0,,1639216,0,
152911,3249,378780908,RET:M006:508204,Schiedam Centrum,508204,,0,,1639216,0,
152911,3249,378780909,RET:M006:508208,Schiedam Centrum,508208,,0,,1639216,0,
152911,3249,378780910,RET:M006:508215,Schiedam Centrum,508215,,0,,1639216,0,
152911,3249,378780911,RET:M006:508219,Schiedam Centrum,508219,,0,,1639216,0,
152911,3249,378780912,RET:M006:508223,Schiedam Centrum,508223,,0,,1639216,0,1
152911,3249,378780913,RET:M006:508227,Schiedam Centrum,508227,,0,,1639216,0,1
152911,3249,378780914,RET:M006:508231,Schiedam Centrum,508231,,0,,1639216,0,1
152911,3249,378780915,RET:M006:508235,Schiedam Centrum,508235,,0,,1639216,0,1
152911,3249,378780916,RET:M006:508239,Schiedam Centrum,508239,,0,,1639216,0,1
152911,3249,378780917,RET:M006:508243,Schiedam Centrum,508243,,0,,1639216,0,
152911,3249,378780918,RET:M006:508247,Schiedam Centrum,508247,,0,,1639216,0,
152911,3249,378780919,RET:M006:508251,Schiedam Centrum,508251,,0,,1639216,0,1
152911,3249,378780920,RET:M006:507919,Capelsebrug,507919,,1,,1638930,0,1
152911,3249,378780921,RET:M006:507966,Capelsebrug,507966,,1,,1638930,0,1
152911,3249,378780922,RET:M006:508254,Capelsebrug,508254,,1,,1638930,0,1
152911,3249,378780923,RET:M006:507970,Binnenhof,507970,,1,,1638959,0,
152911,3249,378780924,RET:M006:508071,Binnenhof,508071,,1,,1638959,0,
152911,3249,378780925,RET:M006:508214,Binnenhof,508214,,1,,1638959,0,
152911,3249,378780926,RET:M006:508052,Binnenhof,508052,,1,,1638687,0,
152911,3249,378780927,RET:M006:508111,Binnenhof,508111,,1,,1638687,0,1
152911,3249,378780928,RET:M006:508211,Binnenhof,508211,,1,,1638687,0,1
152911,3249,378780929,RET:M006:508054,Kralingse Zoom,508054,,0,,1638680,0,1
152911,3249,378780930,RET:M006:508055,Binnenhof,508055,,1,,1638744,0,1
152911,3249,378780931,RET:M006:508057,Binnenhof,508057,,1,,1638744,0,1
152911,3249,378780932,RET:M006:508059,Binnenhof,508059,,1,,1638744,0,1
152911,3249,378780933,RET:M006:508061,Binnenhof,508061,,1,,1638744,0,1
152911,3249,378780934,RET:M006:508063,Binnenhof,508063,,1,,1638744,0,1
152911,3249,378780935,RET:M006:508065,Binnenhof,508065,,1,,1638744,0,1
152911,3249,378780936,RET:M006:508067,Binnenhof,508067,,1,,1638744,0,1
152911,3249,378780937,RET:M006:508156,Binnenhof,508156,,1,,1638744,0,1
152911,3249,378780938,RET:M006:508158,Binnenhof,508158,,1,,1638744,0,1
152911,3249,378780939,RET:M006:508160,Binnenhof,508160,,1,,1638744,0,1
152911,3249,378780940,RET:M006:508162,Binnenhof,508162,,1,,1638744,0,1
152911,3249,378780941,RET:M006:508164,Binnenhof,508164,,1,,1638744,0,1
152911,3249,378780942,RET:M006:508166,Binnenhof,508166,,1,,1638744,0,1
152911,3249,378780943,RET:M006:508168,Binnenhof,508168,,1,,1638744,0,1
152911,3249,378780944,RET:M006:508259,Binnenhof,508259,,1,,1638744,0,1
152911,3249,378780945,RET:M006:508261,Binnenhof,508261,,1,,1638744,0,1
152911,3249,378780946,RET:M006:508263,Binnenhof,508263,,1,,1638744,0,1
152911,3249,378780947,RET:M006:508265,Binnenhof,508265,,1,,1638744,0,1
152911,3249,378780948,RET:M006:508267,Binnenhof,508267,,1,,1638744,0,1
152911,3249,378780949,RET:M006:508269,Binnenhof,508269,,1,,1638744,0,1
152911,3249,378780950,RET:M006:508271,Binnenhof,508271,,1,,1638744,0,1
152911,3249,378780951,RET:M006:508056,Kralingse Zoom,508056,,0,,1638981,0,1
152911,3249,378780952,RET:M006:508058,Kralingse Zoom,508058,,0,,1638981,0,1
152911,3249,378780953,RET:M006:508060,Kralingse Zoom,508060,,0,,1638981,0,1
152911,3249,378780954,RET:M006:508062,Kralingse Zoom,508062,,0,,1638981,0,1
152911,3249,378780955,RET:M006:508064,Kralingse Zoom,508064,,0,,1638981,0,1
152911,3249,378780956,RET:M006:508066,Kralingse Zoom,508066,,0,,1638981,0,1
152911,3249,378780957,RET:M006:508155,Kralingse Zoom,508155,,0,,1638981,0,1
152911,3249,378780958,RET:M006:508157,Kralingse Zoom,508157,,0,,1638981,0,1
152911,3249,378780959,RET:M006:508159,Kralingse Zoom,508159,,0,,1638981,0,1
152911,3249,378780960,RET:M006:508161,Kralingse Zoom,508161,,0,,1638981,0,1
152911,3249,378780961,RET:M006:508163,Kralingse Zoom,508163,,0,,1638981,0,1
152911,3249,378780962,RET:M006:508165,Kralingse Zoom,508165,,0,,1638981,0,1
152911,3249,378780963,RET:M006:508167,Kralingse Zoom,508167,,0,,1638981,0,1
152911,3249,378780964,RET:M006:508258,Kralingse Zoom,508258,,0,,1638981,0,1
152911,3249,378780965,RET:M006:508260,Kralingse Zoom,508260,,0,,1638981,0,1
152911,3249,378780966,RET:M006:508262,Kralingse Zoom,508262,,0,,1638981,0,1
152911,3249,378780967,RET:M006:508264,Kralingse Zoom,508264,,0,,1638981,0,1
152911,3249,378780968,RET:M006:508266,Kralingse Zoom,508266,,0,,1638981,0,1
152911,3249,378780969,RET:M006:508268,Kralingse Zoom,508268,,0,,1638981,0,1
152911,3249,378780970,RET:M006:508270,Kralingse Zoom,508270,,0,,1638981,0,1
152911,3249,378780971,RET:M006:508068,Alexander,508068,,0,,,0,1
152911,3249,378780972,RET:M006:508169,Alexander,508169,,0,,,0,1
152911,3249,378780973,RET:M006:508272,Alexander,508272,,0,,,0,1
152911,2871,378781954,RET:M006:509703,Schiedam Centrum,509703,,0,,1639033,0,
152911,2871,378781955,RET:M006:509750,Schiedam Centrum,509750,,0,,1639033,0,
152911,2871,378781956,RET:M006:509840,Schiedam Centrum,509840,,0,,1639033,0,
152911,2871,378781957,RET:M006:509942,Schiedam Centrum,509942,,0,,1639033,0,
152911,2871,378781958,RET:M006:510002,Schiedam Centrum,510002,,0,,1639033,0,
152911,2871,378781959,RET:M006:509706,Binnenhof,509706,,1,,1638918,0,
152911,2871,378781960,RET:M006:509710,Binnenhof,509710,,1,,1638918,0,
152911,2871,378781961,RET:M006:509714,Binnenhof,509714,,1,,1638918,0,
152911,2871,378781962,RET:M006:509718,Binnenhof,509718,,1,,1638918,0,1
152911,2871,378781963,RET:M006:509722,Binnenhof,509722,,1,,1638918,0,1
152911,2871,378781964,RET:M006:509726,Binnenhof,509726,,1,,1638918,0,1
152911,2871,378781965,RET:M006:509730,Binnenhof,509730,,1,,1638918,0,1
152911,2871,378781966,RET:M006:509734,Binnenhof,509734,,1,,1638918,0,1
152911,2871,378781967,RET:M006:509738,Binnenhof,509738,,1,,1638918,0,
152911,2871,378781968,RET:M006:509742,Binnenhof,509742,,1,,1638918,0,
152911,2871,378781969,RET:M006:509753,Binnenhof,509753,,1,,1638918,0,
152911,2871,378781970,RET:M006:509757,Binnenhof,509757,,1,,1638918,0,
152911,2871,378781971,RET:M006:509761,Binnenhof,509761,,1,,1638918,0,
152911,2871,378781972,RET:M006:509765,Binnenhof,509765,,1,,1638918,0,1
152911,2871,378781973,RET:M006:509769,Binnenhof,509769,,1,,1638918,0,1
152911,2871,378781974,RET:M006:509773,Binnenhof,509773,,1,,1638918,0,1
152911,2871,378781975,RET:M006:509777,Binnenhof,509777,,1,,1638918,0,1
152911,2871,378781976,RET:M006:509781,Binnenhof,509781,,1,,1638918,0,1
152911,2871,378781977,RET:M006:509785,Binnenhof,509785,,1,,1638918,0,
152911,2871,378781978,RET:M006:509789,Binnenhof,509789,,1,,1638918,0,
152911,2871,378781979,RET:M006:509801,Binnenhof,509801,,1,,1638918,0,
152911,2871,378781980,RET:M006:509805,Binnenhof,509805,,1,,1638918,0,
152911,2871,378781981,RET:M006:509809,Binnenhof,509809,,1,,1638918,0,1
152911,2871,378781982,RET:M006:509813,Binnenhof,509813,,1,,1638918,0,1
152911,2871,378781983,RET:M006:509817,Binnenhof,509817,,1,,1638918,0,1
152911,2871,378781984,RET:M006:509821,Binnenhof,509821,,1,,1638918,0,1
152911,2871,378781985,RET:M006:509825,Binnenhof,509825,,1,,1638918,0,1
152911,2871,378781986,RET:M006:509829,Binnenhof,509829,,1,,1638918,0,
152911,2871,378781987,RET:M006:509833,Binnenhof,509833,,1,,1638918,0,
152911,2871,378781988,RET:M006:509837,Binnenhof,509837,,1,,1638918,0,1
152911,2871,378781989,RET:M006:509843,Binnenhof,509843,,1,,1638918,0,
152911,2871,378781990,RET:M006:509847,Binnenhof,509847,,1,,1638918,0,
152911,2871,378781991,RET:M006:509851,Binnenhof,509851,,1,,1638918,0,1
152911,2871,378781992,RET:M006:509855,Binnenhof,509855,,1,,1638918,0,1
152911,2871,378781993,RET:M006:509859,Binnenhof,509859,,1,,1638918,0,1
152911,2871,378781994,RET:M006:509863,Binnenhof,509863,,1,,1638918,0,1
152911,2871,378781995,RET:M006:509867,Binnenhof,509867,,1,,1638918,0,1
152911,2871,378781996,RET:M006:509871,Binnenhof,509871,,1,,1638918,0,
152911,2871,378781997,RET:M006:509875,Binnenhof,509875,,1,,1638918,0,
152911,2871,378781998,RET:M006:509903,Binnenhof,509903,,1,,1638918,0,
152911,2871,378781999,RET:M006:509907,Binnenhof,509907,,1,,1638918,0,
152911,2871,378782000,RET:M006:509911,Binnenhof,509911,,1,,1638918,0,1
152911,2871,378782001,RET:M006:509915,Binnenhof,509915,,1,,1638918,0,1
152911,2871,378782002,RET:M006:509919,Binnenhof,509919,,1,,1638918,0,1
152911,2871,378782003,RET:M006:509923,Binnenhof,509923,,1,,1638918,0,1
152911,2871,378782004,RET:M006:509927,Binnenhof,509927,,1,,1638918,0,1
152911,2871,378782005,RET:M006:509931,Binnenhof,509931,,1,,1638918,0,
152911,2871,378782006,RET:M006:509935,Binnenhof,509935,,1,,1638918,0,
152911,2871,378782007,RET:M006:509945,Binnenhof,509945,,1,,1638918,0,
152911,2871,378782008,RET:M006:509949,Binnenhof,509949,,1,,1638918,0,
152911,2871,378782009,RET:M006:509953,Binnenhof,509953,,1,,1638918,0,1
152911,2871,378782010,RET:M006:509957,Binnenhof,509957,,1,,1638918,0,1
152911,2871,378782011,RET:M006:509961,Binnenhof,509961,,1,,1638918,0,1
152911,2871,378782012,RET:M006:509965,Binnenhof,509965,,1,,1638918,0,1
152911,2871,378782013,RET:M006:509969,Binnenhof,509969,,1,,1638918,0,1
152911,2871,378782014,RET:M006:509973,Binnenhof,509973,,1,,1638918,0,
152911,2871,378782015,RET:M006:509977,Binnenhof,509977,,1,,1638918,0,
152911,2871,378782016,RET:M006:509981,Binnenhof,509981,,1,,1638918,0,1
152911,2871,378782017,RET:M006:510005,Binnenhof,510005,,1,,1638918,0,
152911,2871,378782018,RET:M006:510009,Binnenhof,510009,,1,,1638918,0,
152911,2871,378782019,RET:M006:510013,Binnenhof,510013,,1,,1638918,0,1
152911,2871,378782020,RET:M006:510017,Binnenhof,510017,,1,,1638918,0,1
152911,2871,378782021,RET:M006:510021,Binnenhof,510021,,1,,1638918,0,1
152911,2871,378782022,RET:M006:510025,Binnenhof,510025,,1,,1638918,0,1
152911,2871,378782023,RET:M006:510029,Binnenhof,510029,,1,,1638918,0,1
152911,2871,378782024,RET:M006:510033,Binnenhof,510033,,1,,1638918,0,
152911,2871,378782025,RET:M006:510037,Binnenhof,510037,,1,,1638918,0,
152911,2871,378782026,RET:M006:510048,Binnenhof,510048,,1,,1638918,0,
152911,2871,378782027,RET:M006:510052,Binnenhof,510052,,1,,1638918,0,
152911,2871,378782028,RET:M006:510056,Binnenhof,510056,,1,,1638918,0,1
152911,2871,378782029,RET:M006:510060,Binnenhof,510060,,1,,1638918,0,1
152911,2871,378782030,RET:M006:510064,Binnenhof,510064,,1,,1638918,0,1
152911,2871,378782031,RET:M006:510068,Binnenhof,510068,,1,,1638918,0,1
152911,2871,378782032,RET:M006:510072,Binnenhof,510072,,1,,1638918,0,
152911,2871,378782033,RET:M006:510076,Binnenhof,510076,,1,,1638918,0,
152911,2871,378782034,RET:M006:510080,Binnenhof,510080,,1,,1638918,0,
152911,2871,378782035,RET:M006:510124,Binnenhof,510124,,1,,1638918,0,1
152911,2871,378782036,RET:M006:510149,Binnenhof,510149,,1,,1638918,0,1
152911,2871,378782037,RET:M006:509707,Schiedam Centrum,509707,,0,,1639216,0,
152911,2871,378782038,RET:M006:509711,Schiedam Centrum,509711,,0,,1639216,0,
152911,2871,378782039,RET:M006:509715,Schiedam Centrum,509715,,0,,1639216,0,1
152911,2871,378782040,RET:M006:509719,Schiedam Centrum,509719,,0,,1639216,0,1
152911,2871,378782041,RET:M006:509723,Schiedam Centrum,509723,,0,,1639216,0,1
152911,2871,378782042,RET:M006:509727,Schiedam Centrum,509727,,0,,1639216,0,1
152911,2871,378782043,RET:M006:509731,Schiedam Centrum,509731,,0,,1639216,0,1
152911,2871,378782044,RET:M006:509735,Schiedam Centrum,509735,,0,,1639216,0,
152911,2871,378782045,RET:M006:509739,Schiedam Centrum,509739,,0,,1639216,0,
152911,2871,378782046,RET:M006:509743,Schiedam Centrum,509743,,0,,1639216,0,1
152911,2871,378782047,RET:M006:509754,Schiedam Centrum,509754,,0,,1639216,0,
152911,2871,378782048,RET:M006:509758,Schiedam Centrum,509758,,0,,1639216,0,
152911,2871,378782049,RET:M006:509762,Schiedam Centrum,509762,,0,,1639216,0,1
152911,2871,378782050,RET:M006:509766,Schiedam Centrum,509766,,0,,1639216,0,1
152911,2871,378782051,RET:M006:509770,Schiedam Centrum,509770,,0,,1639216,0,1
152911,2871,378782052,RET:M006:509774,Schiedam Centrum,509774,,0,,1639216,0,1
152911,2871,378782053,RET:M006:509778,Schiedam Centrum,509778,,0,,1639216,0,1
152911,2871,378782054,RET:M006:509782,Schiedam Centrum,509782,,0,,1639216,0,
152911,2871,378782055,RET:M006:509786,Schiedam Centrum,509786,,0,,1639216,0,
152911,2871,378782056,RET:M006:509790,Schiedam Centrum,509790,,0,,1639216,0,1
152911,2871,378782057,RET:M006:509798,Schiedam Centrum,509798,,0,,1639216,0,
152911,2871,378782058,RET:M006:509802,Schiedam Centrum,509802,,0,,1639216,0,
152911,2871,378782059,RET:M006:509806,Schiedam Centrum,509806,,0,,1639216,0,
152911,2871,378782060,RET:M006:509810,Schiedam Centrum,509810,,0,,1639216,0,1
152911,2871,378782061,RET:M006:509814,Schiedam Centrum,509814,,0,,1639216,0,1
152911,2871,378782062,RET:M006:509818,Schiedam Centrum,509818,,0,,1639216,0,1
152911,2871,378782063,RET:M006:509822,Schiedam Centrum,509822,,0,,1639216,0,1
152911,2871,378782064,RET:M006:509826,Schiedam Centrum,509826,,0,,1639216,0,1
152911,2871,378782065,RET:M006:509830,Schiedam Centrum,509830,,0,,1639216,0,
152911,2871,378782066,RET:M006:509834,Schiedam Centrum,509834,,0,,1639216,0,
152911,2871,378782067,RET:M006:509844,Schiedam Centrum,509844,,0,,1639216,0,
152911,2871,378782068,RET:M006:509848,Schiedam Centrum,509848,,0,,1639216,0,
152911,2871,378782069,RET:M006:509852,Schiedam Centrum,509852,,0,,1639216,0,1
152911,2871,378782070,RET:M006:509856,Schiedam Centrum,509856,,0,,1639216,0,1
152911,2871,378782071,RET:M006:509860,Schiedam Centrum,509860,,0,,1639216,0,1
152911,2871,378782072,RET:M006:509864,Schiedam Centrum,509864,,0,,1639216,0,1
152911,2871,378782073,RET:M006:509868,Schiedam Centrum,509868,,0,,1639216,0,1
152911,2871,378782074,RET:M006:509872,Schiedam Centrum,509872,,0,,1639216,0,
152911,2871,378782075,RET:M006:509876,Schiedam Centrum,509876,,0,,1639216,0,
152911,2871,378782076,RET:M006:509900,Schiedam Centrum,509900,,0,,1639216,0,
152911,2871,378782077,RET:M006:509904,Schiedam Centrum,509904,,0,,1639216,0,
152911,2871,378782078,RET:M006:509908,Schiedam Centrum,509908,,0,,1639216,0,
152911,2871,378782079,RET:M006:509912,Schiedam Centrum,509912,,0,,1639216,0,1
152911,2871,378782080,RET:M006:509916,Schiedam Centrum,509916,,0,,1639216,0,1
152911,2871,378782081,RET:M006:509920,Schiedam Centrum,509920,,0,,1639216,0,1
152911,2871,378782082,RET:M006:509924,Schiedam Centrum,509924,,0,,1639216,0,1
152911,2871,378782083,RET:M006:509928,Schiedam Centrum,509928,,0,,1639216,0,
152911,2871,378782084,RET:M006:509932,Schiedam Centrum,509932,,0,,1639216,0,
152911,2871,378782085,RET:M006:509936,Schiedam Centrum,509936,,0,,1639216,0,
152911,2871,378782086,RET:M006:509946,Schiedam Centrum,509946,,0,,1639216,0,
152911,2871,378782087,RET:M006:509950,Schiedam Centrum,509950,,0,,1639216,0,
152911,2871,378782088,RET:M006:509954,Schiedam Centrum,509954,,0,,1639216,0,1
152911,2871,378782089,RET:M006:509958,Schiedam Centrum,509958,,0,,1639216,0,1
152911,2871,378782090,RET:M006:509962,Schiedam Centrum,509962,,0,,1639216,0,1
152911,2871,378782091,RET:M006:509966,Schiedam Centrum,509966,,0,,1639216,0,1
152911,2871,378782092,RET:M006:509970,Schiedam Centrum,509970,,0,,1639216,0,1
152911,2871,378782093,RET:M006:509974,Schiedam Centrum,509974,,0,,1639216,0,
152911,2871,378782094,RET:M006:509978,Schiedam Centrum,509978,,0,,1639216,0,
152911,2871,378782095,RET:M006:510006,Schiedam Centrum,510006,,0,,1639216,0,
152911,2871,378782096,RET:M006:510010,Schiedam Centrum,510010,,0,,1639216,0,1
152911,2871,378782097,RET:M006:510014,Schiedam Centrum,510014,,0,,1639216,0,1
152911,2871,378782098,RET:M006:510018,Schiedam Centrum,510018,,0,,1639216,0,1
152911,2871,378782099,RET:M006:510022,Schiedam Centrum,510022,,0,,1639216,0,1
152911,2871,378782100,RET:M006:510026,Schiedam Centrum,510026,,0,,1639216,0,1
152911,2871,378782101,RET:M006:510030,Schiedam Centrum,510030,,0,,1639216,0,
152911,2871,378782102,RET:M006:510034,Schiedam Centrum,510034,,0,,1639216,0,
152911,2871,378782103,RET:M006:510038,Schiedam Centrum,510038,,0,,1639216,0,
152911,2871,378782104,RET:M006:510045,Schiedam Centrum,510045,,0,,1639216,0,
152911,2871,378782105,RET:M006:510049,Schiedam Centrum,510049,,0,,1639216,0,
152911,2871,378782106,RET:M006:510053,Schiedam Centrum,510053,,0,,1639216,0,1
152911,2871,378782107,RET:M006:510057,Schiedam Centrum,510057,,0,,1639216,0,1
152911,2871,378782108,RET:M006:510061,Schiedam Centrum,510061,,0,,1639216,0,1
152911,2871,378782109,RET:M006:510065,Schiedam Centrum,510065,,0,,1639216,0,1
152911,2871,378782110,RET:M006:510069,Schiedam Centrum,510069,,0,,1639216,0,1
152911,2871,378782111,RET:M006:510073,Schiedam Centrum,510073,,0,,1639216,0,
152911,2871,378782112,RET:M006:510077,Schiedam Centrum,510077,,0,,1639216,0,
152911,2871,378782113,RET:M006:510081,Schiedam Centrum,510081,,0,,1639216,0,1
152911,2871,378782114,RET:M006:509746,Capelsebrug,509746,,1,,1638930,0,1
152911,2871,378782115,RET:M006:509793,Capelsebrug,509793,,1,,1638930,0,1
152911,2871,378782116,RET:M006:510084,Capelsebrug,510084,,1,,1638930,0,1
152911,2871,378782117,RET:M006:509797,Binnenhof,509797,,1,,1638959,0,
152911,2871,378782118,RET:M006:509899,Binnenhof,509899,,1,,1638959,0,
152911,2871,378782119,RET:M006:510044,Binnenhof,510044,,1,,1638959,0,
152911,2871,378782120,RET:M006:509879,Binnenhof,509879,,1,,1638687,0,
152911,2871,378782121,RET:M006:509939,Binnenhof,509939,,1,,1638687,0,1
152911,2871,378782122,RET:M006:510041,Binnenhof,510041,,1,,1638687,0,1
152911,2871,378782123,RET:M006:509881,Kralingse Zoom,509881,,0,,1638680,0,1
152911,2871,378782124,RET:M006:509882,Binnenhof,509882,,1,,1638744,0,1
152911,2871,378782125,RET:M006:509884,Binnenhof,509884,,1,,1638744,0,1
152911,2871,378782126,RET:M006:509886,Binnenhof,509886,,1,,1638744,0,1
152911,2871,378782127,RET:M006:509888,Binnenhof,509888,,1,,1638744,0,1
152911,2871,378782128,RET:M006:509890,Binnenhof,509890,,1,,1638744,0,1
152911,2871,378782129,RET:M006:509892,Binnenhof,509892,,1,,1638744,0,1
152911,2871,378782130,RET:M006:509894,Binnenhof,509894,,1,,1638744,0,1
152911,2871,378782131,RET:M006:509984,Binnenhof,509984,,1,,1638744,0,1
152911,2871,378782132,RET:M006:509986,Binnenhof,509986,,1,,1638744,0,1
152911,2871,378782133,RET:M006:509988,Binnenhof,509988,,1,,1638744,0,1
152911,2871,378782134,RET:M006:509990,Binnenhof,509990,,1,,1638744,0,1
152911,2871,378782135,RET:M006:509992,Binnenhof,509992,,1,,1638744,0,1
152911,2871,378782136,RET:M006:509994,Binnenhof,509994,,1,,1638744,0,1
152911,2871,378782137,RET:M006:509996,Binnenhof,509996,,1,,1638744,0,1
152911,2871,378782138,RET:M006:510089,Binnenhof,510089,,1,,1638744,0,1
152911,2871,378782139,RET:M006:510091,Binnenhof,510091,,1,,1638744,0,1
152911,2871,378782140,RET:M006:510093,Binnenhof,510093,,1,,1638744,0,1
152911,2871,378782141,RET:M006:510095,Binnenhof,510095,,1,,1638744,0,1
152911,2871,378782142,RET:M006:510097,Binnenhof,510097,,1,,1638744,0,1
152911,2871,378782143,RET:M006:510099,Binnenhof,510099,,1,,1638744,0,1
152911,2871,378782144,RET:M006:509883,Kralingse Zoom,509883,,0,,1638981,0,1
152911,2871,378782145,RET:M006:509885,Kralingse Zoom,509885,,0,,1638981,0,1
152911,2871,378782146,RET:M006:509887,Kralingse Zoom,509887,,0,,1638981,0,1
152911,2871,378782147,RET:M006:509889,Kralingse Zoom,509889,,0,,1638981,0,1
152911,2871,378782148,RET:M006:509891,Kralingse Zoom,509891,,0,,1638981,0,1
152911,2871,378782149,RET:M006:509893,Kralingse Zoom,509893,,0,,1638981,0,1
152911,2871,378782150,RET:M006:509983,Kralingse Zoom,509983,,0,,1638981,0,1
152911,2871,378782151,RET:M006:509985,Kralingse Zoom,509985,,0,,1638981,0,1
152911,2871,378782152,RET:M006:509987,Kralingse Zoom,509987,,0,,1638981,0,1
152911,2871,378782153,RET:M006:509989,Kralingse Zoom,509989,,0,,1638981,0,1
152911,2871,378782154,RET:M006:509991,Kralingse Zoom,509991,,0,,1638981,0,1
152911,2871,378782155,RET:M006:509993,Kralingse Zoom,509993,,0,,1638981,0,1
152911,2871,378782156,RET:M006:509995,Kralingse Zoom,509995,,0,,1638981,0,1
152911,2871,378782157,RET:M006:509997,Kralingse Zoom,509997,,0,,1638981,0,1
152911,2871,378782158,RET:M006:510088,Kralingse Zoom,510088,,0,,1638981,0,1
152911,2871,378782159,RET:M006:510090,Kralingse Zoom,510090,,0,,1638981,0,1
152911,2871,378782160,RET:M006:510092,Kralingse Zoom,510092,,0,,1638981,0,1
152911,2871,378782161,RET:M006:510094,Kralingse Zoom,510094,,0,,1638981,0,1
152911,2871,378782162,RET:M006:510096,Kralingse Zoom,510096,,0,,1638981,0,1
152911,2871,378782163,RET:M006:510098,Kralingse Zoom,510098,,0,,1638981,0,1
152911,2871,378782164,RET:M006:509895,Capelsebrug,509895,,0,,1638798,0,1
152911,2871,378782165,RET:M006:510100,Capelsebrug,510100,,0,,1638798,0,1
152911,2871,378782166,RET:M006:509998,Capelsebrug,509998,,1,,,0,1
152911,2871,378782167,RET:M006:510125,Alexander,510125,,0,,,0,1
152911,2871,378782168,RET:M006:510150,Alexander,510150,,0,,,0,1
152911,3346,378783171,RET:M006:511363,Binnenhof,511363,,1,,1638744,0,1
152911,3346,378783172,RET:M006:511365,Binnenhof,511365,,1,,1638744,0,1
152911,3346,378783173,RET:M006:511367,Binnenhof,511367,,1,,1638744,0,1
152911,3346,378783174,RET:M006:511402,Binnenhof,511402,,1,,1638744,0,1
152911,3346,378783175,RET:M006:511404,Binnenhof,511404,,1,,1638744,0,1
152911,3346,378783176,RET:M006:511406,Binnenhof,511406,,1,,1638744,0,1
152911,3346,378783177,RET:M006:511441,Binnenhof,511441,,1,,1638744,0,1
152911,3346,378783178,RET:M006:511443,Binnenhof,511443,,1,,1638744,0,1
152911,3346,378783179,RET:M006:511445,Binnenhof,511445,,1,,1638744,0,1
152911,3346,378783180,RET:M006:511481,Binnenhof,511481,,1,,1638744,0,1
152911,3346,378783181,RET:M006:511515,Binnenhof,511515,,1,,1638744,0,1
152911,3346,378783182,RET:M006:511546,Binnenhof,511546,,1,,1638744,0,1
152911,3346,378783183,RET:M006:511548,Binnenhof,511548,,1,,1638744,0,1
152911,3346,378783184,RET:M006:511550,Binnenhof,511550,,1,,1638744,0,1
152911,3346,378783185,RET:M006:511552,Binnenhof,511552,,1,,1638744,0,1
152911,3346,378783186,RET:M006:511554,Binnenhof,511554,,1,,1638744,0,1
152911,3346,378783187,RET:M006:511556,Binnenhof,511556,,1,,1638744,0,1
152911,3346,378783188,RET:M006:511558,Binnenhof,511558,,1,,1638744,0,1
152911,3346,378783189,RET:M006:511562,Binnenhof,511562,,1,,1638744,0,1
152911,3346,378783190,RET:M006:511564,Binnenhof,511564,,1,,1638744,0,1
152911,3346,378783191,RET:M006:511566,Binnenhof,511566,,1,,1638744,0,1
152911,3346,378783192,RET:M006:511568,Binnenhof,511568,,1,,1638744,0,1
152911,3346,378783193,RET:M006:511570,Binnenhof,511570,,1,,1638744,0,1
152911,3346,378783194,RET:M006:511572,Binnenhof,511572,,1,,1638744,0,1
152911,3346,378783195,RET:M006:511574,Binnenhof,511574,,1,,1638744,0,1
152911,3346,378783196,RET:M006:511578,Binnenhof,511578,,1,,1638744,0,1
152911,3346,378783197,RET:M006:511580,Binnenhof,511580,,1,,1638744,0,1
152911,3346,378783198,RET:M006:511582,Binnenhof,511582,,1,,1638744,0,1
152911,3346,378783199,RET:M006:511584,Binnenhof,511584,,1,,1638744,0,1
152911,3346,378783200,RET:M006:511586,Binnenhof,511586,,1,,1638744,0,1
152911,3346,378783201,RET:M006:511588,Binnenhof,511588,,1,,1638744,0,1
152911,3346,378783202,RET:M006:511364,Kralingse Zoom,511364,,0,,1638981,0,1
152911,3346,378783203,RET:M006:511366,Kralingse Zoom,511366,,0,,1638981,0,1
152911,3346,378783204,RET:M006:511403,Kralingse Zoom,511403,,0,,1638981,0,1
152911,3346,378783205,RET:M006:511405,Kralingse Zoom,511405,,0,,1638981,0,1
152911,3346,378783206,RET:M006:511442,Kralingse Zoom,511442,,0,,1638981,0,1
152911,3346,378783207,RET:M006:511444,Kralingse Zoom,511444,,0,,1638981,0,1
152911,3346,378783208,RET:M006:511547,Kralingse Zoom,511547,,0,,1638981,0,1
152911,3346,378783209,RET:M006:511549,Kralingse Zoom,511549,,0,,1638981,0,1
152911,3346,378783210,RET:M006:511551,Kralingse Zoom,511551,,0,,1638981,0,1
152911,3346,378783211,RET:M006:511553,Kralingse Zoom,511553,,0,,1638981,0,1
152911,3346,378783212,RET:M006:511555,Kralingse Zoom,511555,,0,,1638981,0,1
152911,3346,378783213,RET:M006:511557,Kralingse Zoom,511557,,0,,1638981,0,1
152911,3346,378783214,RET:M006:511561,Kralingse Zoom,511561,,0,,1638981,0,1
152911,3346,378783215,RET:M006:511563,Kralingse Zoom,511563,,0,,1638981,0,1
152911,3346,378783216,RET:M006:511565,Kralingse Zoom,511565,,0,,1638981,0,1
152911,3346,378783217,RET:M006:511567,Kralingse Zoom,511567,,0,,1638981,0,1
152911,3346,378783218,RET:M006:511569,Kralingse Zoom,511569,,0,,1638981,0,1
152911,3346,378783219,RET:M006:511571,Kralingse Zoom,511571,,0,,1638981,0,1
152911,3346,378783220,RET:M006:511573,Kralingse Zoom,511573,,0,,1638981,0,1
152911,3346,378783221,RET:M006:511579,Kralingse Zoom,511579,,0,,1638981,0,1
152911,3346,378783222,RET:M006:511581,Kralingse Zoom,511581,,0,,1638981,0,1
152911,3346,378783223,RET:M006:511583,Kralingse Zoom,511583,,0,,1638981,0,1
152911,3346,378783224,RET:M006:511585,Kralingse Zoom,511585,,0,,1638981,0,1
152911,3346,378783225,RET:M006:511587,Kralingse Zoom,511587,,0,,1638981,0,1
152911,3346,378783226,RET:M006:511368,Schiedam Centrum,511368,,0,,1639216,0,1
152911,3346,378783227,RET:M006:511372,Schiedam Centrum,511372,,0,,1639216,0,1
152911,3346,378783228,RET:M006:511376,Schiedam Centrum,511376,,0,,1639216,0,1
152911,3346,378783229,RET:M006:511380,Schiedam Centrum,511380,,0,,1639216,0,1
152911,3346,378783230,RET:M006:511384,Schiedam Centrum,511384,,0,,1639216,0,1
152911,3346,378783231,RET:M006:511388,Schiedam Centrum,511388,,0,,1639216,0,1
152911,3346,378783232,RET:M006:511392,Schiedam Centrum,511392,,0,,1639216,0,1
152911,3346,378783233,RET:M006:511396,Schiedam Centrum,511396,,0,,1639216,0,1
152911,3346,378783234,RET:M006:511407,Schiedam Centrum,511407,,0,,1639216,0,1
152911,3346,378783235,RET:M006:511411,Schiedam Centrum,511411,,0,,1639216,0,1
152911,3346,378783236,RET:M006:511415,Schiedam Centrum,511415,,0,,1639216,0,1
152911,3346,378783237,RET:M006:511419,Schiedam Centrum,511419,,0,,1639216,0,1
152911,3346,378783238,RET:M006:511423,Schiedam Centrum,511423,,0,,1639216,0,1
152911,3346,378783239,RET:M006:511427,Schiedam Centrum,511427,,0,,1639216,0,1
152911,3346,378783240,RET:M006:511431,Schiedam Centrum,511431,,0,,1639216,0,1
152911,3346,378783241,RET:M006:511435,Schiedam Centrum,511435,,0,,1639216,0,1
152911,3346,378783242,RET:M006:511446,Schiedam Centrum,511446,,0,,1639216,0,1
152911,3346,378783243,RET:M006:511450,Schiedam Centrum,511450,,0,,1639216,0,1
152911,3346,378783244,RET:M006:511454,Schiedam Centrum,511454,,0,,1639216,0,1
152911,3346,378783245,RET:M006:511458,Schiedam Centrum,511458,,0,,1639216,0,1
152911,3346,378783246,RET:M006:511462,Schiedam Centrum,511462,,0,,1639216,0,1
152911,3346,378783247,RET:M006:511466,Schiedam Centrum,511466,,0,,1639216,0,1
152911,3346,378783248,RET:M006:511470,Schiedam Centrum,511470,,0,,1639216,0,1
152911,3346,378783249,RET:M006:511474,Schiedam Centrum,511474,,0,,1639216,0,1
152911,3346,378783250,RET:M006:511482,Schiedam Centrum,511482,,0,,1639216,0,1
152911,3346,378783251,RET:M006:511486,Schiedam Centrum,511486,,0,,1639216,0,1
152911,3346,378783252,RET:M006:511490,Schiedam Centrum,511490,,0,,1639216,0,1
152911,3346,378783253,RET:M006:511494,Schiedam Centrum,511494,,0,,1639216,0,1
152911,3346,378783254,RET:M006:511498,Schiedam Centrum,511498,,0,,1639216,0,1
152911,3346,378783255,RET:M006:511502,Schiedam Centrum,511502,,0,,1639216,0,1
152911,3346,378783256,RET:M006:511506,Schiedam Centrum,511506,,0,,1639216,0,1
152911,3346,378783257,RET:M006:511516,Schiedam Centrum,511516,,0,,1639216,0,1
152911,3346,378783258,RET:M006:511520,Schiedam Centrum,511520,,0,,1639216,0,1
152911,3346,378783259,RET:M006:511524,Schiedam Centrum,511524,,0,,1639216,0,1
152911,3346,378783260,RET:M006:511528,Schiedam Centrum,511528,,0,,1639216,0,1
152911,3346,378783261,RET:M006:511532,Schiedam Centrum,511532,,0,,1639216,0,1
152911,3346,378783262,RET:M006:511536,Schiedam Centrum,511536,,0,,1639216,0,1
152911,3346,378783263,RET:M006:511540,Schiedam Centrum,511540,,0,,1639216,0,1
152911,3346,378783264,RET:M006:511371,Binnenhof,511371,,1,,1638918,0,1
152911,3346,378783265,RET:M006:511375,Binnenhof,511375,,1,,1638918,0,1
152911,3346,378783266,RET:M006:511379,Binnenhof,511379,,1,,1638918,0,1
152911,3346,378783267,RET:M006:511383,Binnenhof,511383,,1,,1638918,0,1
152911,3346,378783268,RET:M006:511387,Binnenhof,511387,,1,,1638918,0,1
152911,3346,378783269,RET:M006:511391,Binnenhof,511391,,1,,1638918,0,1
152911,3346,378783270,RET:M006:511395,Binnenhof,511395,,1,,1638918,0,1
152911,3346,378783271,RET:M006:511399,Binnenhof,511399,,1,,1638918,0,1
152911,3346,378783272,RET:M006:511410,Binnenhof,511410,,1,,1638918,0,1
152911,3346,378783273,RET:M006:511414,Binnenhof,511414,,1,,1638918,0,1
152911,3346,378783274,RET:M006:511418,Binnenhof,511418,,1,,1638918,0,1
152911,3346,378783275,RET:M006:511422,Binnenhof,511422,,1,,1638918,0,1
152911,3346,378783276,RET:M006:511426,Binnenhof,511426,,1,,1638918,0,1
152911,3346,378783277,RET:M006:511430,Binnenhof,511430,,1,,1638918,0,1
152911,3346,378783278,RET:M006:511434,Binnenhof,511434,,1,,1638918,0,1
152911,3346,378783279,RET:M006:511438,Binnenhof,511438,,1,,1638918,0,1
152911,3346,378783280,RET:M006:511449,Binnenhof,511449,,1,,1638918,0,1
152911,3346,378783281,RET:M006:511453,Binnenhof,511453,,1,,1638918,0,1
152911,3346,378783282,RET:M006:511457,Binnenhof,511457,,1,,1638918,0,1
152911,3346,378783283,RET:M006:511461,Binnenhof,511461,,1,,1638918,0,1
152911,3346,378783284,RET:M006:511465,Binnenhof,511465,,1,,1638918,0,1
152911,3346,378783285,RET:M006:511469,Binnenhof,511469,,1,,1638918,0,1
152911,3346,378783286,RET:M006:511473,Binnenhof,511473,,1,,1638918,0,1
152911,3346,378783287,RET:M006:511485,Binnenhof,511485,,1,,1638918,0,1
152911,3346,378783288,RET:M006:511489,Binnenhof,511489,,1,,1638918,0,1
152911,3346,378783289,RET:M006:511493,Binnenhof,511493,,1,,1638918,0,1
152911,3346,378783290,RET:M006:511497,Binnenhof,511497,,1,,1638918,0,1
152911,3346,378783291,RET:M006:511501,Binnenhof,511501,,1,,1638918,0,1
152911,3346,378783292,RET:M006:511505,Binnenhof,511505,,1,,1638918,0,1
152911,3346,378783293,RET:M006:511509,Binnenhof,511509,,1,,1638918,0,1
152911,3346,378783294,RET:M006:511519,Binnenhof,511519,,1,,1638918,0,1
152911,3346,378783295,RET:M006:511523,Binnenhof,511523,,1,,1638918,0,1
152911,3346,378783296,RET:M006:511527,Binnenhof,511527,,1,,1638918,0,1
152911,3346,378783297,RET:M006:511531,Binnenhof,511531,,1,,1638918,0,1
152911,3346,378783298,RET:M006:511535,Binnenhof,511535,,1,,1638918,0,1
152911,3346,378783299,RET:M006:511539,Binnenhof,511539,,1,,1638918,0,1
152911,3346,378783300,RET:M006:511477,Capelsebrug,511477,,1,,1638930,0,1
152911,3346,378783301,RET:M006:511511,Capelsebrug,511511,,0,,1638798,0,1
152911,3346,378783302,RET:M006:511543,Binnenhof,511543,,1,,1638687,0,1
152911,3346,378783303,RET:M006:511545,Kralingse Zoom,511545,,0,,1638680,0,1
152911,3346,378783304,RET:M006:511577,Kralingse Zoom,511577,,0,,1638680,0,1
152911,3346,378783305,RET:M006:511559,Alexander,511559,,0,,,0,1
152911,3346,378783306,RET:M006:511575,Alexander,511575,,0,,,0,1
152911,3346,378783307,RET:M006:511589,Alexander,511589,,0,,,0,1
152911,2988,378783938,RET:M006:514212,Binnenhof,514212,,1,,1638959,0,1
152911,2988,378783939,RET:M006:514253,Binnenhof,514253,,1,,1638959,0,1
152911,2988,378783940,RET:M006:514292,Binnenhof,514292,,1,,1638959,0,1
152911,2988,378783941,RET:M006:514438,Binnenhof,514438,,1,,1638959,0,1
152911,2988,378783942,RET:M006:514470,Binnenhof,514470,,1,,1638959,0,1
152911,2988,378783943,RET:M006:514213,Kralingse Zoom,514213,,0,,1638981,0,1
152911,2988,378783944,RET:M006:514215,Kralingse Zoom,514215,,0,,1638981,0,1
152911,2988,378783945,RET:M006:514217,Kralingse Zoom,514217,,0,,1638981,0,1
152911,2988,378783946,RET:M006:514219,Kralingse Zoom,514219,,0,,1638981,0,1
152911,2988,378783947,RET:M006:514249,Kralingse Zoom,514249,,0,,1638981,0,1
152911,2988,378783948,RET:M006:514254,Kralingse Zoom,514254,,0,,1638981,0,1
152911,2988,378783949,RET:M006:514256,Kralingse Zoom,514256,,0,,1638981,0,1
152911,2988,378783950,RET:M006:514258,Kralingse Zoom,514258,,0,,1638981,0,1
152911,2988,378783951,RET:M006:514260,Kralingse Zoom,514260,,0,,1638981,0,1
152911,2988,378783952,RET:M006:514293,Kralingse Zoom,514293,,0,,1638981,0,1
152911,2988,378783953,RET:M006:514295,Kralingse Zoom,514295,,0,,1638981,0,1
152911,2988,378783954,RET:M006:514297,Kralingse Zoom,514297,,0,,1638981,0,1
152911,2988,378783955,RET:M006:514424,Kralingse Zoom,514424,,0,,1638981,0,1
152911,2988,378783956,RET:M006:514426,Kralingse Zoom,514426,,0,,1638981,0,1
152911,2988,378783957,RET:M006:514428,Kralingse Zoom,514428,,0,,1638981,0,1
152911,2988,378783958,RET:M006:514430,Kralingse Zoom,514430,,0,,1638981,0,1
152911,2988,378783959,RET:M006:514432,Kralingse Zoom,514432,,0,,1638981,0,1
152911,2988,378783960,RET:M006:514496,Kralingse Zoom,514496,,0,,1638981,0,1
152911,2988,378783961,RET:M006:514498,Kralingse Zoom,514498,,0,,1638981,0,1
152911,2988,378783962,RET:M006:514500,Kralingse Zoom,514500,,0,,1638981,0,1
152911,2988,378783963,RET:M006:514502,Kralingse Zoom,514502,,0,,1638981,0,1
152911,2988,378783964,RET:M006:514504,Kralingse Zoom,514504,,0,,1638981,0,1
152911,2988,378783965,RET:M006:514506,Kralingse Zoom,514506,,0,,1638981,0,1
152911,2988,378783966,RET:M006:514508,Kralingse Zoom,514508,,0,,1638981,0,1
152911,2988,378783967,RET:M006:514510,Kralingse Zoom,514510,,0,,1638981,0,1
152911,2988,378783968,RET:M006:514514,Kralingse Zoom,514514,,0,,1638981,0,1
152911,2988,378783969,RET:M006:514516,Kralingse Zoom,514516,,0,,1638981,0,1
152911,2988,378783970,RET:M006:514518,Kralingse Zoom,514518,,0,,1638981,0,1
152911,2988,378783971,RET:M006:514520,Kralingse Zoom,514520,,0,,1638981,0,1
152911,2988,378783972,RET:M006:514522,Kralingse Zoom,514522,,0,,1638981,0,1
152911,2988,378783973,RET:M006:514524,Kralingse Zoom,514524,,0,,1638981,0,1
152911,2988,378783974,RET:M006:514214,Binnenhof,514214,,1,,1638744,0,1
152911,2988,378783975,RET:M006:514216,Binnenhof,514216,,1,,1638744,0,1
152911,2988,378783976,RET:M006:514218,Binnenhof,514218,,1,,1638744,0,1
152911,2988,378783977,RET:M006:514220,Binnenhof,514220,,1,,1638744,0,1
152911,2988,378783978,RET:M006:514250,Binnenhof,514250,,1,,1638744,0,1
152911,2988,378783979,RET:M006:514255,Binnenhof,514255,,1,,1638744,0,1
152911,2988,378783980,RET:M006:514257,Binnenhof,514257,,1,,1638744,0,1
152911,2988,378783981,RET:M006:514259,Binnenhof,514259,,1,,1638744,0,1
152911,2988,378783982,RET:M006:514261,Binnenhof,514261,,1,,1638744,0,1
152911,2988,378783983,RET:M006:514294,Binnenhof,514294,,1,,1638744,0,1
152911,2988,378783984,RET:M006:514296,Binnenhof,514296,,1,,1638744,0,1
152911,2988,378783985,RET:M006:514298,Binnenhof,514298,,1,,1638744,0,1
152911,2988,378783986,RET:M006:514329,Binnenhof,514329,,1,,1638744,0,1
152911,2988,378783987,RET:M006:514361,Binnenhof,514361,,1,,1638744,0,1
152911,2988,378783988,RET:M006:514423,Binnenhof,514423,,1,,1638744,0,1
152911,2988,378783989,RET:M006:514425,Binnenhof,514425,,1,,1638744,0,1
152911,2988,378783990,RET:M006:514427,Binnenhof,514427,,1,,1638744,0,1
152911,2988,378783991,RET:M006:514429,Binnenhof,514429,,1,,1638744,0,1
152911,2988,378783992,RET:M006:514431,Binnenhof,514431,,1,,1638744,0,1
152911,2988,378783993,RET:M006:514433,Binnenhof,514433,,1,,1638744,0,1
152911,2988,378783994,RET:M006:514497,Binnenhof,514497,,1,,1638744,0,1
152911,2988,378783995,RET:M006:514499,Binnenhof,514499,,1,,1638744,0,1
152911,2988,378783996,RET:M006:514501,Binnenhof,514501,,1,,1638744,0,1
152911,2988,378783997,RET:M006:514503,Binnenhof,514503,,1,,1638744,0,1
152911,2988,378783998,RET:M006:514505,Binnenhof,514505,,1,,1638744,0,1
152911,2988,378783999,RET:M006:514507,Binnenhof,514507,,1,,1638744,0,1
152911,2988,378784000,RET:M006:514509,Binnenhof,514509,,1,,1638744,0,1
152911,2988,378784001,RET:M006:514515,Binnenhof,514515,,1,,1638744,0,1
152911,2988,378784002,RET:M006:514517,Binnenhof,514517,,1,,1638744,0,1
152911,2988,378784003,RET:M006:514519,Binnenhof,514519,,1,,1638744,0,1
152911,2988,378784004,RET:M006:514521,Binnenhof,514521,,1,,1638744,0,1
152911,2988,378784005,RET:M006:514523,Binnenhof,514523,,1,,1638744,0,1
152911,2988,378784006,RET:M006:514525,Binnenhof,514525,,1,,1638744,0,1
152911,2988,378784007,RET:M006:514221,Schiedam Centrum,514221,,0,,1639216,0,1
152911,2988,378784008,RET:M006:514225,Schiedam Centrum,514225,,0,,1639216,0,1
152911,2988,378784009,RET:M006:514229,Schiedam Centrum,514229,,0,,1639216,0,1
152911,2988,378784010,RET:M006:514233,Schiedam Centrum,514233,,0,,1639216,0,1
152911,2988,378784011,RET:M006:514237,Schiedam Centrum,514237,,0,,1639216,0,1
152911,2988,378784012,RET:M006:514241,Schiedam Centrum,514241,,0,,1639216,0,1
152911,2988,378784013,RET:M006:514245,Schiedam Centrum,514245,,0,,1639216,0,1
152911,2988,378784014,RET:M006:514262,Schiedam Centrum,514262,,0,,1639216,0,1
152911,2988,378784015,RET:M006:514266,Schiedam Centrum,514266,,0,,1639216,0,1
152911,2988,378784016,RET:M006:514270,Schiedam Centrum,514270,,0,,1639216,0,1
152911,2988,378784017,RET:M006:514274,Schiedam Centrum,514274,,0,,1639216,0,1
152911,2988,378784018,RET:M006:514278,Schiedam Centrum,514278,,0,,1639216,0,1
152911,2988,378784019,RET:M006:514282,Schiedam Centrum,514282,,0,,1639216,0,1
152911,2988,378784020,RET:M006:514286,Schiedam Centrum,514286,,0,,1639216,0,1
152911,2988,378784021,RET:M006:514299,Schiedam Centrum,514299,,0,,1639216,0,1
152911,2988,378784022,RET:M006:514303,Schiedam Centrum,514303,,0,,1639216,0,1
152911,2988,378784023,RET:M006:514307,Schiedam Centrum,514307,,0,,1639216,0,1
152911,2988,378784024,RET:M006:514311,Schiedam Centrum,514311,,0,,1639216,0,1
152911,2988,378784025,RET:M006:514315,Schiedam Centrum,514315,,0,,1639216,0,1
152911,2988,378784026,RET:M006:514319,Schiedam Centrum,514319,,0,,1639216,0,1
152911,2988,378784027,RET:M006:514323,Schiedam Centrum,514323,,0,,1639216,0,1
152911,2988,378784028,RET:M006:514330,Schiedam Centrum,514330,,0,,1639216,0,1
152911,2988,378784029,RET:M006:514334,Schiedam Centrum,514334,,0,,1639216,0,1
152911,2988,378784030,RET:M006:514338,Schiedam Centrum,514338,,0,,1639216,0,1
152911,2988,378784031,RET:M006:514342,Schiedam Centrum,514342,,0,,1639216,0,1
152911,2988,378784032,RET:M006:514346,Schiedam Centrum,514346,,0,,1639216,0,1
152911,2988,378784033,RET:M006:514350,Schiedam Centrum,514350,,0,,1639216,0,1
152911,2988,378784034,RET:M006:514354,Schiedam Centrum,514354,,0,,1639216,0,1
152911,2988,378784035,RET:M006:514362,Schiedam Centrum,514362,,0,,1639216,0,1
152911,2988,378784036,RET:M006:514366,Schiedam Centrum,514366,,0,,1639216,0,1
152911,2988,378784037,RET:M006:514370,Schiedam Centrum,514370,,0,,1639216,0,1
152911,2988,378784038,RET:M006:514374,Schiedam Centrum,514374,,0,,1639216,0,1
152911,2988,378784039,RET:M006:514378,Schiedam Centrum,514378,,0,,1639216,0,1
152911,2988,378784040,RET:M006:514382,Schiedam Centrum,514382,,0,,1639216,0,1
152911,2988,378784041,RET:M006:514386,Schiedam Centrum,514386,,0,,1639216,0,1
152911,2988,378784042,RET:M006:514397,Schiedam Centrum,514397,,0,,1639216,0,1
152911,2988,378784043,RET:M006:514401,Schiedam Centrum,514401,,0,,1639216,0,1
152911,2988,378784044,RET:M006:514405,Schiedam Centrum,514405,,0,,1639216,0,1
152911,2988,378784045,RET:M006:514409,Schiedam Centrum,514409,,0,,1639216,0,1
152911,2988,378784046,RET:M006:514413,Schiedam Centrum,514413,,0,,1639216,0,1
152911,2988,378784047,RET:M006:514417,Schiedam Centrum,514417,,0,,1639216,0,1
152911,2988,378784048,RET:M006:514439,Schiedam Centrum,514439,,0,,1639216,0,1
152911,2988,378784049,RET:M006:514443,Schiedam Centrum,514443,,0,,1639216,0,1
152911,2988,378784050,RET:M006:514447,Schiedam Centrum,514447,,0,,1639216,0,1
152911,2988,378784051,RET:M006:514451,Schiedam Centrum,514451,,0,,1639216,0,1
152911,2988,378784052,RET:M006:514455,Schiedam Centrum,514455,,0,,1639216,0,1
152911,2988,378784053,RET:M006:514459,Schiedam Centrum,514459,,0,,1639216,0,1
152911,2988,378784054,RET:M006:514463,Schiedam Centrum,514463,,0,,1639216,0,1
152911,2988,378784055,RET:M006:514471,Schiedam Centrum,514471,,0,,1639216,0,1
152911,2988,378784056,RET:M006:514475,Schiedam Centrum,514475,,0,,1639216,0,1
152911,2988,378784057,RET:M006:514479,Schiedam Centrum,514479,,0,,1639216,0,1
152911,2988,378784058,RET:M006:514483,Schiedam Centrum,514483,,0,,1639216,0,1
152911,2988,378784059,RET:M006:514487,Schiedam Centrum,514487,,0,,1639216,0,1
152911,2988,378784060,RET:M006:514491,Schiedam Centrum,514491,,0,,1639216,0,1
152911,2988,378784061,RET:M006:514224,Binnenhof,514224,,1,,1638918,0,1
152911,2988,378784062,RET:M006:514228,Binnenhof,514228,,1,,1638918,0,1
152911,2988,378784063,RET:M006:514232,Binnenhof,514232,,1,,1638918,0,1
152911,2988,378784064,RET:M006:514236,Binnenhof,514236,,1,,1638918,0,1
152911,2988,378784065,RET:M006:514240,Binnenhof,514240,,1,,1638918,0,1
152911,2988,378784066,RET:M006:514244,Binnenhof,514244,,1,,1638918,0,1
152911,2988,378784067,RET:M006:514248,Binnenhof,514248,,1,,1638918,0,1
152911,2988,378784068,RET:M006:514265,Binnenhof,514265,,1,,1638918,0,1
152911,2988,378784069,RET:M006:514269,Binnenhof,514269,,1,,1638918,0,1
152911,2988,378784070,RET:M006:514273,Binnenhof,514273,,1,,1638918,0,1
152911,2988,378784071,RET:M006:514277,Binnenhof,514277,,1,,1638918,0,1
152911,2988,378784072,RET:M006:514281,Binnenhof,514281,,1,,1638918,0,1
152911,2988,378784073,RET:M006:514285,Binnenhof,514285,,1,,1638918,0,1
152911,2988,378784074,RET:M006:514302,Binnenhof,514302,,1,,1638918,0,1
152911,2988,378784075,RET:M006:514306,Binnenhof,514306,,1,,1638918,0,1
152911,2988,378784076,RET:M006:514310,Binnenhof,514310,,1,,1638918,0,1
152911,2988,378784077,RET:M006:514314,Binnenhof,514314,,1,,1638918,0,1
152911,2988,378784078,RET:M006:514318,Binnenhof,514318,,1,,1638918,0,1
152911,2988,378784079,RET:M006:514322,Binnenhof,514322,,1,,1638918,0,1
152911,2988,378784080,RET:M006:514333,Binnenhof,514333,,1,,1638918,0,1
152911,2988,378784081,RET:M006:514337,Binnenhof,514337,,1,,1638918,0,1
152911,2988,378784082,RET:M006:514341,Binnenhof,514341,,1,,1638918,0,1
152911,2988,378784083,RET:M006:514345,Binnenhof,514345,,1,,1638918,0,1
152911,2988,378784084,RET:M006:514349,Binnenhof,514349,,1,,1638918,0,1
152911,2988,378784085,RET:M006:514353,Binnenhof,514353,,1,,1638918,0,1
152911,2988,378784086,RET:M006:514365,Binnenhof,514365,,1,,1638918,0,1
152911,2988,378784087,RET:M006:514369,Binnenhof,514369,,1,,1638918,0,1
152911,2988,378784088,RET:M006:514373,Binnenhof,514373,,1,,1638918,0,1
152911,2988,378784089,RET:M006:514377,Binnenhof,514377,,1,,1638918,0,1
152911,2988,378784090,RET:M006:514381,Binnenhof,514381,,1,,1638918,0,1
152911,2988,378784091,RET:M006:514385,Binnenhof,514385,,1,,1638918,0,1
152911,2988,378784092,RET:M006:514396,Binnenhof,514396,,1,,1638918,0,1
152911,2988,378784093,RET:M006:514400,Binnenhof,514400,,1,,1638918,0,1
152911,2988,378784094,RET:M006:514404,Binnenhof,514404,,1,,1638918,0,1
152911,2988,378784095,RET:M006:514408,Binnenhof,514408,,1,,1638918,0,1
152911,2988,378784096,RET:M006:514412,Binnenhof,514412,,1,,1638918,0,1
152911,2988,378784097,RET:M006:514416,Binnenhof,514416,,1,,1638918,0,1
152911,2988,378784098,RET:M006:514442,Binnenhof,514442,,1,,1638918,0,1
152911,2988,378784099,RET:M006:514446,Binnenhof,514446,,1,,1638918,0,1
152911,2988,378784100,RET:M006:514450,Binnenhof,514450,,1,,1638918,0,1
152911,2988,378784101,RET:M006:514454,Binnenhof,514454,,1,,1638918,0,1
152911,2988,378784102,RET:M006:514458,Binnenhof,514458,,1,,1638918,0,1
152911,2988,378784103,RET:M006:514462,Binnenhof,514462,,1,,1638918,0,1
152911,2988,378784104,RET:M006:514474,Binnenhof,514474,,1,,1638918,0,1
152911,2988,378784105,RET:M006:514478,Binnenhof,514478,,1,,1638918,0,1
152911,2988,378784106,RET:M006:514482,Binnenhof,514482,,1,,1638918,0,1
152911,2988,378784107,RET:M006:514486,Binnenhof,514486,,1,,1638918,0,1
152911,2988,378784108,RET:M006:514490,Binnenhof,514490,,1,,1638918,0,1
152911,2988,378784109,RET:M006:514494,Binnenhof,514494,,1,,1638918,0,1
152911,2988,378784110,RET:M006:514595,Binnenhof,514595,,1,,1638918,0,1
152911,2988,378784111,RET:M006:514684,Binnenhof,514684,,1,,1638918,0,1
152911,2988,378784112,RET:M006:514289,Binnenhof,514289,,1,,1638687,0,1
152911,2988,378784113,RET:M006:514326,Binnenhof,514326,,1,,1638687,0,1
152911,2988,378784114,RET:M006:514420,Binnenhof,514420,,1,,1638687,0,1
152911,2988,378784115,RET:M006:514357,Capelsebrug,514357,,1,,1638930,0,1
152911,2988,378784116,RET:M006:514389,Capelsebrug,514389,,1,,1638930,0,1
152911,2988,378784117,RET:M006:514466,Capelsebrug,514466,,1,,1638930,0,1
152911,2988,378784118,RET:M006:514393,Schiedam Centrum,514393,,0,,1639033,0,1
152911,2988,378784119,RET:M006:514422,Kralingse Zoom,514422,,0,,1638680,0,1
152911,2988,378784120,RET:M006:514434,Capelsebrug,514434,,0,,1638798,0,1
152911,2988,378784121,RET:M006:514526,Capelsebrug,514526,,0,,1638798,0,1
152911,2988,378784122,RET:M006:514511,Capelsebrug,514511,,1,,,0,1
152911,2988,378784123,RET:M006:514596,Alexander,514596,,0,,,0,1
152911,2988,378784124,RET:M006:514685,Alexander,514685,,0,,,0,1
152911,3030,378784895,RET:M006:515422,Binnenhof,515422,,1,,1638744,0,1
152911,3030,378784896,RET:M006:515424,Binnenhof,515424,,1,,1638744,0,1
152911,3030,378784897,RET:M006:515426,Binnenhof,515426,,1,,1638744,0,1
152911,3030,378784898,RET:M006:515461,Binnenhof,515461,,1,,1638744,0,1
152911,3030,378784899,RET:M006:515463,Binnenhof,515463,,1,,1638744,0,1
152911,3030,378784900,RET:M006:515465,Binnenhof,515465,,1,,1638744,0,1
152911,3030,378784901,RET:M006:515500,Binnenhof,515500,,1,,1638744,0,1
152911,3030,378784902,RET:M006:515502,Binnenhof,515502,,1,,1638744,0,1
152911,3030,378784903,RET:M006:515504,Binnenhof,515504,,1,,1638744,0,1
152911,3030,378784904,RET:M006:515540,Binnenhof,515540,,1,,1638744,0,1
152911,3030,378784905,RET:M006:515574,Binnenhof,515574,,1,,1638744,0,1
152911,3030,378784906,RET:M006:515605,Binnenhof,515605,,1,,1638744,0,1
152911,3030,378784907,RET:M006:515607,Binnenhof,515607,,1,,1638744,0,1
152911,3030,378784908,RET:M006:515609,Binnenhof,515609,,1,,1638744,0,1
152911,3030,378784909,RET:M006:515611,Binnenhof,515611,,1,,1638744,0,1
152911,3030,378784910,RET:M006:515613,Binnenhof,515613,,1,,1638744,0,1
152911,3030,378784911,RET:M006:515615,Binnenhof,515615,,1,,1638744,0,1
152911,3030,378784912,RET:M006:515617,Binnenhof,515617,,1,,1638744,0,1
152911,3030,378784913,RET:M006:515621,Binnenhof,515621,,1,,1638744,0,1
152911,3030,378784914,RET:M006:515623,Binnenhof,515623,,1,,1638744,0,1
152911,3030,378784915,RET:M006:515625,Binnenhof,515625,,1,,1638744,0,1
152911,3030,378784916,RET:M006:515627,Binnenhof,515627,,1,,1638744,0,1
152911,3030,378784917,RET:M006:515629,Binnenhof,515629,,1,,1638744,0,1
152911,3030,378784918,RET:M006:515631,Binnenhof,515631,,1,,1638744,0,1
152911,3030,378784919,RET:M006:515633,Binnenhof,515633,,1,,1638744,0,1
152911,3030,378784920,RET:M006:515637,Binnenhof,515637,,1,,1638744,0,1
152911,3030,378784921,RET:M006:515639,Binnenhof,515639,,1,,1638744,0,1
152911,3030,378784922,RET:M006:515641,Binnenhof,515641,,1,,1638744,0,1
152911,3030,378784923,RET:M006:515643,Binnenhof,515643,,1,,1638744,0,1
152911,3030,378784924,RET:M006:515645,Binnenhof,515645,,1,,1638744,0,1
152911,3030,378784925,RET:M006:515647,Binnenhof,515647,,1,,1638744,0,1
152911,3030,378784926,RET:M006:515423,Kralingse Zoom,515423,,0,,1638981,0,1
152911,3030,378784927,RET:M006:515425,Kralingse Zoom,515425,,0,,1638981,0,1
152911,3030,378784928,RET:M006:515462,Kralingse Zoom,515462,,0,,1638981,0,1
152911,3030,378784929,RET:M006:515464,Kralingse Zoom,515464,,0,,1638981,0,1
152911,3030,378784930,RET:M006:515501,Kralingse Zoom,515501,,0,,1638981,0,1
152911,3030,378784931,RET:M006:515503,Kralingse Zoom,515503,,0,,1638981,0,1
152911,3030,378784932,RET:M006:515606,Kralingse Zoom,515606,,0,,1638981,0,1
152911,3030,378784933,RET:M006:515608,Kralingse Zoom,515608,,0,,1638981,0,1
152911,3030,378784934,RET:M006:515610,Kralingse Zoom,515610,,0,,1638981,0,1
152911,3030,378784935,RET:M006:515612,Kralingse Zoom,515612,,0,,1638981,0,1
152911,3030,378784936,RET:M006:515614,Kralingse Zoom,515614,,0,,1638981,0,1
152911,3030,378784937,RET:M006:515616,Kralingse Zoom,515616,,0,,1638981,0,1
152911,3030,378784938,RET:M006:515620,Kralingse Zoom,515620,,0,,1638981,0,1
152911,3030,378784939,RET:M006:515622,Kralingse Zoom,515622,,0,,1638981,0,1
152911,3030,378784940,RET:M006:515624,Kralingse Zoom,515624,,0,,1638981,0,1
152911,3030,378784941,RET:M006:515626,Kralingse Zoom,515626,,0,,1638981,0,1
152911,3030,378784942,RET:M006:515628,Kralingse Zoom,515628,,0,,1638981,0,1
152911,3030,378784943,RET:M006:515630,Kralingse Zoom,515630,,0,,1638981,0,1
152911,3030,378784944,RET:M006:515632,Kralingse Zoom,515632,,0,,1638981,0,1
152911,3030,378784945,RET:M006:515638,Kralingse Zoom,515638,,0,,1638981,0,1
152911,3030,378784946,RET:M006:515640,Kralingse Zoom,515640,,0,,1638981,0,1
152911,3030,378784947,RET:M006:515642,Kralingse Zoom,515642,,0,,1638981,0,1
152911,3030,378784948,RET:M006:515644,Kralingse Zoom,515644,,0,,1638981,0,1
152911,3030,378784949,RET:M006:515646,Kralingse Zoom,515646,,0,,1638981,0,1
152911,3030,378784950,RET:M006:515427,Schiedam Centrum,515427,,0,,1639216,0,1
152911,3030,378784951,RET:M006:515431,Schiedam Centrum,515431,,0,,1639216,0,1
152911,3030,378784952,RET:M006:515435,Schiedam Centrum,515435,,0,,1639216,0,1
152911,3030,378784953,RET:M006:515439,Schiedam Centrum,515439,,0,,1639216,0,1
152911,3030,378784954,RET:M006:515443,Schiedam Centrum,515443,,0,,1639216,0,1
152911,3030,378784955,RET:M006:515447,Schiedam Centrum,515447,,0,,1639216,0,1
152911,3030,378784956,RET:M006:515451,Schiedam Centrum,515451,,0,,1639216,0,1
152911,3030,378784957,RET:M006:515455,Schiedam Centrum,515455,,0,,1639216,0,1
152911,3030,378784958,RET:M006:515466,Schiedam Centrum,515466,,0,,1639216,0,1
152911,3030,378784959,RET:M006:515470,Schiedam Centrum,515470,,0,,1639216,0,1
152911,3030,378784960,RET:M006:515474,Schiedam Centrum,515474,,0,,1639216,0,1
152911,3030,378784961,RET:M006:515478,Schiedam Centrum,515478,,0,,1639216,0,1
152911,3030,378784962,RET:M006:515482,Schiedam Centrum,515482,,0,,1639216,0,1
152911,3030,378784963,RET:M006:515486,Schiedam Centrum,515486,,0,,1639216,0,1
152911,3030,378784964,RET:M006:515490,Schiedam Centrum,515490,,0,,1639216,0,1
152911,3030,378784965,RET:M006:515494,Schiedam Centrum,515494,,0,,1639216,0,1
152911,3030,378784966,RET:M006:515505,Schiedam Centrum,515505,,0,,1639216,0,1
152911,3030,378784967,RET:M006:515509,Schiedam Centrum,515509,,0,,1639216,0,1
152911,3030,378784968,RET:M006:515513,Schiedam Centrum,515513,,0,,1639216,0,1
152911,3030,378784969,RET:M006:515517,Schiedam Centrum,515517,,0,,1639216,0,1
152911,3030,378784970,RET:M006:515521,Schiedam Centrum,515521,,0,,1639216,0,1
152911,3030,378784971,RET:M006:515525,Schiedam Centrum,515525,,0,,1639216,0,1
152911,3030,378784972,RET:M006:515529,Schiedam Centrum,515529,,0,,1639216,0,1
152911,3030,378784973,RET:M006:515533,Schiedam Centrum,515533,,0,,1639216,0,1
152911,3030,378784974,RET:M006:515541,Schiedam Centrum,515541,,0,,1639216,0,1
152911,3030,378784975,RET:M006:515545,Schiedam Centrum,515545,,0,,1639216,0,1
152911,3030,378784976,RET:M006:515549,Schiedam Centrum,515549,,0,,1639216,0,1
152911,3030,378784977,RET:M006:515553,Schiedam Centrum,515553,,0,,1639216,0,1
152911,3030,378784978,RET:M006:515557,Schiedam Centrum,515557,,0,,1639216,0,1
152911,3030,378784979,RET:M006:515561,Schiedam Centrum,515561,,0,,1639216,0,1
152911,3030,378784980,RET:M006:515565,Schiedam Centrum,515565,,0,,1639216,0,1
152911,3030,378784981,RET:M006:515575,Schiedam Centrum,515575,,0,,1639216,0,1
152911,3030,378784982,RET:M006:515579,Schiedam Centrum,515579,,0,,1639216,0,1
152911,3030,378784983,RET:M006:515583,Schiedam Centrum,515583,,0,,1639216,0,1
152911,3030,378784984,RET:M006:515587,Schiedam Centrum,515587,,0,,1639216,0,1
152911,3030,378784985,RET:M006:515591,Schiedam Centrum,515591,,0,,1639216,0,1
152911,3030,378784986,RET:M006:515595,Schiedam Centrum,515595,,0,,1639216,0,1
152911,3030,378784987,RET:M006:515599,Schiedam Centrum,515599,,0,,1639216,0,1
152911,3030,378784988,RET:M006:515430,Binnenhof,515430,,1,,1638918,0,1
152911,3030,378784989,RET:M006:515434,Binnenhof,515434,,1,,1638918,0,1
152911,3030,378784990,RET:M006:515438,Binnenhof,515438,,1,,1638918,0,1
152911,3030,378784991,RET:M006:515442,Binnenhof,515442,,1,,1638918,0,1
152911,3030,378784992,RET:M006:515446,Binnenhof,515446,,1,,1638918,0,1
152911,3030,378784993,RET:M006:515450,Binnenhof,515450,,1,,1638918,0,1
152911,3030,378784994,RET:M006:515454,Binnenhof,515454,,1,,1638918,0,1
152911,3030,378784995,RET:M006:515458,Binnenhof,515458,,1,,1638918,0,1
152911,3030,378784996,RET:M006:515469,Binnenhof,515469,,1,,1638918,0,1
152911,3030,378784997,RET:M006:515473,Binnenhof,515473,,1,,1638918,0,1
152911,3030,378784998,RET:M006:515477,Binnenhof,515477,,1,,1638918,0,1
152911,3030,378784999,RET:M006:515481,Binnenhof,515481,,1,,1638918,0,1
152911,3030,378785000,RET:M006:515485,Binnenhof,515485,,1,,1638918,0,1
152911,3030,378785001,RET:M006:515489,Binnenhof,515489,,1,,1638918,0,1
152911,3030,378785002,RET:M006:515493,Binnenhof,515493,,1,,1638918,0,1
152911,3030,378785003,RET:M006:515497,Binnenhof,515497,,1,,1638918,0,1
152911,3030,378785004,RET:M006:515508,Binnenhof,515508,,1,,1638918,0,1
152911,3030,378785005,RET:M006:515512,Binnenhof,515512,,1,,1638918,0,1
152911,3030,378785006,RET:M006:515516,Binnenhof,515516,,1,,1638918,0,1
152911,3030,378785007,RET:M006:515520,Binnenhof,515520,,1,,1638918,0,1
152911,3030,378785008,RET:M006:515524,Binnenhof,515524,,1,,1638918,0,1
152911,3030,378785009,RET:M006:515528,Binnenhof,515528,,1,,1638918,0,1
152911,3030,378785010,RET:M006:515532,Binnenhof,515532,,1,,1638918,0,1
152911,3030,378785011,RET:M006:515544,Binnenhof,515544,,1,,1638918,0,1
152911,3030,378785012,RET:M006:515548,Binnenhof,515548,,1,,1638918,0,1
152911,3030,378785013,RET:M006:515552,Binnenhof,515552,,1,,1638918,0,1
152911,3030,378785014,RET:M006:515556,Binnenhof,515556,,1,,1638918,0,1
152911,3030,378785015,RET:M006:515560,Binnenhof,515560,,1,,1638918,0,1
152911,3030,378785016,RET:M006:515564,Binnenhof,515564,,1,,1638918,0,1
152911,3030,378785017,RET:M006:515568,Binnenhof,515568,,1,,1638918,0,1
152911,3030,378785018,RET:M006:515578,Binnenhof,515578,,1,,1638918,0,1
152911,3030,378785019,RET:M006:515582,Binnenhof,515582,,1,,1638918,0,1
152911,3030,378785020,RET:M006:515586,Binnenhof,515586,,1,,1638918,0,1
152911,3030,378785021,RET:M006:515590,Binnenhof,515590,,1,,1638918,0,1
152911,3030,378785022,RET:M006:515594,Binnenhof,515594,,1,,1638918,0,1
152911,3030,378785023,RET:M006:515598,Binnenhof,515598,,1,,1638918,0,1
152911,3030,378785024,RET:M006:515536,Capelsebrug,515536,,1,,1638930,0,1
152911,3030,378785025,RET:M006:515570,Capelsebrug,515570,,0,,1638798,0,1
152911,3030,378785026,RET:M006:515602,Binnenhof,515602,,1,,1638687,0,1
152911,3030,378785027,RET:M006:515604,Kralingse Zoom,515604,,0,,1638680,0,1
152911,3030,378785028,RET:M006:515636,Kralingse Zoom,515636,,0,,1638680,0,1
152911,3030,378785029,RET:M006:515618,Alexander,515618,,0,,,0,1
152911,3030,378785030,RET:M006:515634,Alexander,515634,,0,,,0,1
152911,3030,378785031,RET:M006:515648,Alexander,515648,,0,,,0,1
152912,2315,378752054,RET:M007:522319,Nesselande,522319,,1,,1639111,0,
152912,2315,378752055,RET:M007:522321,Nesselande,522321,,1,,1639111,0,
152912,2315,378752056,RET:M007:522323,Nesselande,522323,,1,,1639111,0,1
152912,2315,378752057,RET:M007:522325,Nesselande,522325,,1,,1639111,0,1
152912,2315,378752058,RET:M007:522327,Nesselande,522327,,1,,1639111,0,1
152912,2315,378752059,RET:M007:522329,Nesselande,522329,,1,,1639111,0,
152912,2315,378752060,RET:M007:522331,Nesselande,522331,,1,,1639111,0,
152912,2315,378752061,RET:M007:522347,Nesselande,522347,,1,,1639111,0,
152912,2315,378752062,RET:M007:522349,Nesselande,522349,,1,,1639111,0,1
152912,2315,378752063,RET:M007:522351,Nesselande,522351,,1,,1639111,0,1
152912,2315,378752064,RET:M007:522353,Nesselande,522353,,1,,1639111,0,1
152912,2315,378752065,RET:M007:522355,Nesselande,522355,,1,,1639111,0,
152912,2315,378752066,RET:M007:522357,Nesselande,522357,,1,,1639111,0,
152912,2315,378752067,RET:M007:522363,Nesselande,522363,,1,,1639111,0,
152912,2315,378752068,RET:M007:522365,Nesselande,522365,,1,,1639111,0,
152912,2315,378752069,RET:M007:522367,Nesselande,522367,,1,,1639111,0,1
152912,2315,378752070,RET:M007:522369,Nesselande,522369,,1,,1639111,0,1
152912,2315,378752071,RET:M007:522371,Nesselande,522371,,1,,1639111,0,1
152912,2315,378752072,RET:M007:522373,Nesselande,522373,,1,,1639111,0,
152912,2315,378752073,RET:M007:522375,Nesselande,522375,,1,,1639111,0,
152912,2315,378752074,RET:M007:522411,Nesselande,522411,,1,,1639111,0,1
152912,2315,378752075,RET:M007:522420,Nesselande,522420,,1,,1639111,0,
152912,2315,378752076,RET:M007:522422,Nesselande,522422,,1,,1639111,0,1
152912,2315,378752077,RET:M007:522424,Nesselande,522424,,1,,1639111,0,1
152912,2315,378752078,RET:M007:522426,Nesselande,522426,,1,,1639111,0,1
152912,2315,378752079,RET:M007:522428,Nesselande,522428,,1,,1639111,0,
152912,2315,378752080,RET:M007:522430,Nesselande,522430,,1,,1639111,0,1
152912,2315,378752081,RET:M007:522435,Nesselande,522435,,1,,1639111,0,1
152912,2315,378752082,RET:M007:522455,Nesselande,522455,,1,,1639111,0,
152912,2315,378752083,RET:M007:522470,Nesselande,522470,,1,,1639111,0,1
152912,2315,378752084,RET:M007:522476,Nesselande,522476,,1,,1639111,0,
152912,2315,378752085,RET:M007:522478,Nesselande,522478,,1,,1639111,0,1
152912,2315,378752086,RET:M007:522480,Nesselande,522480,,1,,1639111,0,1
152912,2315,378752087,RET:M007:522482,Nesselande,522482,,1,,1639111,0,1
152912,2315,378752088,RET:M007:522484,Nesselande,522484,,1,,1639111,0,
152912,2315,378752089,RET:M007:522486,Nesselande,522486,,1,,1639111,0,
152912,2315,378752090,RET:M007:522544,Nesselande,522544,,1,,1639111,0,
152912,2315,378752091,RET:M007:522546,Nesselande,522546,,1,,1639111,0,1
152912,2315,378752092,RET:M007:522548,Nesselande,522548,,1,,1639111,0,1
152912,2315,378752093,RET:M007:522550,Nesselande,522550,,1,,1639111,0,1
152912,2315,378752094,RET:M007:522552,Nesselande,522552,,1,,1639111,0,
152912,2315,378752095,RET:M007:522320,Steendijkpolder,522320,,0,,1638885,0,
152912,2315,378752096,RET:M007:522322,Steendijkpolder,522322,,0,,1638885,0,
152912,2315,378752097,RET:M007:522324,Steendijkpolder,522324,,0,,1638885,0,1
152912,2315,378752098,RET:M007:522326,Steendijkpolder,522326,,0,,1638885,0,1
152912,2315,378752099,RET:M007:522328,Steendijkpolder,522328,,0,,1638885,0,1
152912,2315,378752100,RET:M007:522330,Steendijkpolder,522330,,0,,1638885,0,
152912,2315,378752101,RET:M007:522346,Steendijkpolder,522346,,0,,1638885,0,
152912,2315,378752102,RET:M007:522348,Steendijkpolder,522348,,0,,1638885,0,
152912,2315,378752103,RET:M007:522350,Steendijkpolder,522350,,0,,1638885,0,1
152912,2315,378752104,RET:M007:522352,Steendijkpolder,522352,,0,,1638885,0,1
152912,2315,378752105,RET:M007:522354,Steendijkpolder,522354,,0,,1638885,0,1
152912,2315,378752106,RET:M007:522356,Steendijkpolder,522356,,0,,1638885,0,
152912,2315,378752107,RET:M007:522364,Steendijkpolder,522364,,0,,1638885,0,
152912,2315,378752108,RET:M007:522366,Steendijkpolder,522366,,0,,1638885,0,1
152912,2315,378752109,RET:M007:522368,Steendijkpolder,522368,,0,,1638885,0,1
152912,2315,378752110,RET:M007:522370,Steendijkpolder,522370,,0,,1638885,0,1
152912,2315,378752111,RET:M007:522372,Steendijkpolder,522372,,0,,1638885,0,
152912,2315,378752112,RET:M007:522374,Steendijkpolder,522374,,0,,1638885,0,
152912,2315,378752113,RET:M007:522410,Steendijkpolder,522410,,0,,1638885,0,1
152912,2315,378752114,RET:M007:522419,Steendijkpolder,522419,,0,,1638885,0,
152912,2315,378752115,RET:M007:522421,Steendijkpolder,522421,,0,,1638885,0,1
152912,2315,378752116,RET:M007:522423,Steendijkpolder,522423,,0,,1638885,0,1
152912,2315,378752117,RET:M007:522425,Steendijkpolder,522425,,0,,1638885,0,1
152912,2315,378752118,RET:M007:522427,Steendijkpolder,522427,,0,,1638885,0,
152912,2315,378752119,RET:M007:522429,Steendijkpolder,522429,,0,,1638885,0,
152912,2315,378752120,RET:M007:522434,Steendijkpolder,522434,,0,,1638885,0,1
152912,2315,378752121,RET:M007:522469,Steendijkpolder,522469,,0,,1638885,0,1
152912,2315,378752122,RET:M007:522475,Steendijkpolder,522475,,0,,1638885,0,
152912,2315,378752123,RET:M007:522477,Steendijkpolder,522477,,0,,1638885,0,
152912,2315,378752124,RET:M007:522479,Steendijkpolder,522479,,0,,1638885,0,1
152912,2315,378752125,RET:M007:522481,Steendijkpolder,522481,,0,,1638885,0,1
152912,2315,378752126,RET:M007:522483,Steendijkpolder,522483,,0,,1638885,0,1
152912,2315,378752127,RET:M007:522485,Steendijkpolder,522485,,0,,1638885,0,
152912,2315,378752128,RET:M007:522487,Steendijkpolder,522487,,0,,1638885,0,
152912,2315,378752129,RET:M007:522521,Steendijkpolder,522521,,0,,1638885,0,1
152912,2315,378752130,RET:M007:522543,Steendijkpolder,522543,,0,,1638885,0,
152912,2315,378752131,RET:M007:522545,Steendijkpolder,522545,,0,,1638885,0,1
152912,2315,378752132,RET:M007:522547,Steendijkpolder,522547,,0,,1638885,0,1
152912,2315,378752133,RET:M007:522549,Steendijkpolder,522549,,0,,1638885,0,1
152912,2315,378752134,RET:M007:522551,Steendijkpolder,522551,,0,,1638885,0,
152912,2315,378752135,RET:M007:522553,Steendijkpolder,522553,,0,,1638885,0,
152912,2315,378752136,RET:M007:522332,Hoek v Holland Strand,522332,,0,,1639197,0,
152912,2315,378752137,RET:M007:522335,Hoek v Holland Strand,522335,,0,,1639197,0,1
152912,2315,378752138,RET:M007:522358,Hoek v Holland Strand,522358,,0,,1639197,0,1
152912,2315,378752139,RET:M007:522376,Hoek v Holland Strand,522376,,0,,1639197,0,1
152912,2315,378752140,RET:M007:522381,Hoek v Holland Strand,522381,,0,,1639197,0,
152912,2315,378752141,RET:M007:522383,Hoek v Holland Strand,522383,,0,,1639197,0,
152912,2315,378752142,RET:M007:522385,Hoek v Holland Strand,522385,,0,,1639197,0,1
152912,2315,378752143,RET:M007:522387,Hoek v Holland Strand,522387,,0,,1639197,0,1
152912,2315,378752144,RET:M007:522389,Hoek v Holland Strand,522389,,0,,1639197,0,
152912,2315,378752145,RET:M007:522391,Hoek v Holland Strand,522391,,0,,1639197,0,
152912,2315,378752146,RET:M007:522397,Hoek v Holland Strand,522397,,0,,1639197,0,
152912,2315,378752147,RET:M007:522399,Hoek v Holland Strand,522399,,0,,1639197,0,1
152912,2315,378752148,RET:M007:522401,Hoek v Holland Strand,522401,,0,,1639197,0,1
152912,2315,378752149,RET:M007:522403,Hoek v Holland Strand,522403,,0,,1639197,0,1
152912,2315,378752150,RET:M007:522405,Hoek v Holland Strand,522405,,0,,1639197,0,
152912,2315,378752151,RET:M007:522407,Hoek v Holland Strand,522407,,0,,1639197,0,1
152912,2315,378752152,RET:M007:522412,Hoek v Holland Strand,522412,,0,,1639197,0,1
152912,2315,378752153,RET:M007:522432,Hoek v Holland Strand,522432,,0,,1639197,0,1
152912,2315,378752154,RET:M007:522440,Hoek v Holland Strand,522440,,0,,1639197,0,
152912,2315,378752155,RET:M007:522442,Hoek v Holland Strand,522442,,0,,1639197,0,
152912,2315,378752156,RET:M007:522444,Hoek v Holland Strand,522444,,0,,1639197,0,1
152912,2315,378752157,RET:M007:522446,Hoek v Holland Strand,522446,,0,,1639197,0,1
152912,2315,378752158,RET:M007:522448,Hoek v Holland Strand,522448,,0,,1639197,0,
152912,2315,378752159,RET:M007:522450,Hoek v Holland Strand,522450,,0,,1639197,0,
152912,2315,378752160,RET:M007:522456,Hoek v Holland Strand,522456,,0,,1639197,0,
152912,2315,378752161,RET:M007:522458,Hoek v Holland Strand,522458,,0,,1639197,0,1
152912,2315,378752162,RET:M007:522460,Hoek v Holland Strand,522460,,0,,1639197,0,1
152912,2315,378752163,RET:M007:522462,Hoek v Holland Strand,522462,,0,,1639197,0,1
152912,2315,378752164,RET:M007:522464,Hoek v Holland Strand,522464,,0,,1639197,0,
152912,2315,378752165,RET:M007:522467,Hoek v Holland Strand,522467,,0,,1639197,0,1
152912,2315,378752166,RET:M007:522492,Hoek v Holland Strand,522492,,0,,1639197,0,
152912,2315,378752167,RET:M007:522494,Hoek v Holland Strand,522494,,0,,1639197,0,
152912,2315,378752168,RET:M007:522496,Hoek v Holland Strand,522496,,0,,1639197,0,1
152912,2315,378752169,RET:M007:522498,Hoek v Holland Strand,522498,,0,,1639197,0,1
152912,2315,378752170,RET:M007:522500,Hoek v Holland Strand,522500,,0,,1639197,0,
152912,2315,378752171,RET:M007:522502,Hoek v Holland Strand,522502,,0,,1639197,0,
152912,2315,378752172,RET:M007:522508,Hoek v Holland Strand,522508,,0,,1639197,0,
152912,2315,378752173,RET:M007:522510,Hoek v Holland Strand,522510,,0,,1639197,0,1
152912,2315,378752174,RET:M007:522512,Hoek v Holland Strand,522512,,0,,1639197,0,1
152912,2315,378752175,RET:M007:522514,Hoek v Holland Strand,522514,,0,,1639197,0,
152912,2315,378752176,RET:M007:522516,Hoek v Holland Strand,522516,,0,,1639197,0,
152912,2315,378752177,RET:M007:522519,Hoek v Holland Strand,522519,,0,,1639197,0,1
152912,2315,378752178,RET:M007:522527,Hoek v Holland Strand,522527,,0,,1639197,0,
152912,2315,378752179,RET:M007:522529,Hoek v Holland Strand,522529,,0,,1639197,0,1
152912,2315,378752180,RET:M007:522531,Hoek v Holland Strand,522531,,0,,1639197,0,1
152912,2315,378752181,RET:M007:522533,Hoek v Holland Strand,522533,,0,,1639197,0,1
152912,2315,378752182,RET:M007:522535,Hoek v Holland Strand,522535,,0,,1639197,0,
152912,2315,378752183,RET:M007:522556,Hoek v Holland Strand,522556,,0,,1639197,0,1
152912,2315,378752184,RET:M007:522558,Hoek v Holland Strand,522558,,0,,1639197,0,1
152912,2315,378752185,RET:M007:522562,Hoek v Holland Strand,522562,,0,,1639197,0,1
152912,2315,378752186,RET:M007:522564,Hoek v Holland Strand,522564,,0,,1639197,0,1
152912,2315,378752187,RET:M007:522568,Hoek v Holland Strand,522568,,0,,1639197,0,1
152912,2315,378752188,RET:M007:522570,Hoek v Holland Strand,522570,,0,,1639197,0,1
152912,2315,378752189,RET:M007:522574,Hoek v Holland Strand,522574,,0,,1639197,0,1
152912,2315,378752190,RET:M007:522582,Hoek v Holland Strand,522582,,0,,1639197,0,1
152912,2315,378752191,RET:M007:522333,Nesselande,522333,,1,,1639171,0,1
152912,2315,378752192,RET:M007:522336,Nesselande,522336,,1,,1639171,0,1
152912,2315,378752193,RET:M007:522382,Nesselande,522382,,1,,1639171,0,
152912,2315,378752194,RET:M007:522384,Nesselande,522384,,1,,1639171,0,1
152912,2315,378752195,RET:M007:522386,Nesselande,522386,,1,,1639171,0,1
152912,2315,378752196,RET:M007:522388,Nesselande,522388,,1,,1639171,0,1
152912,2315,378752197,RET:M007:522390,Nesselande,522390,,1,,1639171,0,
152912,2315,378752198,RET:M007:522398,Nesselande,522398,,1,,1639171,0,
152912,2315,378752199,RET:M007:522400,Nesselande,522400,,1,,1639171,0,1
152912,2315,378752200,RET:M007:522402,Nesselande,522402,,1,,1639171,0,1
152912,2315,378752201,RET:M007:522404,Nesselande,522404,,1,,1639171,0,
152912,2315,378752202,RET:M007:522406,Nesselande,522406,,1,,1639171,0,
152912,2315,378752203,RET:M007:522408,Nesselande,522408,,1,,1639171,0,1
152912,2315,378752204,RET:M007:522418,Nesselande,522418,,1,,1639171,0,
152912,2315,378752205,RET:M007:522433,Nesselande,522433,,1,,1639171,0,1
152912,2315,378752206,RET:M007:522441,Nesselande,522441,,1,,1639171,0,
152912,2315,378752207,RET:M007:522443,Nesselande,522443,,1,,1639171,0,1
152912,2315,378752208,RET:M007:522445,Nesselande,522445,,1,,1639171,0,1
152912,2315,378752209,RET:M007:522447,Nesselande,522447,,1,,1639171,0,1
152912,2315,378752210,RET:M007:522449,Nesselande,522449,,1,,1639171,0,
152912,2315,378752211,RET:M007:522457,Nesselande,522457,,1,,1639171,0,
152912,2315,378752212,RET:M007:522459,Nesselande,522459,,1,,1639171,0,1
152912,2315,378752213,RET:M007:522461,Nesselande,522461,,1,,1639171,0,1
152912,2315,378752214,RET:M007:522463,Nesselande,522463,,1,,1639171,0,
152912,2315,378752215,RET:M007:522465,Nesselande,522465,,1,,1639171,0,
152912,2315,378752216,RET:M007:522468,Nesselande,522468,,1,,1639171,0,1
152912,2315,378752217,RET:M007:522493,Nesselande,522493,,1,,1639171,0,
152912,2315,378752218,RET:M007:522495,Nesselande,522495,,1,,1639171,0,1
152912,2315,378752219,RET:M007:522497,Nesselande,522497,,1,,1639171,0,1
152912,2315,378752220,RET:M007:522499,Nesselande,522499,,1,,1639171,0,1
152912,2315,378752221,RET:M007:522501,Nesselande,522501,,1,,1639171,0,
152912,2315,378752222,RET:M007:522507,Nesselande,522507,,1,,1639171,0,
152912,2315,378752223,RET:M007:522509,Nesselande,522509,,1,,1639171,0,1
152912,2315,378752224,RET:M007:522511,Nesselande,522511,,1,,1639171,0,1
152912,2315,378752225,RET:M007:522513,Nesselande,522513,,1,,1639171,0,1
152912,2315,378752226,RET:M007:522515,Nesselande,522515,,1,,1639171,0,
152912,2315,378752227,RET:M007:522517,Nesselande,522517,,1,,1639171,0,1
152912,2315,378752228,RET:M007:522520,Nesselande,522520,,1,,1639171,0,1
152912,2315,378752229,RET:M007:522528,Nesselande,522528,,1,,1639171,0,
152912,2315,378752230,RET:M007:522530,Nesselande,522530,,1,,1639171,0,1
152912,2315,378752231,RET:M007:522532,Nesselande,522532,,1,,1639171,0,1
152912,2315,378752232,RET:M007:522534,Nesselande,522534,,1,,1639171,0,
152912,2315,378752233,RET:M007:522536,Nesselande,522536,,1,,1639171,0,
152912,2315,378752234,RET:M007:522557,Nesselande,522557,,1,,1639171,0,1
152912,2315,378752235,RET:M007:522559,Nesselande,522559,,1,,1639171,0,1
152912,2315,378752236,RET:M007:522563,Nesselande,522563,,1,,1639171,0,1
152912,2315,378752237,RET:M007:522569,Nesselande,522569,,1,,1639171,0,1
152912,2315,378752238,RET:M007:522575,Nesselande,522575,,1,,1639171,0,1
152912,2315,378752239,RET:M007:522583,Nesselande,522583,,1,,1639171,0,1
152912,2315,378752240,RET:M007:522337,Schiedam Centrum,522337,,0,,1639174,0,1
152912,2315,378752241,RET:M007:522576,Schiedam Centrum,522576,,0,,1639174,0,1
152912,2315,378752242,RET:M007:522340,Capelsebrug,522340,,1,,1639229,0,1
152912,2315,378752243,RET:M007:522579,Capelsebrug,522579,,1,,1639229,0,1
152912,2315,378752244,RET:M007:522344,Hoek v Holland Haven,522344,,0,,1639211,0,
152912,2315,378752245,RET:M007:522395,Hoek v Holland Haven,522395,,0,,1639211,0,
152912,2315,378752246,RET:M007:522345,Nesselande,522345,,1,,1639144,0,
152912,2315,378752247,RET:M007:522396,Nesselande,522396,,1,,1639144,0,
152912,2315,378752248,RET:M007:522359,Nesselande,522359,,1,,1638988,0,1
152912,2315,378752249,RET:M007:522377,Nesselande,522377,,1,,1638988,0,1
152912,2315,378752250,RET:M007:522392,Nesselande,522392,,1,,1638988,0,
152912,2315,378752251,RET:M007:522451,Nesselande,522451,,1,,1638988,0,1
152912,2315,378752252,RET:M007:522503,Nesselande,522503,,1,,1638988,0,1
152912,2315,378752253,RET:M007:522362,Steendijkpolder,522362,,0,,1639166,0,
152912,2315,378752254,RET:M007:522454,Steendijkpolder,522454,,0,,1639166,0,
152912,2315,378752255,RET:M007:522380,Nesselande,522380,,1,,1638902,0,
152912,2315,378752256,RET:M007:522439,Nesselande,522439,,1,,1638902,0,
152912,2315,378752257,RET:M007:522474,Nesselande,522474,,1,,1638902,0,
152912,2315,378752258,RET:M007:522491,Nesselande,522491,,1,,1638902,0,
152912,2315,378752259,RET:M007:522526,Nesselande,522526,,1,,1638902,0,
152912,2315,378752260,RET:M007:522542,Nesselande,522542,,1,,1638902,0,
152912,2315,378752261,RET:M007:522413,Schiedam Centrum,522413,,1,,1638764,0,1
152912,2315,378752262,RET:M007:522417,Hoek v Holland Strand,522417,,0,,1638786,0,
152912,2315,378752263,RET:M007:522506,Hoek v Holland Strand,522506,,0,,1638786,0,
152912,2315,378752264,RET:M007:522436,Alexander,522436,,0,,1639159,0,1
152912,2315,378752265,RET:M007:522471,Alexander,522471,,0,,1639159,0,1
152912,2315,378752266,RET:M007:522560,Alexander,522560,,0,,1639159,0,1
152912,2315,378752267,RET:M007:522584,Alexander,522584,,0,,1639159,0,1
152912,2315,378752268,RET:M007:522488,Nesselande,522488,,1,,1638715,0,1
152912,2315,378752269,RET:M007:522554,Nesselande,522554,,1,,1638715,0,
152912,2315,378752270,RET:M007:522522,Capelsebrug,522522,,1,,1638652,0,1
152912,2315,378752271,RET:M007:522537,Hoek v Holland Strand,522537,,0,,1639224,0,1
152912,2315,378752272,RET:M007:522538,Capelsebrug,522538,,1,,1639049,0,1
152912,2315,378752273,RET:M007:522565,Capelsebrug,522565,,1,,1638755,0,1
152912,2315,378752274,RET:M007:522571,Capelsebrug,522571,,1,,1638755,0,1
152912,3605,378753171,RET:M007:527581,Hoek v Holland Haven,527581,,0,,1639008,0,1
152912,3605,378753172,RET:M007:527582,Nesselande,527582,,1,,1639144,0,1
152912,3605,378753173,RET:M007:527616,Nesselande,527616,,1,,1639144,0,1
152912,3605,378753174,RET:M007:527583,Steendijkpolder,527583,,0,,1638885,0,1
152912,3605,378753175,RET:M007:527617,Steendijkpolder,527617,,0,,1638885,0,1
152912,3605,378753176,RET:M007:527650,Steendijkpolder,527650,,0,,1638885,0,1
152912,3605,378753177,RET:M007:527712,Steendijkpolder,527712,,0,,1638885,0,1
152912,3605,378753178,RET:M007:527743,Steendijkpolder,527743,,0,,1638885,0,1
152912,3605,378753179,RET:M007:527749,Steendijkpolder,527749,,0,,1638885,0,1
152912,3605,378753180,RET:M007:527755,Steendijkpolder,527755,,0,,1638885,0,1
152912,3605,378753181,RET:M007:527767,Steendijkpolder,527767,,0,,1638885,0,1
152912,3605,378753182,RET:M007:527584,Nesselande,527584,,1,,1639111,0,1
152912,3605,378753183,RET:M007:527604,Nesselande,527604,,1,,1639111,0,1
152912,3605,378753184,RET:M007:527618,Nesselande,527618,,1,,1639111,0,1
152912,3605,378753185,RET:M007:527651,Nesselande,527651,,1,,1639111,0,1
152912,3605,378753186,RET:M007:527694,Nesselande,527694,,1,,1639111,0,1
152912,3605,378753187,RET:M007:527713,Nesselande,527713,,1,,1639111,0,1
152912,3605,378753188,RET:M007:527744,Nesselande,527744,,1,,1639111,0,1
152912,3605,378753189,RET:M007:527750,Nesselande,527750,,1,,1639111,0,1
152912,3605,378753190,RET:M007:527768,Nesselande,527768,,1,,1639111,0,1
152912,3605,378753191,RET:M007:527585,Hoek v Holland Strand,527585,,0,,1639197,0,1
152912,3605,378753192,RET:M007:527587,Hoek v Holland Strand,527587,,0,,1639197,0,1
152912,3605,378753193,RET:M007:527589,Hoek v Holland Strand,527589,,0,,1639197,0,1
152912,3605,378753194,RET:M007:527591,Hoek v Holland Strand,527591,,0,,1639197,0,1
152912,3605,378753195,RET:M007:527594,Hoek v Holland Strand,527594,,0,,1639197,0,1
152912,3605,378753196,RET:M007:527605,Hoek v Holland Strand,527605,,0,,1639197,0,1
152912,3605,378753197,RET:M007:527607,Hoek v Holland Strand,527607,,0,,1639197,0,1
152912,3605,378753198,RET:M007:527609,Hoek v Holland Strand,527609,,0,,1639197,0,1
152912,3605,378753199,RET:M007:527611,Hoek v Holland Strand,527611,,0,,1639197,0,1
152912,3605,378753200,RET:M007:527619,Hoek v Holland Strand,527619,,0,,1639197,0,1
152912,3605,378753201,RET:M007:527621,Hoek v Holland Strand,527621,,0,,1639197,0,1
152912,3605,378753202,RET:M007:527623,Hoek v Holland Strand,527623,,0,,1639197,0,1
152912,3605,378753203,RET:M007:527626,Hoek v Holland Strand,527626,,0,,1639197,0,1
152912,3605,378753204,RET:M007:527628,Hoek v Holland Strand,527628,,0,,1639197,0,1
152912,3605,378753205,RET:M007:527637,Hoek v Holland Strand,527637,,0,,1639197,0,1
152912,3605,378753206,RET:M007:527639,Hoek v Holland Strand,527639,,0,,1639197,0,1
152912,3605,378753207,RET:M007:527641,Hoek v Holland Strand,527641,,0,,1639197,0,1
152912,3605,378753208,RET:M007:527643,Hoek v Holland Strand,527643,,0,,1639197,0,1
152912,3605,378753209,RET:M007:527645,Hoek v Holland Strand,527645,,0,,1639197,0,1
152912,3605,378753210,RET:M007:527652,Hoek v Holland Strand,527652,,0,,1639197,0,1
152912,3605,378753211,RET:M007:527654,Hoek v Holland Strand,527654,,0,,1639197,0,1
152912,3605,378753212,RET:M007:527656,Hoek v Holland Strand,527656,,0,,1639197,0,1
152912,3605,378753213,RET:M007:527658,Hoek v Holland Strand,527658,,0,,1639197,0,1
152912,3605,378753214,RET:M007:527661,Hoek v Holland Strand,527661,,0,,1639197,0,1
152912,3605,378753215,RET:M007:527663,Hoek v Holland Strand,527663,,0,,1639197,0,1
152912,3605,378753216,RET:M007:527669,Hoek v Holland Strand,527669,,0,,1639197,0,1
152912,3605,378753217,RET:M007:527671,Hoek v Holland Strand,527671,,0,,1639197,0,1
152912,3605,378753218,RET:M007:527673,Hoek v Holland Strand,527673,,0,,1639197,0,1
152912,3605,378753219,RET:M007:527675,Hoek v Holland Strand,527675,,0,,1639197,0,1
152912,3605,378753220,RET:M007:527677,Hoek v Holland Strand,527677,,0,,1639197,0,1
152912,3605,378753221,RET:M007:527683,Hoek v Holland Strand,527683,,0,,1639197,0,1
152912,3605,378753222,RET:M007:527685,Hoek v Holland Strand,527685,,0,,1639197,0,1
152912,3605,378753223,RET:M007:527687,Hoek v Holland Strand,527687,,0,,1639197,0,1
152912,3605,378753224,RET:M007:527689,Hoek v Holland Strand,527689,,0,,1639197,0,1
152912,3605,378753225,RET:M007:527695,Hoek v Holland Strand,527695,,0,,1639197,0,1
152912,3605,378753226,RET:M007:527697,Hoek v Holland Strand,527697,,0,,1639197,0,1
152912,3605,378753227,RET:M007:527699,Hoek v Holland Strand,527699,,0,,1639197,0,1
152912,3605,378753228,RET:M007:527701,Hoek v Holland Strand,527701,,0,,1639197,0,1
152912,3605,378753229,RET:M007:527704,Hoek v Holland Strand,527704,,0,,1639197,0,1
152912,3605,378753230,RET:M007:527706,Hoek v Holland Strand,527706,,0,,1639197,0,1
152912,3605,378753231,RET:M007:527714,Hoek v Holland Strand,527714,,0,,1639197,0,1
152912,3605,378753232,RET:M007:527716,Hoek v Holland Strand,527716,,0,,1639197,0,1
152912,3605,378753233,RET:M007:527718,Hoek v Holland Strand,527718,,0,,1639197,0,1
152912,3605,378753234,RET:M007:527720,Hoek v Holland Strand,527720,,0,,1639197,0,1
152912,3605,378753235,RET:M007:527723,Hoek v Holland Strand,527723,,0,,1639197,0,1
152912,3605,378753236,RET:M007:527725,Hoek v Holland Strand,527725,,0,,1639197,0,1
152912,3605,378753237,RET:M007:527732,Hoek v Holland Strand,527732,,0,,1639197,0,1
152912,3605,378753238,RET:M007:527734,Hoek v Holland Strand,527734,,0,,1639197,0,1
152912,3605,378753239,RET:M007:527736,Hoek v Holland Strand,527736,,0,,1639197,0,1
152912,3605,378753240,RET:M007:527738,Hoek v Holland Strand,527738,,0,,1639197,0,1
152912,3605,378753241,RET:M007:527741,Hoek v Holland Strand,527741,,0,,1639197,0,1
152912,3605,378753242,RET:M007:527747,Hoek v Holland Strand,527747,,0,,1639197,0,1
152912,3605,378753243,RET:M007:527753,Hoek v Holland Strand,527753,,0,,1639197,0,1
152912,3605,378753244,RET:M007:527759,Hoek v Holland Strand,527759,,0,,1639197,0,1
152912,3605,378753245,RET:M007:527769,Hoek v Holland Strand,527769,,0,,1639197,0,1
152912,3605,378753246,RET:M007:527586,Nesselande,527586,,1,,1639171,0,1
152912,3605,378753247,RET:M007:527588,Nesselande,527588,,1,,1639171,0,1
152912,3605,378753248,RET:M007:527590,Nesselande,527590,,1,,1639171,0,1
152912,3605,378753249,RET:M007:527592,Nesselande,527592,,1,,1639171,0,1
152912,3605,378753250,RET:M007:527595,Nesselande,527595,,1,,1639171,0,1
152912,3605,378753251,RET:M007:527606,Nesselande,527606,,1,,1639171,0,1
152912,3605,378753252,RET:M007:527608,Nesselande,527608,,1,,1639171,0,1
152912,3605,378753253,RET:M007:527610,Nesselande,527610,,1,,1639171,0,1
152912,3605,378753254,RET:M007:527620,Nesselande,527620,,1,,1639171,0,1
152912,3605,378753255,RET:M007:527622,Nesselande,527622,,1,,1639171,0,1
152912,3605,378753256,RET:M007:527624,Nesselande,527624,,1,,1639171,0,1
152912,3605,378753257,RET:M007:527627,Nesselande,527627,,1,,1639171,0,1
152912,3605,378753258,RET:M007:527629,Nesselande,527629,,1,,1639171,0,1
152912,3605,378753259,RET:M007:527638,Nesselande,527638,,1,,1639171,0,1
152912,3605,378753260,RET:M007:527640,Nesselande,527640,,1,,1639171,0,1
152912,3605,378753261,RET:M007:527642,Nesselande,527642,,1,,1639171,0,1
152912,3605,378753262,RET:M007:527644,Nesselande,527644,,1,,1639171,0,1
152912,3605,378753263,RET:M007:527653,Nesselande,527653,,1,,1639171,0,1
152912,3605,378753264,RET:M007:527655,Nesselande,527655,,1,,1639171,0,1
152912,3605,378753265,RET:M007:527657,Nesselande,527657,,1,,1639171,0,1
152912,3605,378753266,RET:M007:527659,Nesselande,527659,,1,,1639171,0,1
152912,3605,378753267,RET:M007:527662,Nesselande,527662,,1,,1639171,0,1
152912,3605,378753268,RET:M007:527670,Nesselande,527670,,1,,1639171,0,1
152912,3605,378753269,RET:M007:527672,Nesselande,527672,,1,,1639171,0,1
152912,3605,378753270,RET:M007:527674,Nesselande,527674,,1,,1639171,0,1
152912,3605,378753271,RET:M007:527676,Nesselande,527676,,1,,1639171,0,1
152912,3605,378753272,RET:M007:527682,Nesselande,527682,,1,,1639171,0,1
152912,3605,378753273,RET:M007:527684,Nesselande,527684,,1,,1639171,0,1
152912,3605,378753274,RET:M007:527686,Nesselande,527686,,1,,1639171,0,1
152912,3605,378753275,RET:M007:527688,Nesselande,527688,,1,,1639171,0,1
152912,3605,378753276,RET:M007:527696,Nesselande,527696,,1,,1639171,0,1
152912,3605,378753277,RET:M007:527698,Nesselande,527698,,1,,1639171,0,1
152912,3605,378753278,RET:M007:527700,Nesselande,527700,,1,,1639171,0,1
152912,3605,378753279,RET:M007:527702,Nesselande,527702,,1,,1639171,0,1
152912,3605,378753280,RET:M007:527705,Nesselande,527705,,1,,1639171,0,1
152912,3605,378753281,RET:M007:527707,Nesselande,527707,,1,,1639171,0,1
152912,3605,378753282,RET:M007:527715,Nesselande,527715,,1,,1639171,0,1
152912,3605,378753283,RET:M007:527717,Nesselande,527717,,1,,1639171,0,1
152912,3605,378753284,RET:M007:527719,Nesselande,527719,,1,,1639171,0,1
152912,3605,378753285,RET:M007:527721,Nesselande,527721,,1,,1639171,0,1
152912,3605,378753286,RET:M007:527724,Nesselande,527724,,1,,1639171,0,1
152912,3605,378753287,RET:M007:527731,Nesselande,527731,,1,,1639171,0,1
152912,3605,378753288,RET:M007:527733,Nesselande,527733,,1,,1639171,0,1
152912,3605,378753289,RET:M007:527735,Nesselande,527735,,1,,1639171,0,1
152912,3605,378753290,RET:M007:527737,Nesselande,527737,,1,,1639171,0,1
152912,3605,378753291,RET:M007:527742,Nesselande,527742,,1,,1639171,0,1
152912,3605,378753292,RET:M007:527748,Nesselande,527748,,1,,1639171,0,1
152912,3605,378753293,RET:M007:527754,Nesselande,527754,,1,,1639171,0,1
152912,3605,378753294,RET:M007:527760,Nesselande,527760,,1,,1639171,0,1
152912,3605,378753295,RET:M007:527596,Schiedam Centrum,527596,,0,,1639174,0,1
152912,3605,378753296,RET:M007:527761,Schiedam Centrum,527761,,0,,1639174,0,1
152912,3605,378753297,RET:M007:527599,Capelsebrug,527599,,1,,1639229,0,1
152912,3605,378753298,RET:M007:527764,Capelsebrug,527764,,1,,1639229,0,1
152912,3605,378753299,RET:M007:527603,Steendijkpolder,527603,,0,,1639166,0,1
152912,3605,378753300,RET:M007:527693,Steendijkpolder,527693,,0,,1639166,0,1
152912,3605,378753301,RET:M007:527612,Nesselande,527612,,1,,1638988,0,1
152912,3605,378753302,RET:M007:527646,Nesselande,527646,,1,,1638988,0,1
152912,3605,378753303,RET:M007:527678,Nesselande,527678,,1,,1638988,0,1
152912,3605,378753304,RET:M007:527690,Nesselande,527690,,1,,1638988,0,1
152912,3605,378753305,RET:M007:527739,Nesselande,527739,,1,,1638988,0,1
152912,3605,378753306,RET:M007:527615,Hoek v Holland Haven,527615,,0,,1639211,0,1
152912,3605,378753307,RET:M007:527630,Alexander,527630,,0,,1639159,0,1
152912,3605,378753308,RET:M007:527708,Alexander,527708,,0,,1639159,0,1
152912,3605,378753309,RET:M007:527745,Alexander,527745,,0,,1639159,0,1
152912,3605,378753310,RET:M007:527751,Alexander,527751,,0,,1639159,0,1
152912,3605,378753311,RET:M007:527633,Schiedam Centrum,527633,,0,,1638751,0,1
152912,3605,378753312,RET:M007:527636,Nesselande,527636,,1,,1638659,0,1
152912,3605,378753313,RET:M007:527649,Nesselande,527649,,1,,1638902,0,1
152912,3605,378753314,RET:M007:527668,Nesselande,527668,,1,,1638902,0,1
152912,3605,378753315,RET:M007:527711,Nesselande,527711,,1,,1638902,0,1
152912,3605,378753316,RET:M007:527664,Capelsebrug,527664,,1,,1638755,0,1
152912,3605,378753317,RET:M007:527726,Capelsebrug,527726,,1,,1638755,0,1
152912,3605,378753318,RET:M007:527681,Hoek v Holland Strand,527681,,0,,1638786,0,1
152912,3605,378753319,RET:M007:527730,Hoek v Holland Strand,527730,,0,,1638786,0,1
152912,3605,378753320,RET:M007:527756,Capelsebrug,527756,,1,,1638652,0,1
152912,3605,378753321,RET:M007:527770,Schiedam Centrum,527770,,1,,1638764,0,1
152912,1857,378774010,RET:M007:375000,Hoek v Holland Haven,375000,,0,,1639008,0,1
152912,1857,378774011,RET:M007:375001,Nesselande,375001,,1,,1639144,0,1
152912,1857,378774012,RET:M007:375039,Nesselande,375039,,1,,1639144,0,1
152912,1857,378774013,RET:M007:375002,Steendijkpolder,375002,,0,,1638885,0,1
152912,1857,378774014,RET:M007:375033,Steendijkpolder,375033,,0,,1638885,0,1
152912,1857,378774015,RET:M007:375040,Steendijkpolder,375040,,0,,1638885,0,1
152912,1857,378774016,RET:M007:375069,Steendijkpolder,375069,,0,,1638885,0,1
152912,1857,378774017,RET:M007:375077,Steendijkpolder,375077,,0,,1638885,0,1
152912,1857,378774018,RET:M007:375106,Steendijkpolder,375106,,0,,1638885,0,1
152912,1857,378774019,RET:M007:375160,Steendijkpolder,375160,,0,,1638885,0,1
152912,1857,378774020,RET:M007:375166,Steendijkpolder,375166,,0,,1638885,0,1
152912,1857,378774021,RET:M007:375003,Nesselande,375003,,1,,1639111,0,1
152912,1857,378774022,RET:M007:375022,Nesselande,375022,,1,,1639111,0,1
152912,1857,378774023,RET:M007:375034,Nesselande,375034,,1,,1639111,0,1
152912,1857,378774024,RET:M007:375041,Nesselande,375041,,1,,1639111,0,1
152912,1857,378774025,RET:M007:375070,Nesselande,375070,,1,,1639111,0,1
152912,1857,378774026,RET:M007:375078,Nesselande,375078,,1,,1639111,0,1
152912,1857,378774027,RET:M007:375107,Nesselande,375107,,1,,1639111,0,1
152912,1857,378774028,RET:M007:375132,Nesselande,375132,,1,,1639111,0,1
152912,1857,378774029,RET:M007:375167,Nesselande,375167,,1,,1639111,0,1
152912,1857,378774030,RET:M007:375004,Hoek v Holland Strand,375004,,0,,1639197,0,1
152912,1857,378774031,RET:M007:375006,Hoek v Holland Strand,375006,,0,,1639197,0,1
152912,1857,378774032,RET:M007:375008,Hoek v Holland Strand,375008,,0,,1639197,0,1
152912,1857,378774033,RET:M007:375010,Hoek v Holland Strand,375010,,0,,1639197,0,1
152912,1857,378774034,RET:M007:375012,Hoek v Holland Strand,375012,,0,,1639197,0,1
152912,1857,378774035,RET:M007:375023,Hoek v Holland Strand,375023,,0,,1639197,0,1
152912,1857,378774036,RET:M007:375025,Hoek v Holland Strand,375025,,0,,1639197,0,1
152912,1857,378774037,RET:M007:375027,Hoek v Holland Strand,375027,,0,,1639197,0,1
152912,1857,378774038,RET:M007:375029,Hoek v Holland Strand,375029,,0,,1639197,0,1
152912,1857,378774039,RET:M007:375031,Hoek v Holland Strand,375031,,0,,1639197,0,1
152912,1857,378774040,RET:M007:375042,Hoek v Holland Strand,375042,,0,,1639197,0,1
152912,1857,378774041,RET:M007:375044,Hoek v Holland Strand,375044,,0,,1639197,0,1
152912,1857,378774042,RET:M007:375046,Hoek v Holland Strand,375046,,0,,1639197,0,1
152912,1857,378774043,RET:M007:375048,Hoek v Holland Strand,375048,,0,,1639197,0,1
152912,1857,378774044,RET:M007:375050,Hoek v Holland Strand,375050,,0,,1639197,0,1
152912,1857,378774045,RET:M007:375059,Hoek v Holland Strand,375059,,0,,1639197,0,1
152912,1857,378774046,RET:M007:375061,Hoek v Holland Strand,375061,,0,,1639197,0,1
152912,1857,378774047,RET:M007:375063,Hoek v Holland Strand,375063,,0,,1639197,0,1
152912,1857,378774048,RET:M007:375065,Hoek v Holland Strand,375065,,0,,1639197,0,1
152912,1857,378774049,RET:M007:375067,Hoek v Holland Strand,375067,,0,,1639197,0,1
152912,1857,378774050,RET:M007:375071,Hoek v Holland Strand,375071,,0,,1639197,0,1
152912,1857,378774051,RET:M007:375079,Hoek v Holland Strand,375079,,0,,1639197,0,1
152912,1857,378774052,RET:M007:375081,Hoek v Holland Strand,375081,,0,,1639197,0,1
152912,1857,378774053,RET:M007:375083,Hoek v Holland Strand,375083,,0,,1639197,0,1
152912,1857,378774054,RET:M007:375085,Hoek v Holland Strand,375085,,0,,1639197,0,1
152912,1857,378774055,RET:M007:375087,Hoek v Holland Strand,375087,,0,,1639197,0,1
152912,1857,378774056,RET:M007:375089,Hoek v Holland Strand,375089,,0,,1639197,0,1
152912,1857,378774057,RET:M007:375096,Hoek v Holland Strand,375096,,0,,1639197,0,1
152912,1857,378774058,RET:M007:375098,Hoek v Holland Strand,375098,,0,,1639197,0,1
152912,1857,378774059,RET:M007:375100,Hoek v Holland Strand,375100,,0,,1639197,0,1
152912,1857,378774060,RET:M007:375102,Hoek v Holland Strand,375102,,0,,1639197,0,1
152912,1857,378774061,RET:M007:375104,Hoek v Holland Strand,375104,,0,,1639197,0,1
152912,1857,378774062,RET:M007:375112,Hoek v Holland Strand,375112,,0,,1639197,0,1
152912,1857,378774063,RET:M007:375114,Hoek v Holland Strand,375114,,0,,1639197,0,1
152912,1857,378774064,RET:M007:375116,Hoek v Holland Strand,375116,,0,,1639197,0,1
152912,1857,378774065,RET:M007:375118,Hoek v Holland Strand,375118,,0,,1639197,0,1
152912,1857,378774066,RET:M007:375120,Hoek v Holland Strand,375120,,0,,1639197,0,1
152912,1857,378774067,RET:M007:375122,Hoek v Holland Strand,375122,,0,,1639197,0,1
152912,1857,378774068,RET:M007:375133,Hoek v Holland Strand,375133,,0,,1639197,0,1
152912,1857,378774069,RET:M007:375135,Hoek v Holland Strand,375135,,0,,1639197,0,1
152912,1857,378774070,RET:M007:375137,Hoek v Holland Strand,375137,,0,,1639197,0,1
152912,1857,378774071,RET:M007:375139,Hoek v Holland Strand,375139,,0,,1639197,0,1
152912,1857,378774072,RET:M007:375141,Hoek v Holland Strand,375141,,0,,1639197,0,1
152912,1857,378774073,RET:M007:375143,Hoek v Holland Strand,375143,,0,,1639197,0,1
152912,1857,378774074,RET:M007:375150,Hoek v Holland Strand,375150,,0,,1639197,0,1
152912,1857,378774075,RET:M007:375152,Hoek v Holland Strand,375152,,0,,1639197,0,1
152912,1857,378774076,RET:M007:375154,Hoek v Holland Strand,375154,,0,,1639197,0,1
152912,1857,378774077,RET:M007:375156,Hoek v Holland Strand,375156,,0,,1639197,0,1
152912,1857,378774078,RET:M007:375158,Hoek v Holland Strand,375158,,0,,1639197,0,1
152912,1857,378774079,RET:M007:375168,Hoek v Holland Strand,375168,,0,,1639197,0,1
152912,1857,378774080,RET:M007:375170,Hoek v Holland Strand,375170,,0,,1639197,0,1
152912,1857,378774081,RET:M007:375172,Hoek v Holland Strand,375172,,0,,1639197,0,1
152912,1857,378774082,RET:M007:375174,Hoek v Holland Strand,375174,,0,,1639197,0,1
152912,1857,378774083,RET:M007:375176,Hoek v Holland Strand,375176,,0,,1639197,0,1
152912,1857,378774084,RET:M007:375178,Hoek v Holland Strand,375178,,0,,1639197,0,1
152912,1857,378774085,RET:M007:375005,Nesselande,375005,,1,,1639171,0,1
152912,1857,378774086,RET:M007:375007,Nesselande,375007,,1,,1639171,0,1
152912,1857,378774087,RET:M007:375009,Nesselande,375009,,1,,1639171,0,1
152912,1857,378774088,RET:M007:375011,Nesselande,375011,,1,,1639171,0,1
152912,1857,378774089,RET:M007:375013,Nesselande,375013,,1,,1639171,0,1
152912,1857,378774090,RET:M007:375024,Nesselande,375024,,1,,1639171,0,1
152912,1857,378774091,RET:M007:375026,Nesselande,375026,,1,,1639171,0,1
152912,1857,378774092,RET:M007:375028,Nesselande,375028,,1,,1639171,0,1
152912,1857,378774093,RET:M007:375030,Nesselande,375030,,1,,1639171,0,1
152912,1857,378774094,RET:M007:375032,Nesselande,375032,,1,,1639171,0,1
152912,1857,378774095,RET:M007:375043,Nesselande,375043,,1,,1639171,0,1
152912,1857,378774096,RET:M007:375045,Nesselande,375045,,1,,1639171,0,1
152912,1857,378774097,RET:M007:375047,Nesselande,375047,,1,,1639171,0,1
152912,1857,378774098,RET:M007:375049,Nesselande,375049,,1,,1639171,0,1
152912,1857,378774099,RET:M007:375051,Nesselande,375051,,1,,1639171,0,1
152912,1857,378774100,RET:M007:375060,Nesselande,375060,,1,,1639171,0,1
152912,1857,378774101,RET:M007:375062,Nesselande,375062,,1,,1639171,0,1
152912,1857,378774102,RET:M007:375064,Nesselande,375064,,1,,1639171,0,1
152912,1857,378774103,RET:M007:375066,Nesselande,375066,,1,,1639171,0,1
152912,1857,378774104,RET:M007:375068,Nesselande,375068,,1,,1639171,0,1
152912,1857,378774105,RET:M007:375080,Nesselande,375080,,1,,1639171,0,1
152912,1857,378774106,RET:M007:375082,Nesselande,375082,,1,,1639171,0,1
152912,1857,378774107,RET:M007:375084,Nesselande,375084,,1,,1639171,0,1
152912,1857,378774108,RET:M007:375086,Nesselande,375086,,1,,1639171,0,1
152912,1857,378774109,RET:M007:375088,Nesselande,375088,,1,,1639171,0,1
152912,1857,378774110,RET:M007:375095,Nesselande,375095,,1,,1639171,0,1
152912,1857,378774111,RET:M007:375097,Nesselande,375097,,1,,1639171,0,1
152912,1857,378774112,RET:M007:375099,Nesselande,375099,,1,,1639171,0,1
152912,1857,378774113,RET:M007:375101,Nesselande,375101,,1,,1639171,0,1
152912,1857,378774114,RET:M007:375103,Nesselande,375103,,1,,1639171,0,1
152912,1857,378774115,RET:M007:375105,Nesselande,375105,,1,,1639171,0,1
152912,1857,378774116,RET:M007:375113,Nesselande,375113,,1,,1639171,0,1
152912,1857,378774117,RET:M007:375115,Nesselande,375115,,1,,1639171,0,1
152912,1857,378774118,RET:M007:375117,Nesselande,375117,,1,,1639171,0,1
152912,1857,378774119,RET:M007:375119,Nesselande,375119,,1,,1639171,0,1
152912,1857,378774120,RET:M007:375121,Nesselande,375121,,1,,1639171,0,1
152912,1857,378774121,RET:M007:375123,Nesselande,375123,,1,,1639171,0,1
152912,1857,378774122,RET:M007:375134,Nesselande,375134,,1,,1639171,0,1
152912,1857,378774123,RET:M007:375136,Nesselande,375136,,1,,1639171,0,1
152912,1857,378774124,RET:M007:375138,Nesselande,375138,,1,,1639171,0,1
152912,1857,378774125,RET:M007:375140,Nesselande,375140,,1,,1639171,0,1
152912,1857,378774126,RET:M007:375142,Nesselande,375142,,1,,1639171,0,1
152912,1857,378774127,RET:M007:375144,Nesselande,375144,,1,,1639171,0,1
152912,1857,378774128,RET:M007:375149,Nesselande,375149,,1,,1639171,0,1
152912,1857,378774129,RET:M007:375151,Nesselande,375151,,1,,1639171,0,1
152912,1857,378774130,RET:M007:375153,Nesselande,375153,,1,,1639171,0,1
152912,1857,378774131,RET:M007:375155,Nesselande,375155,,1,,1639171,0,1
152912,1857,378774132,RET:M007:375157,Nesselande,375157,,1,,1639171,0,1
152912,1857,378774133,RET:M007:375159,Nesselande,375159,,1,,1639171,0,1
152912,1857,378774134,RET:M007:375169,Nesselande,375169,,1,,1639171,0,1
152912,1857,378774135,RET:M007:375171,Nesselande,375171,,1,,1639171,0,1
152912,1857,378774136,RET:M007:375173,Nesselande,375173,,1,,1639171,0,1
152912,1857,378774137,RET:M007:375175,Nesselande,375175,,1,,1639171,0,1
152912,1857,378774138,RET:M007:375177,Nesselande,375177,,1,,1639171,0,1
152912,1857,378774139,RET:M007:375014,Schiedam Centrum,375014,,0,,1639174,0,1
152912,1857,378774140,RET:M007:375124,Schiedam Centrum,375124,,0,,1639174,0,1
152912,1857,378774141,RET:M007:375017,Capelsebrug,375017,,1,,1639229,0,1
152912,1857,378774142,RET:M007:375127,Capelsebrug,375127,,1,,1639229,0,1
152912,1857,378774143,RET:M007:375021,Steendijkpolder,375021,,0,,1639166,0,1
152912,1857,378774144,RET:M007:375131,Steendijkpolder,375131,,0,,1639166,0,1
152912,1857,378774145,RET:M007:375035,Alexander,375035,,0,,1639159,0,1
152912,1857,378774146,RET:M007:375052,Alexander,375052,,0,,1639159,0,1
152912,1857,378774147,RET:M007:375108,Alexander,375108,,0,,1639159,0,1
152912,1857,378774148,RET:M007:375145,Alexander,375145,,0,,1639159,0,1
152912,1857,378774149,RET:M007:375038,Hoek v Holland Haven,375038,,0,,1639211,0,1
152912,1857,378774150,RET:M007:375055,Schiedam Centrum,375055,,0,,1638751,0,1
152912,1857,378774151,RET:M007:375058,Nesselande,375058,,1,,1638659,0,1
152912,1857,378774152,RET:M007:375072,Schiedam Centrum,375072,,1,,1638764,0,1
152912,1857,378774153,RET:M007:375076,Nesselande,375076,,1,,1638902,0,1
152912,1857,378774154,RET:M007:375111,Nesselande,375111,,1,,1638902,0,1
152912,1857,378774155,RET:M007:375165,Nesselande,375165,,1,,1638902,0,1
152912,1857,378774156,RET:M007:375090,Capelsebrug,375090,,1,,1638755,0,1
152912,1857,378774157,RET:M007:375179,Capelsebrug,375179,,1,,1638755,0,1
152912,1857,378774158,RET:M007:375094,Hoek v Holland Strand,375094,,0,,1638786,0,1
152912,1857,378774159,RET:M007:375148,Hoek v Holland Strand,375148,,0,,1638786,0,1
152912,1857,378774160,RET:M007:375161,Capelsebrug,375161,,1,,1638652,0,1
152912,1,378777385,RET:M007:437626,Nesselande,437626,,1,,1639111,0,
152912,1,378777386,RET:M007:437628,Nesselande,437628,,1,,1639111,0,
152912,1,378777387,RET:M007:437651,Nesselande,437651,,1,,1639111,0,
152912,1,378777388,RET:M007:437671,Nesselande,437671,,1,,1639111,0,1
152912,1,378777389,RET:M007:437688,Nesselande,437688,,1,,1639111,0,
152912,1,378777390,RET:M007:437702,Nesselande,437702,,1,,1639111,0,1
152912,1,378777391,RET:M007:437709,Nesselande,437709,,1,,1639111,0,
152912,1,378777392,RET:M007:437727,Nesselande,437727,,1,,1639111,0,
152912,1,378777393,RET:M007:437750,Nesselande,437750,,1,,1639111,0,1
152912,1,378777394,RET:M007:437780,Nesselande,437780,,1,,1639111,0,1
152912,1,378777395,RET:M007:437787,Nesselande,437787,,1,,1639111,0,
152912,1,378777396,RET:M007:437819,Nesselande,437819,,1,,1639111,0,1
152912,1,378777397,RET:M007:437627,Steendijkpolder,437627,,0,,1638885,0,
152912,1,378777398,RET:M007:437650,Steendijkpolder,437650,,0,,1638885,0,
152912,1,378777399,RET:M007:437670,Steendijkpolder,437670,,0,,1638885,0,
152912,1,378777400,RET:M007:437701,Steendijkpolder,437701,,0,,1638885,0,1
152912,1,378777401,RET:M007:437708,Steendijkpolder,437708,,0,,1638885,0,
152912,1,378777402,RET:M007:437726,Steendijkpolder,437726,,0,,1638885,0,
152912,1,378777403,RET:M007:437749,Steendijkpolder,437749,,0,,1638885,0,
152912,1,378777404,RET:M007:437779,Steendijkpolder,437779,,0,,1638885,0,1
152912,1,378777405,RET:M007:437800,Steendijkpolder,437800,,0,,1638885,0,1
152912,1,378777406,RET:M007:437818,Steendijkpolder,437818,,0,,1638885,0,1
152912,1,378777407,RET:M007:437629,Hoek v Holland Strand,437629,,0,,1639197,0,
152912,1,378777408,RET:M007:437631,Hoek v Holland Strand,437631,,0,,1639197,0,1
152912,1,378777409,RET:M007:437633,Hoek v Holland Strand,437633,,0,,1639197,0,1
152912,1,378777410,RET:M007:437635,Hoek v Holland Strand,437635,,0,,1639197,0,
152912,1,378777411,RET:M007:437637,Hoek v Holland Strand,437637,,0,,1639197,0,1
152912,1,378777412,RET:M007:437639,Hoek v Holland Strand,437639,,0,,1639197,0,1
152912,1,378777413,RET:M007:437652,Hoek v Holland Strand,437652,,0,,1639197,0,1
152912,1,378777414,RET:M007:437654,Hoek v Holland Strand,437654,,0,,1639197,0,1
152912,1,378777415,RET:M007:437656,Hoek v Holland Strand,437656,,0,,1639197,0,1
152912,1,378777416,RET:M007:437658,Hoek v Holland Strand,437658,,0,,1639197,0,
152912,1,378777417,RET:M007:437660,Hoek v Holland Strand,437660,,0,,1639197,0,1
152912,1,378777418,RET:M007:437662,Hoek v Holland Strand,437662,,0,,1639197,0,1
152912,1,378777419,RET:M007:437668,Hoek v Holland Strand,437668,,0,,1639197,0,
152912,1,378777420,RET:M007:437672,Hoek v Holland Strand,437672,,0,,1639197,0,1
152912,1,378777421,RET:M007:437674,Hoek v Holland Strand,437674,,0,,1639197,0,1
152912,1,378777422,RET:M007:437676,Hoek v Holland Strand,437676,,0,,1639197,0,
152912,1,378777423,RET:M007:437678,Hoek v Holland Strand,437678,,0,,1639197,0,
152912,1,378777424,RET:M007:437680,Hoek v Holland Strand,437680,,0,,1639197,0,1
152912,1,378777425,RET:M007:437682,Hoek v Holland Strand,437682,,0,,1639197,0,1
152912,1,378777426,RET:M007:437689,Hoek v Holland Strand,437689,,0,,1639197,0,
152912,1,378777427,RET:M007:437691,Hoek v Holland Strand,437691,,0,,1639197,0,1
152912,1,378777428,RET:M007:437693,Hoek v Holland Strand,437693,,0,,1639197,0,1
152912,1,378777429,RET:M007:437695,Hoek v Holland Strand,437695,,0,,1639197,0,
152912,1,378777430,RET:M007:437697,Hoek v Holland Strand,437697,,0,,1639197,0,
152912,1,378777431,RET:M007:437699,Hoek v Holland Strand,437699,,0,,1639197,0,1
152912,1,378777432,RET:M007:437710,Hoek v Holland Strand,437710,,0,,1639197,0,1
152912,1,378777433,RET:M007:437712,Hoek v Holland Strand,437712,,0,,1639197,0,1
152912,1,378777434,RET:M007:437714,Hoek v Holland Strand,437714,,0,,1639197,0,1
152912,1,378777435,RET:M007:437716,Hoek v Holland Strand,437716,,0,,1639197,0,
152912,1,378777436,RET:M007:437718,Hoek v Holland Strand,437718,,0,,1639197,0,1
152912,1,378777437,RET:M007:437720,Hoek v Holland Strand,437720,,0,,1639197,0,1
152912,1,378777438,RET:M007:437728,Hoek v Holland Strand,437728,,0,,1639197,0,
152912,1,378777439,RET:M007:437730,Hoek v Holland Strand,437730,,0,,1639197,0,1
152912,1,378777440,RET:M007:437732,Hoek v Holland Strand,437732,,0,,1639197,0,1
152912,1,378777441,RET:M007:437734,Hoek v Holland Strand,437734,,0,,1639197,0,
152912,1,378777442,RET:M007:437736,Hoek v Holland Strand,437736,,0,,1639197,0,
152912,1,378777443,RET:M007:437738,Hoek v Holland Strand,437738,,0,,1639197,0,1
152912,1,378777444,RET:M007:437751,Hoek v Holland Strand,437751,,0,,1639197,0,1
152912,1,378777445,RET:M007:437753,Hoek v Holland Strand,437753,,0,,1639197,0,1
152912,1,378777446,RET:M007:437755,Hoek v Holland Strand,437755,,0,,1639197,0,
152912,1,378777447,RET:M007:437757,Hoek v Holland Strand,437757,,0,,1639197,0,
152912,1,378777448,RET:M007:437759,Hoek v Holland Strand,437759,,0,,1639197,0,1
152912,1,378777449,RET:M007:437761,Hoek v Holland Strand,437761,,0,,1639197,0,1
152912,1,378777450,RET:M007:437767,Hoek v Holland Strand,437767,,0,,1639197,0,
152912,1,378777451,RET:M007:437769,Hoek v Holland Strand,437769,,0,,1639197,0,
152912,1,378777452,RET:M007:437771,Hoek v Holland Strand,437771,,0,,1639197,0,1
152912,1,378777453,RET:M007:437773,Hoek v Holland Strand,437773,,0,,1639197,0,1
152912,1,378777454,RET:M007:437775,Hoek v Holland Strand,437775,,0,,1639197,0,
152912,1,378777455,RET:M007:437777,Hoek v Holland Strand,437777,,0,,1639197,0,1
152912,1,378777456,RET:M007:437781,Hoek v Holland Strand,437781,,0,,1639197,0,1
152912,1,378777457,RET:M007:437788,Hoek v Holland Strand,437788,,0,,1639197,0,
152912,1,378777458,RET:M007:437790,Hoek v Holland Strand,437790,,0,,1639197,0,1
152912,1,378777459,RET:M007:437792,Hoek v Holland Strand,437792,,0,,1639197,0,1
152912,1,378777460,RET:M007:437794,Hoek v Holland Strand,437794,,0,,1639197,0,
152912,1,378777461,RET:M007:437796,Hoek v Holland Strand,437796,,0,,1639197,0,
152912,1,378777462,RET:M007:437798,Hoek v Holland Strand,437798,,0,,1639197,0,1
152912,1,378777463,RET:M007:437806,Hoek v Holland Strand,437806,,0,,1639197,0,
152912,1,378777464,RET:M007:437808,Hoek v Holland Strand,437808,,0,,1639197,0,1
152912,1,378777465,RET:M007:437810,Hoek v Holland Strand,437810,,0,,1639197,0,1
152912,1,378777466,RET:M007:437812,Hoek v Holland Strand,437812,,0,,1639197,0,1
152912,1,378777467,RET:M007:437814,Hoek v Holland Strand,437814,,0,,1639197,0,
152912,1,378777468,RET:M007:437816,Hoek v Holland Strand,437816,,0,,1639197,0,1
152912,1,378777469,RET:M007:437630,Nesselande,437630,,1,,1639171,0,1
152912,1,378777470,RET:M007:437632,Nesselande,437632,,1,,1639171,0,1
152912,1,378777471,RET:M007:437634,Nesselande,437634,,1,,1639171,0,
152912,1,378777472,RET:M007:437636,Nesselande,437636,,1,,1639171,0,
152912,1,378777473,RET:M007:437638,Nesselande,437638,,1,,1639171,0,1
152912,1,378777474,RET:M007:437640,Nesselande,437640,,1,,1639171,0,1
152912,1,378777475,RET:M007:437653,Nesselande,437653,,1,,1639171,0,1
152912,1,378777476,RET:M007:437655,Nesselande,437655,,1,,1639171,0,1
152912,1,378777477,RET:M007:437657,Nesselande,437657,,1,,1639171,0,
152912,1,378777478,RET:M007:437659,Nesselande,437659,,1,,1639171,0,
152912,1,378777479,RET:M007:437661,Nesselande,437661,,1,,1639171,0,1
152912,1,378777480,RET:M007:437663,Nesselande,437663,,1,,1639171,0,1
152912,1,378777481,RET:M007:437669,Nesselande,437669,,1,,1639171,0,
152912,1,378777482,RET:M007:437673,Nesselande,437673,,1,,1639171,0,1
152912,1,378777483,RET:M007:437675,Nesselande,437675,,1,,1639171,0,1
152912,1,378777484,RET:M007:437677,Nesselande,437677,,1,,1639171,0,
152912,1,378777485,RET:M007:437679,Nesselande,437679,,1,,1639171,0,1
152912,1,378777486,RET:M007:437681,Nesselande,437681,,1,,1639171,0,1
152912,1,378777487,RET:M007:437690,Nesselande,437690,,1,,1639171,0,
152912,1,378777488,RET:M007:437692,Nesselande,437692,,1,,1639171,0,1
152912,1,378777489,RET:M007:437694,Nesselande,437694,,1,,1639171,0,1
152912,1,378777490,RET:M007:437696,Nesselande,437696,,1,,1639171,0,
152912,1,378777491,RET:M007:437698,Nesselande,437698,,1,,1639171,0,1
152912,1,378777492,RET:M007:437700,Nesselande,437700,,1,,1639171,0,1
152912,1,378777493,RET:M007:437711,Nesselande,437711,,1,,1639171,0,1
152912,1,378777494,RET:M007:437713,Nesselande,437713,,1,,1639171,0,1
152912,1,378777495,RET:M007:437715,Nesselande,437715,,1,,1639171,0,
152912,1,378777496,RET:M007:437717,Nesselande,437717,,1,,1639171,0,
152912,1,378777497,RET:M007:437719,Nesselande,437719,,1,,1639171,0,1
152912,1,378777498,RET:M007:437721,Nesselande,437721,,1,,1639171,0,1
152912,1,378777499,RET:M007:437729,Nesselande,437729,,1,,1639171,0,1
152912,1,378777500,RET:M007:437731,Nesselande,437731,,1,,1639171,0,1
152912,1,378777501,RET:M007:437733,Nesselande,437733,,1,,1639171,0,1
152912,1,378777502,RET:M007:437735,Nesselande,437735,,1,,1639171,0,
152912,1,378777503,RET:M007:437737,Nesselande,437737,,1,,1639171,0,1
152912,1,378777504,RET:M007:437739,Nesselande,437739,,1,,1639171,0,1
152912,1,378777505,RET:M007:437748,Nesselande,437748,,1,,1639171,0,
152912,1,378777506,RET:M007:437752,Nesselande,437752,,1,,1639171,0,1
152912,1,378777507,RET:M007:437754,Nesselande,437754,,1,,1639171,0,1
152912,1,378777508,RET:M007:437756,Nesselande,437756,,1,,1639171,0,
152912,1,378777509,RET:M007:437758,Nesselande,437758,,1,,1639171,0,1
152912,1,378777510,RET:M007:437760,Nesselande,437760,,1,,1639171,0,1
152912,1,378777511,RET:M007:437768,Nesselande,437768,,1,,1639171,0,
152912,1,378777512,RET:M007:437770,Nesselande,437770,,1,,1639171,0,1
152912,1,378777513,RET:M007:437772,Nesselande,437772,,1,,1639171,0,1
152912,1,378777514,RET:M007:437774,Nesselande,437774,,1,,1639171,0,
152912,1,378777515,RET:M007:437776,Nesselande,437776,,1,,1639171,0,
152912,1,378777516,RET:M007:437778,Nesselande,437778,,1,,1639171,0,1
152912,1,378777517,RET:M007:437789,Nesselande,437789,,1,,1639171,0,1
152912,1,378777518,RET:M007:437791,Nesselande,437791,,1,,1639171,0,1
152912,1,378777519,RET:M007:437793,Nesselande,437793,,1,,1639171,0,1
152912,1,378777520,RET:M007:437795,Nesselande,437795,,1,,1639171,0,
152912,1,378777521,RET:M007:437797,Nesselande,437797,,1,,1639171,0,1
152912,1,378777522,RET:M007:437799,Nesselande,437799,,1,,1639171,0,1
152912,1,378777523,RET:M007:437807,Nesselande,437807,,1,,1639171,0,
152912,1,378777524,RET:M007:437809,Nesselande,437809,,1,,1639171,0,1
152912,1,378777525,RET:M007:437811,Nesselande,437811,,1,,1639171,0,1
152912,1,378777526,RET:M007:437813,Nesselande,437813,,1,,1639171,0,
152912,1,378777527,RET:M007:437815,Nesselande,437815,,1,,1639171,0,
152912,1,378777528,RET:M007:437817,Nesselande,437817,,1,,1639171,0,1
152912,1,378777529,RET:M007:437641,Schiedam Centrum,437641,,0,,1639174,0,1
152912,1,378777530,RET:M007:437740,Schiedam Centrum,437740,,0,,1639174,0,1
152912,1,378777531,RET:M007:437644,Capelsebrug,437644,,1,,1639229,0,1
152912,1,378777532,RET:M007:437743,Capelsebrug,437743,,1,,1639229,0,1
152912,1,378777533,RET:M007:437648,Hoek v Holland Haven,437648,,0,,1639211,0,
152912,1,378777534,RET:M007:437706,Hoek v Holland Haven,437706,,0,,1639211,0,
152912,1,378777535,RET:M007:437649,Nesselande,437649,,1,,1639144,0,
152912,1,378777536,RET:M007:437707,Nesselande,437707,,1,,1639144,0,
152912,1,378777537,RET:M007:437664,Alexander,437664,,0,,1639159,0,1
152912,1,378777538,RET:M007:437703,Alexander,437703,,0,,1639159,0,1
152912,1,378777539,RET:M007:437722,Alexander,437722,,0,,1639159,0,1
152912,1,378777540,RET:M007:437820,Alexander,437820,,0,,1639159,0,1
152912,1,378777541,RET:M007:437667,Nesselande,437667,,1,,1638902,0,
152912,1,378777542,RET:M007:437725,Nesselande,437725,,1,,1638902,0,
152912,1,378777543,RET:M007:437766,Nesselande,437766,,1,,1638902,0,
152912,1,378777544,RET:M007:437805,Nesselande,437805,,1,,1638902,0,
152912,1,378777545,RET:M007:437683,Capelsebrug,437683,,1,,1638755,0,1
152912,1,378777546,RET:M007:437762,Capelsebrug,437762,,1,,1638755,0,1
152912,1,378777547,RET:M007:437687,Steendijkpolder,437687,,0,,1639166,0,
152912,1,378777548,RET:M007:437786,Steendijkpolder,437786,,0,,1639166,0,
152912,1,378777549,RET:M007:437747,Hoek v Holland Strand,437747,,0,,1638786,0,
152912,1,378777550,RET:M007:437782,Schiedam Centrum,437782,,1,,1638764,0,1
152912,1,378777551,RET:M007:437801,Capelsebrug,437801,,1,,1638652,0,1
152912,1538,378779127,RET:M007:497912,Hoek v Holland Haven,497912,,0,,1639008,0,1
152912,1538,378779128,RET:M007:497913,Nesselande,497913,,1,,1639144,0,1
152912,1538,378779129,RET:M007:498000,Nesselande,498000,,1,,1639144,0,1
152912,1538,378779130,RET:M007:498101,Nesselande,498101,,1,,1639144,0,1
152912,1538,378779131,RET:M007:497914,Steendijkpolder,497914,,0,,1638885,0,1
152912,1538,378779132,RET:M007:497939,Steendijkpolder,497939,,0,,1638885,0,1
152912,1538,378779133,RET:M007:497973,Steendijkpolder,497973,,0,,1638885,0,1
152912,1538,378779134,RET:M007:498001,Steendijkpolder,498001,,0,,1638885,0,1
152912,1538,378779135,RET:M007:498034,Steendijkpolder,498034,,0,,1638885,0,1
152912,1538,378779136,RET:M007:498040,Steendijkpolder,498040,,0,,1638885,0,1
152912,1538,378779137,RET:M007:498095,Steendijkpolder,498095,,0,,1638885,0,1
152912,1538,378779138,RET:M007:498112,Steendijkpolder,498112,,0,,1638885,0,1
152912,1538,378779139,RET:M007:497915,Nesselande,497915,,1,,1639111,0,1
152912,1538,378779140,RET:M007:497940,Nesselande,497940,,1,,1639111,0,1
152912,1538,378779141,RET:M007:497974,Nesselande,497974,,1,,1639111,0,1
152912,1538,378779142,RET:M007:497979,Nesselande,497979,,1,,1639111,0,1
152912,1538,378779143,RET:M007:498002,Nesselande,498002,,1,,1639111,0,1
152912,1538,378779144,RET:M007:498041,Nesselande,498041,,1,,1639111,0,1
152912,1538,378779145,RET:M007:498062,Nesselande,498062,,1,,1639111,0,1
152912,1538,378779146,RET:M007:498096,Nesselande,498096,,1,,1639111,0,1
152912,1538,378779147,RET:M007:498113,Nesselande,498113,,1,,1639111,0,1
152912,1538,378779148,RET:M007:497916,Hoek v Holland Strand,497916,,0,,1639197,0,1
152912,1538,378779149,RET:M007:497918,Hoek v Holland Strand,497918,,0,,1639197,0,1
152912,1538,378779150,RET:M007:497920,Hoek v Holland Strand,497920,,0,,1639197,0,1
152912,1538,378779151,RET:M007:497922,Hoek v Holland Strand,497922,,0,,1639197,0,1
152912,1538,378779152,RET:M007:497924,Hoek v Holland Strand,497924,,0,,1639197,0,1
152912,1538,378779153,RET:M007:497926,Hoek v Holland Strand,497926,,0,,1639197,0,1
152912,1538,378779154,RET:M007:497941,Hoek v Holland Strand,497941,,0,,1639197,0,1
152912,1538,378779155,RET:M007:497943,Hoek v Holland Strand,497943,,0,,1639197,0,1
152912,1538,378779156,RET:M007:497945,Hoek v Holland Strand,497945,,0,,1639197,0,1
152912,1538,378779157,RET:M007:497947,Hoek v Holland Strand,497947,,0,,1639197,0,1
152912,1538,378779158,RET:M007:497949,Hoek v Holland Strand,497949,,0,,1639197,0,1
152912,1538,378779159,RET:M007:497951,Hoek v Holland Strand,497951,,0,,1639197,0,1
152912,1538,378779160,RET:M007:497961,Hoek v Holland Strand,497961,,0,,1639197,0,1
152912,1538,378779161,RET:M007:497963,Hoek v Holland Strand,497963,,0,,1639197,0,1
152912,1538,378779162,RET:M007:497965,Hoek v Holland Strand,497965,,0,,1639197,0,1
152912,1538,378779163,RET:M007:497967,Hoek v Holland Strand,497967,,0,,1639197,0,1
152912,1538,378779164,RET:M007:497969,Hoek v Holland Strand,497969,,0,,1639197,0,1
152912,1538,378779165,RET:M007:497971,Hoek v Holland Strand,497971,,0,,1639197,0,1
152912,1538,378779166,RET:M007:497980,Hoek v Holland Strand,497980,,0,,1639197,0,1
152912,1538,378779167,RET:M007:497982,Hoek v Holland Strand,497982,,0,,1639197,0,1
152912,1538,378779168,RET:M007:497984,Hoek v Holland Strand,497984,,0,,1639197,0,1
152912,1538,378779169,RET:M007:497986,Hoek v Holland Strand,497986,,0,,1639197,0,1
152912,1538,378779170,RET:M007:497988,Hoek v Holland Strand,497988,,0,,1639197,0,1
152912,1538,378779171,RET:M007:497990,Hoek v Holland Strand,497990,,0,,1639197,0,1
152912,1538,378779172,RET:M007:498003,Hoek v Holland Strand,498003,,0,,1639197,0,1
152912,1538,378779173,RET:M007:498005,Hoek v Holland Strand,498005,,0,,1639197,0,1
152912,1538,378779174,RET:M007:498007,Hoek v Holland Strand,498007,,0,,1639197,0,1
152912,1538,378779175,RET:M007:498009,Hoek v Holland Strand,498009,,0,,1639197,0,1
152912,1538,378779176,RET:M007:498011,Hoek v Holland Strand,498011,,0,,1639197,0,1
152912,1538,378779177,RET:M007:498013,Hoek v Holland Strand,498013,,0,,1639197,0,1
152912,1538,378779178,RET:M007:498022,Hoek v Holland Strand,498022,,0,,1639197,0,1
152912,1538,378779179,RET:M007:498024,Hoek v Holland Strand,498024,,0,,1639197,0,1
152912,1538,378779180,RET:M007:498026,Hoek v Holland Strand,498026,,0,,1639197,0,1
152912,1538,378779181,RET:M007:498028,Hoek v Holland Strand,498028,,0,,1639197,0,1
152912,1538,378779182,RET:M007:498030,Hoek v Holland Strand,498030,,0,,1639197,0,1
152912,1538,378779183,RET:M007:498032,Hoek v Holland Strand,498032,,0,,1639197,0,1
152912,1538,378779184,RET:M007:498042,Hoek v Holland Strand,498042,,0,,1639197,0,1
152912,1538,378779185,RET:M007:498044,Hoek v Holland Strand,498044,,0,,1639197,0,1
152912,1538,378779186,RET:M007:498046,Hoek v Holland Strand,498046,,0,,1639197,0,1
152912,1538,378779187,RET:M007:498048,Hoek v Holland Strand,498048,,0,,1639197,0,1
152912,1538,378779188,RET:M007:498050,Hoek v Holland Strand,498050,,0,,1639197,0,1
152912,1538,378779189,RET:M007:498052,Hoek v Holland Strand,498052,,0,,1639197,0,1
152912,1538,378779190,RET:M007:498063,Hoek v Holland Strand,498063,,0,,1639197,0,1
152912,1538,378779191,RET:M007:498065,Hoek v Holland Strand,498065,,0,,1639197,0,1
152912,1538,378779192,RET:M007:498067,Hoek v Holland Strand,498067,,0,,1639197,0,1
152912,1538,378779193,RET:M007:498069,Hoek v Holland Strand,498069,,0,,1639197,0,1
152912,1538,378779194,RET:M007:498071,Hoek v Holland Strand,498071,,0,,1639197,0,1
152912,1538,378779195,RET:M007:498073,Hoek v Holland Strand,498073,,0,,1639197,0,1
152912,1538,378779196,RET:M007:498083,Hoek v Holland Strand,498083,,0,,1639197,0,1
152912,1538,378779197,RET:M007:498085,Hoek v Holland Strand,498085,,0,,1639197,0,1
152912,1538,378779198,RET:M007:498087,Hoek v Holland Strand,498087,,0,,1639197,0,1
152912,1538,378779199,RET:M007:498089,Hoek v Holland Strand,498089,,0,,1639197,0,1
152912,1538,378779200,RET:M007:498091,Hoek v Holland Strand,498091,,0,,1639197,0,1
152912,1538,378779201,RET:M007:498093,Hoek v Holland Strand,498093,,0,,1639197,0,1
152912,1538,378779202,RET:M007:498102,Hoek v Holland Strand,498102,,0,,1639197,0,1
152912,1538,378779203,RET:M007:498104,Hoek v Holland Strand,498104,,0,,1639197,0,1
152912,1538,378779204,RET:M007:498106,Hoek v Holland Strand,498106,,0,,1639197,0,1
152912,1538,378779205,RET:M007:498108,Hoek v Holland Strand,498108,,0,,1639197,0,1
152912,1538,378779206,RET:M007:498110,Hoek v Holland Strand,498110,,0,,1639197,0,1
152912,1538,378779207,RET:M007:498114,Hoek v Holland Strand,498114,,0,,1639197,0,1
152912,1538,378779208,RET:M007:497917,Nesselande,497917,,1,,1639171,0,1
152912,1538,378779209,RET:M007:497919,Nesselande,497919,,1,,1639171,0,1
152912,1538,378779210,RET:M007:497921,Nesselande,497921,,1,,1639171,0,1
152912,1538,378779211,RET:M007:497923,Nesselande,497923,,1,,1639171,0,1
152912,1538,378779212,RET:M007:497925,Nesselande,497925,,1,,1639171,0,1
152912,1538,378779213,RET:M007:497927,Nesselande,497927,,1,,1639171,0,1
152912,1538,378779214,RET:M007:497942,Nesselande,497942,,1,,1639171,0,1
152912,1538,378779215,RET:M007:497944,Nesselande,497944,,1,,1639171,0,1
152912,1538,378779216,RET:M007:497946,Nesselande,497946,,1,,1639171,0,1
152912,1538,378779217,RET:M007:497948,Nesselande,497948,,1,,1639171,0,1
152912,1538,378779218,RET:M007:497950,Nesselande,497950,,1,,1639171,0,1
152912,1538,378779219,RET:M007:497952,Nesselande,497952,,1,,1639171,0,1
152912,1538,378779220,RET:M007:497962,Nesselande,497962,,1,,1639171,0,1
152912,1538,378779221,RET:M007:497964,Nesselande,497964,,1,,1639171,0,1
152912,1538,378779222,RET:M007:497966,Nesselande,497966,,1,,1639171,0,1
152912,1538,378779223,RET:M007:497968,Nesselande,497968,,1,,1639171,0,1
152912,1538,378779224,RET:M007:497970,Nesselande,497970,,1,,1639171,0,1
152912,1538,378779225,RET:M007:497972,Nesselande,497972,,1,,1639171,0,1
152912,1538,378779226,RET:M007:497981,Nesselande,497981,,1,,1639171,0,1
152912,1538,378779227,RET:M007:497983,Nesselande,497983,,1,,1639171,0,1
152912,1538,378779228,RET:M007:497985,Nesselande,497985,,1,,1639171,0,1
152912,1538,378779229,RET:M007:497987,Nesselande,497987,,1,,1639171,0,1
152912,1538,378779230,RET:M007:497989,Nesselande,497989,,1,,1639171,0,1
152912,1538,378779231,RET:M007:497991,Nesselande,497991,,1,,1639171,0,1
152912,1538,378779232,RET:M007:498004,Nesselande,498004,,1,,1639171,0,1
152912,1538,378779233,RET:M007:498006,Nesselande,498006,,1,,1639171,0,1
152912,1538,378779234,RET:M007:498008,Nesselande,498008,,1,,1639171,0,1
152912,1538,378779235,RET:M007:498010,Nesselande,498010,,1,,1639171,0,1
152912,1538,378779236,RET:M007:498012,Nesselande,498012,,1,,1639171,0,1
152912,1538,378779237,RET:M007:498023,Nesselande,498023,,1,,1639171,0,1
152912,1538,378779238,RET:M007:498025,Nesselande,498025,,1,,1639171,0,1
152912,1538,378779239,RET:M007:498027,Nesselande,498027,,1,,1639171,0,1
152912,1538,378779240,RET:M007:498029,Nesselande,498029,,1,,1639171,0,1
152912,1538,378779241,RET:M007:498031,Nesselande,498031,,1,,1639171,0,1
152912,1538,378779242,RET:M007:498033,Nesselande,498033,,1,,1639171,0,1
152912,1538,378779243,RET:M007:498043,Nesselande,498043,,1,,1639171,0,1
152912,1538,378779244,RET:M007:498045,Nesselande,498045,,1,,1639171,0,1
152912,1538,378779245,RET:M007:498047,Nesselande,498047,,1,,1639171,0,1
152912,1538,378779246,RET:M007:498049,Nesselande,498049,,1,,1639171,0,1
152912,1538,378779247,RET:M007:498051,Nesselande,498051,,1,,1639171,0,1
152912,1538,378779248,RET:M007:498053,Nesselande,498053,,1,,1639171,0,1
152912,1538,378779249,RET:M007:498064,Nesselande,498064,,1,,1639171,0,1
152912,1538,378779250,RET:M007:498066,Nesselande,498066,,1,,1639171,0,1
152912,1538,378779251,RET:M007:498068,Nesselande,498068,,1,,1639171,0,1
152912,1538,378779252,RET:M007:498070,Nesselande,498070,,1,,1639171,0,1
152912,1538,378779253,RET:M007:498072,Nesselande,498072,,1,,1639171,0,1
152912,1538,378779254,RET:M007:498074,Nesselande,498074,,1,,1639171,0,1
152912,1538,378779255,RET:M007:498084,Nesselande,498084,,1,,1639171,0,1
152912,1538,378779256,RET:M007:498086,Nesselande,498086,,1,,1639171,0,1
152912,1538,378779257,RET:M007:498088,Nesselande,498088,,1,,1639171,0,1
152912,1538,378779258,RET:M007:498090,Nesselande,498090,,1,,1639171,0,1
152912,1538,378779259,RET:M007:498092,Nesselande,498092,,1,,1639171,0,1
152912,1538,378779260,RET:M007:498094,Nesselande,498094,,1,,1639171,0,1
152912,1538,378779261,RET:M007:498103,Nesselande,498103,,1,,1639171,0,1
152912,1538,378779262,RET:M007:498105,Nesselande,498105,,1,,1639171,0,1
152912,1538,378779263,RET:M007:498107,Nesselande,498107,,1,,1639171,0,1
152912,1538,378779264,RET:M007:498109,Nesselande,498109,,1,,1639171,0,1
152912,1538,378779265,RET:M007:498111,Nesselande,498111,,1,,1639171,0,1
152912,1538,378779266,RET:M007:497928,Schiedam Centrum,497928,,0,,1639174,0,1
152912,1538,378779267,RET:M007:497953,Schiedam Centrum,497953,,0,,1639174,0,1
152912,1538,378779268,RET:M007:497992,Schiedam Centrum,497992,,0,,1639174,0,1
152912,1538,378779269,RET:M007:498054,Schiedam Centrum,498054,,0,,1639174,0,1
152912,1538,378779270,RET:M007:498075,Schiedam Centrum,498075,,0,,1639174,0,1
152912,1538,378779271,RET:M007:497931,Capelsebrug,497931,,1,,1639229,0,1
152912,1538,378779272,RET:M007:497956,Capelsebrug,497956,,1,,1639229,0,1
152912,1538,378779273,RET:M007:497938,Nesselande,497938,,1,,1638659,0,1
152912,1538,378779274,RET:M007:498021,Nesselande,498021,,1,,1638659,0,1
152912,1538,378779275,RET:M007:498057,Nesselande,498057,,1,,1638659,0,1
152912,1538,378779276,RET:M007:497960,Nesselande,497960,,1,,1638902,0,1
152912,1538,378779277,RET:M007:498039,Nesselande,498039,,1,,1638902,0,1
152912,1538,378779278,RET:M007:498082,Nesselande,498082,,1,,1638902,0,1
152912,1538,378779279,RET:M007:497975,Alexander,497975,,0,,1639159,0,1
152912,1538,378779280,RET:M007:498058,Alexander,498058,,0,,1639159,0,1
152912,1538,378779281,RET:M007:498097,Alexander,498097,,0,,1639159,0,1
152912,1538,378779282,RET:M007:497978,Steendijkpolder,497978,,0,,1639166,0,1
152912,1538,378779283,RET:M007:498061,Steendijkpolder,498061,,0,,1639166,0,1
152912,1538,378779284,RET:M007:497999,Hoek v Holland Haven,497999,,0,,1639211,0,1
152912,1538,378779285,RET:M007:498100,Hoek v Holland Haven,498100,,0,,1639211,0,1
152912,1538,378779286,RET:M007:498014,Capelsebrug,498014,,1,,1638755,0,1
152912,1538,378779287,RET:M007:498115,Capelsebrug,498115,,1,,1638755,0,1
152912,1538,378779288,RET:M007:498018,Schiedam Centrum,498018,,0,,1638751,0,1
152912,1538,378779289,RET:M007:498035,Capelsebrug,498035,,1,,1638652,0,1
152912,1021,378780021,RET:M007:503100,Nesselande,503100,,1,,1639111,0,
152912,1021,378780022,RET:M007:503102,Nesselande,503102,,1,,1639111,0,
152912,1021,378780023,RET:M007:503125,Nesselande,503125,,1,,1639111,0,
152912,1021,378780024,RET:M007:503149,Nesselande,503149,,1,,1639111,0,1
152912,1021,378780025,RET:M007:503166,Nesselande,503166,,1,,1639111,0,
152912,1021,378780026,RET:M007:503180,Nesselande,503180,,1,,1639111,0,1
152912,1021,378780027,RET:M007:503187,Nesselande,503187,,1,,1639111,0,
152912,1021,378780028,RET:M007:503209,Nesselande,503209,,1,,1639111,0,
152912,1021,378780029,RET:M007:503232,Nesselande,503232,,1,,1639111,0,1
152912,1021,378780030,RET:M007:503266,Nesselande,503266,,1,,1639111,0,1
152912,1021,378780031,RET:M007:503273,Nesselande,503273,,1,,1639111,0,
152912,1021,378780032,RET:M007:503305,Nesselande,503305,,1,,1639111,0,1
152912,1021,378780033,RET:M007:503101,Steendijkpolder,503101,,0,,1638885,0,
152912,1021,378780034,RET:M007:503124,Steendijkpolder,503124,,0,,1638885,0,
152912,1021,378780035,RET:M007:503148,Steendijkpolder,503148,,0,,1638885,0,
152912,1021,378780036,RET:M007:503179,Steendijkpolder,503179,,0,,1638885,0,1
152912,1021,378780037,RET:M007:503186,Steendijkpolder,503186,,0,,1638885,0,
152912,1021,378780038,RET:M007:503208,Steendijkpolder,503208,,0,,1638885,0,
152912,1021,378780039,RET:M007:503231,Steendijkpolder,503231,,0,,1638885,0,
152912,1021,378780040,RET:M007:503265,Steendijkpolder,503265,,0,,1638885,0,1
152912,1021,378780041,RET:M007:503286,Steendijkpolder,503286,,0,,1638885,0,1
152912,1021,378780042,RET:M007:503304,Steendijkpolder,503304,,0,,1638885,0,1
152912,1021,378780043,RET:M007:503103,Hoek v Holland Strand,503103,,0,,1639197,0,
152912,1021,378780044,RET:M007:503105,Hoek v Holland Strand,503105,,0,,1639197,0,1
152912,1021,378780045,RET:M007:503107,Hoek v Holland Strand,503107,,0,,1639197,0,1
152912,1021,378780046,RET:M007:503109,Hoek v Holland Strand,503109,,0,,1639197,0,
152912,1021,378780047,RET:M007:503111,Hoek v Holland Strand,503111,,0,,1639197,0,1
152912,1021,378780048,RET:M007:503113,Hoek v Holland Strand,503113,,0,,1639197,0,1
152912,1021,378780049,RET:M007:503126,Hoek v Holland Strand,503126,,0,,1639197,0,1
152912,1021,378780050,RET:M007:503128,Hoek v Holland Strand,503128,,0,,1639197,0,1
152912,1021,378780051,RET:M007:503130,Hoek v Holland Strand,503130,,0,,1639197,0,1
152912,1021,378780052,RET:M007:503132,Hoek v Holland Strand,503132,,0,,1639197,0,
152912,1021,378780053,RET:M007:503134,Hoek v Holland Strand,503134,,0,,1639197,0,1
152912,1021,378780054,RET:M007:503136,Hoek v Holland Strand,503136,,0,,1639197,0,1
152912,1021,378780055,RET:M007:503146,Hoek v Holland Strand,503146,,0,,1639197,0,
152912,1021,378780056,RET:M007:503150,Hoek v Holland Strand,503150,,0,,1639197,0,1
152912,1021,378780057,RET:M007:503152,Hoek v Holland Strand,503152,,0,,1639197,0,1
152912,1021,378780058,RET:M007:503154,Hoek v Holland Strand,503154,,0,,1639197,0,
152912,1021,378780059,RET:M007:503156,Hoek v Holland Strand,503156,,0,,1639197,0,
152912,1021,378780060,RET:M007:503158,Hoek v Holland Strand,503158,,0,,1639197,0,1
152912,1021,378780061,RET:M007:503160,Hoek v Holland Strand,503160,,0,,1639197,0,1
152912,1021,378780062,RET:M007:503167,Hoek v Holland Strand,503167,,0,,1639197,0,
152912,1021,378780063,RET:M007:503169,Hoek v Holland Strand,503169,,0,,1639197,0,1
152912,1021,378780064,RET:M007:503171,Hoek v Holland Strand,503171,,0,,1639197,0,1
152912,1021,378780065,RET:M007:503173,Hoek v Holland Strand,503173,,0,,1639197,0,
152912,1021,378780066,RET:M007:503175,Hoek v Holland Strand,503175,,0,,1639197,0,
152912,1021,378780067,RET:M007:503177,Hoek v Holland Strand,503177,,0,,1639197,0,1
152912,1021,378780068,RET:M007:503188,Hoek v Holland Strand,503188,,0,,1639197,0,1
152912,1021,378780069,RET:M007:503190,Hoek v Holland Strand,503190,,0,,1639197,0,1
152912,1021,378780070,RET:M007:503192,Hoek v Holland Strand,503192,,0,,1639197,0,1
152912,1021,378780071,RET:M007:503194,Hoek v Holland Strand,503194,,0,,1639197,0,
152912,1021,378780072,RET:M007:503196,Hoek v Holland Strand,503196,,0,,1639197,0,1
152912,1021,378780073,RET:M007:503198,Hoek v Holland Strand,503198,,0,,1639197,0,1
152912,1021,378780074,RET:M007:503210,Hoek v Holland Strand,503210,,0,,1639197,0,
152912,1021,378780075,RET:M007:503212,Hoek v Holland Strand,503212,,0,,1639197,0,1
152912,1021,378780076,RET:M007:503214,Hoek v Holland Strand,503214,,0,,1639197,0,1
152912,1021,378780077,RET:M007:503216,Hoek v Holland Strand,503216,,0,,1639197,0,
152912,1021,378780078,RET:M007:503218,Hoek v Holland Strand,503218,,0,,1639197,0,
152912,1021,378780079,RET:M007:503220,Hoek v Holland Strand,503220,,0,,1639197,0,1
152912,1021,378780080,RET:M007:503233,Hoek v Holland Strand,503233,,0,,1639197,0,1
152912,1021,378780081,RET:M007:503235,Hoek v Holland Strand,503235,,0,,1639197,0,1
152912,1021,378780082,RET:M007:503237,Hoek v Holland Strand,503237,,0,,1639197,0,
152912,1021,378780083,RET:M007:503239,Hoek v Holland Strand,503239,,0,,1639197,0,
152912,1021,378780084,RET:M007:503241,Hoek v Holland Strand,503241,,0,,1639197,0,1
152912,1021,378780085,RET:M007:503243,Hoek v Holland Strand,503243,,0,,1639197,0,1
152912,1021,378780086,RET:M007:503253,Hoek v Holland Strand,503253,,0,,1639197,0,
152912,1021,378780087,RET:M007:503255,Hoek v Holland Strand,503255,,0,,1639197,0,
152912,1021,378780088,RET:M007:503257,Hoek v Holland Strand,503257,,0,,1639197,0,1
152912,1021,378780089,RET:M007:503259,Hoek v Holland Strand,503259,,0,,1639197,0,1
152912,1021,378780090,RET:M007:503261,Hoek v Holland Strand,503261,,0,,1639197,0,
152912,1021,378780091,RET:M007:503263,Hoek v Holland Strand,503263,,0,,1639197,0,1
152912,1021,378780092,RET:M007:503267,Hoek v Holland Strand,503267,,0,,1639197,0,1
152912,1021,378780093,RET:M007:503274,Hoek v Holland Strand,503274,,0,,1639197,0,
152912,1021,378780094,RET:M007:503276,Hoek v Holland Strand,503276,,0,,1639197,0,1
152912,1021,378780095,RET:M007:503278,Hoek v Holland Strand,503278,,0,,1639197,0,1
152912,1021,378780096,RET:M007:503280,Hoek v Holland Strand,503280,,0,,1639197,0,
152912,1021,378780097,RET:M007:503282,Hoek v Holland Strand,503282,,0,,1639197,0,
152912,1021,378780098,RET:M007:503284,Hoek v Holland Strand,503284,,0,,1639197,0,1
152912,1021,378780099,RET:M007:503292,Hoek v Holland Strand,503292,,0,,1639197,0,
152912,1021,378780100,RET:M007:503294,Hoek v Holland Strand,503294,,0,,1639197,0,1
152912,1021,378780101,RET:M007:503296,Hoek v Holland Strand,503296,,0,,1639197,0,1
152912,1021,378780102,RET:M007:503298,Hoek v Holland Strand,503298,,0,,1639197,0,1
152912,1021,378780103,RET:M007:503300,Hoek v Holland Strand,503300,,0,,1639197,0,
152912,1021,378780104,RET:M007:503302,Hoek v Holland Strand,503302,,0,,1639197,0,1
152912,1021,378780105,RET:M007:503104,Nesselande,503104,,1,,1639171,0,1
152912,1021,378780106,RET:M007:503106,Nesselande,503106,,1,,1639171,0,1
152912,1021,378780107,RET:M007:503108,Nesselande,503108,,1,,1639171,0,
152912,1021,378780108,RET:M007:503110,Nesselande,503110,,1,,1639171,0,
152912,1021,378780109,RET:M007:503112,Nesselande,503112,,1,,1639171,0,1
152912,1021,378780110,RET:M007:503114,Nesselande,503114,,1,,1639171,0,1
152912,1021,378780111,RET:M007:503127,Nesselande,503127,,1,,1639171,0,1
152912,1021,378780112,RET:M007:503129,Nesselande,503129,,1,,1639171,0,1
152912,1021,378780113,RET:M007:503131,Nesselande,503131,,1,,1639171,0,
152912,1021,378780114,RET:M007:503133,Nesselande,503133,,1,,1639171,0,
152912,1021,378780115,RET:M007:503135,Nesselande,503135,,1,,1639171,0,1
152912,1021,378780116,RET:M007:503137,Nesselande,503137,,1,,1639171,0,1
152912,1021,378780117,RET:M007:503147,Nesselande,503147,,1,,1639171,0,
152912,1021,378780118,RET:M007:503151,Nesselande,503151,,1,,1639171,0,1
152912,1021,378780119,RET:M007:503153,Nesselande,503153,,1,,1639171,0,1
152912,1021,378780120,RET:M007:503155,Nesselande,503155,,1,,1639171,0,
152912,1021,378780121,RET:M007:503157,Nesselande,503157,,1,,1639171,0,1
152912,1021,378780122,RET:M007:503159,Nesselande,503159,,1,,1639171,0,1
152912,1021,378780123,RET:M007:503168,Nesselande,503168,,1,,1639171,0,
152912,1021,378780124,RET:M007:503170,Nesselande,503170,,1,,1639171,0,1
152912,1021,378780125,RET:M007:503172,Nesselande,503172,,1,,1639171,0,1
152912,1021,378780126,RET:M007:503174,Nesselande,503174,,1,,1639171,0,
152912,1021,378780127,RET:M007:503176,Nesselande,503176,,1,,1639171,0,1
152912,1021,378780128,RET:M007:503178,Nesselande,503178,,1,,1639171,0,1
152912,1021,378780129,RET:M007:503189,Nesselande,503189,,1,,1639171,0,1
152912,1021,378780130,RET:M007:503191,Nesselande,503191,,1,,1639171,0,1
152912,1021,378780131,RET:M007:503193,Nesselande,503193,,1,,1639171,0,
152912,1021,378780132,RET:M007:503195,Nesselande,503195,,1,,1639171,0,
152912,1021,378780133,RET:M007:503197,Nesselande,503197,,1,,1639171,0,1
152912,1021,378780134,RET:M007:503199,Nesselande,503199,,1,,1639171,0,1
152912,1021,378780135,RET:M007:503211,Nesselande,503211,,1,,1639171,0,1
152912,1021,378780136,RET:M007:503213,Nesselande,503213,,1,,1639171,0,1
152912,1021,378780137,RET:M007:503215,Nesselande,503215,,1,,1639171,0,1
152912,1021,378780138,RET:M007:503217,Nesselande,503217,,1,,1639171,0,
152912,1021,378780139,RET:M007:503219,Nesselande,503219,,1,,1639171,0,1
152912,1021,378780140,RET:M007:503221,Nesselande,503221,,1,,1639171,0,1
152912,1021,378780141,RET:M007:503230,Nesselande,503230,,1,,1639171,0,
152912,1021,378780142,RET:M007:503234,Nesselande,503234,,1,,1639171,0,1
152912,1021,378780143,RET:M007:503236,Nesselande,503236,,1,,1639171,0,1
152912,1021,378780144,RET:M007:503238,Nesselande,503238,,1,,1639171,0,
152912,1021,378780145,RET:M007:503240,Nesselande,503240,,1,,1639171,0,1
152912,1021,378780146,RET:M007:503242,Nesselande,503242,,1,,1639171,0,1
152912,1021,378780147,RET:M007:503244,Nesselande,503244,,1,,1639171,0,1
152912,1021,378780148,RET:M007:503254,Nesselande,503254,,1,,1639171,0,
152912,1021,378780149,RET:M007:503256,Nesselande,503256,,1,,1639171,0,1
152912,1021,378780150,RET:M007:503258,Nesselande,503258,,1,,1639171,0,1
152912,1021,378780151,RET:M007:503260,Nesselande,503260,,1,,1639171,0,
152912,1021,378780152,RET:M007:503262,Nesselande,503262,,1,,1639171,0,
152912,1021,378780153,RET:M007:503264,Nesselande,503264,,1,,1639171,0,1
152912,1021,378780154,RET:M007:503275,Nesselande,503275,,1,,1639171,0,1
152912,1021,378780155,RET:M007:503277,Nesselande,503277,,1,,1639171,0,1
152912,1021,378780156,RET:M007:503279,Nesselande,503279,,1,,1639171,0,1
152912,1021,378780157,RET:M007:503281,Nesselande,503281,,1,,1639171,0,
152912,1021,378780158,RET:M007:503283,Nesselande,503283,,1,,1639171,0,1
152912,1021,378780159,RET:M007:503285,Nesselande,503285,,1,,1639171,0,1
152912,1021,378780160,RET:M007:503293,Nesselande,503293,,1,,1639171,0,
152912,1021,378780161,RET:M007:503295,Nesselande,503295,,1,,1639171,0,1
152912,1021,378780162,RET:M007:503297,Nesselande,503297,,1,,1639171,0,1
152912,1021,378780163,RET:M007:503299,Nesselande,503299,,1,,1639171,0,
152912,1021,378780164,RET:M007:503301,Nesselande,503301,,1,,1639171,0,
152912,1021,378780165,RET:M007:503303,Nesselande,503303,,1,,1639171,0,1
152912,1021,378780166,RET:M007:503115,Schiedam Centrum,503115,,0,,1639174,0,1
152912,1021,378780167,RET:M007:503138,Schiedam Centrum,503138,,0,,1639174,0,1
152912,1021,378780168,RET:M007:503200,Schiedam Centrum,503200,,0,,1639174,0,1
152912,1021,378780169,RET:M007:503222,Schiedam Centrum,503222,,0,,1639174,0,1
152912,1021,378780170,RET:M007:503245,Schiedam Centrum,503245,,0,,1639174,0,1
152912,1021,378780171,RET:M007:503122,Hoek v Holland Haven,503122,,0,,1639211,0,
152912,1021,378780172,RET:M007:503184,Hoek v Holland Haven,503184,,0,,1639211,0,
152912,1021,378780173,RET:M007:503123,Nesselande,503123,,1,,1639144,0,
152912,1021,378780174,RET:M007:503185,Nesselande,503185,,1,,1639144,0,
152912,1021,378780175,RET:M007:503141,Nesselande,503141,,1,,1638659,0,1
152912,1021,378780176,RET:M007:503142,Alexander,503142,,0,,1639159,0,1
152912,1021,378780177,RET:M007:503181,Alexander,503181,,0,,1639159,0,1
152912,1021,378780178,RET:M007:503306,Alexander,503306,,0,,1639159,0,1
152912,1021,378780179,RET:M007:503145,Nesselande,503145,,1,,1638902,0,
152912,1021,378780180,RET:M007:503207,Nesselande,503207,,1,,1638902,0,
152912,1021,378780181,RET:M007:503252,Nesselande,503252,,1,,1638902,0,
152912,1021,378780182,RET:M007:503291,Nesselande,503291,,1,,1638902,0,
152912,1021,378780183,RET:M007:503161,Capelsebrug,503161,,1,,1638755,0,1
152912,1021,378780184,RET:M007:503268,Capelsebrug,503268,,1,,1638755,0,1
152912,1021,378780185,RET:M007:503165,Steendijkpolder,503165,,0,,1639166,0,
152912,1021,378780186,RET:M007:503272,Steendijkpolder,503272,,0,,1639166,0,
152912,1021,378780187,RET:M007:503203,Capelsebrug,503203,,1,,1639229,0,1
152912,1021,378780188,RET:M007:503248,Capelsebrug,503248,,1,,1639229,0,1
152912,1021,378780189,RET:M007:503229,Hoek v Holland Strand,503229,,0,,1638786,0,
152912,1021,378780190,RET:M007:503287,Capelsebrug,503287,,1,,1638652,0,1
152912,3249,378780974,RET:M007:508275,Nesselande,508275,,1,,1639111,0,
152912,3249,378780975,RET:M007:508277,Nesselande,508277,,1,,1639111,0,
152912,3249,378780976,RET:M007:508279,Nesselande,508279,,1,,1639111,0,1
152912,3249,378780977,RET:M007:508281,Nesselande,508281,,1,,1639111,0,1
152912,3249,378780978,RET:M007:508283,Nesselande,508283,,1,,1639111,0,1
152912,3249,378780979,RET:M007:508285,Nesselande,508285,,1,,1639111,0,
152912,3249,378780980,RET:M007:508287,Nesselande,508287,,1,,1639111,0,
152912,3249,378780981,RET:M007:508303,Nesselande,508303,,1,,1639111,0,
152912,3249,378780982,RET:M007:508305,Nesselande,508305,,1,,1639111,0,1
152912,3249,378780983,RET:M007:508307,Nesselande,508307,,1,,1639111,0,1
152912,3249,378780984,RET:M007:508309,Nesselande,508309,,1,,1639111,0,1
152912,3249,378780985,RET:M007:508311,Nesselande,508311,,1,,1639111,0,
152912,3249,378780986,RET:M007:508313,Nesselande,508313,,1,,1639111,0,
152912,3249,378780987,RET:M007:508319,Nesselande,508319,,1,,1639111,0,
152912,3249,378780988,RET:M007:508321,Nesselande,508321,,1,,1639111,0,
152912,3249,378780989,RET:M007:508323,Nesselande,508323,,1,,1639111,0,1
152912,3249,378780990,RET:M007:508325,Nesselande,508325,,1,,1639111,0,1
152912,3249,378780991,RET:M007:508327,Nesselande,508327,,1,,1639111,0,1
152912,3249,378780992,RET:M007:508329,Nesselande,508329,,1,,1639111,0,
152912,3249,378780993,RET:M007:508331,Nesselande,508331,,1,,1639111,0,
152912,3249,378780994,RET:M007:508367,Nesselande,508367,,1,,1639111,0,1
152912,3249,378780995,RET:M007:508376,Nesselande,508376,,1,,1639111,0,
152912,3249,378780996,RET:M007:508378,Nesselande,508378,,1,,1639111,0,1
152912,3249,378780997,RET:M007:508380,Nesselande,508380,,1,,1639111,0,1
152912,3249,378780998,RET:M007:508382,Nesselande,508382,,1,,1639111,0,1
152912,3249,378780999,RET:M007:508384,Nesselande,508384,,1,,1639111,0,
152912,3249,378781000,RET:M007:508386,Nesselande,508386,,1,,1639111,0,1
152912,3249,378781001,RET:M007:508391,Nesselande,508391,,1,,1639111,0,1
152912,3249,378781002,RET:M007:508411,Nesselande,508411,,1,,1639111,0,
152912,3249,378781003,RET:M007:508426,Nesselande,508426,,1,,1639111,0,1
152912,3249,378781004,RET:M007:508432,Nesselande,508432,,1,,1639111,0,
152912,3249,378781005,RET:M007:508434,Nesselande,508434,,1,,1639111,0,1
152912,3249,378781006,RET:M007:508436,Nesselande,508436,,1,,1639111,0,1
152912,3249,378781007,RET:M007:508438,Nesselande,508438,,1,,1639111,0,1
152912,3249,378781008,RET:M007:508440,Nesselande,508440,,1,,1639111,0,
152912,3249,378781009,RET:M007:508442,Nesselande,508442,,1,,1639111,0,
152912,3249,378781010,RET:M007:508500,Nesselande,508500,,1,,1639111,0,
152912,3249,378781011,RET:M007:508502,Nesselande,508502,,1,,1639111,0,1
152912,3249,378781012,RET:M007:508504,Nesselande,508504,,1,,1639111,0,1
152912,3249,378781013,RET:M007:508506,Nesselande,508506,,1,,1639111,0,1
152912,3249,378781014,RET:M007:508508,Nesselande,508508,,1,,1639111,0,
152912,3249,378781015,RET:M007:508276,Steendijkpolder,508276,,0,,1638885,0,
152912,3249,378781016,RET:M007:508278,Steendijkpolder,508278,,0,,1638885,0,
152912,3249,378781017,RET:M007:508280,Steendijkpolder,508280,,0,,1638885,0,1
152912,3249,378781018,RET:M007:508282,Steendijkpolder,508282,,0,,1638885,0,1
152912,3249,378781019,RET:M007:508284,Steendijkpolder,508284,,0,,1638885,0,1
152912,3249,378781020,RET:M007:508286,Steendijkpolder,508286,,0,,1638885,0,
152912,3249,378781021,RET:M007:508302,Steendijkpolder,508302,,0,,1638885,0,
152912,3249,378781022,RET:M007:508304,Steendijkpolder,508304,,0,,1638885,0,
152912,3249,378781023,RET:M007:508306,Steendijkpolder,508306,,0,,1638885,0,1
152912,3249,378781024,RET:M007:508308,Steendijkpolder,508308,,0,,1638885,0,1
152912,3249,378781025,RET:M007:508310,Steendijkpolder,508310,,0,,1638885,0,1
152912,3249,378781026,RET:M007:508312,Steendijkpolder,508312,,0,,1638885,0,
152912,3249,378781027,RET:M007:508320,Steendijkpolder,508320,,0,,1638885,0,
152912,3249,378781028,RET:M007:508322,Steendijkpolder,508322,,0,,1638885,0,1
152912,3249,378781029,RET:M007:508324,Steendijkpolder,508324,,0,,1638885,0,1
152912,3249,378781030,RET:M007:508326,Steendijkpolder,508326,,0,,1638885,0,1
152912,3249,378781031,RET:M007:508328,Steendijkpolder,508328,,0,,1638885,0,
152912,3249,378781032,RET:M007:508330,Steendijkpolder,508330,,0,,1638885,0,
152912,3249,378781033,RET:M007:508366,Steendijkpolder,508366,,0,,1638885,0,1
152912,3249,378781034,RET:M007:508375,Steendijkpolder,508375,,0,,1638885,0,
152912,3249,378781035,RET:M007:508377,Steendijkpolder,508377,,0,,1638885,0,1
152912,3249,378781036,RET:M007:508379,Steendijkpolder,508379,,0,,1638885,0,1
152912,3249,378781037,RET:M007:508381,Steendijkpolder,508381,,0,,1638885,0,1
152912,3249,378781038,RET:M007:508383,Steendijkpolder,508383,,0,,1638885,0,
152912,3249,378781039,RET:M007:508385,Steendijkpolder,508385,,0,,1638885,0,
152912,3249,378781040,RET:M007:508390,Steendijkpolder,508390,,0,,1638885,0,1
152912,3249,378781041,RET:M007:508425,Steendijkpolder,508425,,0,,1638885,0,1
152912,3249,378781042,RET:M007:508431,Steendijkpolder,508431,,0,,1638885,0,
152912,3249,378781043,RET:M007:508433,Steendijkpolder,508433,,0,,1638885,0,
152912,3249,378781044,RET:M007:508435,Steendijkpolder,508435,,0,,1638885,0,1
152912,3249,378781045,RET:M007:508437,Steendijkpolder,508437,,0,,1638885,0,1
152912,3249,378781046,RET:M007:508439,Steendijkpolder,508439,,0,,1638885,0,1
152912,3249,378781047,RET:M007:508441,Steendijkpolder,508441,,0,,1638885,0,
152912,3249,378781048,RET:M007:508443,Steendijkpolder,508443,,0,,1638885,0,
152912,3249,378781049,RET:M007:508477,Steendijkpolder,508477,,0,,1638885,0,1
152912,3249,378781050,RET:M007:508499,Steendijkpolder,508499,,0,,1638885,0,
152912,3249,378781051,RET:M007:508501,Steendijkpolder,508501,,0,,1638885,0,1
152912,3249,378781052,RET:M007:508503,Steendijkpolder,508503,,0,,1638885,0,1
152912,3249,378781053,RET:M007:508505,Steendijkpolder,508505,,0,,1638885,0,1
152912,3249,378781054,RET:M007:508507,Steendijkpolder,508507,,0,,1638885,0,
152912,3249,378781055,RET:M007:508509,Steendijkpolder,508509,,0,,1638885,0,
152912,3249,378781056,RET:M007:508288,Hoek v Holland Strand,508288,,0,,1639197,0,
152912,3249,378781057,RET:M007:508291,Hoek v Holland Strand,508291,,0,,1639197,0,1
152912,3249,378781058,RET:M007:508314,Hoek v Holland Strand,508314,,0,,1639197,0,1
152912,3249,378781059,RET:M007:508332,Hoek v Holland Strand,508332,,0,,1639197,0,1
152912,3249,378781060,RET:M007:508337,Hoek v Holland Strand,508337,,0,,1639197,0,
152912,3249,378781061,RET:M007:508339,Hoek v Holland Strand,508339,,0,,1639197,0,
152912,3249,378781062,RET:M007:508341,Hoek v Holland Strand,508341,,0,,1639197,0,1
152912,3249,378781063,RET:M007:508343,Hoek v Holland Strand,508343,,0,,1639197,0,1
152912,3249,378781064,RET:M007:508345,Hoek v Holland Strand,508345,,0,,1639197,0,
152912,3249,378781065,RET:M007:508347,Hoek v Holland Strand,508347,,0,,1639197,0,
152912,3249,378781066,RET:M007:508353,Hoek v Holland Strand,508353,,0,,1639197,0,
152912,3249,378781067,RET:M007:508355,Hoek v Holland Strand,508355,,0,,1639197,0,1
152912,3249,378781068,RET:M007:508357,Hoek v Holland Strand,508357,,0,,1639197,0,1
152912,3249,378781069,RET:M007:508359,Hoek v Holland Strand,508359,,0,,1639197,0,1
152912,3249,378781070,RET:M007:508361,Hoek v Holland Strand,508361,,0,,1639197,0,
152912,3249,378781071,RET:M007:508363,Hoek v Holland Strand,508363,,0,,1639197,0,1
152912,3249,378781072,RET:M007:508368,Hoek v Holland Strand,508368,,0,,1639197,0,1
152912,3249,378781073,RET:M007:508388,Hoek v Holland Strand,508388,,0,,1639197,0,1
152912,3249,378781074,RET:M007:508396,Hoek v Holland Strand,508396,,0,,1639197,0,
152912,3249,378781075,RET:M007:508398,Hoek v Holland Strand,508398,,0,,1639197,0,
152912,3249,378781076,RET:M007:508400,Hoek v Holland Strand,508400,,0,,1639197,0,1
152912,3249,378781077,RET:M007:508402,Hoek v Holland Strand,508402,,0,,1639197,0,1
152912,3249,378781078,RET:M007:508404,Hoek v Holland Strand,508404,,0,,1639197,0,
152912,3249,378781079,RET:M007:508406,Hoek v Holland Strand,508406,,0,,1639197,0,
152912,3249,378781080,RET:M007:508412,Hoek v Holland Strand,508412,,0,,1639197,0,
152912,3249,378781081,RET:M007:508414,Hoek v Holland Strand,508414,,0,,1639197,0,1
152912,3249,378781082,RET:M007:508416,Hoek v Holland Strand,508416,,0,,1639197,0,1
152912,3249,378781083,RET:M007:508418,Hoek v Holland Strand,508418,,0,,1639197,0,1
152912,3249,378781084,RET:M007:508420,Hoek v Holland Strand,508420,,0,,1639197,0,
152912,3249,378781085,RET:M007:508423,Hoek v Holland Strand,508423,,0,,1639197,0,1
152912,3249,378781086,RET:M007:508448,Hoek v Holland Strand,508448,,0,,1639197,0,
152912,3249,378781087,RET:M007:508450,Hoek v Holland Strand,508450,,0,,1639197,0,
152912,3249,378781088,RET:M007:508452,Hoek v Holland Strand,508452,,0,,1639197,0,1
152912,3249,378781089,RET:M007:508454,Hoek v Holland Strand,508454,,0,,1639197,0,1
152912,3249,378781090,RET:M007:508456,Hoek v Holland Strand,508456,,0,,1639197,0,
152912,3249,378781091,RET:M007:508458,Hoek v Holland Strand,508458,,0,,1639197,0,
152912,3249,378781092,RET:M007:508464,Hoek v Holland Strand,508464,,0,,1639197,0,
152912,3249,378781093,RET:M007:508466,Hoek v Holland Strand,508466,,0,,1639197,0,1
152912,3249,378781094,RET:M007:508468,Hoek v Holland Strand,508468,,0,,1639197,0,1
152912,3249,378781095,RET:M007:508470,Hoek v Holland Strand,508470,,0,,1639197,0,
152912,3249,378781096,RET:M007:508472,Hoek v Holland Strand,508472,,0,,1639197,0,
152912,3249,378781097,RET:M007:508475,Hoek v Holland Strand,508475,,0,,1639197,0,1
152912,3249,378781098,RET:M007:508483,Hoek v Holland Strand,508483,,0,,1639197,0,
152912,3249,378781099,RET:M007:508485,Hoek v Holland Strand,508485,,0,,1639197,0,1
152912,3249,378781100,RET:M007:508487,Hoek v Holland Strand,508487,,0,,1639197,0,1
152912,3249,378781101,RET:M007:508489,Hoek v Holland Strand,508489,,0,,1639197,0,1
152912,3249,378781102,RET:M007:508491,Hoek v Holland Strand,508491,,0,,1639197,0,
152912,3249,378781103,RET:M007:508512,Hoek v Holland Strand,508512,,0,,1639197,0,1
152912,3249,378781104,RET:M007:508514,Hoek v Holland Strand,508514,,0,,1639197,0,1
152912,3249,378781105,RET:M007:508518,Hoek v Holland Strand,508518,,0,,1639197,0,1
152912,3249,378781106,RET:M007:508520,Hoek v Holland Strand,508520,,0,,1639197,0,1
152912,3249,378781107,RET:M007:508524,Hoek v Holland Strand,508524,,0,,1639197,0,1
152912,3249,378781108,RET:M007:508526,Hoek v Holland Strand,508526,,0,,1639197,0,1
152912,3249,378781109,RET:M007:508530,Hoek v Holland Strand,508530,,0,,1639197,0,1
152912,3249,378781110,RET:M007:508538,Hoek v Holland Strand,508538,,0,,1639197,0,1
152912,3249,378781111,RET:M007:508289,Nesselande,508289,,1,,1639171,0,1
152912,3249,378781112,RET:M007:508292,Nesselande,508292,,1,,1639171,0,1
152912,3249,378781113,RET:M007:508338,Nesselande,508338,,1,,1639171,0,
152912,3249,378781114,RET:M007:508340,Nesselande,508340,,1,,1639171,0,1
152912,3249,378781115,RET:M007:508342,Nesselande,508342,,1,,1639171,0,1
152912,3249,378781116,RET:M007:508344,Nesselande,508344,,1,,1639171,0,1
152912,3249,378781117,RET:M007:508346,Nesselande,508346,,1,,1639171,0,
152912,3249,378781118,RET:M007:508354,Nesselande,508354,,1,,1639171,0,
152912,3249,378781119,RET:M007:508356,Nesselande,508356,,1,,1639171,0,1
152912,3249,378781120,RET:M007:508358,Nesselande,508358,,1,,1639171,0,1
152912,3249,378781121,RET:M007:508360,Nesselande,508360,,1,,1639171,0,
152912,3249,378781122,RET:M007:508362,Nesselande,508362,,1,,1639171,0,
152912,3249,378781123,RET:M007:508364,Nesselande,508364,,1,,1639171,0,1
152912,3249,378781124,RET:M007:508374,Nesselande,508374,,1,,1639171,0,
152912,3249,378781125,RET:M007:508389,Nesselande,508389,,1,,1639171,0,1
152912,3249,378781126,RET:M007:508397,Nesselande,508397,,1,,1639171,0,
152912,3249,378781127,RET:M007:508399,Nesselande,508399,,1,,1639171,0,1
152912,3249,378781128,RET:M007:508401,Nesselande,508401,,1,,1639171,0,1
152912,3249,378781129,RET:M007:508403,Nesselande,508403,,1,,1639171,0,1
152912,3249,378781130,RET:M007:508405,Nesselande,508405,,1,,1639171,0,
152912,3249,378781131,RET:M007:508413,Nesselande,508413,,1,,1639171,0,
152912,3249,378781132,RET:M007:508415,Nesselande,508415,,1,,1639171,0,1
152912,3249,378781133,RET:M007:508417,Nesselande,508417,,1,,1639171,0,1
152912,3249,378781134,RET:M007:508419,Nesselande,508419,,1,,1639171,0,
152912,3249,378781135,RET:M007:508421,Nesselande,508421,,1,,1639171,0,
152912,3249,378781136,RET:M007:508424,Nesselande,508424,,1,,1639171,0,1
152912,3249,378781137,RET:M007:508449,Nesselande,508449,,1,,1639171,0,
152912,3249,378781138,RET:M007:508451,Nesselande,508451,,1,,1639171,0,1
152912,3249,378781139,RET:M007:508453,Nesselande,508453,,1,,1639171,0,1
152912,3249,378781140,RET:M007:508455,Nesselande,508455,,1,,1639171,0,1
152912,3249,378781141,RET:M007:508457,Nesselande,508457,,1,,1639171,0,
152912,3249,378781142,RET:M007:508463,Nesselande,508463,,1,,1639171,0,
152912,3249,378781143,RET:M007:508465,Nesselande,508465,,1,,1639171,0,1
152912,3249,378781144,RET:M007:508467,Nesselande,508467,,1,,1639171,0,1
152912,3249,378781145,RET:M007:508469,Nesselande,508469,,1,,1639171,0,1
152912,3249,378781146,RET:M007:508471,Nesselande,508471,,1,,1639171,0,
152912,3249,378781147,RET:M007:508473,Nesselande,508473,,1,,1639171,0,1
152912,3249,378781148,RET:M007:508476,Nesselande,508476,,1,,1639171,0,1
152912,3249,378781149,RET:M007:508484,Nesselande,508484,,1,,1639171,0,
152912,3249,378781150,RET:M007:508486,Nesselande,508486,,1,,1639171,0,1
152912,3249,378781151,RET:M007:508488,Nesselande,508488,,1,,1639171,0,1
152912,3249,378781152,RET:M007:508490,Nesselande,508490,,1,,1639171,0,
152912,3249,378781153,RET:M007:508492,Nesselande,508492,,1,,1639171,0,
152912,3249,378781154,RET:M007:508513,Nesselande,508513,,1,,1639171,0,1
152912,3249,378781155,RET:M007:508515,Nesselande,508515,,1,,1639171,0,1
152912,3249,378781156,RET:M007:508519,Nesselande,508519,,1,,1639171,0,1
152912,3249,378781157,RET:M007:508525,Nesselande,508525,,1,,1639171,0,1
152912,3249,378781158,RET:M007:508531,Nesselande,508531,,1,,1639171,0,1
152912,3249,378781159,RET:M007:508539,Nesselande,508539,,1,,1639171,0,1
152912,3249,378781160,RET:M007:508293,Schiedam Centrum,508293,,0,,1639174,0,1
152912,3249,378781161,RET:M007:508532,Schiedam Centrum,508532,,0,,1639174,0,1
152912,3249,378781162,RET:M007:508296,Capelsebrug,508296,,1,,1639229,0,1
152912,3249,378781163,RET:M007:508535,Capelsebrug,508535,,1,,1639229,0,1
152912,3249,378781164,RET:M007:508300,Hoek v Holland Haven,508300,,0,,1639211,0,
152912,3249,378781165,RET:M007:508351,Hoek v Holland Haven,508351,,0,,1639211,0,
152912,3249,378781166,RET:M007:508301,Nesselande,508301,,1,,1639144,0,
152912,3249,378781167,RET:M007:508352,Nesselande,508352,,1,,1639144,0,
152912,3249,378781168,RET:M007:508315,Nesselande,508315,,1,,1638988,0,1
152912,3249,378781169,RET:M007:508333,Nesselande,508333,,1,,1638988,0,1
152912,3249,378781170,RET:M007:508348,Nesselande,508348,,1,,1638988,0,
152912,3249,378781171,RET:M007:508407,Nesselande,508407,,1,,1638988,0,1
152912,3249,378781172,RET:M007:508459,Nesselande,508459,,1,,1638988,0,1
152912,3249,378781173,RET:M007:508318,Steendijkpolder,508318,,0,,1639166,0,
152912,3249,378781174,RET:M007:508410,Steendijkpolder,508410,,0,,1639166,0,
152912,3249,378781175,RET:M007:508336,Nesselande,508336,,1,,1638902,0,
152912,3249,378781176,RET:M007:508395,Nesselande,508395,,1,,1638902,0,
152912,3249,378781177,RET:M007:508430,Nesselande,508430,,1,,1638902,0,
152912,3249,378781178,RET:M007:508447,Nesselande,508447,,1,,1638902,0,
152912,3249,378781179,RET:M007:508482,Nesselande,508482,,1,,1638902,0,
152912,3249,378781180,RET:M007:508498,Nesselande,508498,,1,,1638902,0,
152912,3249,378781181,RET:M007:508369,Schiedam Centrum,508369,,1,,1638764,0,1
152912,3249,378781182,RET:M007:508373,Hoek v Holland Strand,508373,,0,,1638786,0,
152912,3249,378781183,RET:M007:508462,Hoek v Holland Strand,508462,,0,,1638786,0,
152912,3249,378781184,RET:M007:508392,Alexander,508392,,0,,1639159,0,1
152912,3249,378781185,RET:M007:508427,Alexander,508427,,0,,1639159,0,1
152912,3249,378781186,RET:M007:508516,Alexander,508516,,0,,1639159,0,1
152912,3249,378781187,RET:M007:508540,Alexander,508540,,0,,1639159,0,1
152912,3249,378781188,RET:M007:508444,Nesselande,508444,,1,,1638715,0,1
152912,3249,378781189,RET:M007:508510,Nesselande,508510,,1,,1638715,0,
152912,3249,378781190,RET:M007:508478,Capelsebrug,508478,,1,,1638652,0,1
152912,3249,378781191,RET:M007:508493,Hoek v Holland Strand,508493,,0,,1639224,0,1
152912,3249,378781192,RET:M007:508494,Capelsebrug,508494,,1,,1639049,0,1
152912,3249,378781193,RET:M007:508521,Capelsebrug,508521,,1,,1638755,0,1
152912,3249,378781194,RET:M007:508527,Capelsebrug,508527,,1,,1638755,0,1
152912,2871,378782169,RET:M007:510104,Nesselande,510104,,1,,1639111,0,
152912,2871,378782170,RET:M007:510106,Nesselande,510106,,1,,1639111,0,
152912,2871,378782171,RET:M007:510108,Nesselande,510108,,1,,1639111,0,1
152912,2871,378782172,RET:M007:510110,Nesselande,510110,,1,,1639111,0,1
152912,2871,378782173,RET:M007:510112,Nesselande,510112,,1,,1639111,0,1
152912,2871,378782174,RET:M007:510114,Nesselande,510114,,1,,1639111,0,
152912,2871,378782175,RET:M007:510116,Nesselande,510116,,1,,1639111,0,
152912,2871,378782176,RET:M007:510131,Nesselande,510131,,1,,1639111,0,
152912,2871,378782177,RET:M007:510133,Nesselande,510133,,1,,1639111,0,1
152912,2871,378782178,RET:M007:510135,Nesselande,510135,,1,,1639111,0,1
152912,2871,378782179,RET:M007:510137,Nesselande,510137,,1,,1639111,0,1
152912,2871,378782180,RET:M007:510139,Nesselande,510139,,1,,1639111,0,
152912,2871,378782181,RET:M007:510141,Nesselande,510141,,1,,1639111,0,
152912,2871,378782182,RET:M007:510154,Nesselande,510154,,1,,1639111,0,
152912,2871,378782183,RET:M007:510156,Nesselande,510156,,1,,1639111,0,
152912,2871,378782184,RET:M007:510158,Nesselande,510158,,1,,1639111,0,1
152912,2871,378782185,RET:M007:510160,Nesselande,510160,,1,,1639111,0,1
152912,2871,378782186,RET:M007:510162,Nesselande,510162,,1,,1639111,0,1
152912,2871,378782187,RET:M007:510164,Nesselande,510164,,1,,1639111,0,
152912,2871,378782188,RET:M007:510166,Nesselande,510166,,1,,1639111,0,
152912,2871,378782189,RET:M007:510217,Nesselande,510217,,1,,1639111,0,1
152912,2871,378782190,RET:M007:510226,Nesselande,510226,,1,,1639111,0,
152912,2871,378782191,RET:M007:510228,Nesselande,510228,,1,,1639111,0,1
152912,2871,378782192,RET:M007:510230,Nesselande,510230,,1,,1639111,0,1
152912,2871,378782193,RET:M007:510232,Nesselande,510232,,1,,1639111,0,1
152912,2871,378782194,RET:M007:510234,Nesselande,510234,,1,,1639111,0,
152912,2871,378782195,RET:M007:510255,Nesselande,510255,,1,,1639111,0,1
152912,2871,378782196,RET:M007:510260,Nesselande,510260,,1,,1639111,0,
152912,2871,378782197,RET:M007:510274,Nesselande,510274,,1,,1639111,0,1
152912,2871,378782198,RET:M007:510280,Nesselande,510280,,1,,1639111,0,
152912,2871,378782199,RET:M007:510282,Nesselande,510282,,1,,1639111,0,1
152912,2871,378782200,RET:M007:510284,Nesselande,510284,,1,,1639111,0,1
152912,2871,378782201,RET:M007:510286,Nesselande,510286,,1,,1639111,0,1
152912,2871,378782202,RET:M007:510288,Nesselande,510288,,1,,1639111,0,
152912,2871,378782203,RET:M007:510290,Nesselande,510290,,1,,1639111,0,
152912,2871,378782204,RET:M007:510292,Nesselande,510292,,1,,1639111,0,1
152912,2871,378782205,RET:M007:510361,Nesselande,510361,,1,,1639111,0,
152912,2871,378782206,RET:M007:510363,Nesselande,510363,,1,,1639111,0,1
152912,2871,378782207,RET:M007:510365,Nesselande,510365,,1,,1639111,0,1
152912,2871,378782208,RET:M007:510367,Nesselande,510367,,1,,1639111,0,1
152912,2871,378782209,RET:M007:510369,Nesselande,510369,,1,,1639111,0,
152912,2871,378782210,RET:M007:510371,Nesselande,510371,,1,,1639111,0,
152912,2871,378782211,RET:M007:510105,Steendijkpolder,510105,,0,,1638885,0,
152912,2871,378782212,RET:M007:510107,Steendijkpolder,510107,,0,,1638885,0,
152912,2871,378782213,RET:M007:510109,Steendijkpolder,510109,,0,,1638885,0,1
152912,2871,378782214,RET:M007:510111,Steendijkpolder,510111,,0,,1638885,0,1
152912,2871,378782215,RET:M007:510113,Steendijkpolder,510113,,0,,1638885,0,1
152912,2871,378782216,RET:M007:510115,Steendijkpolder,510115,,0,,1638885,0,
152912,2871,378782217,RET:M007:510130,Steendijkpolder,510130,,0,,1638885,0,
152912,2871,378782218,RET:M007:510132,Steendijkpolder,510132,,0,,1638885,0,
152912,2871,378782219,RET:M007:510134,Steendijkpolder,510134,,0,,1638885,0,1
152912,2871,378782220,RET:M007:510136,Steendijkpolder,510136,,0,,1638885,0,1
152912,2871,378782221,RET:M007:510138,Steendijkpolder,510138,,0,,1638885,0,1
152912,2871,378782222,RET:M007:510140,Steendijkpolder,510140,,0,,1638885,0,
152912,2871,378782223,RET:M007:510155,Steendijkpolder,510155,,0,,1638885,0,
152912,2871,378782224,RET:M007:510157,Steendijkpolder,510157,,0,,1638885,0,1
152912,2871,378782225,RET:M007:510159,Steendijkpolder,510159,,0,,1638885,0,1
152912,2871,378782226,RET:M007:510161,Steendijkpolder,510161,,0,,1638885,0,1
152912,2871,378782227,RET:M007:510163,Steendijkpolder,510163,,0,,1638885,0,
152912,2871,378782228,RET:M007:510165,Steendijkpolder,510165,,0,,1638885,0,
152912,2871,378782229,RET:M007:510216,Steendijkpolder,510216,,0,,1638885,0,1
152912,2871,378782230,RET:M007:510225,Steendijkpolder,510225,,0,,1638885,0,
152912,2871,378782231,RET:M007:510227,Steendijkpolder,510227,,0,,1638885,0,1
152912,2871,378782232,RET:M007:510229,Steendijkpolder,510229,,0,,1638885,0,1
152912,2871,378782233,RET:M007:510231,Steendijkpolder,510231,,0,,1638885,0,1
152912,2871,378782234,RET:M007:510233,Steendijkpolder,510233,,0,,1638885,0,
152912,2871,378782235,RET:M007:510235,Steendijkpolder,510235,,0,,1638885,0,
152912,2871,378782236,RET:M007:510254,Steendijkpolder,510254,,0,,1638885,0,1
152912,2871,378782237,RET:M007:510273,Steendijkpolder,510273,,0,,1638885,0,1
152912,2871,378782238,RET:M007:510279,Steendijkpolder,510279,,0,,1638885,0,
152912,2871,378782239,RET:M007:510281,Steendijkpolder,510281,,0,,1638885,0,
152912,2871,378782240,RET:M007:510283,Steendijkpolder,510283,,0,,1638885,0,1
152912,2871,378782241,RET:M007:510285,Steendijkpolder,510285,,0,,1638885,0,1
152912,2871,378782242,RET:M007:510287,Steendijkpolder,510287,,0,,1638885,0,1
152912,2871,378782243,RET:M007:510289,Steendijkpolder,510289,,0,,1638885,0,
152912,2871,378782244,RET:M007:510291,Steendijkpolder,510291,,0,,1638885,0,
152912,2871,378782245,RET:M007:510338,Steendijkpolder,510338,,0,,1638885,0,1
152912,2871,378782246,RET:M007:510360,Steendijkpolder,510360,,0,,1638885,0,
152912,2871,378782247,RET:M007:510362,Steendijkpolder,510362,,0,,1638885,0,1
152912,2871,378782248,RET:M007:510364,Steendijkpolder,510364,,0,,1638885,0,1
152912,2871,378782249,RET:M007:510366,Steendijkpolder,510366,,0,,1638885,0,1
152912,2871,378782250,RET:M007:510368,Steendijkpolder,510368,,0,,1638885,0,
152912,2871,378782251,RET:M007:510370,Steendijkpolder,510370,,0,,1638885,0,
152912,2871,378782252,RET:M007:510117,Hoek v Holland Strand,510117,,0,,1639197,0,
152912,2871,378782253,RET:M007:510119,Hoek v Holland Strand,510119,,0,,1639197,0,1
152912,2871,378782254,RET:M007:510142,Hoek v Holland Strand,510142,,0,,1639197,0,1
152912,2871,378782255,RET:M007:510144,Hoek v Holland Strand,510144,,0,,1639197,0,1
152912,2871,378782256,RET:M007:510167,Hoek v Holland Strand,510167,,0,,1639197,0,1
152912,2871,378782257,RET:M007:510169,Hoek v Holland Strand,510169,,0,,1639197,0,1
152912,2871,378782258,RET:M007:510179,Hoek v Holland Strand,510179,,0,,1639197,0,
152912,2871,378782259,RET:M007:510181,Hoek v Holland Strand,510181,,0,,1639197,0,
152912,2871,378782260,RET:M007:510183,Hoek v Holland Strand,510183,,0,,1639197,0,1
152912,2871,378782261,RET:M007:510185,Hoek v Holland Strand,510185,,0,,1639197,0,1
152912,2871,378782262,RET:M007:510187,Hoek v Holland Strand,510187,,0,,1639197,0,
152912,2871,378782263,RET:M007:510189,Hoek v Holland Strand,510189,,0,,1639197,0,
152912,2871,378782264,RET:M007:510191,Hoek v Holland Strand,510191,,0,,1639197,0,1
152912,2871,378782265,RET:M007:510193,Hoek v Holland Strand,510193,,0,,1639197,0,1
152912,2871,378782266,RET:M007:510204,Hoek v Holland Strand,510204,,0,,1639197,0,
152912,2871,378782267,RET:M007:510206,Hoek v Holland Strand,510206,,0,,1639197,0,1
152912,2871,378782268,RET:M007:510208,Hoek v Holland Strand,510208,,0,,1639197,0,1
152912,2871,378782269,RET:M007:510210,Hoek v Holland Strand,510210,,0,,1639197,0,1
152912,2871,378782270,RET:M007:510212,Hoek v Holland Strand,510212,,0,,1639197,0,
152912,2871,378782271,RET:M007:510214,Hoek v Holland Strand,510214,,0,,1639197,0,1
152912,2871,378782272,RET:M007:510218,Hoek v Holland Strand,510218,,0,,1639197,0,1
152912,2871,378782273,RET:M007:510240,Hoek v Holland Strand,510240,,0,,1639197,0,
152912,2871,378782274,RET:M007:510242,Hoek v Holland Strand,510242,,0,,1639197,0,
152912,2871,378782275,RET:M007:510244,Hoek v Holland Strand,510244,,0,,1639197,0,1
152912,2871,378782276,RET:M007:510246,Hoek v Holland Strand,510246,,0,,1639197,0,1
152912,2871,378782277,RET:M007:510248,Hoek v Holland Strand,510248,,0,,1639197,0,
152912,2871,378782278,RET:M007:510250,Hoek v Holland Strand,510250,,0,,1639197,0,
152912,2871,378782279,RET:M007:510252,Hoek v Holland Strand,510252,,0,,1639197,0,1
152912,2871,378782280,RET:M007:510261,Hoek v Holland Strand,510261,,0,,1639197,0,
152912,2871,378782281,RET:M007:510263,Hoek v Holland Strand,510263,,0,,1639197,0,1
152912,2871,378782282,RET:M007:510265,Hoek v Holland Strand,510265,,0,,1639197,0,1
152912,2871,378782283,RET:M007:510267,Hoek v Holland Strand,510267,,0,,1639197,0,1
152912,2871,378782284,RET:M007:510269,Hoek v Holland Strand,510269,,0,,1639197,0,
152912,2871,378782285,RET:M007:510293,Hoek v Holland Strand,510293,,0,,1639197,0,1
152912,2871,378782286,RET:M007:510295,Hoek v Holland Strand,510295,,0,,1639197,0,1
152912,2871,378782287,RET:M007:510305,Hoek v Holland Strand,510305,,0,,1639197,0,
152912,2871,378782288,RET:M007:510307,Hoek v Holland Strand,510307,,0,,1639197,0,
152912,2871,378782289,RET:M007:510309,Hoek v Holland Strand,510309,,0,,1639197,0,1
152912,2871,378782290,RET:M007:510311,Hoek v Holland Strand,510311,,0,,1639197,0,1
152912,2871,378782291,RET:M007:510313,Hoek v Holland Strand,510313,,0,,1639197,0,
152912,2871,378782292,RET:M007:510315,Hoek v Holland Strand,510315,,0,,1639197,0,
152912,2871,378782293,RET:M007:510317,Hoek v Holland Strand,510317,,0,,1639197,0,1
152912,2871,378782294,RET:M007:510319,Hoek v Holland Strand,510319,,0,,1639197,0,1
152912,2871,378782295,RET:M007:510326,Hoek v Holland Strand,510326,,0,,1639197,0,
152912,2871,378782296,RET:M007:510328,Hoek v Holland Strand,510328,,0,,1639197,0,1
152912,2871,378782297,RET:M007:510330,Hoek v Holland Strand,510330,,0,,1639197,0,1
152912,2871,378782298,RET:M007:510332,Hoek v Holland Strand,510332,,0,,1639197,0,
152912,2871,378782299,RET:M007:510334,Hoek v Holland Strand,510334,,0,,1639197,0,
152912,2871,378782300,RET:M007:510336,Hoek v Holland Strand,510336,,0,,1639197,0,1
152912,2871,378782301,RET:M007:510344,Hoek v Holland Strand,510344,,0,,1639197,0,
152912,2871,378782302,RET:M007:510346,Hoek v Holland Strand,510346,,0,,1639197,0,1
152912,2871,378782303,RET:M007:510348,Hoek v Holland Strand,510348,,0,,1639197,0,1
152912,2871,378782304,RET:M007:510350,Hoek v Holland Strand,510350,,0,,1639197,0,1
152912,2871,378782305,RET:M007:510352,Hoek v Holland Strand,510352,,0,,1639197,0,
152912,2871,378782306,RET:M007:510118,Nesselande,510118,,1,,1639171,0,1
152912,2871,378782307,RET:M007:510120,Nesselande,510120,,1,,1639171,0,1
152912,2871,378782308,RET:M007:510143,Nesselande,510143,,1,,1639171,0,1
152912,2871,378782309,RET:M007:510145,Nesselande,510145,,1,,1639171,0,1
152912,2871,378782310,RET:M007:510168,Nesselande,510168,,1,,1639171,0,1
152912,2871,378782311,RET:M007:510170,Nesselande,510170,,1,,1639171,0,1
152912,2871,378782312,RET:M007:510180,Nesselande,510180,,1,,1639171,0,
152912,2871,378782313,RET:M007:510182,Nesselande,510182,,1,,1639171,0,1
152912,2871,378782314,RET:M007:510184,Nesselande,510184,,1,,1639171,0,1
152912,2871,378782315,RET:M007:510186,Nesselande,510186,,1,,1639171,0,1
152912,2871,378782316,RET:M007:510188,Nesselande,510188,,1,,1639171,0,
152912,2871,378782317,RET:M007:510190,Nesselande,510190,,1,,1639171,0,
152912,2871,378782318,RET:M007:510192,Nesselande,510192,,1,,1639171,0,1
152912,2871,378782319,RET:M007:510194,Nesselande,510194,,1,,1639171,0,1
152912,2871,378782320,RET:M007:510205,Nesselande,510205,,1,,1639171,0,
152912,2871,378782321,RET:M007:510207,Nesselande,510207,,1,,1639171,0,1
152912,2871,378782322,RET:M007:510209,Nesselande,510209,,1,,1639171,0,1
152912,2871,378782323,RET:M007:510211,Nesselande,510211,,1,,1639171,0,
152912,2871,378782324,RET:M007:510213,Nesselande,510213,,1,,1639171,0,
152912,2871,378782325,RET:M007:510215,Nesselande,510215,,1,,1639171,0,1
152912,2871,378782326,RET:M007:510224,Nesselande,510224,,1,,1639171,0,
152912,2871,378782327,RET:M007:510241,Nesselande,510241,,1,,1639171,0,
152912,2871,378782328,RET:M007:510243,Nesselande,510243,,1,,1639171,0,1
152912,2871,378782329,RET:M007:510245,Nesselande,510245,,1,,1639171,0,1
152912,2871,378782330,RET:M007:510247,Nesselande,510247,,1,,1639171,0,1
152912,2871,378782331,RET:M007:510249,Nesselande,510249,,1,,1639171,0,
152912,2871,378782332,RET:M007:510251,Nesselande,510251,,1,,1639171,0,1
152912,2871,378782333,RET:M007:510253,Nesselande,510253,,1,,1639171,0,1
152912,2871,378782334,RET:M007:510262,Nesselande,510262,,1,,1639171,0,
152912,2871,378782335,RET:M007:510264,Nesselande,510264,,1,,1639171,0,1
152912,2871,378782336,RET:M007:510266,Nesselande,510266,,1,,1639171,0,1
152912,2871,378782337,RET:M007:510268,Nesselande,510268,,1,,1639171,0,
152912,2871,378782338,RET:M007:510272,Nesselande,510272,,1,,1639171,0,1
152912,2871,378782339,RET:M007:510294,Nesselande,510294,,1,,1639171,0,1
152912,2871,378782340,RET:M007:510296,Nesselande,510296,,1,,1639171,0,1
152912,2871,378782341,RET:M007:510306,Nesselande,510306,,1,,1639171,0,
152912,2871,378782342,RET:M007:510308,Nesselande,510308,,1,,1639171,0,1
152912,2871,378782343,RET:M007:510310,Nesselande,510310,,1,,1639171,0,1
152912,2871,378782344,RET:M007:510312,Nesselande,510312,,1,,1639171,0,1
152912,2871,378782345,RET:M007:510314,Nesselande,510314,,1,,1639171,0,
152912,2871,378782346,RET:M007:510316,Nesselande,510316,,1,,1639171,0,1
152912,2871,378782347,RET:M007:510318,Nesselande,510318,,1,,1639171,0,1
152912,2871,378782348,RET:M007:510325,Nesselande,510325,,1,,1639171,0,
152912,2871,378782349,RET:M007:510327,Nesselande,510327,,1,,1639171,0,1
152912,2871,378782350,RET:M007:510329,Nesselande,510329,,1,,1639171,0,1
152912,2871,378782351,RET:M007:510331,Nesselande,510331,,1,,1639171,0,1
152912,2871,378782352,RET:M007:510333,Nesselande,510333,,1,,1639171,0,
152912,2871,378782353,RET:M007:510335,Nesselande,510335,,1,,1639171,0,1
152912,2871,378782354,RET:M007:510337,Nesselande,510337,,1,,1639171,0,1
152912,2871,378782355,RET:M007:510345,Nesselande,510345,,1,,1639171,0,
152912,2871,378782356,RET:M007:510347,Nesselande,510347,,1,,1639171,0,1
152912,2871,378782357,RET:M007:510349,Nesselande,510349,,1,,1639171,0,1
152912,2871,378782358,RET:M007:510351,Nesselande,510351,,1,,1639171,0,
152912,2871,378782359,RET:M007:510353,Nesselande,510353,,1,,1639171,0,
152912,2871,378782360,RET:M007:510121,Schiedam Centrum,510121,,0,,1639174,0,1
152912,2871,378782361,RET:M007:510146,Schiedam Centrum,510146,,0,,1639174,0,1
152912,2871,378782362,RET:M007:510171,Schiedam Centrum,510171,,0,,1639174,0,1
152912,2871,378782363,RET:M007:510195,Schiedam Centrum,510195,,0,,1639174,0,1
152912,2871,378782364,RET:M007:510297,Schiedam Centrum,510297,,0,,1639174,0,1
152912,2871,378782365,RET:M007:510128,Hoek v Holland Haven,510128,,0,,1639211,0,
152912,2871,378782366,RET:M007:510202,Hoek v Holland Haven,510202,,0,,1639211,0,
152912,2871,378782367,RET:M007:510129,Nesselande,510129,,1,,1639144,0,
152912,2871,378782368,RET:M007:510203,Nesselande,510203,,1,,1639144,0,
152912,2871,378782369,RET:M007:510153,Steendijkpolder,510153,,0,,1639166,0,
152912,2871,378782370,RET:M007:510259,Steendijkpolder,510259,,0,,1639166,0,
152912,2871,378782371,RET:M007:510174,Nesselande,510174,,1,,1638659,0,1
152912,2871,378782372,RET:M007:510175,Alexander,510175,,0,,1639159,0,1
152912,2871,378782373,RET:M007:510256,Alexander,510256,,0,,1639159,0,1
152912,2871,378782374,RET:M007:510275,Alexander,510275,,0,,1639159,0,1
152912,2871,378782375,RET:M007:510178,Nesselande,510178,,1,,1638902,0,
152912,2871,378782376,RET:M007:510239,Nesselande,510239,,1,,1638902,0,
152912,2871,378782377,RET:M007:510278,Nesselande,510278,,1,,1638902,0,
152912,2871,378782378,RET:M007:510304,Nesselande,510304,,1,,1638902,0,
152912,2871,378782379,RET:M007:510343,Nesselande,510343,,1,,1638902,0,
152912,2871,378782380,RET:M007:510359,Nesselande,510359,,1,,1638902,0,
152912,2871,378782381,RET:M007:510198,Capelsebrug,510198,,1,,1639229,0,1
152912,2871,378782382,RET:M007:510300,Capelsebrug,510300,,1,,1639229,0,1
152912,2871,378782383,RET:M007:510219,Capelsebrug,510219,,1,,1638755,0,1
152912,2871,378782384,RET:M007:510320,Capelsebrug,510320,,1,,1638755,0,1
152912,2871,378782385,RET:M007:510223,Hoek v Holland Strand,510223,,0,,1638786,0,
152912,2871,378782386,RET:M007:510324,Hoek v Holland Strand,510324,,0,,1638786,0,
152912,2871,378782387,RET:M007:510236,Nesselande,510236,,1,,1638715,0,1
152912,2871,378782388,RET:M007:510270,Nesselande,510270,,1,,1638988,0,
152912,2871,378782389,RET:M007:510271,Hoek v Holland Strand,510271,,0,,1639151,0,1
152912,2871,378782390,RET:M007:510339,Capelsebrug,510339,,1,,1638652,0,1
152912,2871,378782391,RET:M007:510354,Hoek v Holland Strand,510354,,0,,1639224,0,1
152912,2871,378782392,RET:M007:510355,Capelsebrug,510355,,1,,1639049,0,1
152912,3346,378783308,RET:M007:511592,Hoek v Holland Haven,511592,,0,,1639008,0,1
152912,3346,378783309,RET:M007:511593,Nesselande,511593,,1,,1639144,0,1
152912,3346,378783310,RET:M007:511627,Nesselande,511627,,1,,1639144,0,1
152912,3346,378783311,RET:M007:511594,Steendijkpolder,511594,,0,,1638885,0,1
152912,3346,378783312,RET:M007:511628,Steendijkpolder,511628,,0,,1638885,0,1
152912,3346,378783313,RET:M007:511661,Steendijkpolder,511661,,0,,1638885,0,1
152912,3346,378783314,RET:M007:511723,Steendijkpolder,511723,,0,,1638885,0,1
152912,3346,378783315,RET:M007:511754,Steendijkpolder,511754,,0,,1638885,0,1
152912,3346,378783316,RET:M007:511760,Steendijkpolder,511760,,0,,1638885,0,1
152912,3346,378783317,RET:M007:511766,Steendijkpolder,511766,,0,,1638885,0,1
152912,3346,378783318,RET:M007:511778,Steendijkpolder,511778,,0,,1638885,0,1
152912,3346,378783319,RET:M007:511595,Nesselande,511595,,1,,1639111,0,1
152912,3346,378783320,RET:M007:511615,Nesselande,511615,,1,,1639111,0,1
152912,3346,378783321,RET:M007:511629,Nesselande,511629,,1,,1639111,0,1
152912,3346,378783322,RET:M007:511662,Nesselande,511662,,1,,1639111,0,1
152912,3346,378783323,RET:M007:511705,Nesselande,511705,,1,,1639111,0,1
152912,3346,378783324,RET:M007:511724,Nesselande,511724,,1,,1639111,0,1
152912,3346,378783325,RET:M007:511755,Nesselande,511755,,1,,1639111,0,1
152912,3346,378783326,RET:M007:511761,Nesselande,511761,,1,,1639111,0,1
152912,3346,378783327,RET:M007:511779,Nesselande,511779,,1,,1639111,0,1
152912,3346,378783328,RET:M007:511596,Hoek v Holland Strand,511596,,0,,1639197,0,1
152912,3346,378783329,RET:M007:511598,Hoek v Holland Strand,511598,,0,,1639197,0,1
152912,3346,378783330,RET:M007:511600,Hoek v Holland Strand,511600,,0,,1639197,0,1
152912,3346,378783331,RET:M007:511602,Hoek v Holland Strand,511602,,0,,1639197,0,1
152912,3346,378783332,RET:M007:511605,Hoek v Holland Strand,511605,,0,,1639197,0,1
152912,3346,378783333,RET:M007:511616,Hoek v Holland Strand,511616,,0,,1639197,0,1
152912,3346,378783334,RET:M007:511618,Hoek v Holland Strand,511618,,0,,1639197,0,1
152912,3346,378783335,RET:M007:511620,Hoek v Holland Strand,511620,,0,,1639197,0,1
152912,3346,378783336,RET:M007:511622,Hoek v Holland Strand,511622,,0,,1639197,0,1
152912,3346,378783337,RET:M007:511630,Hoek v Holland Strand,511630,,0,,1639197,0,1
152912,3346,378783338,RET:M007:511632,Hoek v Holland Strand,511632,,0,,1639197,0,1
152912,3346,378783339,RET:M007:511634,Hoek v Holland Strand,511634,,0,,1639197,0,1
152912,3346,378783340,RET:M007:511637,Hoek v Holland Strand,511637,,0,,1639197,0,1
152912,3346,378783341,RET:M007:511639,Hoek v Holland Strand,511639,,0,,1639197,0,1
152912,3346,378783342,RET:M007:511648,Hoek v Holland Strand,511648,,0,,1639197,0,1
152912,3346,378783343,RET:M007:511650,Hoek v Holland Strand,511650,,0,,1639197,0,1
152912,3346,378783344,RET:M007:511652,Hoek v Holland Strand,511652,,0,,1639197,0,1
152912,3346,378783345,RET:M007:511654,Hoek v Holland Strand,511654,,0,,1639197,0,1
152912,3346,378783346,RET:M007:511656,Hoek v Holland Strand,511656,,0,,1639197,0,1
152912,3346,378783347,RET:M007:511663,Hoek v Holland Strand,511663,,0,,1639197,0,1
152912,3346,378783348,RET:M007:511665,Hoek v Holland Strand,511665,,0,,1639197,0,1
152912,3346,378783349,RET:M007:511667,Hoek v Holland Strand,511667,,0,,1639197,0,1
152912,3346,378783350,RET:M007:511669,Hoek v Holland Strand,511669,,0,,1639197,0,1
152912,3346,378783351,RET:M007:511672,Hoek v Holland Strand,511672,,0,,1639197,0,1
152912,3346,378783352,RET:M007:511674,Hoek v Holland Strand,511674,,0,,1639197,0,1
152912,3346,378783353,RET:M007:511680,Hoek v Holland Strand,511680,,0,,1639197,0,1
152912,3346,378783354,RET:M007:511682,Hoek v Holland Strand,511682,,0,,1639197,0,1
152912,3346,378783355,RET:M007:511684,Hoek v Holland Strand,511684,,0,,1639197,0,1
152912,3346,378783356,RET:M007:511686,Hoek v Holland Strand,511686,,0,,1639197,0,1
152912,3346,378783357,RET:M007:511688,Hoek v Holland Strand,511688,,0,,1639197,0,1
152912,3346,378783358,RET:M007:511694,Hoek v Holland Strand,511694,,0,,1639197,0,1
152912,3346,378783359,RET:M007:511696,Hoek v Holland Strand,511696,,0,,1639197,0,1
152912,3346,378783360,RET:M007:511698,Hoek v Holland Strand,511698,,0,,1639197,0,1
152912,3346,378783361,RET:M007:511700,Hoek v Holland Strand,511700,,0,,1639197,0,1
152912,3346,378783362,RET:M007:511706,Hoek v Holland Strand,511706,,0,,1639197,0,1
152912,3346,378783363,RET:M007:511708,Hoek v Holland Strand,511708,,0,,1639197,0,1
152912,3346,378783364,RET:M007:511710,Hoek v Holland Strand,511710,,0,,1639197,0,1
152912,3346,378783365,RET:M007:511712,Hoek v Holland Strand,511712,,0,,1639197,0,1
152912,3346,378783366,RET:M007:511715,Hoek v Holland Strand,511715,,0,,1639197,0,1
152912,3346,378783367,RET:M007:511717,Hoek v Holland Strand,511717,,0,,1639197,0,1
152912,3346,378783368,RET:M007:511725,Hoek v Holland Strand,511725,,0,,1639197,0,1
152912,3346,378783369,RET:M007:511727,Hoek v Holland Strand,511727,,0,,1639197,0,1
152912,3346,378783370,RET:M007:511729,Hoek v Holland Strand,511729,,0,,1639197,0,1
152912,3346,378783371,RET:M007:511731,Hoek v Holland Strand,511731,,0,,1639197,0,1
152912,3346,378783372,RET:M007:511734,Hoek v Holland Strand,511734,,0,,1639197,0,1
152912,3346,378783373,RET:M007:511736,Hoek v Holland Strand,511736,,0,,1639197,0,1
152912,3346,378783374,RET:M007:511743,Hoek v Holland Strand,511743,,0,,1639197,0,1
152912,3346,378783375,RET:M007:511745,Hoek v Holland Strand,511745,,0,,1639197,0,1
152912,3346,378783376,RET:M007:511747,Hoek v Holland Strand,511747,,0,,1639197,0,1
152912,3346,378783377,RET:M007:511749,Hoek v Holland Strand,511749,,0,,1639197,0,1
152912,3346,378783378,RET:M007:511752,Hoek v Holland Strand,511752,,0,,1639197,0,1
152912,3346,378783379,RET:M007:511758,Hoek v Holland Strand,511758,,0,,1639197,0,1
152912,3346,378783380,RET:M007:511764,Hoek v Holland Strand,511764,,0,,1639197,0,1
152912,3346,378783381,RET:M007:511770,Hoek v Holland Strand,511770,,0,,1639197,0,1
152912,3346,378783382,RET:M007:511780,Hoek v Holland Strand,511780,,0,,1639197,0,1
152912,3346,378783383,RET:M007:511597,Nesselande,511597,,1,,1639171,0,1
152912,3346,378783384,RET:M007:511599,Nesselande,511599,,1,,1639171,0,1
152912,3346,378783385,RET:M007:511601,Nesselande,511601,,1,,1639171,0,1
152912,3346,378783386,RET:M007:511603,Nesselande,511603,,1,,1639171,0,1
152912,3346,378783387,RET:M007:511606,Nesselande,511606,,1,,1639171,0,1
152912,3346,378783388,RET:M007:511617,Nesselande,511617,,1,,1639171,0,1
152912,3346,378783389,RET:M007:511619,Nesselande,511619,,1,,1639171,0,1
152912,3346,378783390,RET:M007:511621,Nesselande,511621,,1,,1639171,0,1
152912,3346,378783391,RET:M007:511631,Nesselande,511631,,1,,1639171,0,1
152912,3346,378783392,RET:M007:511633,Nesselande,511633,,1,,1639171,0,1
152912,3346,378783393,RET:M007:511635,Nesselande,511635,,1,,1639171,0,1
152912,3346,378783394,RET:M007:511638,Nesselande,511638,,1,,1639171,0,1
152912,3346,378783395,RET:M007:511640,Nesselande,511640,,1,,1639171,0,1
152912,3346,378783396,RET:M007:511649,Nesselande,511649,,1,,1639171,0,1
152912,3346,378783397,RET:M007:511651,Nesselande,511651,,1,,1639171,0,1
152912,3346,378783398,RET:M007:511653,Nesselande,511653,,1,,1639171,0,1
152912,3346,378783399,RET:M007:511655,Nesselande,511655,,1,,1639171,0,1
152912,3346,378783400,RET:M007:511664,Nesselande,511664,,1,,1639171,0,1
152912,3346,378783401,RET:M007:511666,Nesselande,511666,,1,,1639171,0,1
152912,3346,378783402,RET:M007:511668,Nesselande,511668,,1,,1639171,0,1
152912,3346,378783403,RET:M007:511670,Nesselande,511670,,1,,1639171,0,1
152912,3346,378783404,RET:M007:511673,Nesselande,511673,,1,,1639171,0,1
152912,3346,378783405,RET:M007:511681,Nesselande,511681,,1,,1639171,0,1
152912,3346,378783406,RET:M007:511683,Nesselande,511683,,1,,1639171,0,1
152912,3346,378783407,RET:M007:511685,Nesselande,511685,,1,,1639171,0,1
152912,3346,378783408,RET:M007:511687,Nesselande,511687,,1,,1639171,0,1
152912,3346,378783409,RET:M007:511693,Nesselande,511693,,1,,1639171,0,1
152912,3346,378783410,RET:M007:511695,Nesselande,511695,,1,,1639171,0,1
152912,3346,378783411,RET:M007:511697,Nesselande,511697,,1,,1639171,0,1
152912,3346,378783412,RET:M007:511699,Nesselande,511699,,1,,1639171,0,1
152912,3346,378783413,RET:M007:511707,Nesselande,511707,,1,,1639171,0,1
152912,3346,378783414,RET:M007:511709,Nesselande,511709,,1,,1639171,0,1
152912,3346,378783415,RET:M007:511711,Nesselande,511711,,1,,1639171,0,1
152912,3346,378783416,RET:M007:511713,Nesselande,511713,,1,,1639171,0,1
152912,3346,378783417,RET:M007:511716,Nesselande,511716,,1,,1639171,0,1
152912,3346,378783418,RET:M007:511718,Nesselande,511718,,1,,1639171,0,1
152912,3346,378783419,RET:M007:511726,Nesselande,511726,,1,,1639171,0,1
152912,3346,378783420,RET:M007:511728,Nesselande,511728,,1,,1639171,0,1
152912,3346,378783421,RET:M007:511730,Nesselande,511730,,1,,1639171,0,1
152912,3346,378783422,RET:M007:511732,Nesselande,511732,,1,,1639171,0,1
152912,3346,378783423,RET:M007:511735,Nesselande,511735,,1,,1639171,0,1
152912,3346,378783424,RET:M007:511742,Nesselande,511742,,1,,1639171,0,1
152912,3346,378783425,RET:M007:511744,Nesselande,511744,,1,,1639171,0,1
152912,3346,378783426,RET:M007:511746,Nesselande,511746,,1,,1639171,0,1
152912,3346,378783427,RET:M007:511748,Nesselande,511748,,1,,1639171,0,1
152912,3346,378783428,RET:M007:511753,Nesselande,511753,,1,,1639171,0,1
152912,3346,378783429,RET:M007:511759,Nesselande,511759,,1,,1639171,0,1
152912,3346,378783430,RET:M007:511765,Nesselande,511765,,1,,1639171,0,1
152912,3346,378783431,RET:M007:511771,Nesselande,511771,,1,,1639171,0,1
152912,3346,378783432,RET:M007:511607,Schiedam Centrum,511607,,0,,1639174,0,1
152912,3346,378783433,RET:M007:511772,Schiedam Centrum,511772,,0,,1639174,0,1
152912,3346,378783434,RET:M007:511610,Capelsebrug,511610,,1,,1639229,0,1
152912,3346,378783435,RET:M007:511775,Capelsebrug,511775,,1,,1639229,0,1
152912,3346,378783436,RET:M007:511614,Steendijkpolder,511614,,0,,1639166,0,1
152912,3346,378783437,RET:M007:511704,Steendijkpolder,511704,,0,,1639166,0,1
152912,3346,378783438,RET:M007:511623,Nesselande,511623,,1,,1638988,0,1
152912,3346,378783439,RET:M007:511657,Nesselande,511657,,1,,1638988,0,1
152912,3346,378783440,RET:M007:511689,Nesselande,511689,,1,,1638988,0,1
152912,3346,378783441,RET:M007:511701,Nesselande,511701,,1,,1638988,0,1
152912,3346,378783442,RET:M007:511750,Nesselande,511750,,1,,1638988,0,1
152912,3346,378783443,RET:M007:511626,Hoek v Holland Haven,511626,,0,,1639211,0,1
152912,3346,378783444,RET:M007:511641,Alexander,511641,,0,,1639159,0,1
152912,3346,378783445,RET:M007:511719,Alexander,511719,,0,,1639159,0,1
152912,3346,378783446,RET:M007:511756,Alexander,511756,,0,,1639159,0,1
152912,3346,378783447,RET:M007:511762,Alexander,511762,,0,,1639159,0,1
152912,3346,378783448,RET:M007:511644,Schiedam Centrum,511644,,0,,1638751,0,1
152912,3346,378783449,RET:M007:511647,Nesselande,511647,,1,,1638659,0,1
152912,3346,378783450,RET:M007:511660,Nesselande,511660,,1,,1638902,0,1
152912,3346,378783451,RET:M007:511679,Nesselande,511679,,1,,1638902,0,1
152912,3346,378783452,RET:M007:511722,Nesselande,511722,,1,,1638902,0,1
152912,3346,378783453,RET:M007:511675,Capelsebrug,511675,,1,,1638755,0,1
152912,3346,378783454,RET:M007:511737,Capelsebrug,511737,,1,,1638755,0,1
152912,3346,378783455,RET:M007:511692,Hoek v Holland Strand,511692,,0,,1638786,0,1
152912,3346,378783456,RET:M007:511741,Hoek v Holland Strand,511741,,0,,1638786,0,1
152912,3346,378783457,RET:M007:511767,Capelsebrug,511767,,1,,1638652,0,1
152912,3346,378783458,RET:M007:511781,Schiedam Centrum,511781,,1,,1638764,0,1
152912,2988,378784125,RET:M007:514531,Hoek v Holland Haven,514531,,0,,1639008,0,1
152912,2988,378784126,RET:M007:514532,Nesselande,514532,,1,,1639144,0,1
152912,2988,378784127,RET:M007:514619,Nesselande,514619,,1,,1639144,0,1
152912,2988,378784128,RET:M007:514717,Nesselande,514717,,1,,1639144,0,1
152912,2988,378784129,RET:M007:514533,Steendijkpolder,514533,,0,,1638885,0,1
152912,2988,378784130,RET:M007:514535,Steendijkpolder,514535,,0,,1638885,0,1
152912,2988,378784131,RET:M007:514558,Steendijkpolder,514558,,0,,1638885,0,1
152912,2988,378784132,RET:M007:514570,Steendijkpolder,514570,,0,,1638885,0,1
152912,2988,378784133,RET:M007:514580,Steendijkpolder,514580,,0,,1638885,0,1
152912,2988,378784134,RET:M007:514582,Steendijkpolder,514582,,0,,1638885,0,1
152912,2988,378784135,RET:M007:514603,Steendijkpolder,514603,,0,,1638885,0,1
152912,2988,378784136,RET:M007:514613,Steendijkpolder,514613,,0,,1638885,0,1
152912,2988,378784137,RET:M007:514620,Steendijkpolder,514620,,0,,1638885,0,1
152912,2988,378784138,RET:M007:514667,Steendijkpolder,514667,,0,,1638885,0,1
152912,2988,378784139,RET:M007:514692,Steendijkpolder,514692,,0,,1638885,0,1
152912,2988,378784140,RET:M007:514698,Steendijkpolder,514698,,0,,1638885,0,1
152912,2988,378784141,RET:M007:514718,Steendijkpolder,514718,,0,,1638885,0,1
152912,2988,378784142,RET:M007:514720,Steendijkpolder,514720,,0,,1638885,0,1
152912,2988,378784143,RET:M007:514732,Steendijkpolder,514732,,0,,1638885,0,1
152912,2988,378784144,RET:M007:514742,Steendijkpolder,514742,,0,,1638885,0,1
152912,2988,378784145,RET:M007:514758,Steendijkpolder,514758,,0,,1638885,0,1
152912,2988,378784146,RET:M007:514534,Nesselande,514534,,1,,1639111,0,1
152912,2988,378784147,RET:M007:514536,Nesselande,514536,,1,,1639111,0,1
152912,2988,378784148,RET:M007:514559,Nesselande,514559,,1,,1639111,0,1
152912,2988,378784149,RET:M007:514571,Nesselande,514571,,1,,1639111,0,1
152912,2988,378784150,RET:M007:514581,Nesselande,514581,,1,,1639111,0,1
152912,2988,378784151,RET:M007:514583,Nesselande,514583,,1,,1639111,0,1
152912,2988,378784152,RET:M007:514600,Nesselande,514600,,1,,1639111,0,1
152912,2988,378784153,RET:M007:514604,Nesselande,514604,,1,,1639111,0,1
152912,2988,378784154,RET:M007:514614,Nesselande,514614,,1,,1639111,0,1
152912,2988,378784155,RET:M007:514621,Nesselande,514621,,1,,1639111,0,1
152912,2988,378784156,RET:M007:514668,Nesselande,514668,,1,,1639111,0,1
152912,2988,378784157,RET:M007:514689,Nesselande,514689,,1,,1639111,0,1
152912,2988,378784158,RET:M007:514693,Nesselande,514693,,1,,1639111,0,1
152912,2988,378784159,RET:M007:514719,Nesselande,514719,,1,,1639111,0,1
152912,2988,378784160,RET:M007:514721,Nesselande,514721,,1,,1639111,0,1
152912,2988,378784161,RET:M007:514733,Nesselande,514733,,1,,1639111,0,1
152912,2988,378784162,RET:M007:514743,Nesselande,514743,,1,,1639111,0,1
152912,2988,378784163,RET:M007:514537,Hoek v Holland Strand,514537,,0,,1638642,0,1
152912,2988,378784164,RET:M007:514539,Hoek v Holland Strand,514539,,0,,1638642,0,1
152912,2988,378784165,RET:M007:514541,Hoek v Holland Strand,514541,,0,,1638642,0,1
152912,2988,378784166,RET:M007:514562,Hoek v Holland Strand,514562,,0,,1638642,0,1
152912,2988,378784167,RET:M007:514564,Hoek v Holland Strand,514564,,0,,1638642,0,1
152912,2988,378784168,RET:M007:514566,Hoek v Holland Strand,514566,,0,,1638642,0,1
152912,2988,378784169,RET:M007:514584,Hoek v Holland Strand,514584,,0,,1638642,0,1
152912,2988,378784170,RET:M007:514586,Hoek v Holland Strand,514586,,0,,1638642,0,1
152912,2988,378784171,RET:M007:514605,Hoek v Holland Strand,514605,,0,,1638642,0,1
152912,2988,378784172,RET:M007:514607,Hoek v Holland Strand,514607,,0,,1638642,0,1
152912,2988,378784173,RET:M007:514609,Hoek v Holland Strand,514609,,0,,1638642,0,1
152912,2988,378784174,RET:M007:514624,Hoek v Holland Strand,514624,,0,,1638642,0,1
152912,2988,378784175,RET:M007:514626,Hoek v Holland Strand,514626,,0,,1638642,0,1
152912,2988,378784176,RET:M007:514628,Hoek v Holland Strand,514628,,0,,1638642,0,1
152912,2988,378784177,RET:M007:514649,Hoek v Holland Strand,514649,,0,,1638642,0,1
152912,2988,378784178,RET:M007:514651,Hoek v Holland Strand,514651,,0,,1638642,0,1
152912,2988,378784179,RET:M007:514653,Hoek v Holland Strand,514653,,0,,1638642,0,1
152912,2988,378784180,RET:M007:514673,Hoek v Holland Strand,514673,,0,,1638642,0,1
152912,2988,378784181,RET:M007:514675,Hoek v Holland Strand,514675,,0,,1638642,0,1
152912,2988,378784182,RET:M007:514694,Hoek v Holland Strand,514694,,0,,1638642,0,1
152912,2988,378784183,RET:M007:514696,Hoek v Holland Strand,514696,,0,,1638642,0,1
152912,2988,378784184,RET:M007:514708,Hoek v Holland Strand,514708,,0,,1638642,0,1
152912,2988,378784185,RET:M007:514710,Hoek v Holland Strand,514710,,0,,1638642,0,1
152912,2988,378784186,RET:M007:514712,Hoek v Holland Strand,514712,,0,,1638642,0,1
152912,2988,378784187,RET:M007:514722,Hoek v Holland Strand,514722,,0,,1638642,0,1
152912,2988,378784188,RET:M007:514724,Hoek v Holland Strand,514724,,0,,1638642,0,1
152912,2988,378784189,RET:M007:514726,Hoek v Holland Strand,514726,,0,,1638642,0,1
152912,2988,378784190,RET:M007:514734,Hoek v Holland Strand,514734,,0,,1638642,0,1
152912,2988,378784191,RET:M007:514736,Hoek v Holland Strand,514736,,0,,1638642,0,1
152912,2988,378784192,RET:M007:514738,Hoek v Holland Strand,514738,,0,,1638642,0,1
152912,2988,378784193,RET:M007:514750,Hoek v Holland Strand,514750,,0,,1638642,0,1
152912,2988,378784194,RET:M007:514752,Hoek v Holland Strand,514752,,0,,1638642,0,1
152912,2988,378784195,RET:M007:514754,Hoek v Holland Strand,514754,,0,,1638642,0,1
152912,2988,378784196,RET:M007:514766,Hoek v Holland Strand,514766,,0,,1638642,0,1
152912,2988,378784197,RET:M007:514768,Hoek v Holland Strand,514768,,0,,1638642,0,1
152912,2988,378784198,RET:M007:514781,Hoek v Holland Strand,514781,,0,,1638642,0,1
152912,2988,378784199,RET:M007:514783,Hoek v Holland Strand,514783,,0,,1638642,0,1
152912,2988,378784200,RET:M007:514538,Nesselande,514538,,1,,1639171,0,1
152912,2988,378784201,RET:M007:514540,Nesselande,514540,,1,,1639171,0,1
152912,2988,378784202,RET:M007:514542,Nesselande,514542,,1,,1639171,0,1
152912,2988,378784203,RET:M007:514544,Nesselande,514544,,1,,1639171,0,1
152912,2988,378784204,RET:M007:514546,Nesselande,514546,,1,,1639171,0,1
152912,2988,378784205,RET:M007:514561,Nesselande,514561,,1,,1639171,0,1
152912,2988,378784206,RET:M007:514563,Nesselande,514563,,1,,1639171,0,1
152912,2988,378784207,RET:M007:514565,Nesselande,514565,,1,,1639171,0,1
152912,2988,378784208,RET:M007:514567,Nesselande,514567,,1,,1639171,0,1
152912,2988,378784209,RET:M007:514569,Nesselande,514569,,1,,1639171,0,1
152912,2988,378784210,RET:M007:514579,Nesselande,514579,,1,,1639171,0,1
152912,2988,378784211,RET:M007:514585,Nesselande,514585,,1,,1639171,0,1
152912,2988,378784212,RET:M007:514587,Nesselande,514587,,1,,1639171,0,1
152912,2988,378784213,RET:M007:514589,Nesselande,514589,,1,,1639171,0,1
152912,2988,378784214,RET:M007:514591,Nesselande,514591,,1,,1639171,0,1
152912,2988,378784215,RET:M007:514602,Nesselande,514602,,1,,1639171,0,1
152912,2988,378784216,RET:M007:514606,Nesselande,514606,,1,,1639171,0,1
152912,2988,378784217,RET:M007:514608,Nesselande,514608,,1,,1639171,0,1
152912,2988,378784218,RET:M007:514612,Nesselande,514612,,1,,1639171,0,1
152912,2988,378784219,RET:M007:514623,Nesselande,514623,,1,,1639171,0,1
152912,2988,378784220,RET:M007:514625,Nesselande,514625,,1,,1639171,0,1
152912,2988,378784221,RET:M007:514627,Nesselande,514627,,1,,1639171,0,1
152912,2988,378784222,RET:M007:514629,Nesselande,514629,,1,,1639171,0,1
152912,2988,378784223,RET:M007:514631,Nesselande,514631,,1,,1639171,0,1
152912,2988,378784224,RET:M007:514633,Nesselande,514633,,1,,1639171,0,1
152912,2988,378784225,RET:M007:514646,Nesselande,514646,,1,,1639171,0,1
152912,2988,378784226,RET:M007:514648,Nesselande,514648,,1,,1639171,0,1
152912,2988,378784227,RET:M007:514650,Nesselande,514650,,1,,1639171,0,1
152912,2988,378784228,RET:M007:514652,Nesselande,514652,,1,,1639171,0,1
152912,2988,378784229,RET:M007:514654,Nesselande,514654,,1,,1639171,0,1
152912,2988,378784230,RET:M007:514656,Nesselande,514656,,1,,1639171,0,1
152912,2988,378784231,RET:M007:514658,Nesselande,514658,,1,,1639171,0,1
152912,2988,378784232,RET:M007:514670,Nesselande,514670,,1,,1639171,0,1
152912,2988,378784233,RET:M007:514672,Nesselande,514672,,1,,1639171,0,1
152912,2988,378784234,RET:M007:514674,Nesselande,514674,,1,,1639171,0,1
152912,2988,378784235,RET:M007:514676,Nesselande,514676,,1,,1639171,0,1
152912,2988,378784236,RET:M007:514678,Nesselande,514678,,1,,1639171,0,1
152912,2988,378784237,RET:M007:514680,Nesselande,514680,,1,,1639171,0,1
152912,2988,378784238,RET:M007:514691,Nesselande,514691,,1,,1639171,0,1
152912,2988,378784239,RET:M007:514695,Nesselande,514695,,1,,1639171,0,1
152912,2988,378784240,RET:M007:514697,Nesselande,514697,,1,,1639171,0,1
152912,2988,378784241,RET:M007:514705,Nesselande,514705,,1,,1639171,0,1
152912,2988,378784242,RET:M007:514707,Nesselande,514707,,1,,1639171,0,1
152912,2988,378784243,RET:M007:514709,Nesselande,514709,,1,,1639171,0,1
152912,2988,378784244,RET:M007:514711,Nesselande,514711,,1,,1639171,0,1
152912,2988,378784245,RET:M007:514723,Nesselande,514723,,1,,1639171,0,1
152912,2988,378784246,RET:M007:514725,Nesselande,514725,,1,,1639171,0,1
152912,2988,378784247,RET:M007:514735,Nesselande,514735,,1,,1639171,0,1
152912,2988,378784248,RET:M007:514737,Nesselande,514737,,1,,1639171,0,1
152912,2988,378784249,RET:M007:514739,Nesselande,514739,,1,,1639171,0,1
152912,2988,378784250,RET:M007:514741,Nesselande,514741,,1,,1639171,0,1
152912,2988,378784251,RET:M007:514749,Nesselande,514749,,1,,1639171,0,1
152912,2988,378784252,RET:M007:514751,Nesselande,514751,,1,,1639171,0,1
152912,2988,378784253,RET:M007:514753,Nesselande,514753,,1,,1639171,0,1
152912,2988,378784254,RET:M007:514755,Nesselande,514755,,1,,1639171,0,1
152912,2988,378784255,RET:M007:514757,Nesselande,514757,,1,,1639171,0,1
152912,2988,378784256,RET:M007:514765,Nesselande,514765,,1,,1639171,0,1
152912,2988,378784257,RET:M007:514767,Nesselande,514767,,1,,1639171,0,1
152912,2988,378784258,RET:M007:514769,Nesselande,514769,,1,,1639171,0,1
152912,2988,378784259,RET:M007:514771,Nesselande,514771,,1,,1639171,0,1
152912,2988,378784260,RET:M007:514773,Nesselande,514773,,1,,1639171,0,1
152912,2988,378784261,RET:M007:514780,Nesselande,514780,,1,,1639171,0,1
152912,2988,378784262,RET:M007:514782,Nesselande,514782,,1,,1639171,0,1
152912,2988,378784263,RET:M007:514543,Hoek v Holland Strand,514543,,0,,1639197,0,1
152912,2988,378784264,RET:M007:514545,Hoek v Holland Strand,514545,,0,,1639197,0,1
152912,2988,378784265,RET:M007:514560,Hoek v Holland Strand,514560,,0,,1639197,0,1
152912,2988,378784266,RET:M007:514568,Hoek v Holland Strand,514568,,0,,1639197,0,1
152912,2988,378784267,RET:M007:514572,Hoek v Holland Strand,514572,,0,,1639197,0,1
152912,2988,378784268,RET:M007:514578,Hoek v Holland Strand,514578,,0,,1639197,0,1
152912,2988,378784269,RET:M007:514588,Hoek v Holland Strand,514588,,0,,1639197,0,1
152912,2988,378784270,RET:M007:514590,Hoek v Holland Strand,514590,,0,,1639197,0,1
152912,2988,378784271,RET:M007:514601,Hoek v Holland Strand,514601,,0,,1639197,0,1
152912,2988,378784272,RET:M007:514622,Hoek v Holland Strand,514622,,0,,1639197,0,1
152912,2988,378784273,RET:M007:514630,Hoek v Holland Strand,514630,,0,,1639197,0,1
152912,2988,378784274,RET:M007:514632,Hoek v Holland Strand,514632,,0,,1639197,0,1
152912,2988,378784275,RET:M007:514645,Hoek v Holland Strand,514645,,0,,1639197,0,1
152912,2988,378784276,RET:M007:514647,Hoek v Holland Strand,514647,,0,,1639197,0,1
152912,2988,378784277,RET:M007:514655,Hoek v Holland Strand,514655,,0,,1639197,0,1
152912,2988,378784278,RET:M007:514657,Hoek v Holland Strand,514657,,0,,1639197,0,1
152912,2988,378784279,RET:M007:514669,Hoek v Holland Strand,514669,,0,,1639197,0,1
152912,2988,378784280,RET:M007:514671,Hoek v Holland Strand,514671,,0,,1639197,0,1
152912,2988,378784281,RET:M007:514677,Hoek v Holland Strand,514677,,0,,1639197,0,1
152912,2988,378784282,RET:M007:514679,Hoek v Holland Strand,514679,,0,,1639197,0,1
152912,2988,378784283,RET:M007:514690,Hoek v Holland Strand,514690,,0,,1639197,0,1
152912,2988,378784284,RET:M007:514704,Hoek v Holland Strand,514704,,0,,1639197,0,1
152912,2988,378784285,RET:M007:514706,Hoek v Holland Strand,514706,,0,,1639197,0,1
152912,2988,378784286,RET:M007:514740,Hoek v Holland Strand,514740,,0,,1639197,0,1
152912,2988,378784287,RET:M007:514748,Hoek v Holland Strand,514748,,0,,1639197,0,1
152912,2988,378784288,RET:M007:514756,Hoek v Holland Strand,514756,,0,,1639197,0,1
152912,2988,378784289,RET:M007:514770,Hoek v Holland Strand,514770,,0,,1639197,0,1
152912,2988,378784290,RET:M007:514772,Hoek v Holland Strand,514772,,0,,1639197,0,1
152912,2988,378784291,RET:M007:514774,Hoek v Holland Strand,514774,,0,,1639197,0,1
152912,2988,378784292,RET:M007:514547,Schiedam Centrum,514547,,0,,1639174,0,1
152912,2988,378784293,RET:M007:514592,Schiedam Centrum,514592,,0,,1639174,0,1
152912,2988,378784294,RET:M007:514634,Schiedam Centrum,514634,,0,,1639174,0,1
152912,2988,378784295,RET:M007:514659,Schiedam Centrum,514659,,0,,1639174,0,1
152912,2988,378784296,RET:M007:514681,Schiedam Centrum,514681,,0,,1639174,0,1
152912,2988,378784297,RET:M007:514550,Nesselande,514550,,1,,1638659,0,1
152912,2988,378784298,RET:M007:514557,Nesselande,514557,,1,,1638659,0,1
152912,2988,378784299,RET:M007:514644,Nesselande,514644,,1,,1638659,0,1
152912,2988,378784300,RET:M007:514551,Alexander,514551,,0,,1639159,0,1
152912,2988,378784301,RET:M007:514615,Alexander,514615,,0,,1639159,0,1
152912,2988,378784302,RET:M007:514744,Alexander,514744,,0,,1639159,0,1
152912,2988,378784303,RET:M007:514554,Schiedam Centrum,514554,,0,,1638751,0,1
152912,2988,378784304,RET:M007:514641,Schiedam Centrum,514641,,0,,1638751,0,1
152912,2988,378784305,RET:M007:514573,Capelsebrug,514573,,1,,1638755,0,1
152912,2988,378784306,RET:M007:514727,Capelsebrug,514727,,1,,1638755,0,1
152912,2988,378784307,RET:M007:514775,Capelsebrug,514775,,1,,1638755,0,1
152912,2988,378784308,RET:M007:514577,Nesselande,514577,,1,,1638902,0,1
152912,2988,378784309,RET:M007:514666,Nesselande,514666,,1,,1638902,0,1
152912,2988,378784310,RET:M007:514703,Nesselande,514703,,1,,1638902,0,1
152912,2988,378784311,RET:M007:514731,Nesselande,514731,,1,,1638902,0,1
152912,2988,378784312,RET:M007:514747,Nesselande,514747,,1,,1638902,0,1
152912,2988,378784313,RET:M007:514599,Steendijkpolder,514599,,0,,1639166,0,1
152912,2988,378784314,RET:M007:514688,Steendijkpolder,514688,,0,,1639166,0,1
152912,2988,378784315,RET:M007:514610,Nesselande,514610,,1,,1638988,0,1
152912,2988,378784316,RET:M007:514713,Nesselande,514713,,1,,1638988,0,1
152912,2988,378784317,RET:M007:514784,Nesselande,514784,,1,,1638988,0,1
152912,2988,378784318,RET:M007:514611,Hoek v Holland Strand,514611,,0,,1639151,0,1
152912,2988,378784319,RET:M007:514764,Hoek v Holland Strand,514764,,0,,1639151,0,1
152912,2988,378784320,RET:M007:514618,Hoek v Holland Haven,514618,,0,,1639211,0,1
152912,2988,378784321,RET:M007:514716,Hoek v Holland Haven,514716,,0,,1639211,0,1
152912,2988,378784322,RET:M007:514637,Capelsebrug,514637,,1,,1639229,0,1
152912,2988,378784323,RET:M007:514662,Capelsebrug,514662,,1,,1639229,0,1
152912,2988,378784324,RET:M007:514699,Capelsebrug,514699,,1,,1638652,0,1
152912,2988,378784325,RET:M007:514759,Capelsebrug,514759,,1,,1638652,0,1
152912,2988,378784326,RET:M007:514763,Nesselande,514763,,1,,1638818,0,1
152912,2988,378784327,RET:M007:514779,Hoek v Holland Strand,514779,,0,,1638786,0,1
152912,3030,378785032,RET:M007:515651,Hoek v Holland Haven,515651,,0,,1639008,0,1
152912,3030,378785033,RET:M007:515652,Nesselande,515652,,1,,1639144,0,1
152912,3030,378785034,RET:M007:515690,Nesselande,515690,,1,,1639144,0,1
152912,3030,378785035,RET:M007:515653,Steendijkpolder,515653,,0,,1638885,0,1
152912,3030,378785036,RET:M007:515684,Steendijkpolder,515684,,0,,1638885,0,1
152912,3030,378785037,RET:M007:515691,Steendijkpolder,515691,,0,,1638885,0,1
152912,3030,378785038,RET:M007:515720,Steendijkpolder,515720,,0,,1638885,0,1
152912,3030,378785039,RET:M007:515728,Steendijkpolder,515728,,0,,1638885,0,1
152912,3030,378785040,RET:M007:515757,Steendijkpolder,515757,,0,,1638885,0,1
152912,3030,378785041,RET:M007:515811,Steendijkpolder,515811,,0,,1638885,0,1
152912,3030,378785042,RET:M007:515817,Steendijkpolder,515817,,0,,1638885,0,1
152912,3030,378785043,RET:M007:515654,Nesselande,515654,,1,,1639111,0,1
152912,3030,378785044,RET:M007:515673,Nesselande,515673,,1,,1639111,0,1
152912,3030,378785045,RET:M007:515685,Nesselande,515685,,1,,1639111,0,1
152912,3030,378785046,RET:M007:515692,Nesselande,515692,,1,,1639111,0,1
152912,3030,378785047,RET:M007:515721,Nesselande,515721,,1,,1639111,0,1
152912,3030,378785048,RET:M007:515729,Nesselande,515729,,1,,1639111,0,1
152912,3030,378785049,RET:M007:515758,Nesselande,515758,,1,,1639111,0,1
152912,3030,378785050,RET:M007:515783,Nesselande,515783,,1,,1639111,0,1
152912,3030,378785051,RET:M007:515818,Nesselande,515818,,1,,1639111,0,1
152912,3030,378785052,RET:M007:515655,Hoek v Holland Strand,515655,,0,,1639197,0,1
152912,3030,378785053,RET:M007:515657,Hoek v Holland Strand,515657,,0,,1639197,0,1
152912,3030,378785054,RET:M007:515659,Hoek v Holland Strand,515659,,0,,1639197,0,1
152912,3030,378785055,RET:M007:515661,Hoek v Holland Strand,515661,,0,,1639197,0,1
152912,3030,378785056,RET:M007:515663,Hoek v Holland Strand,515663,,0,,1639197,0,1
152912,3030,378785057,RET:M007:515674,Hoek v Holland Strand,515674,,0,,1639197,0,1
152912,3030,378785058,RET:M007:515676,Hoek v Holland Strand,515676,,0,,1639197,0,1
152912,3030,378785059,RET:M007:515678,Hoek v Holland Strand,515678,,0,,1639197,0,1
152912,3030,378785060,RET:M007:515680,Hoek v Holland Strand,515680,,0,,1639197,0,1
152912,3030,378785061,RET:M007:515682,Hoek v Holland Strand,515682,,0,,1639197,0,1
152912,3030,378785062,RET:M007:515693,Hoek v Holland Strand,515693,,0,,1639197,0,1
152912,3030,378785063,RET:M007:515695,Hoek v Holland Strand,515695,,0,,1639197,0,1
152912,3030,378785064,RET:M007:515697,Hoek v Holland Strand,515697,,0,,1639197,0,1
152912,3030,378785065,RET:M007:515699,Hoek v Holland Strand,515699,,0,,1639197,0,1
152912,3030,378785066,RET:M007:515701,Hoek v Holland Strand,515701,,0,,1639197,0,1
152912,3030,378785067,RET:M007:515710,Hoek v Holland Strand,515710,,0,,1639197,0,1
152912,3030,378785068,RET:M007:515712,Hoek v Holland Strand,515712,,0,,1639197,0,1
152912,3030,378785069,RET:M007:515714,Hoek v Holland Strand,515714,,0,,1639197,0,1
152912,3030,378785070,RET:M007:515716,Hoek v Holland Strand,515716,,0,,1639197,0,1
152912,3030,378785071,RET:M007:515718,Hoek v Holland Strand,515718,,0,,1639197,0,1
152912,3030,378785072,RET:M007:515722,Hoek v Holland Strand,515722,,0,,1639197,0,1
152912,3030,378785073,RET:M007:515730,Hoek v Holland Strand,515730,,0,,1639197,0,1
152912,3030,378785074,RET:M007:515732,Hoek v Holland Strand,515732,,0,,1639197,0,1
152912,3030,378785075,RET:M007:515734,Hoek v Holland Strand,515734,,0,,1639197,0,1
152912,3030,378785076,RET:M007:515736,Hoek v Holland Strand,515736,,0,,1639197,0,1
152912,3030,378785077,RET:M007:515738,Hoek v Holland Strand,515738,,0,,1639197,0,1
152912,3030,378785078,RET:M007:515740,Hoek v Holland Strand,515740,,0,,1639197,0,1
152912,3030,378785079,RET:M007:515747,Hoek v Holland Strand,515747,,0,,1639197,0,1
152912,3030,378785080,RET:M007:515749,Hoek v Holland Strand,515749,,0,,1639197,0,1
152912,3030,378785081,RET:M007:515751,Hoek v Holland Strand,515751,,0,,1639197,0,1
152912,3030,378785082,RET:M007:515753,Hoek v Holland Strand,515753,,0,,1639197,0,1
152912,3030,378785083,RET:M007:515755,Hoek v Holland Strand,515755,,0,,1639197,0,1
152912,3030,378785084,RET:M007:515763,Hoek v Holland Strand,515763,,0,,1639197,0,1
152912,3030,378785085,RET:M007:515765,Hoek v Holland Strand,515765,,0,,1639197,0,1
152912,3030,378785086,RET:M007:515767,Hoek v Holland Strand,515767,,0,,1639197,0,1
152912,3030,378785087,RET:M007:515769,Hoek v Holland Strand,515769,,0,,1639197,0,1
152912,3030,378785088,RET:M007:515771,Hoek v Holland Strand,515771,,0,,1639197,0,1
152912,3030,378785089,RET:M007:515773,Hoek v Holland Strand,515773,,0,,1639197,0,1
152912,3030,378785090,RET:M007:515784,Hoek v Holland Strand,515784,,0,,1639197,0,1
152912,3030,378785091,RET:M007:515786,Hoek v Holland Strand,515786,,0,,1639197,0,1
152912,3030,378785092,RET:M007:515788,Hoek v Holland Strand,515788,,0,,1639197,0,1
152912,3030,378785093,RET:M007:515790,Hoek v Holland Strand,515790,,0,,1639197,0,1
152912,3030,378785094,RET:M007:515792,Hoek v Holland Strand,515792,,0,,1639197,0,1
152912,3030,378785095,RET:M007:515794,Hoek v Holland Strand,515794,,0,,1639197,0,1
152912,3030,378785096,RET:M007:515801,Hoek v Holland Strand,515801,,0,,1639197,0,1
152912,3030,378785097,RET:M007:515803,Hoek v Holland Strand,515803,,0,,1639197,0,1
152912,3030,378785098,RET:M007:515805,Hoek v Holland Strand,515805,,0,,1639197,0,1
152912,3030,378785099,RET:M007:515807,Hoek v Holland Strand,515807,,0,,1639197,0,1
152912,3030,378785100,RET:M007:515809,Hoek v Holland Strand,515809,,0,,1639197,0,1
152912,3030,378785101,RET:M007:515819,Hoek v Holland Strand,515819,,0,,1639197,0,1
152912,3030,378785102,RET:M007:515821,Hoek v Holland Strand,515821,,0,,1639197,0,1
152912,3030,378785103,RET:M007:515823,Hoek v Holland Strand,515823,,0,,1639197,0,1
152912,3030,378785104,RET:M007:515825,Hoek v Holland Strand,515825,,0,,1639197,0,1
152912,3030,378785105,RET:M007:515827,Hoek v Holland Strand,515827,,0,,1639197,0,1
152912,3030,378785106,RET:M007:515829,Hoek v Holland Strand,515829,,0,,1639197,0,1
152912,3030,378785107,RET:M007:515656,Nesselande,515656,,1,,1639171,0,1
152912,3030,378785108,RET:M007:515658,Nesselande,515658,,1,,1639171,0,1
152912,3030,378785109,RET:M007:515660,Nesselande,515660,,1,,1639171,0,1
152912,3030,378785110,RET:M007:515662,Nesselande,515662,,1,,1639171,0,1
152912,3030,378785111,RET:M007:515664,Nesselande,515664,,1,,1639171,0,1
152912,3030,378785112,RET:M007:515675,Nesselande,515675,,1,,1639171,0,1
152912,3030,378785113,RET:M007:515677,Nesselande,515677,,1,,1639171,0,1
152912,3030,378785114,RET:M007:515679,Nesselande,515679,,1,,1639171,0,1
152912,3030,378785115,RET:M007:515681,Nesselande,515681,,1,,1639171,0,1
152912,3030,378785116,RET:M007:515683,Nesselande,515683,,1,,1639171,0,1
152912,3030,378785117,RET:M007:515694,Nesselande,515694,,1,,1639171,0,1
152912,3030,378785118,RET:M007:515696,Nesselande,515696,,1,,1639171,0,1
152912,3030,378785119,RET:M007:515698,Nesselande,515698,,1,,1639171,0,1
152912,3030,378785120,RET:M007:515700,Nesselande,515700,,1,,1639171,0,1
152912,3030,378785121,RET:M007:515702,Nesselande,515702,,1,,1639171,0,1
152912,3030,378785122,RET:M007:515711,Nesselande,515711,,1,,1639171,0,1
152912,3030,378785123,RET:M007:515713,Nesselande,515713,,1,,1639171,0,1
152912,3030,378785124,RET:M007:515715,Nesselande,515715,,1,,1639171,0,1
152912,3030,378785125,RET:M007:515717,Nesselande,515717,,1,,1639171,0,1
152912,3030,378785126,RET:M007:515719,Nesselande,515719,,1,,1639171,0,1
152912,3030,378785127,RET:M007:515731,Nesselande,515731,,1,,1639171,0,1
152912,3030,378785128,RET:M007:515733,Nesselande,515733,,1,,1639171,0,1
152912,3030,378785129,RET:M007:515735,Nesselande,515735,,1,,1639171,0,1
152912,3030,378785130,RET:M007:515737,Nesselande,515737,,1,,1639171,0,1
152912,3030,378785131,RET:M007:515739,Nesselande,515739,,1,,1639171,0,1
152912,3030,378785132,RET:M007:515746,Nesselande,515746,,1,,1639171,0,1
152912,3030,378785133,RET:M007:515748,Nesselande,515748,,1,,1639171,0,1
152912,3030,378785134,RET:M007:515750,Nesselande,515750,,1,,1639171,0,1
152912,3030,378785135,RET:M007:515752,Nesselande,515752,,1,,1639171,0,1
152912,3030,378785136,RET:M007:515754,Nesselande,515754,,1,,1639171,0,1
152912,3030,378785137,RET:M007:515756,Nesselande,515756,,1,,1639171,0,1
152912,3030,378785138,RET:M007:515764,Nesselande,515764,,1,,1639171,0,1
152912,3030,378785139,RET:M007:515766,Nesselande,515766,,1,,1639171,0,1
152912,3030,378785140,RET:M007:515768,Nesselande,515768,,1,,1639171,0,1
152912,3030,378785141,RET:M007:515770,Nesselande,515770,,1,,1639171,0,1
152912,3030,378785142,RET:M007:515772,Nesselande,515772,,1,,1639171,0,1
152912,3030,378785143,RET:M007:515774,Nesselande,515774,,1,,1639171,0,1
152912,3030,378785144,RET:M007:515785,Nesselande,515785,,1,,1639171,0,1
152912,3030,378785145,RET:M007:515787,Nesselande,515787,,1,,1639171,0,1
152912,3030,378785146,RET:M007:515789,Nesselande,515789,,1,,1639171,0,1
152912,3030,378785147,RET:M007:515791,Nesselande,515791,,1,,1639171,0,1
152912,3030,378785148,RET:M007:515793,Nesselande,515793,,1,,1639171,0,1
152912,3030,378785149,RET:M007:515795,Nesselande,515795,,1,,1639171,0,1
152912,3030,378785150,RET:M007:515800,Nesselande,515800,,1,,1639171,0,1
152912,3030,378785151,RET:M007:515802,Nesselande,515802,,1,,1639171,0,1
152912,3030,378785152,RET:M007:515804,Nesselande,515804,,1,,1639171,0,1
152912,3030,378785153,RET:M007:515806,Nesselande,515806,,1,,1639171,0,1
152912,3030,378785154,RET:M007:515808,Nesselande,515808,,1,,1639171,0,1
152912,3030,378785155,RET:M007:515810,Nesselande,515810,,1,,1639171,0,1
152912,3030,378785156,RET:M007:515820,Nesselande,515820,,1,,1639171,0,1
152912,3030,378785157,RET:M007:515822,Nesselande,515822,,1,,1639171,0,1
152912,3030,378785158,RET:M007:515824,Nesselande,515824,,1,,1639171,0,1
152912,3030,378785159,RET:M007:515826,Nesselande,515826,,1,,1639171,0,1
152912,3030,378785160,RET:M007:515828,Nesselande,515828,,1,,1639171,0,1
152912,3030,378785161,RET:M007:515665,Schiedam Centrum,515665,,0,,1639174,0,1
152912,3030,378785162,RET:M007:515775,Schiedam Centrum,515775,,0,,1639174,0,1
152912,3030,378785163,RET:M007:515668,Capelsebrug,515668,,1,,1639229,0,1
152912,3030,378785164,RET:M007:515778,Capelsebrug,515778,,1,,1639229,0,1
152912,3030,378785165,RET:M007:515672,Steendijkpolder,515672,,0,,1639166,0,1
152912,3030,378785166,RET:M007:515782,Steendijkpolder,515782,,0,,1639166,0,1
152912,3030,378785167,RET:M007:515686,Alexander,515686,,0,,1639159,0,1
152912,3030,378785168,RET:M007:515703,Alexander,515703,,0,,1639159,0,1
152912,3030,378785169,RET:M007:515759,Alexander,515759,,0,,1639159,0,1
152912,3030,378785170,RET:M007:515796,Alexander,515796,,0,,1639159,0,1
152912,3030,378785171,RET:M007:515689,Hoek v Holland Haven,515689,,0,,1639211,0,1
152912,3030,378785172,RET:M007:515706,Schiedam Centrum,515706,,0,,1638751,0,1
152912,3030,378785173,RET:M007:515709,Nesselande,515709,,1,,1638659,0,1
152912,3030,378785174,RET:M007:515723,Schiedam Centrum,515723,,1,,1638764,0,1
152912,3030,378785175,RET:M007:515727,Nesselande,515727,,1,,1638902,0,1
152912,3030,378785176,RET:M007:515762,Nesselande,515762,,1,,1638902,0,1
152912,3030,378785177,RET:M007:515816,Nesselande,515816,,1,,1638902,0,1
152912,3030,378785178,RET:M007:515741,Capelsebrug,515741,,1,,1638755,0,1
152912,3030,378785179,RET:M007:515830,Capelsebrug,515830,,1,,1638755,0,1
152912,3030,378785180,RET:M007:515745,Hoek v Holland Strand,515745,,0,,1638786,0,1
152912,3030,378785181,RET:M007:515799,Hoek v Holland Strand,515799,,0,,1638786,0,1
152912,3030,378785182,RET:M007:515812,Capelsebrug,515812,,1,,1638652,0,1
152913,2315,378752275,RET:M008:522587,De Terp,522587,,1,,,0,
152913,2315,378752276,RET:M008:522634,De Terp,522634,,1,,,0,
152913,2315,378752277,RET:M008:522681,De Terp,522681,,1,,,0,
152913,2315,378752278,RET:M008:522781,De Terp,522781,,1,,,0,
152913,2315,378752279,RET:M008:522798,De Terp,522798,,1,,,0,
152913,2315,378752280,RET:M008:522588,De Akkers,522588,,0,,1639125,0,
152913,2315,378752281,RET:M008:522592,De Akkers,522592,,0,,1639125,0,1
152913,2315,378752282,RET:M008:522594,De Akkers,522594,,0,,1639125,0,1
152913,2315,378752283,RET:M008:522596,De Akkers,522596,,0,,1639125,0,1
152913,2315,378752284,RET:M008:522598,De Akkers,522598,,0,,1639125,0,1
152913,2315,378752285,RET:M008:522600,De Akkers,522600,,0,,1639125,0,
152913,2315,378752286,RET:M008:522602,De Akkers,522602,,0,,1639125,0,1
152913,2315,378752287,RET:M008:522604,De Akkers,522604,,0,,1639125,0,1
152913,2315,378752288,RET:M008:522606,De Akkers,522606,,0,,1639125,0,1
152913,2315,378752289,RET:M008:522608,De Akkers,522608,,0,,1639125,0,1
152913,2315,378752290,RET:M008:522613,De Akkers,522613,,0,,1639125,0,
152913,2315,378752291,RET:M008:522615,De Akkers,522615,,0,,1639125,0,1
152913,2315,378752292,RET:M008:522617,De Akkers,522617,,0,,1639125,0,1
152913,2315,378752293,RET:M008:522619,De Akkers,522619,,0,,1639125,0,1
152913,2315,378752294,RET:M008:522621,De Akkers,522621,,0,,1639125,0,1
152913,2315,378752295,RET:M008:522623,De Akkers,522623,,0,,1639125,0,
152913,2315,378752296,RET:M008:522625,De Akkers,522625,,0,,1639125,0,
152913,2315,378752297,RET:M008:522627,De Akkers,522627,,0,,1639125,0,1
152913,2315,378752298,RET:M008:522629,De Akkers,522629,,0,,1639125,0,1
152913,2315,378752299,RET:M008:522631,De Akkers,522631,,0,,1639125,0,1
152913,2315,378752300,RET:M008:522635,De Akkers,522635,,0,,1639125,0,
152913,2315,378752301,RET:M008:522637,De Akkers,522637,,0,,1639125,0,
152913,2315,378752302,RET:M008:522639,De Akkers,522639,,0,,1639125,0,1
152913,2315,378752303,RET:M008:522641,De Akkers,522641,,0,,1639125,0,1
152913,2315,378752304,RET:M008:522643,De Akkers,522643,,0,,1639125,0,1
152913,2315,378752305,RET:M008:522645,De Akkers,522645,,0,,1639125,0,1
152913,2315,378752306,RET:M008:522647,De Akkers,522647,,0,,1639125,0,
152913,2315,378752307,RET:M008:522649,De Akkers,522649,,0,,1639125,0,1
152913,2315,378752308,RET:M008:522651,De Akkers,522651,,0,,1639125,0,1
152913,2315,378752309,RET:M008:522653,De Akkers,522653,,0,,1639125,0,1
152913,2315,378752310,RET:M008:522655,De Akkers,522655,,0,,1639125,0,1
152913,2315,378752311,RET:M008:522659,De Akkers,522659,,0,,1639125,0,
152913,2315,378752312,RET:M008:522661,De Akkers,522661,,0,,1639125,0,
152913,2315,378752313,RET:M008:522663,De Akkers,522663,,0,,1639125,0,1
152913,2315,378752314,RET:M008:522665,De Akkers,522665,,0,,1639125,0,1
152913,2315,378752315,RET:M008:522667,De Akkers,522667,,0,,1639125,0,1
152913,2315,378752316,RET:M008:522669,De Akkers,522669,,0,,1639125,0,
152913,2315,378752317,RET:M008:522671,De Akkers,522671,,0,,1639125,0,
152913,2315,378752318,RET:M008:522673,De Akkers,522673,,0,,1639125,0,1
152913,2315,378752319,RET:M008:522675,De Akkers,522675,,0,,1639125,0,1
152913,2315,378752320,RET:M008:522677,De Akkers,522677,,0,,1639125,0,1
152913,2315,378752321,RET:M008:522682,De Akkers,522682,,0,,1639125,0,
152913,2315,378752322,RET:M008:522684,De Akkers,522684,,0,,1639125,0,
152913,2315,378752323,RET:M008:522686,De Akkers,522686,,0,,1639125,0,1
152913,2315,378752324,RET:M008:522688,De Akkers,522688,,0,,1639125,0,1
152913,2315,378752325,RET:M008:522690,De Akkers,522690,,0,,1639125,0,1
152913,2315,378752326,RET:M008:522692,De Akkers,522692,,0,,1639125,0,
152913,2315,378752327,RET:M008:522694,De Akkers,522694,,0,,1639125,0,
152913,2315,378752328,RET:M008:522696,De Akkers,522696,,0,,1639125,0,1
152913,2315,378752329,RET:M008:522698,De Akkers,522698,,0,,1639125,0,1
152913,2315,378752330,RET:M008:522700,De Akkers,522700,,0,,1639125,0,1
152913,2315,378752331,RET:M008:522707,De Akkers,522707,,0,,1639125,0,
152913,2315,378752332,RET:M008:522709,De Akkers,522709,,0,,1639125,0,1
152913,2315,378752333,RET:M008:522711,De Akkers,522711,,0,,1639125,0,1
152913,2315,378752334,RET:M008:522713,De Akkers,522713,,0,,1639125,0,1
152913,2315,378752335,RET:M008:522715,De Akkers,522715,,0,,1639125,0,
152913,2315,378752336,RET:M008:522717,De Akkers,522717,,0,,1639125,0,
152913,2315,378752337,RET:M008:522722,De Akkers,522722,,0,,1639125,0,
152913,2315,378752338,RET:M008:522724,De Akkers,522724,,0,,1639125,0,
152913,2315,378752339,RET:M008:522726,De Akkers,522726,,0,,1639125,0,1
152913,2315,378752340,RET:M008:522728,De Akkers,522728,,0,,1639125,0,1
152913,2315,378752341,RET:M008:522730,De Akkers,522730,,0,,1639125,0,1
152913,2315,378752342,RET:M008:522732,De Akkers,522732,,0,,1639125,0,
152913,2315,378752343,RET:M008:522734,De Akkers,522734,,0,,1639125,0,
152913,2315,378752344,RET:M008:522736,De Akkers,522736,,0,,1639125,0,1
152913,2315,378752345,RET:M008:522738,De Akkers,522738,,0,,1639125,0,1
152913,2315,378752346,RET:M008:522740,De Akkers,522740,,0,,1639125,0,1
152913,2315,378752347,RET:M008:522746,De Akkers,522746,,0,,1639125,0,
152913,2315,378752348,RET:M008:522748,De Akkers,522748,,0,,1639125,0,1
152913,2315,378752349,RET:M008:522750,De Akkers,522750,,0,,1639125,0,1
152913,2315,378752350,RET:M008:522752,De Akkers,522752,,0,,1639125,0,1
152913,2315,378752351,RET:M008:522754,De Akkers,522754,,0,,1639125,0,
152913,2315,378752352,RET:M008:522756,De Akkers,522756,,0,,1639125,0,
152913,2315,378752353,RET:M008:522758,De Akkers,522758,,0,,1639125,0,1
152913,2315,378752354,RET:M008:522764,De Akkers,522764,,0,,1639125,0,
152913,2315,378752355,RET:M008:522766,De Akkers,522766,,0,,1639125,0,1
152913,2315,378752356,RET:M008:522768,De Akkers,522768,,0,,1639125,0,1
152913,2315,378752357,RET:M008:522770,De Akkers,522770,,0,,1639125,0,1
152913,2315,378752358,RET:M008:522772,De Akkers,522772,,0,,1639125,0,1
152913,2315,378752359,RET:M008:522774,De Akkers,522774,,0,,1639125,0,
152913,2315,378752360,RET:M008:522776,De Akkers,522776,,0,,1639125,0,
152913,2315,378752361,RET:M008:522782,De Akkers,522782,,0,,1639125,0,
152913,2315,378752362,RET:M008:522784,De Akkers,522784,,0,,1639125,0,
152913,2315,378752363,RET:M008:522786,De Akkers,522786,,0,,1639125,0,1
152913,2315,378752364,RET:M008:522788,De Akkers,522788,,0,,1639125,0,1
152913,2315,378752365,RET:M008:522790,De Akkers,522790,,0,,1639125,0,1
152913,2315,378752366,RET:M008:522792,De Akkers,522792,,0,,1639125,0,
152913,2315,378752367,RET:M008:522794,De Akkers,522794,,0,,1639125,0,
152913,2315,378752368,RET:M008:522799,De Akkers,522799,,0,,1639125,0,
152913,2315,378752369,RET:M008:522801,De Akkers,522801,,0,,1639125,0,
152913,2315,378752370,RET:M008:522803,De Akkers,522803,,0,,1639125,0,1
152913,2315,378752371,RET:M008:522805,De Akkers,522805,,0,,1639125,0,1
152913,2315,378752372,RET:M008:522807,De Akkers,522807,,0,,1639125,0,1
152913,2315,378752373,RET:M008:522809,De Akkers,522809,,0,,1639125,0,
152913,2315,378752374,RET:M008:522811,De Akkers,522811,,0,,1639125,0,
152913,2315,378752375,RET:M008:522813,De Akkers,522813,,0,,1639125,0,1
152913,2315,378752376,RET:M008:522815,De Akkers,522815,,0,,1639125,0,1
152913,2315,378752377,RET:M008:522817,De Akkers,522817,,0,,1639125,0,1
152913,2315,378752378,RET:M008:522589,De Terp,522589,,1,,1638725,0,
152913,2315,378752379,RET:M008:522704,De Terp,522704,,1,,1638725,0,
152913,2315,378752380,RET:M008:522718,De Terp,522718,,1,,1638725,0,1
152913,2315,378752381,RET:M008:522795,De Terp,522795,,1,,1638725,0,
152913,2315,378752382,RET:M008:522590,De Akkers,522590,,0,,1638936,0,
152913,2315,378752383,RET:M008:522705,De Akkers,522705,,0,,1638936,0,
152913,2315,378752384,RET:M008:522591,De Terp,522591,,1,,1638805,0,
152913,2315,378752385,RET:M008:522593,De Terp,522593,,1,,1638805,0,1
152913,2315,378752386,RET:M008:522595,De Terp,522595,,1,,1638805,0,1
152913,2315,378752387,RET:M008:522597,De Terp,522597,,1,,1638805,0,1
152913,2315,378752388,RET:M008:522599,De Terp,522599,,1,,1638805,0,
152913,2315,378752389,RET:M008:522601,De Terp,522601,,1,,1638805,0,
152913,2315,378752390,RET:M008:522603,De Terp,522603,,1,,1638805,0,1
152913,2315,378752391,RET:M008:522605,De Terp,522605,,1,,1638805,0,1
152913,2315,378752392,RET:M008:522607,De Terp,522607,,1,,1638805,0,1
152913,2315,378752393,RET:M008:522612,De Terp,522612,,1,,1638805,0,
152913,2315,378752394,RET:M008:522614,De Terp,522614,,1,,1638805,0,
152913,2315,378752395,RET:M008:522616,De Terp,522616,,1,,1638805,0,1
152913,2315,378752396,RET:M008:522618,De Terp,522618,,1,,1638805,0,1
152913,2315,378752397,RET:M008:522620,De Terp,522620,,1,,1638805,0,1
152913,2315,378752398,RET:M008:522622,De Terp,522622,,1,,1638805,0,
152913,2315,378752399,RET:M008:522624,De Terp,522624,,1,,1638805,0,
152913,2315,378752400,RET:M008:522626,De Terp,522626,,1,,1638805,0,1
152913,2315,378752401,RET:M008:522628,De Terp,522628,,1,,1638805,0,1
152913,2315,378752402,RET:M008:522630,De Terp,522630,,1,,1638805,0,1
152913,2315,378752403,RET:M008:522636,De Terp,522636,,1,,1638805,0,
152913,2315,378752404,RET:M008:522638,De Terp,522638,,1,,1638805,0,
152913,2315,378752405,RET:M008:522640,De Terp,522640,,1,,1638805,0,1
152913,2315,378752406,RET:M008:522642,De Terp,522642,,1,,1638805,0,1
152913,2315,378752407,RET:M008:522644,De Terp,522644,,1,,1638805,0,1
152913,2315,378752408,RET:M008:522646,De Terp,522646,,1,,1638805,0,
152913,2315,378752409,RET:M008:522648,De Terp,522648,,1,,1638805,0,
152913,2315,378752410,RET:M008:522650,De Terp,522650,,1,,1638805,0,1
152913,2315,378752411,RET:M008:522652,De Terp,522652,,1,,1638805,0,1
152913,2315,378752412,RET:M008:522654,De Terp,522654,,1,,1638805,0,1
152913,2315,378752413,RET:M008:522658,De Terp,522658,,1,,1638805,0,
152913,2315,378752414,RET:M008:522660,De Terp,522660,,1,,1638805,0,
152913,2315,378752415,RET:M008:522662,De Terp,522662,,1,,1638805,0,1
152913,2315,378752416,RET:M008:522664,De Terp,522664,,1,,1638805,0,1
152913,2315,378752417,RET:M008:522666,De Terp,522666,,1,,1638805,0,1
152913,2315,378752418,RET:M008:522668,De Terp,522668,,1,,1638805,0,1
152913,2315,378752419,RET:M008:522670,De Terp,522670,,1,,1638805,0,
152913,2315,378752420,RET:M008:522672,De Terp,522672,,1,,1638805,0,1
152913,2315,378752421,RET:M008:522674,De Terp,522674,,1,,1638805,0,1
152913,2315,378752422,RET:M008:522676,De Terp,522676,,1,,1638805,0,1
152913,2315,378752423,RET:M008:522678,De Terp,522678,,1,,1638805,0,1
152913,2315,378752424,RET:M008:522683,De Terp,522683,,1,,1638805,0,
152913,2315,378752425,RET:M008:522685,De Terp,522685,,1,,1638805,0,
152913,2315,378752426,RET:M008:522687,De Terp,522687,,1,,1638805,0,1
152913,2315,378752427,RET:M008:522689,De Terp,522689,,1,,1638805,0,1
152913,2315,378752428,RET:M008:522691,De Terp,522691,,1,,1638805,0,1
152913,2315,378752429,RET:M008:522693,De Terp,522693,,1,,1638805,0,
152913,2315,378752430,RET:M008:522695,De Terp,522695,,1,,1638805,0,
152913,2315,378752431,RET:M008:522697,De Terp,522697,,1,,1638805,0,1
152913,2315,378752432,RET:M008:522699,De Terp,522699,,1,,1638805,0,1
152913,2315,378752433,RET:M008:522701,De Terp,522701,,1,,1638805,0,1
152913,2315,378752434,RET:M008:522706,De Terp,522706,,1,,1638805,0,
152913,2315,378752435,RET:M008:522708,De Terp,522708,,1,,1638805,0,1
152913,2315,378752436,RET:M008:522710,De Terp,522710,,1,,1638805,0,1
152913,2315,378752437,RET:M008:522712,De Terp,522712,,1,,1638805,0,1
152913,2315,378752438,RET:M008:522714,De Terp,522714,,1,,1638805,0,
152913,2315,378752439,RET:M008:522716,De Terp,522716,,1,,1638805,0,
152913,2315,378752440,RET:M008:522723,De Terp,522723,,1,,1638805,0,
152913,2315,378752441,RET:M008:522725,De Terp,522725,,1,,1638805,0,1
152913,2315,378752442,RET:M008:522727,De Terp,522727,,1,,1638805,0,1
152913,2315,378752443,RET:M008:522729,De Terp,522729,,1,,1638805,0,1
152913,2315,378752444,RET:M008:522731,De Terp,522731,,1,,1638805,0,1
152913,2315,378752445,RET:M008:522733,De Terp,522733,,1,,1638805,0,
152913,2315,378752446,RET:M008:522735,De Terp,522735,,1,,1638805,0,
152913,2315,378752447,RET:M008:522737,De Terp,522737,,1,,1638805,0,1
152913,2315,378752448,RET:M008:522739,De Terp,522739,,1,,1638805,0,1
152913,2315,378752449,RET:M008:522741,De Terp,522741,,1,,1638805,0,1
152913,2315,378752450,RET:M008:522745,De Terp,522745,,1,,1638805,0,
152913,2315,378752451,RET:M008:522747,De Terp,522747,,1,,1638805,0,
152913,2315,378752452,RET:M008:522749,De Terp,522749,,1,,1638805,0,1
152913,2315,378752453,RET:M008:522751,De Terp,522751,,1,,1638805,0,1
152913,2315,378752454,RET:M008:522753,De Terp,522753,,1,,1638805,0,1
152913,2315,378752455,RET:M008:522755,De Terp,522755,,1,,1638805,0,
152913,2315,378752456,RET:M008:522757,De Terp,522757,,1,,1638805,0,
152913,2315,378752457,RET:M008:522763,De Terp,522763,,1,,1638805,0,
152913,2315,378752458,RET:M008:522765,De Terp,522765,,1,,1638805,0,
152913,2315,378752459,RET:M008:522767,De Terp,522767,,1,,1638805,0,1
152913,2315,378752460,RET:M008:522769,De Terp,522769,,1,,1638805,0,1
152913,2315,378752461,RET:M008:522771,De Terp,522771,,1,,1638805,0,1
152913,2315,378752462,RET:M008:522773,De Terp,522773,,1,,1638805,0,
152913,2315,378752463,RET:M008:522775,De Terp,522775,,1,,1638805,0,
152913,2315,378752464,RET:M008:522783,De Terp,522783,,1,,1638805,0,
152913,2315,378752465,RET:M008:522785,De Terp,522785,,1,,1638805,0,1
152913,2315,378752466,RET:M008:522787,De Terp,522787,,1,,1638805,0,1
152913,2315,378752467,RET:M008:522789,De Terp,522789,,1,,1638805,0,1
152913,2315,378752468,RET:M008:522791,De Terp,522791,,1,,1638805,0,1
152913,2315,378752469,RET:M008:522793,De Terp,522793,,1,,1638805,0,
152913,2315,378752470,RET:M008:522800,De Terp,522800,,1,,1638805,0,
152913,2315,378752471,RET:M008:522802,De Terp,522802,,1,,1638805,0,1
152913,2315,378752472,RET:M008:522804,De Terp,522804,,1,,1638805,0,1
152913,2315,378752473,RET:M008:522806,De Terp,522806,,1,,1638805,0,1
152913,2315,378752474,RET:M008:522808,De Terp,522808,,1,,1638805,0,1
152913,2315,378752475,RET:M008:522810,De Terp,522810,,1,,1638805,0,
152913,2315,378752476,RET:M008:522812,De Terp,522812,,1,,1638805,0,1
152913,2315,378752477,RET:M008:522814,De Terp,522814,,1,,1638805,0,1
152913,2315,378752478,RET:M008:522816,De Terp,522816,,1,,1638805,0,1
152913,2315,378752479,RET:M008:522818,De Terp,522818,,1,,1638805,0,1
152913,2315,378752480,RET:M008:522611,De Akkers,522611,,0,,1639005,0,
152913,2315,378752481,RET:M008:522744,De Akkers,522744,,0,,1639005,0,
152913,2315,378752482,RET:M008:522721,De Terp,522721,,1,,1639204,0,
152913,2315,378752483,RET:M008:522759,Capelsebrug,522759,,1,,1638747,0,1
152913,2315,378752484,RET:M008:522777,Capelsebrug,522777,,1,,1638747,0,1
152913,3605,378753322,RET:M008:527774,De Akkers,527774,,0,,1639005,0,1
152913,3605,378753323,RET:M008:527775,De Terp,527775,,1,,1638805,0,1
152913,3605,378753324,RET:M008:527777,De Terp,527777,,1,,1638805,0,1
152913,3605,378753325,RET:M008:527779,De Terp,527779,,1,,1638805,0,1
152913,3605,378753326,RET:M008:527781,De Terp,527781,,1,,1638805,0,1
152913,3605,378753327,RET:M008:527783,De Terp,527783,,1,,1638805,0,1
152913,3605,378753328,RET:M008:527785,De Terp,527785,,1,,1638805,0,1
152913,3605,378753329,RET:M008:527787,De Terp,527787,,1,,1638805,0,1
152913,3605,378753330,RET:M008:527789,De Terp,527789,,1,,1638805,0,1
152913,3605,378753331,RET:M008:527791,De Terp,527791,,1,,1638805,0,1
152913,3605,378753332,RET:M008:527797,De Terp,527797,,1,,1638805,0,1
152913,3605,378753333,RET:M008:527799,De Terp,527799,,1,,1638805,0,1
152913,3605,378753334,RET:M008:527801,De Terp,527801,,1,,1638805,0,1
152913,3605,378753335,RET:M008:527803,De Terp,527803,,1,,1638805,0,1
152913,3605,378753336,RET:M008:527805,De Terp,527805,,1,,1638805,0,1
152913,3605,378753337,RET:M008:527807,De Terp,527807,,1,,1638805,0,1
152913,3605,378753338,RET:M008:527809,De Terp,527809,,1,,1638805,0,1
152913,3605,378753339,RET:M008:527811,De Terp,527811,,1,,1638805,0,1
152913,3605,378753340,RET:M008:527813,De Terp,527813,,1,,1638805,0,1
152913,3605,378753341,RET:M008:527817,De Terp,527817,,1,,1638805,0,1
152913,3605,378753342,RET:M008:527819,De Terp,527819,,1,,1638805,0,1
152913,3605,378753343,RET:M008:527821,De Terp,527821,,1,,1638805,0,1
152913,3605,378753344,RET:M008:527823,De Terp,527823,,1,,1638805,0,1
152913,3605,378753345,RET:M008:527825,De Terp,527825,,1,,1638805,0,1
152913,3605,378753346,RET:M008:527827,De Terp,527827,,1,,1638805,0,1
152913,3605,378753347,RET:M008:527829,De Terp,527829,,1,,1638805,0,1
152913,3605,378753348,RET:M008:527831,De Terp,527831,,1,,1638805,0,1
152913,3605,378753349,RET:M008:527833,De Terp,527833,,1,,1638805,0,1
152913,3605,378753350,RET:M008:527835,De Terp,527835,,1,,1638805,0,1
152913,3605,378753351,RET:M008:527840,De Terp,527840,,1,,1638805,0,1
152913,3605,378753352,RET:M008:527842,De Terp,527842,,1,,1638805,0,1
152913,3605,378753353,RET:M008:527844,De Terp,527844,,1,,1638805,0,1
152913,3605,378753354,RET:M008:527846,De Terp,527846,,1,,1638805,0,1
152913,3605,378753355,RET:M008:527848,De Terp,527848,,1,,1638805,0,1
152913,3605,378753356,RET:M008:527850,De Terp,527850,,1,,1638805,0,1
152913,3605,378753357,RET:M008:527852,De Terp,527852,,1,,1638805,0,1
152913,3605,378753358,RET:M008:527854,De Terp,527854,,1,,1638805,0,1
152913,3605,378753359,RET:M008:527856,De Terp,527856,,1,,1638805,0,1
152913,3605,378753360,RET:M008:527860,De Terp,527860,,1,,1638805,0,1
152913,3605,378753361,RET:M008:527862,De Terp,527862,,1,,1638805,0,1
152913,3605,378753362,RET:M008:527864,De Terp,527864,,1,,1638805,0,1
152913,3605,378753363,RET:M008:527866,De Terp,527866,,1,,1638805,0,1
152913,3605,378753364,RET:M008:527868,De Terp,527868,,1,,1638805,0,1
152913,3605,378753365,RET:M008:527870,De Terp,527870,,1,,1638805,0,1
152913,3605,378753366,RET:M008:527872,De Terp,527872,,1,,1638805,0,1
152913,3605,378753367,RET:M008:527874,De Terp,527874,,1,,1638805,0,1
152913,3605,378753368,RET:M008:527876,De Terp,527876,,1,,1638805,0,1
152913,3605,378753369,RET:M008:527878,De Terp,527878,,1,,1638805,0,1
152913,3605,378753370,RET:M008:527883,De Terp,527883,,1,,1638805,0,1
152913,3605,378753371,RET:M008:527885,De Terp,527885,,1,,1638805,0,1
152913,3605,378753372,RET:M008:527887,De Terp,527887,,1,,1638805,0,1
152913,3605,378753373,RET:M008:527889,De Terp,527889,,1,,1638805,0,1
152913,3605,378753374,RET:M008:527891,De Terp,527891,,1,,1638805,0,1
152913,3605,378753375,RET:M008:527893,De Terp,527893,,1,,1638805,0,1
152913,3605,378753376,RET:M008:527895,De Terp,527895,,1,,1638805,0,1
152913,3605,378753377,RET:M008:527897,De Terp,527897,,1,,1638805,0,1
152913,3605,378753378,RET:M008:527899,De Terp,527899,,1,,1638805,0,1
152913,3605,378753379,RET:M008:527902,De Terp,527902,,1,,1638805,0,1
152913,3605,378753380,RET:M008:527904,De Terp,527904,,1,,1638805,0,1
152913,3605,378753381,RET:M008:527906,De Terp,527906,,1,,1638805,0,1
152913,3605,378753382,RET:M008:527908,De Terp,527908,,1,,1638805,0,1
152913,3605,378753383,RET:M008:527910,De Terp,527910,,1,,1638805,0,1
152913,3605,378753384,RET:M008:527912,De Terp,527912,,1,,1638805,0,1
152913,3605,378753385,RET:M008:527914,De Terp,527914,,1,,1638805,0,1
152913,3605,378753386,RET:M008:527916,De Terp,527916,,1,,1638805,0,1
152913,3605,378753387,RET:M008:527918,De Terp,527918,,1,,1638805,0,1
152913,3605,378753388,RET:M008:527920,De Terp,527920,,1,,1638805,0,1
152913,3605,378753389,RET:M008:527776,De Akkers,527776,,0,,1639125,0,1
152913,3605,378753390,RET:M008:527778,De Akkers,527778,,0,,1639125,0,1
152913,3605,378753391,RET:M008:527780,De Akkers,527780,,0,,1639125,0,1
152913,3605,378753392,RET:M008:527782,De Akkers,527782,,0,,1639125,0,1
152913,3605,378753393,RET:M008:527784,De Akkers,527784,,0,,1639125,0,1
152913,3605,378753394,RET:M008:527786,De Akkers,527786,,0,,1639125,0,1
152913,3605,378753395,RET:M008:527788,De Akkers,527788,,0,,1639125,0,1
152913,3605,378753396,RET:M008:527790,De Akkers,527790,,0,,1639125,0,1
152913,3605,378753397,RET:M008:527792,De Akkers,527792,,0,,1639125,0,1
152913,3605,378753398,RET:M008:527796,De Akkers,527796,,0,,1639125,0,1
152913,3605,378753399,RET:M008:527798,De Akkers,527798,,0,,1639125,0,1
152913,3605,378753400,RET:M008:527800,De Akkers,527800,,0,,1639125,0,1
152913,3605,378753401,RET:M008:527802,De Akkers,527802,,0,,1639125,0,1
152913,3605,378753402,RET:M008:527804,De Akkers,527804,,0,,1639125,0,1
152913,3605,378753403,RET:M008:527806,De Akkers,527806,,0,,1639125,0,1
152913,3605,378753404,RET:M008:527808,De Akkers,527808,,0,,1639125,0,1
152913,3605,378753405,RET:M008:527810,De Akkers,527810,,0,,1639125,0,1
152913,3605,378753406,RET:M008:527812,De Akkers,527812,,0,,1639125,0,1
152913,3605,378753407,RET:M008:527814,De Akkers,527814,,0,,1639125,0,1
152913,3605,378753408,RET:M008:527818,De Akkers,527818,,0,,1639125,0,1
152913,3605,378753409,RET:M008:527820,De Akkers,527820,,0,,1639125,0,1
152913,3605,378753410,RET:M008:527822,De Akkers,527822,,0,,1639125,0,1
152913,3605,378753411,RET:M008:527824,De Akkers,527824,,0,,1639125,0,1
152913,3605,378753412,RET:M008:527826,De Akkers,527826,,0,,1639125,0,1
152913,3605,378753413,RET:M008:527828,De Akkers,527828,,0,,1639125,0,1
152913,3605,378753414,RET:M008:527830,De Akkers,527830,,0,,1639125,0,1
152913,3605,378753415,RET:M008:527832,De Akkers,527832,,0,,1639125,0,1
152913,3605,378753416,RET:M008:527834,De Akkers,527834,,0,,1639125,0,1
152913,3605,378753417,RET:M008:527839,De Akkers,527839,,0,,1639125,0,1
152913,3605,378753418,RET:M008:527841,De Akkers,527841,,0,,1639125,0,1
152913,3605,378753419,RET:M008:527843,De Akkers,527843,,0,,1639125,0,1
152913,3605,378753420,RET:M008:527845,De Akkers,527845,,0,,1639125,0,1
152913,3605,378753421,RET:M008:527847,De Akkers,527847,,0,,1639125,0,1
152913,3605,378753422,RET:M008:527849,De Akkers,527849,,0,,1639125,0,1
152913,3605,378753423,RET:M008:527851,De Akkers,527851,,0,,1639125,0,1
152913,3605,378753424,RET:M008:527853,De Akkers,527853,,0,,1639125,0,1
152913,3605,378753425,RET:M008:527855,De Akkers,527855,,0,,1639125,0,1
152913,3605,378753426,RET:M008:527857,De Akkers,527857,,0,,1639125,0,1
152913,3605,378753427,RET:M008:527861,De Akkers,527861,,0,,1639125,0,1
152913,3605,378753428,RET:M008:527863,De Akkers,527863,,0,,1639125,0,1
152913,3605,378753429,RET:M008:527865,De Akkers,527865,,0,,1639125,0,1
152913,3605,378753430,RET:M008:527867,De Akkers,527867,,0,,1639125,0,1
152913,3605,378753431,RET:M008:527869,De Akkers,527869,,0,,1639125,0,1
152913,3605,378753432,RET:M008:527871,De Akkers,527871,,0,,1639125,0,1
152913,3605,378753433,RET:M008:527873,De Akkers,527873,,0,,1639125,0,1
152913,3605,378753434,RET:M008:527875,De Akkers,527875,,0,,1639125,0,1
152913,3605,378753435,RET:M008:527877,De Akkers,527877,,0,,1639125,0,1
152913,3605,378753436,RET:M008:527882,De Akkers,527882,,0,,1639125,0,1
152913,3605,378753437,RET:M008:527884,De Akkers,527884,,0,,1639125,0,1
152913,3605,378753438,RET:M008:527886,De Akkers,527886,,0,,1639125,0,1
152913,3605,378753439,RET:M008:527888,De Akkers,527888,,0,,1639125,0,1
152913,3605,378753440,RET:M008:527890,De Akkers,527890,,0,,1639125,0,1
152913,3605,378753441,RET:M008:527892,De Akkers,527892,,0,,1639125,0,1
152913,3605,378753442,RET:M008:527894,De Akkers,527894,,0,,1639125,0,1
152913,3605,378753443,RET:M008:527896,De Akkers,527896,,0,,1639125,0,1
152913,3605,378753444,RET:M008:527898,De Akkers,527898,,0,,1639125,0,1
152913,3605,378753445,RET:M008:527903,De Akkers,527903,,0,,1639125,0,1
152913,3605,378753446,RET:M008:527905,De Akkers,527905,,0,,1639125,0,1
152913,3605,378753447,RET:M008:527907,De Akkers,527907,,0,,1639125,0,1
152913,3605,378753448,RET:M008:527909,De Akkers,527909,,0,,1639125,0,1
152913,3605,378753449,RET:M008:527911,De Akkers,527911,,0,,1639125,0,1
152913,3605,378753450,RET:M008:527913,De Akkers,527913,,0,,1639125,0,1
152913,3605,378753451,RET:M008:527915,De Akkers,527915,,0,,1639125,0,1
152913,3605,378753452,RET:M008:527917,De Akkers,527917,,0,,1639125,0,1
152913,3605,378753453,RET:M008:527919,De Akkers,527919,,0,,1639125,0,1
152913,3605,378753454,RET:M008:527795,De Terp,527795,,1,,,0,1
152913,3605,378753455,RET:M008:527838,De Terp,527838,,1,,,0,1
152913,3605,378753456,RET:M008:527881,De Terp,527881,,1,,1639204,0,1
152913,1857,378774161,RET:M008:375183,De Akkers,375183,,0,,1639005,0,1
152913,1857,378774162,RET:M008:375184,De Terp,375184,,1,,1638805,0,1
152913,1857,378774163,RET:M008:375186,De Terp,375186,,1,,1638805,0,1
152913,1857,378774164,RET:M008:375188,De Terp,375188,,1,,1638805,0,1
152913,1857,378774165,RET:M008:375190,De Terp,375190,,1,,1638805,0,1
152913,1857,378774166,RET:M008:375192,De Terp,375192,,1,,1638805,0,1
152913,1857,378774167,RET:M008:375194,De Terp,375194,,1,,1638805,0,1
152913,1857,378774168,RET:M008:375196,De Terp,375196,,1,,1638805,0,1
152913,1857,378774169,RET:M008:375198,De Terp,375198,,1,,1638805,0,1
152913,1857,378774170,RET:M008:375200,De Terp,375200,,1,,1638805,0,1
152913,1857,378774171,RET:M008:375206,De Terp,375206,,1,,1638805,0,1
152913,1857,378774172,RET:M008:375208,De Terp,375208,,1,,1638805,0,1
152913,1857,378774173,RET:M008:375210,De Terp,375210,,1,,1638805,0,1
152913,1857,378774174,RET:M008:375212,De Terp,375212,,1,,1638805,0,1
152913,1857,378774175,RET:M008:375214,De Terp,375214,,1,,1638805,0,1
152913,1857,378774176,RET:M008:375216,De Terp,375216,,1,,1638805,0,1
152913,1857,378774177,RET:M008:375218,De Terp,375218,,1,,1638805,0,1
152913,1857,378774178,RET:M008:375220,De Terp,375220,,1,,1638805,0,1
152913,1857,378774179,RET:M008:375222,De Terp,375222,,1,,1638805,0,1
152913,1857,378774180,RET:M008:375226,De Terp,375226,,1,,1638805,0,1
152913,1857,378774181,RET:M008:375228,De Terp,375228,,1,,1638805,0,1
152913,1857,378774182,RET:M008:375230,De Terp,375230,,1,,1638805,0,1
152913,1857,378774183,RET:M008:375232,De Terp,375232,,1,,1638805,0,1
152913,1857,378774184,RET:M008:375234,De Terp,375234,,1,,1638805,0,1
152913,1857,378774185,RET:M008:375236,De Terp,375236,,1,,1638805,0,1
152913,1857,378774186,RET:M008:375238,De Terp,375238,,1,,1638805,0,1
152913,1857,378774187,RET:M008:375240,De Terp,375240,,1,,1638805,0,1
152913,1857,378774188,RET:M008:375242,De Terp,375242,,1,,1638805,0,1
152913,1857,378774189,RET:M008:375244,De Terp,375244,,1,,1638805,0,1
152913,1857,378774190,RET:M008:375249,De Terp,375249,,1,,1638805,0,1
152913,1857,378774191,RET:M008:375251,De Terp,375251,,1,,1638805,0,1
152913,1857,378774192,RET:M008:375253,De Terp,375253,,1,,1638805,0,1
152913,1857,378774193,RET:M008:375255,De Terp,375255,,1,,1638805,0,1
152913,1857,378774194,RET:M008:375257,De Terp,375257,,1,,1638805,0,1
152913,1857,378774195,RET:M008:375259,De Terp,375259,,1,,1638805,0,1
152913,1857,378774196,RET:M008:375261,De Terp,375261,,1,,1638805,0,1
152913,1857,378774197,RET:M008:375263,De Terp,375263,,1,,1638805,0,1
152913,1857,378774198,RET:M008:375265,De Terp,375265,,1,,1638805,0,1
152913,1857,378774199,RET:M008:375269,De Terp,375269,,1,,1638805,0,1
152913,1857,378774200,RET:M008:375271,De Terp,375271,,1,,1638805,0,1
152913,1857,378774201,RET:M008:375273,De Terp,375273,,1,,1638805,0,1
152913,1857,378774202,RET:M008:375275,De Terp,375275,,1,,1638805,0,1
152913,1857,378774203,RET:M008:375277,De Terp,375277,,1,,1638805,0,1
152913,1857,378774204,RET:M008:375279,De Terp,375279,,1,,1638805,0,1
152913,1857,378774205,RET:M008:375281,De Terp,375281,,1,,1638805,0,1
152913,1857,378774206,RET:M008:375283,De Terp,375283,,1,,1638805,0,1
152913,1857,378774207,RET:M008:375285,De Terp,375285,,1,,1638805,0,1
152913,1857,378774208,RET:M008:375287,De Terp,375287,,1,,1638805,0,1
152913,1857,378774209,RET:M008:375292,De Terp,375292,,1,,1638805,0,1
152913,1857,378774210,RET:M008:375294,De Terp,375294,,1,,1638805,0,1
152913,1857,378774211,RET:M008:375296,De Terp,375296,,1,,1638805,0,1
152913,1857,378774212,RET:M008:375298,De Terp,375298,,1,,1638805,0,1
152913,1857,378774213,RET:M008:375300,De Terp,375300,,1,,1638805,0,1
152913,1857,378774214,RET:M008:375302,De Terp,375302,,1,,1638805,0,1
152913,1857,378774215,RET:M008:375304,De Terp,375304,,1,,1638805,0,1
152913,1857,378774216,RET:M008:375306,De Terp,375306,,1,,1638805,0,1
152913,1857,378774217,RET:M008:375308,De Terp,375308,,1,,1638805,0,1
152913,1857,378774218,RET:M008:375311,De Terp,375311,,1,,1638805,0,1
152913,1857,378774219,RET:M008:375313,De Terp,375313,,1,,1638805,0,1
152913,1857,378774220,RET:M008:375315,De Terp,375315,,1,,1638805,0,1
152913,1857,378774221,RET:M008:375317,De Terp,375317,,1,,1638805,0,1
152913,1857,378774222,RET:M008:375319,De Terp,375319,,1,,1638805,0,1
152913,1857,378774223,RET:M008:375321,De Terp,375321,,1,,1638805,0,1
152913,1857,378774224,RET:M008:375323,De Terp,375323,,1,,1638805,0,1
152913,1857,378774225,RET:M008:375325,De Terp,375325,,1,,1638805,0,1
152913,1857,378774226,RET:M008:375327,De Terp,375327,,1,,1638805,0,1
152913,1857,378774227,RET:M008:375329,De Terp,375329,,1,,1638805,0,1
152913,1857,378774228,RET:M008:375185,De Akkers,375185,,0,,1639125,0,1
152913,1857,378774229,RET:M008:375187,De Akkers,375187,,0,,1639125,0,1
152913,1857,378774230,RET:M008:375189,De Akkers,375189,,0,,1639125,0,1
152913,1857,378774231,RET:M008:375191,De Akkers,375191,,0,,1639125,0,1
152913,1857,378774232,RET:M008:375193,De Akkers,375193,,0,,1639125,0,1
152913,1857,378774233,RET:M008:375195,De Akkers,375195,,0,,1639125,0,1
152913,1857,378774234,RET:M008:375197,De Akkers,375197,,0,,1639125,0,1
152913,1857,378774235,RET:M008:375199,De Akkers,375199,,0,,1639125,0,1
152913,1857,378774236,RET:M008:375201,De Akkers,375201,,0,,1639125,0,1
152913,1857,378774237,RET:M008:375205,De Akkers,375205,,0,,1639125,0,1
152913,1857,378774238,RET:M008:375207,De Akkers,375207,,0,,1639125,0,1
152913,1857,378774239,RET:M008:375209,De Akkers,375209,,0,,1639125,0,1
152913,1857,378774240,RET:M008:375211,De Akkers,375211,,0,,1639125,0,1
152913,1857,378774241,RET:M008:375213,De Akkers,375213,,0,,1639125,0,1
152913,1857,378774242,RET:M008:375215,De Akkers,375215,,0,,1639125,0,1
152913,1857,378774243,RET:M008:375217,De Akkers,375217,,0,,1639125,0,1
152913,1857,378774244,RET:M008:375219,De Akkers,375219,,0,,1639125,0,1
152913,1857,378774245,RET:M008:375221,De Akkers,375221,,0,,1639125,0,1
152913,1857,378774246,RET:M008:375223,De Akkers,375223,,0,,1639125,0,1
152913,1857,378774247,RET:M008:375227,De Akkers,375227,,0,,1639125,0,1
152913,1857,378774248,RET:M008:375229,De Akkers,375229,,0,,1639125,0,1
152913,1857,378774249,RET:M008:375231,De Akkers,375231,,0,,1639125,0,1
152913,1857,378774250,RET:M008:375233,De Akkers,375233,,0,,1639125,0,1
152913,1857,378774251,RET:M008:375235,De Akkers,375235,,0,,1639125,0,1
152913,1857,378774252,RET:M008:375237,De Akkers,375237,,0,,1639125,0,1
152913,1857,378774253,RET:M008:375239,De Akkers,375239,,0,,1639125,0,1
152913,1857,378774254,RET:M008:375241,De Akkers,375241,,0,,1639125,0,1
152913,1857,378774255,RET:M008:375243,De Akkers,375243,,0,,1639125,0,1
152913,1857,378774256,RET:M008:375248,De Akkers,375248,,0,,1639125,0,1
152913,1857,378774257,RET:M008:375250,De Akkers,375250,,0,,1639125,0,1
152913,1857,378774258,RET:M008:375252,De Akkers,375252,,0,,1639125,0,1
152913,1857,378774259,RET:M008:375254,De Akkers,375254,,0,,1639125,0,1
152913,1857,378774260,RET:M008:375256,De Akkers,375256,,0,,1639125,0,1
152913,1857,378774261,RET:M008:375258,De Akkers,375258,,0,,1639125,0,1
152913,1857,378774262,RET:M008:375260,De Akkers,375260,,0,,1639125,0,1
152913,1857,378774263,RET:M008:375262,De Akkers,375262,,0,,1639125,0,1
152913,1857,378774264,RET:M008:375264,De Akkers,375264,,0,,1639125,0,1
152913,1857,378774265,RET:M008:375266,De Akkers,375266,,0,,1639125,0,1
152913,1857,378774266,RET:M008:375270,De Akkers,375270,,0,,1639125,0,1
152913,1857,378774267,RET:M008:375272,De Akkers,375272,,0,,1639125,0,1
152913,1857,378774268,RET:M008:375274,De Akkers,375274,,0,,1639125,0,1
152913,1857,378774269,RET:M008:375276,De Akkers,375276,,0,,1639125,0,1
152913,1857,378774270,RET:M008:375278,De Akkers,375278,,0,,1639125,0,1
152913,1857,378774271,RET:M008:375280,De Akkers,375280,,0,,1639125,0,1
152913,1857,378774272,RET:M008:375282,De Akkers,375282,,0,,1639125,0,1
152913,1857,378774273,RET:M008:375284,De Akkers,375284,,0,,1639125,0,1
152913,1857,378774274,RET:M008:375286,De Akkers,375286,,0,,1639125,0,1
152913,1857,378774275,RET:M008:375291,De Akkers,375291,,0,,1639125,0,1
152913,1857,378774276,RET:M008:375293,De Akkers,375293,,0,,1639125,0,1
152913,1857,378774277,RET:M008:375295,De Akkers,375295,,0,,1639125,0,1
152913,1857,378774278,RET:M008:375297,De Akkers,375297,,0,,1639125,0,1
152913,1857,378774279,RET:M008:375299,De Akkers,375299,,0,,1639125,0,1
152913,1857,378774280,RET:M008:375301,De Akkers,375301,,0,,1639125,0,1
152913,1857,378774281,RET:M008:375303,De Akkers,375303,,0,,1639125,0,1
152913,1857,378774282,RET:M008:375305,De Akkers,375305,,0,,1639125,0,1
152913,1857,378774283,RET:M008:375307,De Akkers,375307,,0,,1639125,0,1
152913,1857,378774284,RET:M008:375312,De Akkers,375312,,0,,1639125,0,1
152913,1857,378774285,RET:M008:375314,De Akkers,375314,,0,,1639125,0,1
152913,1857,378774286,RET:M008:375316,De Akkers,375316,,0,,1639125,0,1
152913,1857,378774287,RET:M008:375318,De Akkers,375318,,0,,1639125,0,1
152913,1857,378774288,RET:M008:375320,De Akkers,375320,,0,,1639125,0,1
152913,1857,378774289,RET:M008:375322,De Akkers,375322,,0,,1639125,0,1
152913,1857,378774290,RET:M008:375324,De Akkers,375324,,0,,1639125,0,1
152913,1857,378774291,RET:M008:375326,De Akkers,375326,,0,,1639125,0,1
152913,1857,378774292,RET:M008:375328,De Akkers,375328,,0,,1639125,0,1
152913,1857,378774293,RET:M008:375204,De Terp,375204,,1,,,0,1
152913,1857,378774294,RET:M008:375247,De Terp,375247,,1,,,0,1
152913,1857,378774295,RET:M008:375290,De Terp,375290,,1,,1639204,0,1
152913,1,378777552,RET:M008:437823,De Terp,437823,,1,,,0,
152913,1,378777553,RET:M008:437848,De Terp,437848,,1,,,0,
152913,1,378777554,RET:M008:437895,De Terp,437895,,1,,,0,
152913,1,378777555,RET:M008:437942,De Terp,437942,,1,,,0,
152913,1,378777556,RET:M008:437824,De Akkers,437824,,0,,1639125,0,
152913,1,378777557,RET:M008:437826,De Akkers,437826,,0,,1639125,0,
152913,1,378777558,RET:M008:437828,De Akkers,437828,,0,,1639125,0,1
152913,1,378777559,RET:M008:437830,De Akkers,437830,,0,,1639125,0,1
152913,1,378777560,RET:M008:437832,De Akkers,437832,,0,,1639125,0,1
152913,1,378777561,RET:M008:437834,De Akkers,437834,,0,,1639125,0,1
152913,1,378777562,RET:M008:437836,De Akkers,437836,,0,,1639125,0,
152913,1,378777563,RET:M008:437838,De Akkers,437838,,0,,1639125,0,
152913,1,378777564,RET:M008:437840,De Akkers,437840,,0,,1639125,0,1
152913,1,378777565,RET:M008:437842,De Akkers,437842,,0,,1639125,0,1
152913,1,378777566,RET:M008:437844,De Akkers,437844,,0,,1639125,0,1
152913,1,378777567,RET:M008:437849,De Akkers,437849,,0,,1639125,0,
152913,1,378777568,RET:M008:437851,De Akkers,437851,,0,,1639125,0,
152913,1,378777569,RET:M008:437853,De Akkers,437853,,0,,1639125,0,1
152913,1,378777570,RET:M008:437855,De Akkers,437855,,0,,1639125,0,1
152913,1,378777571,RET:M008:437857,De Akkers,437857,,0,,1639125,0,1
152913,1,378777572,RET:M008:437859,De Akkers,437859,,0,,1639125,0,1
152913,1,378777573,RET:M008:437861,De Akkers,437861,,0,,1639125,0,
152913,1,378777574,RET:M008:437863,De Akkers,437863,,0,,1639125,0,
152913,1,378777575,RET:M008:437865,De Akkers,437865,,0,,1639125,0,1
152913,1,378777576,RET:M008:437867,De Akkers,437867,,0,,1639125,0,1
152913,1,378777577,RET:M008:437869,De Akkers,437869,,0,,1639125,0,1
152913,1,378777578,RET:M008:437873,De Akkers,437873,,0,,1639125,0,
152913,1,378777579,RET:M008:437875,De Akkers,437875,,0,,1639125,0,
152913,1,378777580,RET:M008:437877,De Akkers,437877,,0,,1639125,0,1
152913,1,378777581,RET:M008:437879,De Akkers,437879,,0,,1639125,0,1
152913,1,378777582,RET:M008:437881,De Akkers,437881,,0,,1639125,0,1
152913,1,378777583,RET:M008:437883,De Akkers,437883,,0,,1639125,0,
152913,1,378777584,RET:M008:437885,De Akkers,437885,,0,,1639125,0,
152913,1,378777585,RET:M008:437887,De Akkers,437887,,0,,1639125,0,1
152913,1,378777586,RET:M008:437889,De Akkers,437889,,0,,1639125,0,1
152913,1,378777587,RET:M008:437891,De Akkers,437891,,0,,1639125,0,1
152913,1,378777588,RET:M008:437896,De Akkers,437896,,0,,1639125,0,
152913,1,378777589,RET:M008:437898,De Akkers,437898,,0,,1639125,0,
152913,1,378777590,RET:M008:437900,De Akkers,437900,,0,,1639125,0,1
152913,1,378777591,RET:M008:437902,De Akkers,437902,,0,,1639125,0,1
152913,1,378777592,RET:M008:437904,De Akkers,437904,,0,,1639125,0,1
152913,1,378777593,RET:M008:437906,De Akkers,437906,,0,,1639125,0,1
152913,1,378777594,RET:M008:437908,De Akkers,437908,,0,,1639125,0,
152913,1,378777595,RET:M008:437910,De Akkers,437910,,0,,1639125,0,
152913,1,378777596,RET:M008:437912,De Akkers,437912,,0,,1639125,0,1
152913,1,378777597,RET:M008:437914,De Akkers,437914,,0,,1639125,0,1
152913,1,378777598,RET:M008:437916,De Akkers,437916,,0,,1639125,0,1
152913,1,378777599,RET:M008:437920,De Akkers,437920,,0,,1639125,0,
152913,1,378777600,RET:M008:437922,De Akkers,437922,,0,,1639125,0,
152913,1,378777601,RET:M008:437924,De Akkers,437924,,0,,1639125,0,1
152913,1,378777602,RET:M008:437926,De Akkers,437926,,0,,1639125,0,1
152913,1,378777603,RET:M008:437928,De Akkers,437928,,0,,1639125,0,1
152913,1,378777604,RET:M008:437930,De Akkers,437930,,0,,1639125,0,
152913,1,378777605,RET:M008:437932,De Akkers,437932,,0,,1639125,0,
152913,1,378777606,RET:M008:437934,De Akkers,437934,,0,,1639125,0,1
152913,1,378777607,RET:M008:437936,De Akkers,437936,,0,,1639125,0,1
152913,1,378777608,RET:M008:437938,De Akkers,437938,,0,,1639125,0,1
152913,1,378777609,RET:M008:437943,De Akkers,437943,,0,,1639125,0,
152913,1,378777610,RET:M008:437945,De Akkers,437945,,0,,1639125,0,
152913,1,378777611,RET:M008:437947,De Akkers,437947,,0,,1639125,0,1
152913,1,378777612,RET:M008:437949,De Akkers,437949,,0,,1639125,0,1
152913,1,378777613,RET:M008:437951,De Akkers,437951,,0,,1639125,0,1
152913,1,378777614,RET:M008:437953,De Akkers,437953,,0,,1639125,0,
152913,1,378777615,RET:M008:437955,De Akkers,437955,,0,,1639125,0,
152913,1,378777616,RET:M008:437957,De Akkers,437957,,0,,1639125,0,1
152913,1,378777617,RET:M008:437959,De Akkers,437959,,0,,1639125,0,1
152913,1,378777618,RET:M008:437961,De Akkers,437961,,0,,1639125,0,1
152913,1,378777619,RET:M008:437963,De Akkers,437963,,0,,1639125,0,1
152913,1,378777620,RET:M008:437967,De Akkers,437967,,0,,1639125,0,
152913,1,378777621,RET:M008:437969,De Akkers,437969,,0,,1639125,0,
152913,1,378777622,RET:M008:437971,De Akkers,437971,,0,,1639125,0,1
152913,1,378777623,RET:M008:437973,De Akkers,437973,,0,,1639125,0,1
152913,1,378777624,RET:M008:437975,De Akkers,437975,,0,,1639125,0,1
152913,1,378777625,RET:M008:437977,De Akkers,437977,,0,,1639125,0,
152913,1,378777626,RET:M008:437979,De Akkers,437979,,0,,1639125,0,
152913,1,378777627,RET:M008:437981,De Akkers,437981,,0,,1639125,0,1
152913,1,378777628,RET:M008:437983,De Akkers,437983,,0,,1639125,0,1
152913,1,378777629,RET:M008:437985,De Akkers,437985,,0,,1639125,0,1
152913,1,378777630,RET:M008:437825,De Terp,437825,,1,,1638805,0,
152913,1,378777631,RET:M008:437827,De Terp,437827,,1,,1638805,0,
152913,1,378777632,RET:M008:437829,De Terp,437829,,1,,1638805,0,1
152913,1,378777633,RET:M008:437831,De Terp,437831,,1,,1638805,0,1
152913,1,378777634,RET:M008:437833,De Terp,437833,,1,,1638805,0,1
152913,1,378777635,RET:M008:437835,De Terp,437835,,1,,1638805,0,
152913,1,378777636,RET:M008:437837,De Terp,437837,,1,,1638805,0,
152913,1,378777637,RET:M008:437839,De Terp,437839,,1,,1638805,0,1
152913,1,378777638,RET:M008:437841,De Terp,437841,,1,,1638805,0,1
152913,1,378777639,RET:M008:437843,De Terp,437843,,1,,1638805,0,1
152913,1,378777640,RET:M008:437845,De Terp,437845,,1,,1638805,0,1
152913,1,378777641,RET:M008:437850,De Terp,437850,,1,,1638805,0,
152913,1,378777642,RET:M008:437852,De Terp,437852,,1,,1638805,0,
152913,1,378777643,RET:M008:437854,De Terp,437854,,1,,1638805,0,1
152913,1,378777644,RET:M008:437856,De Terp,437856,,1,,1638805,0,1
152913,1,378777645,RET:M008:437858,De Terp,437858,,1,,1638805,0,1
152913,1,378777646,RET:M008:437860,De Terp,437860,,1,,1638805,0,
152913,1,378777647,RET:M008:437862,De Terp,437862,,1,,1638805,0,
152913,1,378777648,RET:M008:437864,De Terp,437864,,1,,1638805,0,1
152913,1,378777649,RET:M008:437866,De Terp,437866,,1,,1638805,0,1
152913,1,378777650,RET:M008:437868,De Terp,437868,,1,,1638805,0,1
152913,1,378777651,RET:M008:437872,De Terp,437872,,1,,1638805,0,
152913,1,378777652,RET:M008:437874,De Terp,437874,,1,,1638805,0,
152913,1,378777653,RET:M008:437876,De Terp,437876,,1,,1638805,0,1
152913,1,378777654,RET:M008:437878,De Terp,437878,,1,,1638805,0,1
152913,1,378777655,RET:M008:437880,De Terp,437880,,1,,1638805,0,1
152913,1,378777656,RET:M008:437882,De Terp,437882,,1,,1638805,0,1
152913,1,378777657,RET:M008:437884,De Terp,437884,,1,,1638805,0,
152913,1,378777658,RET:M008:437886,De Terp,437886,,1,,1638805,0,
152913,1,378777659,RET:M008:437888,De Terp,437888,,1,,1638805,0,1
152913,1,378777660,RET:M008:437890,De Terp,437890,,1,,1638805,0,1
152913,1,378777661,RET:M008:437892,De Terp,437892,,1,,1638805,0,1
152913,1,378777662,RET:M008:437897,De Terp,437897,,1,,1638805,0,
152913,1,378777663,RET:M008:437899,De Terp,437899,,1,,1638805,0,
152913,1,378777664,RET:M008:437901,De Terp,437901,,1,,1638805,0,1
152913,1,378777665,RET:M008:437903,De Terp,437903,,1,,1638805,0,1
152913,1,378777666,RET:M008:437905,De Terp,437905,,1,,1638805,0,1
152913,1,378777667,RET:M008:437907,De Terp,437907,,1,,1638805,0,
152913,1,378777668,RET:M008:437909,De Terp,437909,,1,,1638805,0,
152913,1,378777669,RET:M008:437911,De Terp,437911,,1,,1638805,0,1
152913,1,378777670,RET:M008:437913,De Terp,437913,,1,,1638805,0,1
152913,1,378777671,RET:M008:437915,De Terp,437915,,1,,1638805,0,1
152913,1,378777672,RET:M008:437919,De Terp,437919,,1,,1638805,0,
152913,1,378777673,RET:M008:437921,De Terp,437921,,1,,1638805,0,
152913,1,378777674,RET:M008:437923,De Terp,437923,,1,,1638805,0,1
152913,1,378777675,RET:M008:437925,De Terp,437925,,1,,1638805,0,1
152913,1,378777676,RET:M008:437927,De Terp,437927,,1,,1638805,0,1
152913,1,378777677,RET:M008:437929,De Terp,437929,,1,,1638805,0,1
152913,1,378777678,RET:M008:437931,De Terp,437931,,1,,1638805,0,
152913,1,378777679,RET:M008:437933,De Terp,437933,,1,,1638805,0,
152913,1,378777680,RET:M008:437935,De Terp,437935,,1,,1638805,0,1
152913,1,378777681,RET:M008:437937,De Terp,437937,,1,,1638805,0,1
152913,1,378777682,RET:M008:437939,De Terp,437939,,1,,1638805,0,1
152913,1,378777683,RET:M008:437944,De Terp,437944,,1,,1638805,0,
152913,1,378777684,RET:M008:437946,De Terp,437946,,1,,1638805,0,1
152913,1,378777685,RET:M008:437948,De Terp,437948,,1,,1638805,0,1
152913,1,378777686,RET:M008:437950,De Terp,437950,,1,,1638805,0,1
152913,1,378777687,RET:M008:437952,De Terp,437952,,1,,1638805,0,1
152913,1,378777688,RET:M008:437954,De Terp,437954,,1,,1638805,0,
152913,1,378777689,RET:M008:437956,De Terp,437956,,1,,1638805,0,
152913,1,378777690,RET:M008:437958,De Terp,437958,,1,,1638805,0,1
152913,1,378777691,RET:M008:437960,De Terp,437960,,1,,1638805,0,1
152913,1,378777692,RET:M008:437962,De Terp,437962,,1,,1638805,0,1
152913,1,378777693,RET:M008:437966,De Terp,437966,,1,,1638805,0,
152913,1,378777694,RET:M008:437968,De Terp,437968,,1,,1638805,0,
152913,1,378777695,RET:M008:437970,De Terp,437970,,1,,1638805,0,1
152913,1,378777696,RET:M008:437972,De Terp,437972,,1,,1638805,0,1
152913,1,378777697,RET:M008:437974,De Terp,437974,,1,,1638805,0,1
152913,1,378777698,RET:M008:437976,De Terp,437976,,1,,1638805,0,1
152913,1,378777699,RET:M008:437978,De Terp,437978,,1,,1638805,0,
152913,1,378777700,RET:M008:437980,De Terp,437980,,1,,1638805,0,1
152913,1,378777701,RET:M008:437982,De Terp,437982,,1,,1638805,0,1
152913,1,378777702,RET:M008:437984,De Terp,437984,,1,,1638805,0,1
152913,1,378777703,RET:M008:437986,De Terp,437986,,1,,1638805,0,1
152913,1538,378779290,RET:M008:498119,De Terp,498119,,1,,,0,1
152913,1538,378779291,RET:M008:498195,De Terp,498195,,1,,,0,1
152913,1538,378779292,RET:M008:498244,De Terp,498244,,1,,,0,1
152913,1538,378779293,RET:M008:498120,De Akkers,498120,,0,,1639125,0,1
152913,1538,378779294,RET:M008:498122,De Akkers,498122,,0,,1639125,0,1
152913,1538,378779295,RET:M008:498124,De Akkers,498124,,0,,1639125,0,1
152913,1538,378779296,RET:M008:498126,De Akkers,498126,,0,,1639125,0,1
152913,1538,378779297,RET:M008:498128,De Akkers,498128,,0,,1639125,0,1
152913,1538,378779298,RET:M008:498130,De Akkers,498130,,0,,1639125,0,1
152913,1538,378779299,RET:M008:498132,De Akkers,498132,,0,,1639125,0,1
152913,1538,378779300,RET:M008:498134,De Akkers,498134,,0,,1639125,0,1
152913,1538,378779301,RET:M008:498136,De Akkers,498136,,0,,1639125,0,1
152913,1538,378779302,RET:M008:498138,De Akkers,498138,,0,,1639125,0,1
152913,1538,378779303,RET:M008:498147,De Akkers,498147,,0,,1639125,0,1
152913,1538,378779304,RET:M008:498149,De Akkers,498149,,0,,1639125,0,1
152913,1538,378779305,RET:M008:498151,De Akkers,498151,,0,,1639125,0,1
152913,1538,378779306,RET:M008:498153,De Akkers,498153,,0,,1639125,0,1
152913,1538,378779307,RET:M008:498155,De Akkers,498155,,0,,1639125,0,1
152913,1538,378779308,RET:M008:498157,De Akkers,498157,,0,,1639125,0,1
152913,1538,378779309,RET:M008:498159,De Akkers,498159,,0,,1639125,0,1
152913,1538,378779310,RET:M008:498161,De Akkers,498161,,0,,1639125,0,1
152913,1538,378779311,RET:M008:498163,De Akkers,498163,,0,,1639125,0,1
152913,1538,378779312,RET:M008:498172,De Akkers,498172,,0,,1639125,0,1
152913,1538,378779313,RET:M008:498174,De Akkers,498174,,0,,1639125,0,1
152913,1538,378779314,RET:M008:498176,De Akkers,498176,,0,,1639125,0,1
152913,1538,378779315,RET:M008:498178,De Akkers,498178,,0,,1639125,0,1
152913,1538,378779316,RET:M008:498180,De Akkers,498180,,0,,1639125,0,1
152913,1538,378779317,RET:M008:498182,De Akkers,498182,,0,,1639125,0,1
152913,1538,378779318,RET:M008:498184,De Akkers,498184,,0,,1639125,0,1
152913,1538,378779319,RET:M008:498186,De Akkers,498186,,0,,1639125,0,1
152913,1538,378779320,RET:M008:498188,De Akkers,498188,,0,,1639125,0,1
152913,1538,378779321,RET:M008:498190,De Akkers,498190,,0,,1639125,0,1
152913,1538,378779322,RET:M008:498192,De Akkers,498192,,0,,1639125,0,1
152913,1538,378779323,RET:M008:498196,De Akkers,498196,,0,,1639125,0,1
152913,1538,378779324,RET:M008:498198,De Akkers,498198,,0,,1639125,0,1
152913,1538,378779325,RET:M008:498200,De Akkers,498200,,0,,1639125,0,1
152913,1538,378779326,RET:M008:498202,De Akkers,498202,,0,,1639125,0,1
152913,1538,378779327,RET:M008:498204,De Akkers,498204,,0,,1639125,0,1
152913,1538,378779328,RET:M008:498206,De Akkers,498206,,0,,1639125,0,1
152913,1538,378779329,RET:M008:498208,De Akkers,498208,,0,,1639125,0,1
152913,1538,378779330,RET:M008:498210,De Akkers,498210,,0,,1639125,0,1
152913,1538,378779331,RET:M008:498212,De Akkers,498212,,0,,1639125,0,1
152913,1538,378779332,RET:M008:498214,De Akkers,498214,,0,,1639125,0,1
152913,1538,378779333,RET:M008:498223,De Akkers,498223,,0,,1639125,0,1
152913,1538,378779334,RET:M008:498225,De Akkers,498225,,0,,1639125,0,1
152913,1538,378779335,RET:M008:498227,De Akkers,498227,,0,,1639125,0,1
152913,1538,378779336,RET:M008:498229,De Akkers,498229,,0,,1639125,0,1
152913,1538,378779337,RET:M008:498231,De Akkers,498231,,0,,1639125,0,1
152913,1538,378779338,RET:M008:498233,De Akkers,498233,,0,,1639125,0,1
152913,1538,378779339,RET:M008:498235,De Akkers,498235,,0,,1639125,0,1
152913,1538,378779340,RET:M008:498237,De Akkers,498237,,0,,1639125,0,1
152913,1538,378779341,RET:M008:498239,De Akkers,498239,,0,,1639125,0,1
152913,1538,378779342,RET:M008:498241,De Akkers,498241,,0,,1639125,0,1
152913,1538,378779343,RET:M008:498245,De Akkers,498245,,0,,1639125,0,1
152913,1538,378779344,RET:M008:498247,De Akkers,498247,,0,,1639125,0,1
152913,1538,378779345,RET:M008:498249,De Akkers,498249,,0,,1639125,0,1
152913,1538,378779346,RET:M008:498251,De Akkers,498251,,0,,1639125,0,1
152913,1538,378779347,RET:M008:498253,De Akkers,498253,,0,,1639125,0,1
152913,1538,378779348,RET:M008:498255,De Akkers,498255,,0,,1639125,0,1
152913,1538,378779349,RET:M008:498257,De Akkers,498257,,0,,1639125,0,1
152913,1538,378779350,RET:M008:498259,De Akkers,498259,,0,,1639125,0,1
152913,1538,378779351,RET:M008:498261,De Akkers,498261,,0,,1639125,0,1
152913,1538,378779352,RET:M008:498263,De Akkers,498263,,0,,1639125,0,1
152913,1538,378779353,RET:M008:498268,De Akkers,498268,,0,,1639125,0,1
152913,1538,378779354,RET:M008:498270,De Akkers,498270,,0,,1639125,0,1
152913,1538,378779355,RET:M008:498272,De Akkers,498272,,0,,1639125,0,1
152913,1538,378779356,RET:M008:498274,De Akkers,498274,,0,,1639125,0,1
152913,1538,378779357,RET:M008:498276,De Akkers,498276,,0,,1639125,0,1
152913,1538,378779358,RET:M008:498278,De Akkers,498278,,0,,1639125,0,1
152913,1538,378779359,RET:M008:498280,De Akkers,498280,,0,,1639125,0,1
152913,1538,378779360,RET:M008:498282,De Akkers,498282,,0,,1639125,0,1
152913,1538,378779361,RET:M008:498284,De Akkers,498284,,0,,1639125,0,1
152913,1538,378779362,RET:M008:498286,De Akkers,498286,,0,,1639125,0,1
152913,1538,378779363,RET:M008:498121,De Terp,498121,,1,,1638805,0,1
152913,1538,378779364,RET:M008:498123,De Terp,498123,,1,,1638805,0,1
152913,1538,378779365,RET:M008:498125,De Terp,498125,,1,,1638805,0,1
152913,1538,378779366,RET:M008:498127,De Terp,498127,,1,,1638805,0,1
152913,1538,378779367,RET:M008:498129,De Terp,498129,,1,,1638805,0,1
152913,1538,378779368,RET:M008:498131,De Terp,498131,,1,,1638805,0,1
152913,1538,378779369,RET:M008:498133,De Terp,498133,,1,,1638805,0,1
152913,1538,378779370,RET:M008:498135,De Terp,498135,,1,,1638805,0,1
152913,1538,378779371,RET:M008:498137,De Terp,498137,,1,,1638805,0,1
152913,1538,378779372,RET:M008:498139,De Terp,498139,,1,,1638805,0,1
152913,1538,378779373,RET:M008:498146,De Terp,498146,,1,,1638805,0,1
152913,1538,378779374,RET:M008:498148,De Terp,498148,,1,,1638805,0,1
152913,1538,378779375,RET:M008:498150,De Terp,498150,,1,,1638805,0,1
152913,1538,378779376,RET:M008:498152,De Terp,498152,,1,,1638805,0,1
152913,1538,378779377,RET:M008:498154,De Terp,498154,,1,,1638805,0,1
152913,1538,378779378,RET:M008:498156,De Terp,498156,,1,,1638805,0,1
152913,1538,378779379,RET:M008:498158,De Terp,498158,,1,,1638805,0,1
152913,1538,378779380,RET:M008:498160,De Terp,498160,,1,,1638805,0,1
152913,1538,378779381,RET:M008:498162,De Terp,498162,,1,,1638805,0,1
152913,1538,378779382,RET:M008:498164,De Terp,498164,,1,,1638805,0,1
152913,1538,378779383,RET:M008:498171,De Terp,498171,,1,,1638805,0,1
152913,1538,378779384,RET:M008:498173,De Terp,498173,,1,,1638805,0,1
152913,1538,378779385,RET:M008:498175,De Terp,498175,,1,,1638805,0,1
152913,1538,378779386,RET:M008:498177,De Terp,498177,,1,,1638805,0,1
152913,1538,378779387,RET:M008:498179,De Terp,498179,,1,,1638805,0,1
152913,1538,378779388,RET:M008:498181,De Terp,498181,,1,,1638805,0,1
152913,1538,378779389,RET:M008:498183,De Terp,498183,,1,,1638805,0,1
152913,1538,378779390,RET:M008:498185,De Terp,498185,,1,,1638805,0,1
152913,1538,378779391,RET:M008:498187,De Terp,498187,,1,,1638805,0,1
152913,1538,378779392,RET:M008:498189,De Terp,498189,,1,,1638805,0,1
152913,1538,378779393,RET:M008:498191,De Terp,498191,,1,,1638805,0,1
152913,1538,378779394,RET:M008:498197,De Terp,498197,,1,,1638805,0,1
152913,1538,378779395,RET:M008:498199,De Terp,498199,,1,,1638805,0,1
152913,1538,378779396,RET:M008:498201,De Terp,498201,,1,,1638805,0,1
152913,1538,378779397,RET:M008:498203,De Terp,498203,,1,,1638805,0,1
152913,1538,378779398,RET:M008:498205,De Terp,498205,,1,,1638805,0,1
152913,1538,378779399,RET:M008:498207,De Terp,498207,,1,,1638805,0,1
152913,1538,378779400,RET:M008:498209,De Terp,498209,,1,,1638805,0,1
152913,1538,378779401,RET:M008:498211,De Terp,498211,,1,,1638805,0,1
152913,1538,378779402,RET:M008:498213,De Terp,498213,,1,,1638805,0,1
152913,1538,378779403,RET:M008:498215,De Terp,498215,,1,,1638805,0,1
152913,1538,378779404,RET:M008:498222,De Terp,498222,,1,,1638805,0,1
152913,1538,378779405,RET:M008:498224,De Terp,498224,,1,,1638805,0,1
152913,1538,378779406,RET:M008:498226,De Terp,498226,,1,,1638805,0,1
152913,1538,378779407,RET:M008:498228,De Terp,498228,,1,,1638805,0,1
152913,1538,378779408,RET:M008:498230,De Terp,498230,,1,,1638805,0,1
152913,1538,378779409,RET:M008:498232,De Terp,498232,,1,,1638805,0,1
152913,1538,378779410,RET:M008:498234,De Terp,498234,,1,,1638805,0,1
152913,1538,378779411,RET:M008:498236,De Terp,498236,,1,,1638805,0,1
152913,1538,378779412,RET:M008:498238,De Terp,498238,,1,,1638805,0,1
152913,1538,378779413,RET:M008:498240,De Terp,498240,,1,,1638805,0,1
152913,1538,378779414,RET:M008:498246,De Terp,498246,,1,,1638805,0,1
152913,1538,378779415,RET:M008:498248,De Terp,498248,,1,,1638805,0,1
152913,1538,378779416,RET:M008:498250,De Terp,498250,,1,,1638805,0,1
152913,1538,378779417,RET:M008:498252,De Terp,498252,,1,,1638805,0,1
152913,1538,378779418,RET:M008:498254,De Terp,498254,,1,,1638805,0,1
152913,1538,378779419,RET:M008:498256,De Terp,498256,,1,,1638805,0,1
152913,1538,378779420,RET:M008:498258,De Terp,498258,,1,,1638805,0,1
152913,1538,378779421,RET:M008:498260,De Terp,498260,,1,,1638805,0,1
152913,1538,378779422,RET:M008:498262,De Terp,498262,,1,,1638805,0,1
152913,1538,378779423,RET:M008:498264,De Terp,498264,,1,,1638805,0,1
152913,1538,378779424,RET:M008:498267,De Terp,498267,,1,,1638805,0,1
152913,1538,378779425,RET:M008:498269,De Terp,498269,,1,,1638805,0,1
152913,1538,378779426,RET:M008:498271,De Terp,498271,,1,,1638805,0,1
152913,1538,378779427,RET:M008:498273,De Terp,498273,,1,,1638805,0,1
152913,1538,378779428,RET:M008:498275,De Terp,498275,,1,,1638805,0,1
152913,1538,378779429,RET:M008:498277,De Terp,498277,,1,,1638805,0,1
152913,1538,378779430,RET:M008:498279,De Terp,498279,,1,,1638805,0,1
152913,1538,378779431,RET:M008:498281,De Terp,498281,,1,,1638805,0,1
152913,1538,378779432,RET:M008:498283,De Terp,498283,,1,,1638805,0,1
152913,1538,378779433,RET:M008:498285,De Terp,498285,,1,,1638805,0,1
152913,1538,378779434,RET:M008:498140,Kralingse Zoom,498140,,0,,1639075,0,1
152913,1538,378779435,RET:M008:498141,Capelsebrug,498141,,1,,,0,1
152913,1538,378779436,RET:M008:498145,De Akkers,498145,,0,,1639005,0,1
152913,1538,378779437,RET:M008:498165,Hoogvliet,498165,,0,,1639202,0,1
152913,1538,378779438,RET:M008:498216,Hoogvliet,498216,,0,,1639202,0,1
152913,1538,378779439,RET:M008:498168,De Terp,498168,,1,,1638718,0,1
152913,1538,378779440,RET:M008:498219,De Terp,498219,,1,,1638718,0,1
152913,1021,378780191,RET:M008:503309,De Terp,503309,,1,,,0,
152913,1021,378780192,RET:M008:503335,De Terp,503335,,1,,,0,
152913,1021,378780193,RET:M008:503385,De Terp,503385,,1,,,0,
152913,1021,378780194,RET:M008:503436,De Terp,503436,,1,,,0,
152913,1021,378780195,RET:M008:503310,De Akkers,503310,,0,,1639125,0,
152913,1021,378780196,RET:M008:503312,De Akkers,503312,,0,,1639125,0,
152913,1021,378780197,RET:M008:503314,De Akkers,503314,,0,,1639125,0,1
152913,1021,378780198,RET:M008:503316,De Akkers,503316,,0,,1639125,0,1
152913,1021,378780199,RET:M008:503318,De Akkers,503318,,0,,1639125,0,1
152913,1021,378780200,RET:M008:503320,De Akkers,503320,,0,,1639125,0,1
152913,1021,378780201,RET:M008:503322,De Akkers,503322,,0,,1639125,0,
152913,1021,378780202,RET:M008:503324,De Akkers,503324,,0,,1639125,0,
152913,1021,378780203,RET:M008:503326,De Akkers,503326,,0,,1639125,0,1
152913,1021,378780204,RET:M008:503328,De Akkers,503328,,0,,1639125,0,1
152913,1021,378780205,RET:M008:503330,De Akkers,503330,,0,,1639125,0,1
152913,1021,378780206,RET:M008:503332,De Akkers,503332,,0,,1639125,0,1
152913,1021,378780207,RET:M008:503336,De Akkers,503336,,0,,1639125,0,
152913,1021,378780208,RET:M008:503338,De Akkers,503338,,0,,1639125,0,
152913,1021,378780209,RET:M008:503340,De Akkers,503340,,0,,1639125,0,1
152913,1021,378780210,RET:M008:503342,De Akkers,503342,,0,,1639125,0,1
152913,1021,378780211,RET:M008:503344,De Akkers,503344,,0,,1639125,0,1
152913,1021,378780212,RET:M008:503346,De Akkers,503346,,0,,1639125,0,1
152913,1021,378780213,RET:M008:503348,De Akkers,503348,,0,,1639125,0,
152913,1021,378780214,RET:M008:503350,De Akkers,503350,,0,,1639125,0,
152913,1021,378780215,RET:M008:503352,De Akkers,503352,,0,,1639125,0,1
152913,1021,378780216,RET:M008:503354,De Akkers,503354,,0,,1639125,0,1
152913,1021,378780217,RET:M008:503356,De Akkers,503356,,0,,1639125,0,1
152913,1021,378780218,RET:M008:503360,De Akkers,503360,,0,,1639125,0,
152913,1021,378780219,RET:M008:503362,De Akkers,503362,,0,,1639125,0,
152913,1021,378780220,RET:M008:503364,De Akkers,503364,,0,,1639125,0,1
152913,1021,378780221,RET:M008:503366,De Akkers,503366,,0,,1639125,0,1
152913,1021,378780222,RET:M008:503368,De Akkers,503368,,0,,1639125,0,1
152913,1021,378780223,RET:M008:503370,De Akkers,503370,,0,,1639125,0,
152913,1021,378780224,RET:M008:503372,De Akkers,503372,,0,,1639125,0,
152913,1021,378780225,RET:M008:503374,De Akkers,503374,,0,,1639125,0,1
152913,1021,378780226,RET:M008:503376,De Akkers,503376,,0,,1639125,0,1
152913,1021,378780227,RET:M008:503378,De Akkers,503378,,0,,1639125,0,1
152913,1021,378780228,RET:M008:503386,De Akkers,503386,,0,,1639125,0,
152913,1021,378780229,RET:M008:503388,De Akkers,503388,,0,,1639125,0,
152913,1021,378780230,RET:M008:503390,De Akkers,503390,,0,,1639125,0,1
152913,1021,378780231,RET:M008:503392,De Akkers,503392,,0,,1639125,0,1
152913,1021,378780232,RET:M008:503394,De Akkers,503394,,0,,1639125,0,1
152913,1021,378780233,RET:M008:503396,De Akkers,503396,,0,,1639125,0,1
152913,1021,378780234,RET:M008:503398,De Akkers,503398,,0,,1639125,0,
152913,1021,378780235,RET:M008:503400,De Akkers,503400,,0,,1639125,0,
152913,1021,378780236,RET:M008:503402,De Akkers,503402,,0,,1639125,0,1
152913,1021,378780237,RET:M008:503404,De Akkers,503404,,0,,1639125,0,1
152913,1021,378780238,RET:M008:503406,De Akkers,503406,,0,,1639125,0,1
152913,1021,378780239,RET:M008:503410,De Akkers,503410,,0,,1639125,0,
152913,1021,378780240,RET:M008:503412,De Akkers,503412,,0,,1639125,0,
152913,1021,378780241,RET:M008:503414,De Akkers,503414,,0,,1639125,0,1
152913,1021,378780242,RET:M008:503416,De Akkers,503416,,0,,1639125,0,1
152913,1021,378780243,RET:M008:503418,De Akkers,503418,,0,,1639125,0,1
152913,1021,378780244,RET:M008:503420,De Akkers,503420,,0,,1639125,0,
152913,1021,378780245,RET:M008:503422,De Akkers,503422,,0,,1639125,0,
152913,1021,378780246,RET:M008:503424,De Akkers,503424,,0,,1639125,0,1
152913,1021,378780247,RET:M008:503426,De Akkers,503426,,0,,1639125,0,1
152913,1021,378780248,RET:M008:503428,De Akkers,503428,,0,,1639125,0,1
152913,1021,378780249,RET:M008:503437,De Akkers,503437,,0,,1639125,0,
152913,1021,378780250,RET:M008:503439,De Akkers,503439,,0,,1639125,0,
152913,1021,378780251,RET:M008:503441,De Akkers,503441,,0,,1639125,0,1
152913,1021,378780252,RET:M008:503443,De Akkers,503443,,0,,1639125,0,1
152913,1021,378780253,RET:M008:503445,De Akkers,503445,,0,,1639125,0,1
152913,1021,378780254,RET:M008:503447,De Akkers,503447,,0,,1639125,0,
152913,1021,378780255,RET:M008:503449,De Akkers,503449,,0,,1639125,0,
152913,1021,378780256,RET:M008:503451,De Akkers,503451,,0,,1639125,0,1
152913,1021,378780257,RET:M008:503453,De Akkers,503453,,0,,1639125,0,1
152913,1021,378780258,RET:M008:503455,De Akkers,503455,,0,,1639125,0,1
152913,1021,378780259,RET:M008:503464,De Akkers,503464,,0,,1639125,0,
152913,1021,378780260,RET:M008:503466,De Akkers,503466,,0,,1639125,0,
152913,1021,378780261,RET:M008:503468,De Akkers,503468,,0,,1639125,0,1
152913,1021,378780262,RET:M008:503470,De Akkers,503470,,0,,1639125,0,1
152913,1021,378780263,RET:M008:503472,De Akkers,503472,,0,,1639125,0,1
152913,1021,378780264,RET:M008:503474,De Akkers,503474,,0,,1639125,0,
152913,1021,378780265,RET:M008:503476,De Akkers,503476,,0,,1639125,0,
152913,1021,378780266,RET:M008:503478,De Akkers,503478,,0,,1639125,0,1
152913,1021,378780267,RET:M008:503480,De Akkers,503480,,0,,1639125,0,1
152913,1021,378780268,RET:M008:503482,De Akkers,503482,,0,,1639125,0,1
152913,1021,378780269,RET:M008:503311,De Terp,503311,,1,,1638805,0,
152913,1021,378780270,RET:M008:503313,De Terp,503313,,1,,1638805,0,
152913,1021,378780271,RET:M008:503315,De Terp,503315,,1,,1638805,0,1
152913,1021,378780272,RET:M008:503317,De Terp,503317,,1,,1638805,0,1
152913,1021,378780273,RET:M008:503319,De Terp,503319,,1,,1638805,0,1
152913,1021,378780274,RET:M008:503321,De Terp,503321,,1,,1638805,0,
152913,1021,378780275,RET:M008:503323,De Terp,503323,,1,,1638805,0,
152913,1021,378780276,RET:M008:503325,De Terp,503325,,1,,1638805,0,1
152913,1021,378780277,RET:M008:503327,De Terp,503327,,1,,1638805,0,1
152913,1021,378780278,RET:M008:503329,De Terp,503329,,1,,1638805,0,1
152913,1021,378780279,RET:M008:503331,De Terp,503331,,1,,1638805,0,1
152913,1021,378780280,RET:M008:503337,De Terp,503337,,1,,1638805,0,
152913,1021,378780281,RET:M008:503339,De Terp,503339,,1,,1638805,0,
152913,1021,378780282,RET:M008:503341,De Terp,503341,,1,,1638805,0,1
152913,1021,378780283,RET:M008:503343,De Terp,503343,,1,,1638805,0,1
152913,1021,378780284,RET:M008:503345,De Terp,503345,,1,,1638805,0,1
152913,1021,378780285,RET:M008:503347,De Terp,503347,,1,,1638805,0,
152913,1021,378780286,RET:M008:503349,De Terp,503349,,1,,1638805,0,
152913,1021,378780287,RET:M008:503351,De Terp,503351,,1,,1638805,0,1
152913,1021,378780288,RET:M008:503353,De Terp,503353,,1,,1638805,0,1
152913,1021,378780289,RET:M008:503355,De Terp,503355,,1,,1638805,0,1
152913,1021,378780290,RET:M008:503359,De Terp,503359,,1,,1638805,0,
152913,1021,378780291,RET:M008:503361,De Terp,503361,,1,,1638805,0,
152913,1021,378780292,RET:M008:503363,De Terp,503363,,1,,1638805,0,1
152913,1021,378780293,RET:M008:503365,De Terp,503365,,1,,1638805,0,1
152913,1021,378780294,RET:M008:503367,De Terp,503367,,1,,1638805,0,1
152913,1021,378780295,RET:M008:503369,De Terp,503369,,1,,1638805,0,1
152913,1021,378780296,RET:M008:503371,De Terp,503371,,1,,1638805,0,
152913,1021,378780297,RET:M008:503373,De Terp,503373,,1,,1638805,0,
152913,1021,378780298,RET:M008:503375,De Terp,503375,,1,,1638805,0,1
152913,1021,378780299,RET:M008:503377,De Terp,503377,,1,,1638805,0,1
152913,1021,378780300,RET:M008:503379,De Terp,503379,,1,,1638805,0,1
152913,1021,378780301,RET:M008:503387,De Terp,503387,,1,,1638805,0,
152913,1021,378780302,RET:M008:503389,De Terp,503389,,1,,1638805,0,
152913,1021,378780303,RET:M008:503391,De Terp,503391,,1,,1638805,0,1
152913,1021,378780304,RET:M008:503393,De Terp,503393,,1,,1638805,0,1
152913,1021,378780305,RET:M008:503395,De Terp,503395,,1,,1638805,0,1
152913,1021,378780306,RET:M008:503397,De Terp,503397,,1,,1638805,0,
152913,1021,378780307,RET:M008:503399,De Terp,503399,,1,,1638805,0,
152913,1021,378780308,RET:M008:503401,De Terp,503401,,1,,1638805,0,1
152913,1021,378780309,RET:M008:503403,De Terp,503403,,1,,1638805,0,1
152913,1021,378780310,RET:M008:503405,De Terp,503405,,1,,1638805,0,1
152913,1021,378780311,RET:M008:503409,De Terp,503409,,1,,1638805,0,
152913,1021,378780312,RET:M008:503411,De Terp,503411,,1,,1638805,0,
152913,1021,378780313,RET:M008:503413,De Terp,503413,,1,,1638805,0,1
152913,1021,378780314,RET:M008:503415,De Terp,503415,,1,,1638805,0,1
152913,1021,378780315,RET:M008:503417,De Terp,503417,,1,,1638805,0,1
152913,1021,378780316,RET:M008:503419,De Terp,503419,,1,,1638805,0,1
152913,1021,378780317,RET:M008:503421,De Terp,503421,,1,,1638805,0,
152913,1021,378780318,RET:M008:503423,De Terp,503423,,1,,1638805,0,
152913,1021,378780319,RET:M008:503425,De Terp,503425,,1,,1638805,0,1
152913,1021,378780320,RET:M008:503427,De Terp,503427,,1,,1638805,0,1
152913,1021,378780321,RET:M008:503429,De Terp,503429,,1,,1638805,0,1
152913,1021,378780322,RET:M008:503438,De Terp,503438,,1,,1638805,0,
152913,1021,378780323,RET:M008:503440,De Terp,503440,,1,,1638805,0,1
152913,1021,378780324,RET:M008:503442,De Terp,503442,,1,,1638805,0,1
152913,1021,378780325,RET:M008:503444,De Terp,503444,,1,,1638805,0,1
152913,1021,378780326,RET:M008:503446,De Terp,503446,,1,,1638805,0,1
152913,1021,378780327,RET:M008:503448,De Terp,503448,,1,,1638805,0,
152913,1021,378780328,RET:M008:503450,De Terp,503450,,1,,1638805,0,
152913,1021,378780329,RET:M008:503452,De Terp,503452,,1,,1638805,0,1
152913,1021,378780330,RET:M008:503454,De Terp,503454,,1,,1638805,0,1
152913,1021,378780331,RET:M008:503456,De Terp,503456,,1,,1638805,0,1
152913,1021,378780332,RET:M008:503463,De Terp,503463,,1,,1638805,0,
152913,1021,378780333,RET:M008:503465,De Terp,503465,,1,,1638805,0,
152913,1021,378780334,RET:M008:503467,De Terp,503467,,1,,1638805,0,1
152913,1021,378780335,RET:M008:503469,De Terp,503469,,1,,1638805,0,1
152913,1021,378780336,RET:M008:503471,De Terp,503471,,1,,1638805,0,1
152913,1021,378780337,RET:M008:503473,De Terp,503473,,1,,1638805,0,1
152913,1021,378780338,RET:M008:503475,De Terp,503475,,1,,1638805,0,
152913,1021,378780339,RET:M008:503477,De Terp,503477,,1,,1638805,0,1
152913,1021,378780340,RET:M008:503479,De Terp,503479,,1,,1638805,0,1
152913,1021,378780341,RET:M008:503481,De Terp,503481,,1,,1638805,0,1
152913,1021,378780342,RET:M008:503483,De Terp,503483,,1,,1638805,0,1
152913,1021,378780343,RET:M008:503380,Kralingse Zoom,503380,,0,,1639075,0,1
152913,1021,378780344,RET:M008:503381,Capelsebrug,503381,,1,,,0,1
152913,1021,378780345,RET:M008:503430,Hoogvliet,503430,,0,,1639202,0,1
152913,1021,378780346,RET:M008:503457,Hoogvliet,503457,,0,,1639202,0,1
152913,1021,378780347,RET:M008:503433,De Terp,503433,,1,,1638718,0,1
152913,1021,378780348,RET:M008:503460,De Terp,503460,,1,,1638718,0,1
152913,3249,378781195,RET:M008:508543,De Terp,508543,,1,,,0,
152913,3249,378781196,RET:M008:508590,De Terp,508590,,1,,,0,
152913,3249,378781197,RET:M008:508637,De Terp,508637,,1,,,0,
152913,3249,378781198,RET:M008:508737,De Terp,508737,,1,,,0,
152913,3249,378781199,RET:M008:508754,De Terp,508754,,1,,,0,
152913,3249,378781200,RET:M008:508544,De Akkers,508544,,0,,1639125,0,
152913,3249,378781201,RET:M008:508548,De Akkers,508548,,0,,1639125,0,1
152913,3249,378781202,RET:M008:508550,De Akkers,508550,,0,,1639125,0,1
152913,3249,378781203,RET:M008:508552,De Akkers,508552,,0,,1639125,0,1
152913,3249,378781204,RET:M008:508554,De Akkers,508554,,0,,1639125,0,1
152913,3249,378781205,RET:M008:508556,De Akkers,508556,,0,,1639125,0,
152913,3249,378781206,RET:M008:508558,De Akkers,508558,,0,,1639125,0,1
152913,3249,378781207,RET:M008:508560,De Akkers,508560,,0,,1639125,0,1
152913,3249,378781208,RET:M008:508562,De Akkers,508562,,0,,1639125,0,1
152913,3249,378781209,RET:M008:508564,De Akkers,508564,,0,,1639125,0,1
152913,3249,378781210,RET:M008:508569,De Akkers,508569,,0,,1639125,0,
152913,3249,378781211,RET:M008:508571,De Akkers,508571,,0,,1639125,0,1
152913,3249,378781212,RET:M008:508573,De Akkers,508573,,0,,1639125,0,1
152913,3249,378781213,RET:M008:508575,De Akkers,508575,,0,,1639125,0,1
152913,3249,378781214,RET:M008:508577,De Akkers,508577,,0,,1639125,0,1
152913,3249,378781215,RET:M008:508579,De Akkers,508579,,0,,1639125,0,
152913,3249,378781216,RET:M008:508581,De Akkers,508581,,0,,1639125,0,
152913,3249,378781217,RET:M008:508583,De Akkers,508583,,0,,1639125,0,1
152913,3249,378781218,RET:M008:508585,De Akkers,508585,,0,,1639125,0,1
152913,3249,378781219,RET:M008:508587,De Akkers,508587,,0,,1639125,0,1
152913,3249,378781220,RET:M008:508591,De Akkers,508591,,0,,1639125,0,
152913,3249,378781221,RET:M008:508593,De Akkers,508593,,0,,1639125,0,
152913,3249,378781222,RET:M008:508595,De Akkers,508595,,0,,1639125,0,1
152913,3249,378781223,RET:M008:508597,De Akkers,508597,,0,,1639125,0,1
152913,3249,378781224,RET:M008:508599,De Akkers,508599,,0,,1639125,0,1
152913,3249,378781225,RET:M008:508601,De Akkers,508601,,0,,1639125,0,1
152913,3249,378781226,RET:M008:508603,De Akkers,508603,,0,,1639125,0,
152913,3249,378781227,RET:M008:508605,De Akkers,508605,,0,,1639125,0,1
152913,3249,378781228,RET:M008:508607,De Akkers,508607,,0,,1639125,0,1
152913,3249,378781229,RET:M008:508609,De Akkers,508609,,0,,1639125,0,1
152913,3249,378781230,RET:M008:508611,De Akkers,508611,,0,,1639125,0,1
152913,3249,378781231,RET:M008:508615,De Akkers,508615,,0,,1639125,0,
152913,3249,378781232,RET:M008:508617,De Akkers,508617,,0,,1639125,0,
152913,3249,378781233,RET:M008:508619,De Akkers,508619,,0,,1639125,0,1
152913,3249,378781234,RET:M008:508621,De Akkers,508621,,0,,1639125,0,1
152913,3249,378781235,RET:M008:508623,De Akkers,508623,,0,,1639125,0,1
152913,3249,378781236,RET:M008:508625,De Akkers,508625,,0,,1639125,0,
152913,3249,378781237,RET:M008:508627,De Akkers,508627,,0,,1639125,0,
152913,3249,378781238,RET:M008:508629,De Akkers,508629,,0,,1639125,0,1
152913,3249,378781239,RET:M008:508631,De Akkers,508631,,0,,1639125,0,1
152913,3249,378781240,RET:M008:508633,De Akkers,508633,,0,,1639125,0,1
152913,3249,378781241,RET:M008:508638,De Akkers,508638,,0,,1639125,0,
152913,3249,378781242,RET:M008:508640,De Akkers,508640,,0,,1639125,0,
152913,3249,378781243,RET:M008:508642,De Akkers,508642,,0,,1639125,0,1
152913,3249,378781244,RET:M008:508644,De Akkers,508644,,0,,1639125,0,1
152913,3249,378781245,RET:M008:508646,De Akkers,508646,,0,,1639125,0,1
152913,3249,378781246,RET:M008:508648,De Akkers,508648,,0,,1639125,0,
152913,3249,378781247,RET:M008:508650,De Akkers,508650,,0,,1639125,0,
152913,3249,378781248,RET:M008:508652,De Akkers,508652,,0,,1639125,0,1
152913,3249,378781249,RET:M008:508654,De Akkers,508654,,0,,1639125,0,1
152913,3249,378781250,RET:M008:508656,De Akkers,508656,,0,,1639125,0,1
152913,3249,378781251,RET:M008:508663,De Akkers,508663,,0,,1639125,0,
152913,3249,378781252,RET:M008:508665,De Akkers,508665,,0,,1639125,0,1
152913,3249,378781253,RET:M008:508667,De Akkers,508667,,0,,1639125,0,1
152913,3249,378781254,RET:M008:508669,De Akkers,508669,,0,,1639125,0,1
152913,3249,378781255,RET:M008:508671,De Akkers,508671,,0,,1639125,0,
152913,3249,378781256,RET:M008:508673,De Akkers,508673,,0,,1639125,0,
152913,3249,378781257,RET:M008:508678,De Akkers,508678,,0,,1639125,0,
152913,3249,378781258,RET:M008:508680,De Akkers,508680,,0,,1639125,0,
152913,3249,378781259,RET:M008:508682,De Akkers,508682,,0,,1639125,0,1
152913,3249,378781260,RET:M008:508684,De Akkers,508684,,0,,1639125,0,1
152913,3249,378781261,RET:M008:508686,De Akkers,508686,,0,,1639125,0,1
152913,3249,378781262,RET:M008:508688,De Akkers,508688,,0,,1639125,0,
152913,3249,378781263,RET:M008:508690,De Akkers,508690,,0,,1639125,0,
152913,3249,378781264,RET:M008:508692,De Akkers,508692,,0,,1639125,0,1
152913,3249,378781265,RET:M008:508694,De Akkers,508694,,0,,1639125,0,1
152913,3249,378781266,RET:M008:508696,De Akkers,508696,,0,,1639125,0,1
152913,3249,378781267,RET:M008:508702,De Akkers,508702,,0,,1639125,0,
152913,3249,378781268,RET:M008:508704,De Akkers,508704,,0,,1639125,0,1
152913,3249,378781269,RET:M008:508706,De Akkers,508706,,0,,1639125,0,1
152913,3249,378781270,RET:M008:508708,De Akkers,508708,,0,,1639125,0,1
152913,3249,378781271,RET:M008:508710,De Akkers,508710,,0,,1639125,0,
152913,3249,378781272,RET:M008:508712,De Akkers,508712,,0,,1639125,0,
152913,3249,378781273,RET:M008:508714,De Akkers,508714,,0,,1639125,0,1
152913,3249,378781274,RET:M008:508720,De Akkers,508720,,0,,1639125,0,
152913,3249,378781275,RET:M008:508722,De Akkers,508722,,0,,1639125,0,1
152913,3249,378781276,RET:M008:508724,De Akkers,508724,,0,,1639125,0,1
152913,3249,378781277,RET:M008:508726,De Akkers,508726,,0,,1639125,0,1
152913,3249,378781278,RET:M008:508728,De Akkers,508728,,0,,1639125,0,1
152913,3249,378781279,RET:M008:508730,De Akkers,508730,,0,,1639125,0,
152913,3249,378781280,RET:M008:508732,De Akkers,508732,,0,,1639125,0,
152913,3249,378781281,RET:M008:508738,De Akkers,508738,,0,,1639125,0,
152913,3249,378781282,RET:M008:508740,De Akkers,508740,,0,,1639125,0,
152913,3249,378781283,RET:M008:508742,De Akkers,508742,,0,,1639125,0,1
152913,3249,378781284,RET:M008:508744,De Akkers,508744,,0,,1639125,0,1
152913,3249,378781285,RET:M008:508746,De Akkers,508746,,0,,1639125,0,1
152913,3249,378781286,RET:M008:508748,De Akkers,508748,,0,,1639125,0,
152913,3249,378781287,RET:M008:508750,De Akkers,508750,,0,,1639125,0,
152913,3249,378781288,RET:M008:508755,De Akkers,508755,,0,,1639125,0,
152913,3249,378781289,RET:M008:508757,De Akkers,508757,,0,,1639125,0,
152913,3249,378781290,RET:M008:508759,De Akkers,508759,,0,,1639125,0,1
152913,3249,378781291,RET:M008:508761,De Akkers,508761,,0,,1639125,0,1
152913,3249,378781292,RET:M008:508763,De Akkers,508763,,0,,1639125,0,1
152913,3249,378781293,RET:M008:508765,De Akkers,508765,,0,,1639125,0,
152913,3249,378781294,RET:M008:508767,De Akkers,508767,,0,,1639125,0,
152913,3249,378781295,RET:M008:508769,De Akkers,508769,,0,,1639125,0,1
152913,3249,378781296,RET:M008:508771,De Akkers,508771,,0,,1639125,0,1
152913,3249,378781297,RET:M008:508773,De Akkers,508773,,0,,1639125,0,1
152913,3249,378781298,RET:M008:508545,De Terp,508545,,1,,1638725,0,
152913,3249,378781299,RET:M008:508660,De Terp,508660,,1,,1638725,0,
152913,3249,378781300,RET:M008:508674,De Terp,508674,,1,,1638725,0,1
152913,3249,378781301,RET:M008:508751,De Terp,508751,,1,,1638725,0,
152913,3249,378781302,RET:M008:508546,De Akkers,508546,,0,,1638936,0,
152913,3249,378781303,RET:M008:508661,De Akkers,508661,,0,,1638936,0,
152913,3249,378781304,RET:M008:508547,De Terp,508547,,1,,1638805,0,
152913,3249,378781305,RET:M008:508549,De Terp,508549,,1,,1638805,0,1
152913,3249,378781306,RET:M008:508551,De Terp,508551,,1,,1638805,0,1
152913,3249,378781307,RET:M008:508553,De Terp,508553,,1,,1638805,0,1
152913,3249,378781308,RET:M008:508555,De Terp,508555,,1,,1638805,0,
152913,3249,378781309,RET:M008:508557,De Terp,508557,,1,,1638805,0,
152913,3249,378781310,RET:M008:508559,De Terp,508559,,1,,1638805,0,1
152913,3249,378781311,RET:M008:508561,De Terp,508561,,1,,1638805,0,1
152913,3249,378781312,RET:M008:508563,De Terp,508563,,1,,1638805,0,1
152913,3249,378781313,RET:M008:508568,De Terp,508568,,1,,1638805,0,
152913,3249,378781314,RET:M008:508570,De Terp,508570,,1,,1638805,0,
152913,3249,378781315,RET:M008:508572,De Terp,508572,,1,,1638805,0,1
152913,3249,378781316,RET:M008:508574,De Terp,508574,,1,,1638805,0,1
152913,3249,378781317,RET:M008:508576,De Terp,508576,,1,,1638805,0,1
152913,3249,378781318,RET:M008:508578,De Terp,508578,,1,,1638805,0,
152913,3249,378781319,RET:M008:508580,De Terp,508580,,1,,1638805,0,
152913,3249,378781320,RET:M008:508582,De Terp,508582,,1,,1638805,0,1
152913,3249,378781321,RET:M008:508584,De Terp,508584,,1,,1638805,0,1
152913,3249,378781322,RET:M008:508586,De Terp,508586,,1,,1638805,0,1
152913,3249,378781323,RET:M008:508592,De Terp,508592,,1,,1638805,0,
152913,3249,378781324,RET:M008:508594,De Terp,508594,,1,,1638805,0,
152913,3249,378781325,RET:M008:508596,De Terp,508596,,1,,1638805,0,1
152913,3249,378781326,RET:M008:508598,De Terp,508598,,1,,1638805,0,1
152913,3249,378781327,RET:M008:508600,De Terp,508600,,1,,1638805,0,1
152913,3249,378781328,RET:M008:508602,De Terp,508602,,1,,1638805,0,
152913,3249,378781329,RET:M008:508604,De Terp,508604,,1,,1638805,0,
152913,3249,378781330,RET:M008:508606,De Terp,508606,,1,,1638805,0,1
152913,3249,378781331,RET:M008:508608,De Terp,508608,,1,,1638805,0,1
152913,3249,378781332,RET:M008:508610,De Terp,508610,,1,,1638805,0,1
152913,3249,378781333,RET:M008:508614,De Terp,508614,,1,,1638805,0,
152913,3249,378781334,RET:M008:508616,De Terp,508616,,1,,1638805,0,
152913,3249,378781335,RET:M008:508618,De Terp,508618,,1,,1638805,0,1
152913,3249,378781336,RET:M008:508620,De Terp,508620,,1,,1638805,0,1
152913,3249,378781337,RET:M008:508622,De Terp,508622,,1,,1638805,0,1
152913,3249,378781338,RET:M008:508624,De Terp,508624,,1,,1638805,0,1
152913,3249,378781339,RET:M008:508626,De Terp,508626,,1,,1638805,0,
152913,3249,378781340,RET:M008:508628,De Terp,508628,,1,,1638805,0,1
152913,3249,378781341,RET:M008:508630,De Terp,508630,,1,,1638805,0,1
152913,3249,378781342,RET:M008:508632,De Terp,508632,,1,,1638805,0,1
152913,3249,378781343,RET:M008:508634,De Terp,508634,,1,,1638805,0,1
152913,3249,378781344,RET:M008:508639,De Terp,508639,,1,,1638805,0,
152913,3249,378781345,RET:M008:508641,De Terp,508641,,1,,1638805,0,
152913,3249,378781346,RET:M008:508643,De Terp,508643,,1,,1638805,0,1
152913,3249,378781347,RET:M008:508645,De Terp,508645,,1,,1638805,0,1
152913,3249,378781348,RET:M008:508647,De Terp,508647,,1,,1638805,0,1
152913,3249,378781349,RET:M008:508649,De Terp,508649,,1,,1638805,0,
152913,3249,378781350,RET:M008:508651,De Terp,508651,,1,,1638805,0,
152913,3249,378781351,RET:M008:508653,De Terp,508653,,1,,1638805,0,1
152913,3249,378781352,RET:M008:508655,De Terp,508655,,1,,1638805,0,1
152913,3249,378781353,RET:M008:508657,De Terp,508657,,1,,1638805,0,1
152913,3249,378781354,RET:M008:508662,De Terp,508662,,1,,1638805,0,
152913,3249,378781355,RET:M008:508664,De Terp,508664,,1,,1638805,0,1
152913,3249,378781356,RET:M008:508666,De Terp,508666,,1,,1638805,0,1
152913,3249,378781357,RET:M008:508668,De Terp,508668,,1,,1638805,0,1
152913,3249,378781358,RET:M008:508670,De Terp,508670,,1,,1638805,0,
152913,3249,378781359,RET:M008:508672,De Terp,508672,,1,,1638805,0,
152913,3249,378781360,RET:M008:508679,De Terp,508679,,1,,1638805,0,
152913,3249,378781361,RET:M008:508681,De Terp,508681,,1,,1638805,0,1
152913,3249,378781362,RET:M008:508683,De Terp,508683,,1,,1638805,0,1
152913,3249,378781363,RET:M008:508685,De Terp,508685,,1,,1638805,0,1
152913,3249,378781364,RET:M008:508687,De Terp,508687,,1,,1638805,0,1
152913,3249,378781365,RET:M008:508689,De Terp,508689,,1,,1638805,0,
152913,3249,378781366,RET:M008:508691,De Terp,508691,,1,,1638805,0,
152913,3249,378781367,RET:M008:508693,De Terp,508693,,1,,1638805,0,1
152913,3249,378781368,RET:M008:508695,De Terp,508695,,1,,1638805,0,1
152913,3249,378781369,RET:M008:508697,De Terp,508697,,1,,1638805,0,1
152913,3249,378781370,RET:M008:508701,De Terp,508701,,1,,1638805,0,
152913,3249,378781371,RET:M008:508703,De Terp,508703,,1,,1638805,0,
152913,3249,378781372,RET:M008:508705,De Terp,508705,,1,,1638805,0,1
152913,3249,378781373,RET:M008:508707,De Terp,508707,,1,,1638805,0,1
152913,3249,378781374,RET:M008:508709,De Terp,508709,,1,,1638805,0,1
152913,3249,378781375,RET:M008:508711,De Terp,508711,,1,,1638805,0,
152913,3249,378781376,RET:M008:508713,De Terp,508713,,1,,1638805,0,
152913,3249,378781377,RET:M008:508719,De Terp,508719,,1,,1638805,0,
152913,3249,378781378,RET:M008:508721,De Terp,508721,,1,,1638805,0,
152913,3249,378781379,RET:M008:508723,De Terp,508723,,1,,1638805,0,1
152913,3249,378781380,RET:M008:508725,De Terp,508725,,1,,1638805,0,1
152913,3249,378781381,RET:M008:508727,De Terp,508727,,1,,1638805,0,1
152913,3249,378781382,RET:M008:508729,De Terp,508729,,1,,1638805,0,
152913,3249,378781383,RET:M008:508731,De Terp,508731,,1,,1638805,0,
152913,3249,378781384,RET:M008:508739,De Terp,508739,,1,,1638805,0,
152913,3249,378781385,RET:M008:508741,De Terp,508741,,1,,1638805,0,1
152913,3249,378781386,RET:M008:508743,De Terp,508743,,1,,1638805,0,1
152913,3249,378781387,RET:M008:508745,De Terp,508745,,1,,1638805,0,1
152913,3249,378781388,RET:M008:508747,De Terp,508747,,1,,1638805,0,1
152913,3249,378781389,RET:M008:508749,De Terp,508749,,1,,1638805,0,
152913,3249,378781390,RET:M008:508756,De Terp,508756,,1,,1638805,0,
152913,3249,378781391,RET:M008:508758,De Terp,508758,,1,,1638805,0,1
152913,3249,378781392,RET:M008:508760,De Terp,508760,,1,,1638805,0,1
152913,3249,378781393,RET:M008:508762,De Terp,508762,,1,,1638805,0,1
152913,3249,378781394,RET:M008:508764,De Terp,508764,,1,,1638805,0,1
152913,3249,378781395,RET:M008:508766,De Terp,508766,,1,,1638805,0,
152913,3249,378781396,RET:M008:508768,De Terp,508768,,1,,1638805,0,1
152913,3249,378781397,RET:M008:508770,De Terp,508770,,1,,1638805,0,1
152913,3249,378781398,RET:M008:508772,De Terp,508772,,1,,1638805,0,1
152913,3249,378781399,RET:M008:508774,De Terp,508774,,1,,1638805,0,1
152913,3249,378781400,RET:M008:508567,De Akkers,508567,,0,,1639005,0,
152913,3249,378781401,RET:M008:508700,De Akkers,508700,,0,,1639005,0,
152913,3249,378781402,RET:M008:508677,De Terp,508677,,1,,1639204,0,
152913,3249,378781403,RET:M008:508715,Capelsebrug,508715,,1,,1638747,0,1
152913,3249,378781404,RET:M008:508733,Capelsebrug,508733,,1,,1638747,0,1
152913,2871,378782393,RET:M008:510374,De Terp,510374,,1,,,0,
152913,2871,378782394,RET:M008:510421,De Terp,510421,,1,,,0,
152913,2871,378782395,RET:M008:510471,De Terp,510471,,1,,,0,
152913,2871,378782396,RET:M008:510578,De Terp,510578,,1,,,0,
152913,2871,378782397,RET:M008:510595,De Terp,510595,,1,,,0,
152913,2871,378782398,RET:M008:510375,De Akkers,510375,,0,,1639125,0,
152913,2871,378782399,RET:M008:510379,De Akkers,510379,,0,,1639125,0,1
152913,2871,378782400,RET:M008:510381,De Akkers,510381,,0,,1639125,0,1
152913,2871,378782401,RET:M008:510383,De Akkers,510383,,0,,1639125,0,1
152913,2871,378782402,RET:M008:510385,De Akkers,510385,,0,,1639125,0,1
152913,2871,378782403,RET:M008:510387,De Akkers,510387,,0,,1639125,0,
152913,2871,378782404,RET:M008:510389,De Akkers,510389,,0,,1639125,0,1
152913,2871,378782405,RET:M008:510391,De Akkers,510391,,0,,1639125,0,1
152913,2871,378782406,RET:M008:510393,De Akkers,510393,,0,,1639125,0,1
152913,2871,378782407,RET:M008:510395,De Akkers,510395,,0,,1639125,0,1
152913,2871,378782408,RET:M008:510400,De Akkers,510400,,0,,1639125,0,
152913,2871,378782409,RET:M008:510402,De Akkers,510402,,0,,1639125,0,1
152913,2871,378782410,RET:M008:510404,De Akkers,510404,,0,,1639125,0,1
152913,2871,378782411,RET:M008:510406,De Akkers,510406,,0,,1639125,0,1
152913,2871,378782412,RET:M008:510408,De Akkers,510408,,0,,1639125,0,1
152913,2871,378782413,RET:M008:510410,De Akkers,510410,,0,,1639125,0,
152913,2871,378782414,RET:M008:510412,De Akkers,510412,,0,,1639125,0,
152913,2871,378782415,RET:M008:510414,De Akkers,510414,,0,,1639125,0,1
152913,2871,378782416,RET:M008:510416,De Akkers,510416,,0,,1639125,0,1
152913,2871,378782417,RET:M008:510418,De Akkers,510418,,0,,1639125,0,1
152913,2871,378782418,RET:M008:510422,De Akkers,510422,,0,,1639125,0,
152913,2871,378782419,RET:M008:510424,De Akkers,510424,,0,,1639125,0,
152913,2871,378782420,RET:M008:510426,De Akkers,510426,,0,,1639125,0,1
152913,2871,378782421,RET:M008:510428,De Akkers,510428,,0,,1639125,0,1
152913,2871,378782422,RET:M008:510430,De Akkers,510430,,0,,1639125,0,1
152913,2871,378782423,RET:M008:510432,De Akkers,510432,,0,,1639125,0,1
152913,2871,378782424,RET:M008:510434,De Akkers,510434,,0,,1639125,0,
152913,2871,378782425,RET:M008:510436,De Akkers,510436,,0,,1639125,0,1
152913,2871,378782426,RET:M008:510438,De Akkers,510438,,0,,1639125,0,1
152913,2871,378782427,RET:M008:510440,De Akkers,510440,,0,,1639125,0,1
152913,2871,378782428,RET:M008:510449,De Akkers,510449,,0,,1639125,0,
152913,2871,378782429,RET:M008:510451,De Akkers,510451,,0,,1639125,0,
152913,2871,378782430,RET:M008:510453,De Akkers,510453,,0,,1639125,0,1
152913,2871,378782431,RET:M008:510455,De Akkers,510455,,0,,1639125,0,1
152913,2871,378782432,RET:M008:510457,De Akkers,510457,,0,,1639125,0,1
152913,2871,378782433,RET:M008:510459,De Akkers,510459,,0,,1639125,0,
152913,2871,378782434,RET:M008:510461,De Akkers,510461,,0,,1639125,0,
152913,2871,378782435,RET:M008:510463,De Akkers,510463,,0,,1639125,0,1
152913,2871,378782436,RET:M008:510465,De Akkers,510465,,0,,1639125,0,1
152913,2871,378782437,RET:M008:510467,De Akkers,510467,,0,,1639125,0,1
152913,2871,378782438,RET:M008:510472,De Akkers,510472,,0,,1639125,0,
152913,2871,378782439,RET:M008:510474,De Akkers,510474,,0,,1639125,0,
152913,2871,378782440,RET:M008:510476,De Akkers,510476,,0,,1639125,0,1
152913,2871,378782441,RET:M008:510478,De Akkers,510478,,0,,1639125,0,1
152913,2871,378782442,RET:M008:510480,De Akkers,510480,,0,,1639125,0,1
152913,2871,378782443,RET:M008:510482,De Akkers,510482,,0,,1639125,0,
152913,2871,378782444,RET:M008:510484,De Akkers,510484,,0,,1639125,0,
152913,2871,378782445,RET:M008:510486,De Akkers,510486,,0,,1639125,0,1
152913,2871,378782446,RET:M008:510488,De Akkers,510488,,0,,1639125,0,1
152913,2871,378782447,RET:M008:510490,De Akkers,510490,,0,,1639125,0,1
152913,2871,378782448,RET:M008:510500,De Akkers,510500,,0,,1639125,0,
152913,2871,378782449,RET:M008:510502,De Akkers,510502,,0,,1639125,0,1
152913,2871,378782450,RET:M008:510504,De Akkers,510504,,0,,1639125,0,1
152913,2871,378782451,RET:M008:510506,De Akkers,510506,,0,,1639125,0,1
152913,2871,378782452,RET:M008:510508,De Akkers,510508,,0,,1639125,0,
152913,2871,378782453,RET:M008:510510,De Akkers,510510,,0,,1639125,0,
152913,2871,378782454,RET:M008:510515,De Akkers,510515,,0,,1639125,0,
152913,2871,378782455,RET:M008:510517,De Akkers,510517,,0,,1639125,0,
152913,2871,378782456,RET:M008:510519,De Akkers,510519,,0,,1639125,0,1
152913,2871,378782457,RET:M008:510521,De Akkers,510521,,0,,1639125,0,1
152913,2871,378782458,RET:M008:510523,De Akkers,510523,,0,,1639125,0,1
152913,2871,378782459,RET:M008:510525,De Akkers,510525,,0,,1639125,0,
152913,2871,378782460,RET:M008:510527,De Akkers,510527,,0,,1639125,0,
152913,2871,378782461,RET:M008:510529,De Akkers,510529,,0,,1639125,0,1
152913,2871,378782462,RET:M008:510531,De Akkers,510531,,0,,1639125,0,1
152913,2871,378782463,RET:M008:510533,De Akkers,510533,,0,,1639125,0,1
152913,2871,378782464,RET:M008:510543,De Akkers,510543,,0,,1639125,0,
152913,2871,378782465,RET:M008:510545,De Akkers,510545,,0,,1639125,0,1
152913,2871,378782466,RET:M008:510547,De Akkers,510547,,0,,1639125,0,1
152913,2871,378782467,RET:M008:510549,De Akkers,510549,,0,,1639125,0,1
152913,2871,378782468,RET:M008:510551,De Akkers,510551,,0,,1639125,0,
152913,2871,378782469,RET:M008:510553,De Akkers,510553,,0,,1639125,0,
152913,2871,378782470,RET:M008:510555,De Akkers,510555,,0,,1639125,0,1
152913,2871,378782471,RET:M008:510561,De Akkers,510561,,0,,1639125,0,
152913,2871,378782472,RET:M008:510563,De Akkers,510563,,0,,1639125,0,1
152913,2871,378782473,RET:M008:510565,De Akkers,510565,,0,,1639125,0,1
152913,2871,378782474,RET:M008:510567,De Akkers,510567,,0,,1639125,0,1
152913,2871,378782475,RET:M008:510569,De Akkers,510569,,0,,1639125,0,1
152913,2871,378782476,RET:M008:510571,De Akkers,510571,,0,,1639125,0,
152913,2871,378782477,RET:M008:510573,De Akkers,510573,,0,,1639125,0,
152913,2871,378782478,RET:M008:510579,De Akkers,510579,,0,,1639125,0,
152913,2871,378782479,RET:M008:510581,De Akkers,510581,,0,,1639125,0,
152913,2871,378782480,RET:M008:510583,De Akkers,510583,,0,,1639125,0,1
152913,2871,378782481,RET:M008:510585,De Akkers,510585,,0,,1639125,0,1
152913,2871,378782482,RET:M008:510587,De Akkers,510587,,0,,1639125,0,1
152913,2871,378782483,RET:M008:510589,De Akkers,510589,,0,,1639125,0,
152913,2871,378782484,RET:M008:510591,De Akkers,510591,,0,,1639125,0,
152913,2871,378782485,RET:M008:510596,De Akkers,510596,,0,,1639125,0,
152913,2871,378782486,RET:M008:510598,De Akkers,510598,,0,,1639125,0,
152913,2871,378782487,RET:M008:510600,De Akkers,510600,,0,,1639125,0,1
152913,2871,378782488,RET:M008:510602,De Akkers,510602,,0,,1639125,0,1
152913,2871,378782489,RET:M008:510604,De Akkers,510604,,0,,1639125,0,1
152913,2871,378782490,RET:M008:510606,De Akkers,510606,,0,,1639125,0,
152913,2871,378782491,RET:M008:510608,De Akkers,510608,,0,,1639125,0,
152913,2871,378782492,RET:M008:510610,De Akkers,510610,,0,,1639125,0,1
152913,2871,378782493,RET:M008:510612,De Akkers,510612,,0,,1639125,0,1
152913,2871,378782494,RET:M008:510614,De Akkers,510614,,0,,1639125,0,1
152913,2871,378782495,RET:M008:510616,De Akkers,510616,,0,,1639125,0,1
152913,2871,378782496,RET:M008:510376,De Terp,510376,,1,,1638725,0,
152913,2871,378782497,RET:M008:510497,De Terp,510497,,1,,1638725,0,
152913,2871,378782498,RET:M008:510511,De Terp,510511,,1,,1638725,0,1
152913,2871,378782499,RET:M008:510592,De Terp,510592,,1,,1638725,0,
152913,2871,378782500,RET:M008:510377,De Akkers,510377,,0,,1638936,0,
152913,2871,378782501,RET:M008:510498,De Akkers,510498,,0,,1638936,0,
152913,2871,378782502,RET:M008:510378,De Terp,510378,,1,,1638805,0,
152913,2871,378782503,RET:M008:510380,De Terp,510380,,1,,1638805,0,1
152913,2871,378782504,RET:M008:510382,De Terp,510382,,1,,1638805,0,1
152913,2871,378782505,RET:M008:510384,De Terp,510384,,1,,1638805,0,1
152913,2871,378782506,RET:M008:510386,De Terp,510386,,1,,1638805,0,
152913,2871,378782507,RET:M008:510388,De Terp,510388,,1,,1638805,0,
152913,2871,378782508,RET:M008:510390,De Terp,510390,,1,,1638805,0,1
152913,2871,378782509,RET:M008:510392,De Terp,510392,,1,,1638805,0,1
152913,2871,378782510,RET:M008:510394,De Terp,510394,,1,,1638805,0,1
152913,2871,378782511,RET:M008:510399,De Terp,510399,,1,,1638805,0,
152913,2871,378782512,RET:M008:510401,De Terp,510401,,1,,1638805,0,
152913,2871,378782513,RET:M008:510403,De Terp,510403,,1,,1638805,0,1
152913,2871,378782514,RET:M008:510405,De Terp,510405,,1,,1638805,0,1
152913,2871,378782515,RET:M008:510407,De Terp,510407,,1,,1638805,0,1
152913,2871,378782516,RET:M008:510409,De Terp,510409,,1,,1638805,0,
152913,2871,378782517,RET:M008:510411,De Terp,510411,,1,,1638805,0,
152913,2871,378782518,RET:M008:510413,De Terp,510413,,1,,1638805,0,1
152913,2871,378782519,RET:M008:510415,De Terp,510415,,1,,1638805,0,1
152913,2871,378782520,RET:M008:510417,De Terp,510417,,1,,1638805,0,1
152913,2871,378782521,RET:M008:510423,De Terp,510423,,1,,1638805,0,
152913,2871,378782522,RET:M008:510425,De Terp,510425,,1,,1638805,0,
152913,2871,378782523,RET:M008:510427,De Terp,510427,,1,,1638805,0,1
152913,2871,378782524,RET:M008:510429,De Terp,510429,,1,,1638805,0,1
152913,2871,378782525,RET:M008:510431,De Terp,510431,,1,,1638805,0,1
152913,2871,378782526,RET:M008:510433,De Terp,510433,,1,,1638805,0,
152913,2871,378782527,RET:M008:510435,De Terp,510435,,1,,1638805,0,
152913,2871,378782528,RET:M008:510437,De Terp,510437,,1,,1638805,0,1
152913,2871,378782529,RET:M008:510439,De Terp,510439,,1,,1638805,0,1
152913,2871,378782530,RET:M008:510441,De Terp,510441,,1,,1638805,0,1
152913,2871,378782531,RET:M008:510448,De Terp,510448,,1,,1638805,0,
152913,2871,378782532,RET:M008:510450,De Terp,510450,,1,,1638805,0,
152913,2871,378782533,RET:M008:510452,De Terp,510452,,1,,1638805,0,1
152913,2871,378782534,RET:M008:510454,De Terp,510454,,1,,1638805,0,1
152913,2871,378782535,RET:M008:510456,De Terp,510456,,1,,1638805,0,1
152913,2871,378782536,RET:M008:510458,De Terp,510458,,1,,1638805,0,1
152913,2871,378782537,RET:M008:510460,De Terp,510460,,1,,1638805,0,
152913,2871,378782538,RET:M008:510462,De Terp,510462,,1,,1638805,0,1
152913,2871,378782539,RET:M008:510464,De Terp,510464,,1,,1638805,0,1
152913,2871,378782540,RET:M008:510466,De Terp,510466,,1,,1638805,0,1
152913,2871,378782541,RET:M008:510468,De Terp,510468,,1,,1638805,0,1
152913,2871,378782542,RET:M008:510473,De Terp,510473,,1,,1638805,0,
152913,2871,378782543,RET:M008:510475,De Terp,510475,,1,,1638805,0,
152913,2871,378782544,RET:M008:510477,De Terp,510477,,1,,1638805,0,1
152913,2871,378782545,RET:M008:510479,De Terp,510479,,1,,1638805,0,1
152913,2871,378782546,RET:M008:510481,De Terp,510481,,1,,1638805,0,1
152913,2871,378782547,RET:M008:510483,De Terp,510483,,1,,1638805,0,
152913,2871,378782548,RET:M008:510485,De Terp,510485,,1,,1638805,0,
152913,2871,378782549,RET:M008:510487,De Terp,510487,,1,,1638805,0,1
152913,2871,378782550,RET:M008:510489,De Terp,510489,,1,,1638805,0,1
152913,2871,378782551,RET:M008:510491,De Terp,510491,,1,,1638805,0,1
152913,2871,378782552,RET:M008:510499,De Terp,510499,,1,,1638805,0,
152913,2871,378782553,RET:M008:510501,De Terp,510501,,1,,1638805,0,1
152913,2871,378782554,RET:M008:510503,De Terp,510503,,1,,1638805,0,1
152913,2871,378782555,RET:M008:510505,De Terp,510505,,1,,1638805,0,1
152913,2871,378782556,RET:M008:510507,De Terp,510507,,1,,1638805,0,
152913,2871,378782557,RET:M008:510509,De Terp,510509,,1,,1638805,0,
152913,2871,378782558,RET:M008:510516,De Terp,510516,,1,,1638805,0,
152913,2871,378782559,RET:M008:510518,De Terp,510518,,1,,1638805,0,1
152913,2871,378782560,RET:M008:510520,De Terp,510520,,1,,1638805,0,1
152913,2871,378782561,RET:M008:510522,De Terp,510522,,1,,1638805,0,1
152913,2871,378782562,RET:M008:510524,De Terp,510524,,1,,1638805,0,1
152913,2871,378782563,RET:M008:510526,De Terp,510526,,1,,1638805,0,
152913,2871,378782564,RET:M008:510528,De Terp,510528,,1,,1638805,0,
152913,2871,378782565,RET:M008:510530,De Terp,510530,,1,,1638805,0,1
152913,2871,378782566,RET:M008:510532,De Terp,510532,,1,,1638805,0,1
152913,2871,378782567,RET:M008:510534,De Terp,510534,,1,,1638805,0,1
152913,2871,378782568,RET:M008:510542,De Terp,510542,,1,,1638805,0,
152913,2871,378782569,RET:M008:510544,De Terp,510544,,1,,1638805,0,
152913,2871,378782570,RET:M008:510546,De Terp,510546,,1,,1638805,0,1
152913,2871,378782571,RET:M008:510548,De Terp,510548,,1,,1638805,0,1
152913,2871,378782572,RET:M008:510550,De Terp,510550,,1,,1638805,0,1
152913,2871,378782573,RET:M008:510552,De Terp,510552,,1,,1638805,0,
152913,2871,378782574,RET:M008:510554,De Terp,510554,,1,,1638805,0,
152913,2871,378782575,RET:M008:510560,De Terp,510560,,1,,1638805,0,
152913,2871,378782576,RET:M008:510562,De Terp,510562,,1,,1638805,0,
152913,2871,378782577,RET:M008:510564,De Terp,510564,,1,,1638805,0,1
152913,2871,378782578,RET:M008:510566,De Terp,510566,,1,,1638805,0,1
152913,2871,378782579,RET:M008:510568,De Terp,510568,,1,,1638805,0,1
152913,2871,378782580,RET:M008:510570,De Terp,510570,,1,,1638805,0,
152913,2871,378782581,RET:M008:510572,De Terp,510572,,1,,1638805,0,
152913,2871,378782582,RET:M008:510580,De Terp,510580,,1,,1638805,0,
152913,2871,378782583,RET:M008:510582,De Terp,510582,,1,,1638805,0,1
152913,2871,378782584,RET:M008:510584,De Terp,510584,,1,,1638805,0,1
152913,2871,378782585,RET:M008:510586,De Terp,510586,,1,,1638805,0,1
152913,2871,378782586,RET:M008:510588,De Terp,510588,,1,,1638805,0,1
152913,2871,378782587,RET:M008:510590,De Terp,510590,,1,,1638805,0,
152913,2871,378782588,RET:M008:510597,De Terp,510597,,1,,1638805,0,
152913,2871,378782589,RET:M008:510599,De Terp,510599,,1,,1638805,0,1
152913,2871,378782590,RET:M008:510601,De Terp,510601,,1,,1638805,0,1
152913,2871,378782591,RET:M008:510603,De Terp,510603,,1,,1638805,0,1
152913,2871,378782592,RET:M008:510605,De Terp,510605,,1,,1638805,0,1
152913,2871,378782593,RET:M008:510607,De Terp,510607,,1,,1638805,0,
152913,2871,378782594,RET:M008:510609,De Terp,510609,,1,,1638805,0,1
152913,2871,378782595,RET:M008:510611,De Terp,510611,,1,,1638805,0,1
152913,2871,378782596,RET:M008:510613,De Terp,510613,,1,,1638805,0,1
152913,2871,378782597,RET:M008:510615,De Terp,510615,,1,,1638805,0,1
152913,2871,378782598,RET:M008:510398,De Akkers,510398,,0,,1639005,0,
152913,2871,378782599,RET:M008:510541,De Akkers,510541,,0,,1639005,0,
152913,2871,378782600,RET:M008:510442,Hoogvliet,510442,,0,,1639202,0,1
152913,2871,378782601,RET:M008:510535,Hoogvliet,510535,,0,,1639202,0,1
152913,2871,378782602,RET:M008:510445,De Terp,510445,,1,,1638718,0,1
152913,2871,378782603,RET:M008:510538,De Terp,510538,,1,,1638718,0,1
152913,2871,378782604,RET:M008:510492,Kralingse Zoom,510492,,0,,1639075,0,1
152913,2871,378782605,RET:M008:510493,Capelsebrug,510493,,1,,,0,1
152913,2871,378782606,RET:M008:510514,De Terp,510514,,1,,1639204,0,
152913,2871,378782607,RET:M008:510556,Capelsebrug,510556,,1,,1638747,0,1
152913,2871,378782608,RET:M008:510574,Capelsebrug,510574,,1,,1638747,0,1
152913,3346,378783459,RET:M008:511785,De Akkers,511785,,0,,1639005,0,1
152913,3346,378783460,RET:M008:511786,De Terp,511786,,1,,1638805,0,1
152913,3346,378783461,RET:M008:511788,De Terp,511788,,1,,1638805,0,1
152913,3346,378783462,RET:M008:511790,De Terp,511790,,1,,1638805,0,1
152913,3346,378783463,RET:M008:511792,De Terp,511792,,1,,1638805,0,1
152913,3346,378783464,RET:M008:511794,De Terp,511794,,1,,1638805,0,1
152913,3346,378783465,RET:M008:511796,De Terp,511796,,1,,1638805,0,1
152913,3346,378783466,RET:M008:511798,De Terp,511798,,1,,1638805,0,1
152913,3346,378783467,RET:M008:511800,De Terp,511800,,1,,1638805,0,1
152913,3346,378783468,RET:M008:511802,De Terp,511802,,1,,1638805,0,1
152913,3346,378783469,RET:M008:511808,De Terp,511808,,1,,1638805,0,1
152913,3346,378783470,RET:M008:511810,De Terp,511810,,1,,1638805,0,1
152913,3346,378783471,RET:M008:511812,De Terp,511812,,1,,1638805,0,1
152913,3346,378783472,RET:M008:511814,De Terp,511814,,1,,1638805,0,1
152913,3346,378783473,RET:M008:511816,De Terp,511816,,1,,1638805,0,1
152913,3346,378783474,RET:M008:511818,De Terp,511818,,1,,1638805,0,1
152913,3346,378783475,RET:M008:511820,De Terp,511820,,1,,1638805,0,1
152913,3346,378783476,RET:M008:511822,De Terp,511822,,1,,1638805,0,1
152913,3346,378783477,RET:M008:511824,De Terp,511824,,1,,1638805,0,1
152913,3346,378783478,RET:M008:511828,De Terp,511828,,1,,1638805,0,1
152913,3346,378783479,RET:M008:511830,De Terp,511830,,1,,1638805,0,1
152913,3346,378783480,RET:M008:511832,De Terp,511832,,1,,1638805,0,1
152913,3346,378783481,RET:M008:511834,De Terp,511834,,1,,1638805,0,1
152913,3346,378783482,RET:M008:511836,De Terp,511836,,1,,1638805,0,1
152913,3346,378783483,RET:M008:511838,De Terp,511838,,1,,1638805,0,1
152913,3346,378783484,RET:M008:511840,De Terp,511840,,1,,1638805,0,1
152913,3346,378783485,RET:M008:511842,De Terp,511842,,1,,1638805,0,1
152913,3346,378783486,RET:M008:511844,De Terp,511844,,1,,1638805,0,1
152913,3346,378783487,RET:M008:511846,De Terp,511846,,1,,1638805,0,1
152913,3346,378783488,RET:M008:511851,De Terp,511851,,1,,1638805,0,1
152913,3346,378783489,RET:M008:511853,De Terp,511853,,1,,1638805,0,1
152913,3346,378783490,RET:M008:511855,De Terp,511855,,1,,1638805,0,1
152913,3346,378783491,RET:M008:511857,De Terp,511857,,1,,1638805,0,1
152913,3346,378783492,RET:M008:511859,De Terp,511859,,1,,1638805,0,1
152913,3346,378783493,RET:M008:511861,De Terp,511861,,1,,1638805,0,1
152913,3346,378783494,RET:M008:511863,De Terp,511863,,1,,1638805,0,1
152913,3346,378783495,RET:M008:511865,De Terp,511865,,1,,1638805,0,1
152913,3346,378783496,RET:M008:511867,De Terp,511867,,1,,1638805,0,1
152913,3346,378783497,RET:M008:511871,De Terp,511871,,1,,1638805,0,1
152913,3346,378783498,RET:M008:511873,De Terp,511873,,1,,1638805,0,1
152913,3346,378783499,RET:M008:511875,De Terp,511875,,1,,1638805,0,1
152913,3346,378783500,RET:M008:511877,De Terp,511877,,1,,1638805,0,1
152913,3346,378783501,RET:M008:511879,De Terp,511879,,1,,1638805,0,1
152913,3346,378783502,RET:M008:511881,De Terp,511881,,1,,1638805,0,1
152913,3346,378783503,RET:M008:511883,De Terp,511883,,1,,1638805,0,1
152913,3346,378783504,RET:M008:511885,De Terp,511885,,1,,1638805,0,1
152913,3346,378783505,RET:M008:511887,De Terp,511887,,1,,1638805,0,1
152913,3346,378783506,RET:M008:511889,De Terp,511889,,1,,1638805,0,1
152913,3346,378783507,RET:M008:511894,De Terp,511894,,1,,1638805,0,1
152913,3346,378783508,RET:M008:511896,De Terp,511896,,1,,1638805,0,1
152913,3346,378783509,RET:M008:511898,De Terp,511898,,1,,1638805,0,1
152913,3346,378783510,RET:M008:511900,De Terp,511900,,1,,1638805,0,1
152913,3346,378783511,RET:M008:511902,De Terp,511902,,1,,1638805,0,1
152913,3346,378783512,RET:M008:511904,De Terp,511904,,1,,1638805,0,1
152913,3346,378783513,RET:M008:511906,De Terp,511906,,1,,1638805,0,1
152913,3346,378783514,RET:M008:511908,De Terp,511908,,1,,1638805,0,1
152913,3346,378783515,RET:M008:511910,De Terp,511910,,1,,1638805,0,1
152913,3346,378783516,RET:M008:511913,De Terp,511913,,1,,1638805,0,1
152913,3346,378783517,RET:M008:511915,De Terp,511915,,1,,1638805,0,1
152913,3346,378783518,RET:M008:511917,De Terp,511917,,1,,1638805,0,1
152913,3346,378783519,RET:M008:511919,De Terp,511919,,1,,1638805,0,1
152913,3346,378783520,RET:M008:511921,De Terp,511921,,1,,1638805,0,1
152913,3346,378783521,RET:M008:511923,De Terp,511923,,1,,1638805,0,1
152913,3346,378783522,RET:M008:511925,De Terp,511925,,1,,1638805,0,1
152913,3346,378783523,RET:M008:511927,De Terp,511927,,1,,1638805,0,1
152913,3346,378783524,RET:M008:511929,De Terp,511929,,1,,1638805,0,1
152913,3346,378783525,RET:M008:511931,De Terp,511931,,1,,1638805,0,1
152913,3346,378783526,RET:M008:511787,De Akkers,511787,,0,,1639125,0,1
152913,3346,378783527,RET:M008:511789,De Akkers,511789,,0,,1639125,0,1
152913,3346,378783528,RET:M008:511791,De Akkers,511791,,0,,1639125,0,1
152913,3346,378783529,RET:M008:511793,De Akkers,511793,,0,,1639125,0,1
152913,3346,378783530,RET:M008:511795,De Akkers,511795,,0,,1639125,0,1
152913,3346,378783531,RET:M008:511797,De Akkers,511797,,0,,1639125,0,1
152913,3346,378783532,RET:M008:511799,De Akkers,511799,,0,,1639125,0,1
152913,3346,378783533,RET:M008:511801,De Akkers,511801,,0,,1639125,0,1
152913,3346,378783534,RET:M008:511803,De Akkers,511803,,0,,1639125,0,1
152913,3346,378783535,RET:M008:511807,De Akkers,511807,,0,,1639125,0,1
152913,3346,378783536,RET:M008:511809,De Akkers,511809,,0,,1639125,0,1
152913,3346,378783537,RET:M008:511811,De Akkers,511811,,0,,1639125,0,1
152913,3346,378783538,RET:M008:511813,De Akkers,511813,,0,,1639125,0,1
152913,3346,378783539,RET:M008:511815,De Akkers,511815,,0,,1639125,0,1
152913,3346,378783540,RET:M008:511817,De Akkers,511817,,0,,1639125,0,1
152913,3346,378783541,RET:M008:511819,De Akkers,511819,,0,,1639125,0,1
152913,3346,378783542,RET:M008:511821,De Akkers,511821,,0,,1639125,0,1
152913,3346,378783543,RET:M008:511823,De Akkers,511823,,0,,1639125,0,1
152913,3346,378783544,RET:M008:511825,De Akkers,511825,,0,,1639125,0,1
152913,3346,378783545,RET:M008:511829,De Akkers,511829,,0,,1639125,0,1
152913,3346,378783546,RET:M008:511831,De Akkers,511831,,0,,1639125,0,1
152913,3346,378783547,RET:M008:511833,De Akkers,511833,,0,,1639125,0,1
152913,3346,378783548,RET:M008:511835,De Akkers,511835,,0,,1639125,0,1
152913,3346,378783549,RET:M008:511837,De Akkers,511837,,0,,1639125,0,1
152913,3346,378783550,RET:M008:511839,De Akkers,511839,,0,,1639125,0,1
152913,3346,378783551,RET:M008:511841,De Akkers,511841,,0,,1639125,0,1
152913,3346,378783552,RET:M008:511843,De Akkers,511843,,0,,1639125,0,1
152913,3346,378783553,RET:M008:511845,De Akkers,511845,,0,,1639125,0,1
152913,3346,378783554,RET:M008:511850,De Akkers,511850,,0,,1639125,0,1
152913,3346,378783555,RET:M008:511852,De Akkers,511852,,0,,1639125,0,1
152913,3346,378783556,RET:M008:511854,De Akkers,511854,,0,,1639125,0,1
152913,3346,378783557,RET:M008:511856,De Akkers,511856,,0,,1639125,0,1
152913,3346,378783558,RET:M008:511858,De Akkers,511858,,0,,1639125,0,1
152913,3346,378783559,RET:M008:511860,De Akkers,511860,,0,,1639125,0,1
152913,3346,378783560,RET:M008:511862,De Akkers,511862,,0,,1639125,0,1
152913,3346,378783561,RET:M008:511864,De Akkers,511864,,0,,1639125,0,1
152913,3346,378783562,RET:M008:511866,De Akkers,511866,,0,,1639125,0,1
152913,3346,378783563,RET:M008:511868,De Akkers,511868,,0,,1639125,0,1
152913,3346,378783564,RET:M008:511872,De Akkers,511872,,0,,1639125,0,1
152913,3346,378783565,RET:M008:511874,De Akkers,511874,,0,,1639125,0,1
152913,3346,378783566,RET:M008:511876,De Akkers,511876,,0,,1639125,0,1
152913,3346,378783567,RET:M008:511878,De Akkers,511878,,0,,1639125,0,1
152913,3346,378783568,RET:M008:511880,De Akkers,511880,,0,,1639125,0,1
152913,3346,378783569,RET:M008:511882,De Akkers,511882,,0,,1639125,0,1
152913,3346,378783570,RET:M008:511884,De Akkers,511884,,0,,1639125,0,1
152913,3346,378783571,RET:M008:511886,De Akkers,511886,,0,,1639125,0,1
152913,3346,378783572,RET:M008:511888,De Akkers,511888,,0,,1639125,0,1
152913,3346,378783573,RET:M008:511893,De Akkers,511893,,0,,1639125,0,1
152913,3346,378783574,RET:M008:511895,De Akkers,511895,,0,,1639125,0,1
152913,3346,378783575,RET:M008:511897,De Akkers,511897,,0,,1639125,0,1
152913,3346,378783576,RET:M008:511899,De Akkers,511899,,0,,1639125,0,1
152913,3346,378783577,RET:M008:511901,De Akkers,511901,,0,,1639125,0,1
152913,3346,378783578,RET:M008:511903,De Akkers,511903,,0,,1639125,0,1
152913,3346,378783579,RET:M008:511905,De Akkers,511905,,0,,1639125,0,1
152913,3346,378783580,RET:M008:511907,De Akkers,511907,,0,,1639125,0,1
152913,3346,378783581,RET:M008:511909,De Akkers,511909,,0,,1639125,0,1
152913,3346,378783582,RET:M008:511914,De Akkers,511914,,0,,1639125,0,1
152913,3346,378783583,RET:M008:511916,De Akkers,511916,,0,,1639125,0,1
152913,3346,378783584,RET:M008:511918,De Akkers,511918,,0,,1639125,0,1
152913,3346,378783585,RET:M008:511920,De Akkers,511920,,0,,1639125,0,1
152913,3346,378783586,RET:M008:511922,De Akkers,511922,,0,,1639125,0,1
152913,3346,378783587,RET:M008:511924,De Akkers,511924,,0,,1639125,0,1
152913,3346,378783588,RET:M008:511926,De Akkers,511926,,0,,1639125,0,1
152913,3346,378783589,RET:M008:511928,De Akkers,511928,,0,,1639125,0,1
152913,3346,378783590,RET:M008:511930,De Akkers,511930,,0,,1639125,0,1
152913,3346,378783591,RET:M008:511806,De Terp,511806,,1,,,0,1
152913,3346,378783592,RET:M008:511849,De Terp,511849,,1,,,0,1
152913,3346,378783593,RET:M008:511892,De Terp,511892,,1,,1639204,0,1
152913,2988,378784328,RET:M008:514787,De Terp,514787,,1,,,0,1
152913,2988,378784329,RET:M008:514847,De Terp,514847,,1,,,0,1
152913,2988,378784330,RET:M008:514943,De Terp,514943,,1,,,0,1
152913,2988,378784331,RET:M008:514961,De Terp,514961,,1,,,0,1
152913,2988,378784332,RET:M008:514982,De Terp,514982,,1,,,0,1
152913,2988,378784333,RET:M008:514788,De Akkers,514788,,0,,1639125,0,1
152913,2988,378784334,RET:M008:514790,De Akkers,514790,,0,,1639125,0,1
152913,2988,378784335,RET:M008:514792,De Akkers,514792,,0,,1639125,0,1
152913,2988,378784336,RET:M008:514794,De Akkers,514794,,0,,1639125,0,1
152913,2988,378784337,RET:M008:514796,De Akkers,514796,,0,,1639125,0,1
152913,2988,378784338,RET:M008:514798,De Akkers,514798,,0,,1639125,0,1
152913,2988,378784339,RET:M008:514800,De Akkers,514800,,0,,1639125,0,1
152913,2988,378784340,RET:M008:514806,De Akkers,514806,,0,,1639125,0,1
152913,2988,378784341,RET:M008:514808,De Akkers,514808,,0,,1639125,0,1
152913,2988,378784342,RET:M008:514810,De Akkers,514810,,0,,1639125,0,1
152913,2988,378784343,RET:M008:514812,De Akkers,514812,,0,,1639125,0,1
152913,2988,378784344,RET:M008:514814,De Akkers,514814,,0,,1639125,0,1
152913,2988,378784345,RET:M008:514816,De Akkers,514816,,0,,1639125,0,1
152913,2988,378784346,RET:M008:514818,De Akkers,514818,,0,,1639125,0,1
152913,2988,378784347,RET:M008:514820,De Akkers,514820,,0,,1639125,0,1
152913,2988,378784348,RET:M008:514822,De Akkers,514822,,0,,1639125,0,1
152913,2988,378784349,RET:M008:514830,De Akkers,514830,,0,,1639125,0,1
152913,2988,378784350,RET:M008:514832,De Akkers,514832,,0,,1639125,0,1
152913,2988,378784351,RET:M008:514834,De Akkers,514834,,0,,1639125,0,1
152913,2988,378784352,RET:M008:514836,De Akkers,514836,,0,,1639125,0,1
152913,2988,378784353,RET:M008:514838,De Akkers,514838,,0,,1639125,0,1
152913,2988,378784354,RET:M008:514840,De Akkers,514840,,0,,1639125,0,1
152913,2988,378784355,RET:M008:514842,De Akkers,514842,,0,,1639125,0,1
152913,2988,378784356,RET:M008:514848,De Akkers,514848,,0,,1639125,0,1
152913,2988,378784357,RET:M008:514850,De Akkers,514850,,0,,1639125,0,1
152913,2988,378784358,RET:M008:514852,De Akkers,514852,,0,,1639125,0,1
152913,2988,378784359,RET:M008:514854,De Akkers,514854,,0,,1639125,0,1
152913,2988,378784360,RET:M008:514856,De Akkers,514856,,0,,1639125,0,1
152913,2988,378784361,RET:M008:514858,De Akkers,514858,,0,,1639125,0,1
152913,2988,378784362,RET:M008:514860,De Akkers,514860,,0,,1639125,0,1
152913,2988,378784363,RET:M008:514862,De Akkers,514862,,0,,1639125,0,1
152913,2988,378784364,RET:M008:514864,De Akkers,514864,,0,,1639125,0,1
152913,2988,378784365,RET:M008:514866,De Akkers,514866,,0,,1639125,0,1
152913,2988,378784366,RET:M008:514868,De Akkers,514868,,0,,1639125,0,1
152913,2988,378784367,RET:M008:514872,De Akkers,514872,,0,,1639125,0,1
152913,2988,378784368,RET:M008:514874,De Akkers,514874,,0,,1639125,0,1
152913,2988,378784369,RET:M008:514876,De Akkers,514876,,0,,1639125,0,1
152913,2988,378784370,RET:M008:514878,De Akkers,514878,,0,,1639125,0,1
152913,2988,378784371,RET:M008:514880,De Akkers,514880,,0,,1639125,0,1
152913,2988,378784372,RET:M008:514882,De Akkers,514882,,0,,1639125,0,1
152913,2988,378784373,RET:M008:514884,De Akkers,514884,,0,,1639125,0,1
152913,2988,378784374,RET:M008:514886,De Akkers,514886,,0,,1639125,0,1
152913,2988,378784375,RET:M008:514888,De Akkers,514888,,0,,1639125,0,1
152913,2988,378784376,RET:M008:514890,De Akkers,514890,,0,,1639125,0,1
152913,2988,378784377,RET:M008:514894,De Akkers,514894,,0,,1639125,0,1
152913,2988,378784378,RET:M008:514896,De Akkers,514896,,0,,1639125,0,1
152913,2988,378784379,RET:M008:514898,De Akkers,514898,,0,,1639125,0,1
152913,2988,378784380,RET:M008:514900,De Akkers,514900,,0,,1639125,0,1
152913,2988,378784381,RET:M008:514902,De Akkers,514902,,0,,1639125,0,1
152913,2988,378784382,RET:M008:514904,De Akkers,514904,,0,,1639125,0,1
152913,2988,378784383,RET:M008:514906,De Akkers,514906,,0,,1639125,0,1
152913,2988,378784384,RET:M008:514911,De Akkers,514911,,0,,1639125,0,1
152913,2988,378784385,RET:M008:514913,De Akkers,514913,,0,,1639125,0,1
152913,2988,378784386,RET:M008:514915,De Akkers,514915,,0,,1639125,0,1
152913,2988,378784387,RET:M008:514917,De Akkers,514917,,0,,1639125,0,1
152913,2988,378784388,RET:M008:514919,De Akkers,514919,,0,,1639125,0,1
152913,2988,378784389,RET:M008:514921,De Akkers,514921,,0,,1639125,0,1
152913,2988,378784390,RET:M008:514927,De Akkers,514927,,0,,1639125,0,1
152913,2988,378784391,RET:M008:514929,De Akkers,514929,,0,,1639125,0,1
152913,2988,378784392,RET:M008:514931,De Akkers,514931,,0,,1639125,0,1
152913,2988,378784393,RET:M008:514933,De Akkers,514933,,0,,1639125,0,1
152913,2988,378784394,RET:M008:514935,De Akkers,514935,,0,,1639125,0,1
152913,2988,378784395,RET:M008:514937,De Akkers,514937,,0,,1639125,0,1
152913,2988,378784396,RET:M008:514939,De Akkers,514939,,0,,1639125,0,1
152913,2988,378784397,RET:M008:514944,De Akkers,514944,,0,,1639125,0,1
152913,2988,378784398,RET:M008:514946,De Akkers,514946,,0,,1639125,0,1
152913,2988,378784399,RET:M008:514948,De Akkers,514948,,0,,1639125,0,1
152913,2988,378784400,RET:M008:514950,De Akkers,514950,,0,,1639125,0,1
152913,2988,378784401,RET:M008:514952,De Akkers,514952,,0,,1639125,0,1
152913,2988,378784402,RET:M008:514954,De Akkers,514954,,0,,1639125,0,1
152913,2988,378784403,RET:M008:514956,De Akkers,514956,,0,,1639125,0,1
152913,2988,378784404,RET:M008:514958,De Akkers,514958,,0,,1639125,0,1
152913,2988,378784405,RET:M008:514962,De Akkers,514962,,0,,1639125,0,1
152913,2988,378784406,RET:M008:514964,De Akkers,514964,,0,,1639125,0,1
152913,2988,378784407,RET:M008:514966,De Akkers,514966,,0,,1639125,0,1
152913,2988,378784408,RET:M008:514968,De Akkers,514968,,0,,1639125,0,1
152913,2988,378784409,RET:M008:514970,De Akkers,514970,,0,,1639125,0,1
152913,2988,378784410,RET:M008:514972,De Akkers,514972,,0,,1639125,0,1
152913,2988,378784411,RET:M008:514974,De Akkers,514974,,0,,1639125,0,1
152913,2988,378784412,RET:M008:514983,De Akkers,514983,,0,,1639125,0,1
152913,2988,378784413,RET:M008:514985,De Akkers,514985,,0,,1639125,0,1
152913,2988,378784414,RET:M008:514987,De Akkers,514987,,0,,1639125,0,1
152913,2988,378784415,RET:M008:514989,De Akkers,514989,,0,,1639125,0,1
152913,2988,378784416,RET:M008:514991,De Akkers,514991,,0,,1639125,0,1
152913,2988,378784417,RET:M008:514993,De Akkers,514993,,0,,1639125,0,1
152913,2988,378784418,RET:M008:514995,De Akkers,514995,,0,,1639125,0,1
152913,2988,378784419,RET:M008:514789,De Terp,514789,,1,,1638805,0,1
152913,2988,378784420,RET:M008:514791,De Terp,514791,,1,,1638805,0,1
152913,2988,378784421,RET:M008:514793,De Terp,514793,,1,,1638805,0,1
152913,2988,378784422,RET:M008:514795,De Terp,514795,,1,,1638805,0,1
152913,2988,378784423,RET:M008:514797,De Terp,514797,,1,,1638805,0,1
152913,2988,378784424,RET:M008:514799,De Terp,514799,,1,,1638805,0,1
152913,2988,378784425,RET:M008:514805,De Terp,514805,,1,,1638805,0,1
152913,2988,378784426,RET:M008:514807,De Terp,514807,,1,,1638805,0,1
152913,2988,378784427,RET:M008:514809,De Terp,514809,,1,,1638805,0,1
152913,2988,378784428,RET:M008:514811,De Terp,514811,,1,,1638805,0,1
152913,2988,378784429,RET:M008:514813,De Terp,514813,,1,,1638805,0,1
152913,2988,378784430,RET:M008:514815,De Terp,514815,,1,,1638805,0,1
152913,2988,378784431,RET:M008:514817,De Terp,514817,,1,,1638805,0,1
152913,2988,378784432,RET:M008:514819,De Terp,514819,,1,,1638805,0,1
152913,2988,378784433,RET:M008:514821,De Terp,514821,,1,,1638805,0,1
152913,2988,378784434,RET:M008:514823,De Terp,514823,,1,,1638805,0,1
152913,2988,378784435,RET:M008:514829,De Terp,514829,,1,,1638805,0,1
152913,2988,378784436,RET:M008:514831,De Terp,514831,,1,,1638805,0,1
152913,2988,378784437,RET:M008:514833,De Terp,514833,,1,,1638805,0,1
152913,2988,378784438,RET:M008:514835,De Terp,514835,,1,,1638805,0,1
152913,2988,378784439,RET:M008:514837,De Terp,514837,,1,,1638805,0,1
152913,2988,378784440,RET:M008:514839,De Terp,514839,,1,,1638805,0,1
152913,2988,378784441,RET:M008:514841,De Terp,514841,,1,,1638805,0,1
152913,2988,378784442,RET:M008:514849,De Terp,514849,,1,,1638805,0,1
152913,2988,378784443,RET:M008:514851,De Terp,514851,,1,,1638805,0,1
152913,2988,378784444,RET:M008:514853,De Terp,514853,,1,,1638805,0,1
152913,2988,378784445,RET:M008:514855,De Terp,514855,,1,,1638805,0,1
152913,2988,378784446,RET:M008:514857,De Terp,514857,,1,,1638805,0,1
152913,2988,378784447,RET:M008:514859,De Terp,514859,,1,,1638805,0,1
152913,2988,378784448,RET:M008:514861,De Terp,514861,,1,,1638805,0,1
152913,2988,378784449,RET:M008:514863,De Terp,514863,,1,,1638805,0,1
152913,2988,378784450,RET:M008:514865,De Terp,514865,,1,,1638805,0,1
152913,2988,378784451,RET:M008:514867,De Terp,514867,,1,,1638805,0,1
152913,2988,378784452,RET:M008:514871,De Terp,514871,,1,,1638805,0,1
152913,2988,378784453,RET:M008:514873,De Terp,514873,,1,,1638805,0,1
152913,2988,378784454,RET:M008:514875,De Terp,514875,,1,,1638805,0,1
152913,2988,378784455,RET:M008:514877,De Terp,514877,,1,,1638805,0,1
152913,2988,378784456,RET:M008:514879,De Terp,514879,,1,,1638805,0,1
152913,2988,378784457,RET:M008:514881,De Terp,514881,,1,,1638805,0,1
152913,2988,378784458,RET:M008:514883,De Terp,514883,,1,,1638805,0,1
152913,2988,378784459,RET:M008:514885,De Terp,514885,,1,,1638805,0,1
152913,2988,378784460,RET:M008:514887,De Terp,514887,,1,,1638805,0,1
152913,2988,378784461,RET:M008:514889,De Terp,514889,,1,,1638805,0,1
152913,2988,378784462,RET:M008:514895,De Terp,514895,,1,,1638805,0,1
152913,2988,378784463,RET:M008:514897,De Terp,514897,,1,,1638805,0,1
152913,2988,378784464,RET:M008:514899,De Terp,514899,,1,,1638805,0,1
152913,2988,378784465,RET:M008:514901,De Terp,514901,,1,,1638805,0,1
152913,2988,378784466,RET:M008:514903,De Terp,514903,,1,,1638805,0,1
152913,2988,378784467,RET:M008:514905,De Terp,514905,,1,,1638805,0,1
152913,2988,378784468,RET:M008:514910,De Terp,514910,,1,,1638805,0,1
152913,2988,378784469,RET:M008:514912,De Terp,514912,,1,,1638805,0,1
152913,2988,378784470,RET:M008:514914,De Terp,514914,,1,,1638805,0,1
152913,2988,378784471,RET:M008:514916,De Terp,514916,,1,,1638805,0,1
152913,2988,378784472,RET:M008:514918,De Terp,514918,,1,,1638805,0,1
152913,2988,378784473,RET:M008:514920,De Terp,514920,,1,,1638805,0,1
152913,2988,378784474,RET:M008:514922,De Terp,514922,,1,,1638805,0,1
152913,2988,378784475,RET:M008:514926,De Terp,514926,,1,,1638805,0,1
152913,2988,378784476,RET:M008:514928,De Terp,514928,,1,,1638805,0,1
152913,2988,378784477,RET:M008:514930,De Terp,514930,,1,,1638805,0,1
152913,2988,378784478,RET:M008:514932,De Terp,514932,,1,,1638805,0,1
152913,2988,378784479,RET:M008:514934,De Terp,514934,,1,,1638805,0,1
152913,2988,378784480,RET:M008:514936,De Terp,514936,,1,,1638805,0,1
152913,2988,378784481,RET:M008:514938,De Terp,514938,,1,,1638805,0,1
152913,2988,378784482,RET:M008:514940,De Terp,514940,,1,,1638805,0,1
152913,2988,378784483,RET:M008:514945,De Terp,514945,,1,,1638805,0,1
152913,2988,378784484,RET:M008:514947,De Terp,514947,,1,,1638805,0,1
152913,2988,378784485,RET:M008:514949,De Terp,514949,,1,,1638805,0,1
152913,2988,378784486,RET:M008:514951,De Terp,514951,,1,,1638805,0,1
152913,2988,378784487,RET:M008:514953,De Terp,514953,,1,,1638805,0,1
152913,2988,378784488,RET:M008:514955,De Terp,514955,,1,,1638805,0,1
152913,2988,378784489,RET:M008:514957,De Terp,514957,,1,,1638805,0,1
152913,2988,378784490,RET:M008:514963,De Terp,514963,,1,,1638805,0,1
152913,2988,378784491,RET:M008:514965,De Terp,514965,,1,,1638805,0,1
152913,2988,378784492,RET:M008:514967,De Terp,514967,,1,,1638805,0,1
152913,2988,378784493,RET:M008:514969,De Terp,514969,,1,,1638805,0,1
152913,2988,378784494,RET:M008:514971,De Terp,514971,,1,,1638805,0,1
152913,2988,378784495,RET:M008:514973,De Terp,514973,,1,,1638805,0,1
152913,2988,378784496,RET:M008:514975,De Terp,514975,,1,,1638805,0,1
152913,2988,378784497,RET:M008:514984,De Terp,514984,,1,,1638805,0,1
152913,2988,378784498,RET:M008:514986,De Terp,514986,,1,,1638805,0,1
152913,2988,378784499,RET:M008:514988,De Terp,514988,,1,,1638805,0,1
152913,2988,378784500,RET:M008:514990,De Terp,514990,,1,,1638805,0,1
152913,2988,378784501,RET:M008:514992,De Terp,514992,,1,,1638805,0,1
152913,2988,378784502,RET:M008:514994,De Terp,514994,,1,,1638805,0,1
152913,2988,378784503,RET:M008:514996,De Terp,514996,,1,,1638805,0,1
152913,2988,378784504,RET:M008:514801,De Terp,514801,,1,,1638725,0,1
152913,2988,378784505,RET:M008:514907,De Terp,514907,,1,,1638725,0,1
152913,2988,378784506,RET:M008:514804,De Akkers,514804,,0,,1639005,0,1
152913,2988,378784507,RET:M008:514925,De Akkers,514925,,0,,1639005,0,1
152913,2988,378784508,RET:M008:514824,Kralingse Zoom,514824,,0,,1639075,0,1
152913,2988,378784509,RET:M008:514825,Capelsebrug,514825,,1,,,0,1
152913,2988,378784510,RET:M008:514843,Capelsebrug,514843,,1,,1638747,0,1
152913,2988,378784511,RET:M008:514893,De Terp,514893,,1,,1639204,0,1
152913,2988,378784512,RET:M008:514976,Hoogvliet,514976,,0,,1639202,0,1
152913,2988,378784513,RET:M008:514997,Hoogvliet,514997,,0,,1639202,0,1
152913,2988,378784514,RET:M008:514979,De Terp,514979,,1,,1638718,0,1
152913,2988,378784515,RET:M008:515000,De Terp,515000,,1,,1638718,0,1
152913,3030,378785183,RET:M008:515834,De Akkers,515834,,0,,1639005,0,1
152913,3030,378785184,RET:M008:515835,De Terp,515835,,1,,1638805,0,1
152913,3030,378785185,RET:M008:515837,De Terp,515837,,1,,1638805,0,1
152913,3030,378785186,RET:M008:515839,De Terp,515839,,1,,1638805,0,1
152913,3030,378785187,RET:M008:515841,De Terp,515841,,1,,1638805,0,1
152913,3030,378785188,RET:M008:515843,De Terp,515843,,1,,1638805,0,1
152913,3030,378785189,RET:M008:515845,De Terp,515845,,1,,1638805,0,1
152913,3030,378785190,RET:M008:515847,De Terp,515847,,1,,1638805,0,1
152913,3030,378785191,RET:M008:515849,De Terp,515849,,1,,1638805,0,1
152913,3030,378785192,RET:M008:515851,De Terp,515851,,1,,1638805,0,1
152913,3030,378785193,RET:M008:515857,De Terp,515857,,1,,1638805,0,1
152913,3030,378785194,RET:M008:515859,De Terp,515859,,1,,1638805,0,1
152913,3030,378785195,RET:M008:515861,De Terp,515861,,1,,1638805,0,1
152913,3030,378785196,RET:M008:515863,De Terp,515863,,1,,1638805,0,1
152913,3030,378785197,RET:M008:515865,De Terp,515865,,1,,1638805,0,1
152913,3030,378785198,RET:M008:515867,De Terp,515867,,1,,1638805,0,1
152913,3030,378785199,RET:M008:515869,De Terp,515869,,1,,1638805,0,1
152913,3030,378785200,RET:M008:515871,De Terp,515871,,1,,1638805,0,1
152913,3030,378785201,RET:M008:515873,De Terp,515873,,1,,1638805,0,1
152913,3030,378785202,RET:M008:515877,De Terp,515877,,1,,1638805,0,1
152913,3030,378785203,RET:M008:515879,De Terp,515879,,1,,1638805,0,1
152913,3030,378785204,RET:M008:515881,De Terp,515881,,1,,1638805,0,1
152913,3030,378785205,RET:M008:515883,De Terp,515883,,1,,1638805,0,1
152913,3030,378785206,RET:M008:515885,De Terp,515885,,1,,1638805,0,1
152913,3030,378785207,RET:M008:515887,De Terp,515887,,1,,1638805,0,1
152913,3030,378785208,RET:M008:515889,De Terp,515889,,1,,1638805,0,1
152913,3030,378785209,RET:M008:515891,De Terp,515891,,1,,1638805,0,1
152913,3030,378785210,RET:M008:515893,De Terp,515893,,1,,1638805,0,1
152913,3030,378785211,RET:M008:515895,De Terp,515895,,1,,1638805,0,1
152913,3030,378785212,RET:M008:515900,De Terp,515900,,1,,1638805,0,1
152913,3030,378785213,RET:M008:515902,De Terp,515902,,1,,1638805,0,1
152913,3030,378785214,RET:M008:515904,De Terp,515904,,1,,1638805,0,1
152913,3030,378785215,RET:M008:515906,De Terp,515906,,1,,1638805,0,1
152913,3030,378785216,RET:M008:515908,De Terp,515908,,1,,1638805,0,1
152913,3030,378785217,RET:M008:515910,De Terp,515910,,1,,1638805,0,1
152913,3030,378785218,RET:M008:515912,De Terp,515912,,1,,1638805,0,1
152913,3030,378785219,RET:M008:515914,De Terp,515914,,1,,1638805,0,1
152913,3030,378785220,RET:M008:515916,De Terp,515916,,1,,1638805,0,1
152913,3030,378785221,RET:M008:515920,De Terp,515920,,1,,1638805,0,1
152913,3030,378785222,RET:M008:515922,De Terp,515922,,1,,1638805,0,1
152913,3030,378785223,RET:M008:515924,De Terp,515924,,1,,1638805,0,1
152913,3030,378785224,RET:M008:515926,De Terp,515926,,1,,1638805,0,1
152913,3030,378785225,RET:M008:515928,De Terp,515928,,1,,1638805,0,1
152913,3030,378785226,RET:M008:515930,De Terp,515930,,1,,1638805,0,1
152913,3030,378785227,RET:M008:515932,De Terp,515932,,1,,1638805,0,1
152913,3030,378785228,RET:M008:515934,De Terp,515934,,1,,1638805,0,1
152913,3030,378785229,RET:M008:515936,De Terp,515936,,1,,1638805,0,1
152913,3030,378785230,RET:M008:515938,De Terp,515938,,1,,1638805,0,1
152913,3030,378785231,RET:M008:515943,De Terp,515943,,1,,1638805,0,1
152913,3030,378785232,RET:M008:515945,De Terp,515945,,1,,1638805,0,1
152913,3030,378785233,RET:M008:515947,De Terp,515947,,1,,1638805,0,1
152913,3030,378785234,RET:M008:515949,De Terp,515949,,1,,1638805,0,1
152913,3030,378785235,RET:M008:515951,De Terp,515951,,1,,1638805,0,1
152913,3030,378785236,RET:M008:515953,De Terp,515953,,1,,1638805,0,1
152913,3030,378785237,RET:M008:515955,De Terp,515955,,1,,1638805,0,1
152913,3030,378785238,RET:M008:515957,De Terp,515957,,1,,1638805,0,1
152913,3030,378785239,RET:M008:515959,De Terp,515959,,1,,1638805,0,1
152913,3030,378785240,RET:M008:515962,De Terp,515962,,1,,1638805,0,1
152913,3030,378785241,RET:M008:515964,De Terp,515964,,1,,1638805,0,1
152913,3030,378785242,RET:M008:515966,De Terp,515966,,1,,1638805,0,1
152913,3030,378785243,RET:M008:515968,De Terp,515968,,1,,1638805,0,1
152913,3030,378785244,RET:M008:515970,De Terp,515970,,1,,1638805,0,1
152913,3030,378785245,RET:M008:515972,De Terp,515972,,1,,1638805,0,1
152913,3030,378785246,RET:M008:515974,De Terp,515974,,1,,1638805,0,1
152913,3030,378785247,RET:M008:515976,De Terp,515976,,1,,1638805,0,1
152913,3030,378785248,RET:M008:515978,De Terp,515978,,1,,1638805,0,1
152913,3030,378785249,RET:M008:515980,De Terp,515980,,1,,1638805,0,1
152913,3030,378785250,RET:M008:515836,De Akkers,515836,,0,,1639125,0,1
152913,3030,378785251,RET:M008:515838,De Akkers,515838,,0,,1639125,0,1
152913,3030,378785252,RET:M008:515840,De Akkers,515840,,0,,1639125,0,1
152913,3030,378785253,RET:M008:515842,De Akkers,515842,,0,,1639125,0,1
152913,3030,378785254,RET:M008:515844,De Akkers,515844,,0,,1639125,0,1
152913,3030,378785255,RET:M008:515846,De Akkers,515846,,0,,1639125,0,1
152913,3030,378785256,RET:M008:515848,De Akkers,515848,,0,,1639125,0,1
152913,3030,378785257,RET:M008:515850,De Akkers,515850,,0,,1639125,0,1
152913,3030,378785258,RET:M008:515852,De Akkers,515852,,0,,1639125,0,1
152913,3030,378785259,RET:M008:515856,De Akkers,515856,,0,,1639125,0,1
152913,3030,378785260,RET:M008:515858,De Akkers,515858,,0,,1639125,0,1
152913,3030,378785261,RET:M008:515860,De Akkers,515860,,0,,1639125,0,1
152913,3030,378785262,RET:M008:515862,De Akkers,515862,,0,,1639125,0,1
152913,3030,378785263,RET:M008:515864,De Akkers,515864,,0,,1639125,0,1
152913,3030,378785264,RET:M008:515866,De Akkers,515866,,0,,1639125,0,1
152913,3030,378785265,RET:M008:515868,De Akkers,515868,,0,,1639125,0,1
152913,3030,378785266,RET:M008:515870,De Akkers,515870,,0,,1639125,0,1
152913,3030,378785267,RET:M008:515872,De Akkers,515872,,0,,1639125,0,1
152913,3030,378785268,RET:M008:515874,De Akkers,515874,,0,,1639125,0,1
152913,3030,378785269,RET:M008:515878,De Akkers,515878,,0,,1639125,0,1
152913,3030,378785270,RET:M008:515880,De Akkers,515880,,0,,1639125,0,1
152913,3030,378785271,RET:M008:515882,De Akkers,515882,,0,,1639125,0,1
152913,3030,378785272,RET:M008:515884,De Akkers,515884,,0,,1639125,0,1
152913,3030,378785273,RET:M008:515886,De Akkers,515886,,0,,1639125,0,1
152913,3030,378785274,RET:M008:515888,De Akkers,515888,,0,,1639125,0,1
152913,3030,378785275,RET:M008:515890,De Akkers,515890,,0,,1639125,0,1
152913,3030,378785276,RET:M008:515892,De Akkers,515892,,0,,1639125,0,1
152913,3030,378785277,RET:M008:515894,De Akkers,515894,,0,,1639125,0,1
152913,3030,378785278,RET:M008:515899,De Akkers,515899,,0,,1639125,0,1
152913,3030,378785279,RET:M008:515901,De Akkers,515901,,0,,1639125,0,1
152913,3030,378785280,RET:M008:515903,De Akkers,515903,,0,,1639125,0,1
152913,3030,378785281,RET:M008:515905,De Akkers,515905,,0,,1639125,0,1
152913,3030,378785282,RET:M008:515907,De Akkers,515907,,0,,1639125,0,1
152913,3030,378785283,RET:M008:515909,De Akkers,515909,,0,,1639125,0,1
152913,3030,378785284,RET:M008:515911,De Akkers,515911,,0,,1639125,0,1
152913,3030,378785285,RET:M008:515913,De Akkers,515913,,0,,1639125,0,1
152913,3030,378785286,RET:M008:515915,De Akkers,515915,,0,,1639125,0,1
152913,3030,378785287,RET:M008:515917,De Akkers,515917,,0,,1639125,0,1
152913,3030,378785288,RET:M008:515921,De Akkers,515921,,0,,1639125,0,1
152913,3030,378785289,RET:M008:515923,De Akkers,515923,,0,,1639125,0,1
152913,3030,378785290,RET:M008:515925,De Akkers,515925,,0,,1639125,0,1
152913,3030,378785291,RET:M008:515927,De Akkers,515927,,0,,1639125,0,1
152913,3030,378785292,RET:M008:515929,De Akkers,515929,,0,,1639125,0,1
152913,3030,378785293,RET:M008:515931,De Akkers,515931,,0,,1639125,0,1
152913,3030,378785294,RET:M008:515933,De Akkers,515933,,0,,1639125,0,1
152913,3030,378785295,RET:M008:515935,De Akkers,515935,,0,,1639125,0,1
152913,3030,378785296,RET:M008:515937,De Akkers,515937,,0,,1639125,0,1
152913,3030,378785297,RET:M008:515942,De Akkers,515942,,0,,1639125,0,1
152913,3030,378785298,RET:M008:515944,De Akkers,515944,,0,,1639125,0,1
152913,3030,378785299,RET:M008:515946,De Akkers,515946,,0,,1639125,0,1
152913,3030,378785300,RET:M008:515948,De Akkers,515948,,0,,1639125,0,1
152913,3030,378785301,RET:M008:515950,De Akkers,515950,,0,,1639125,0,1
152913,3030,378785302,RET:M008:515952,De Akkers,515952,,0,,1639125,0,1
152913,3030,378785303,RET:M008:515954,De Akkers,515954,,0,,1639125,0,1
152913,3030,378785304,RET:M008:515956,De Akkers,515956,,0,,1639125,0,1
152913,3030,378785305,RET:M008:515958,De Akkers,515958,,0,,1639125,0,1
152913,3030,378785306,RET:M008:515963,De Akkers,515963,,0,,1639125,0,1
152913,3030,378785307,RET:M008:515965,De Akkers,515965,,0,,1639125,0,1
152913,3030,378785308,RET:M008:515967,De Akkers,515967,,0,,1639125,0,1
152913,3030,378785309,RET:M008:515969,De Akkers,515969,,0,,1639125,0,1
152913,3030,378785310,RET:M008:515971,De Akkers,515971,,0,,1639125,0,1
152913,3030,378785311,RET:M008:515973,De Akkers,515973,,0,,1639125,0,1
152913,3030,378785312,RET:M008:515975,De Akkers,515975,,0,,1639125,0,1
152913,3030,378785313,RET:M008:515977,De Akkers,515977,,0,,1639125,0,1
152913,3030,378785314,RET:M008:515979,De Akkers,515979,,0,,1639125,0,1
152913,3030,378785315,RET:M008:515855,De Terp,515855,,1,,,0,1
152913,3030,378785316,RET:M008:515898,De Terp,515898,,1,,,0,1
152913,3030,378785317,RET:M008:515941,De Terp,515941,,1,,1639204,0,1
152914,2315,378752485,RET:M009:522821,Rotterdam Centraal,522821,,1,,1638738,0,
152914,2315,378752486,RET:M009:522853,Rotterdam Centraal,522853,,1,,1638738,0,
152914,2315,378752487,RET:M009:522909,Rotterdam Centraal,522909,,1,,1638738,0,
152914,2315,378752488,RET:M009:522822,De Akkers,522822,,0,,1639148,0,
152914,2315,378752489,RET:M009:522824,De Akkers,522824,,0,,1639148,0,
152914,2315,378752490,RET:M009:522826,De Akkers,522826,,0,,1639148,0,
152914,2315,378752491,RET:M009:522828,De Akkers,522828,,0,,1639148,0,1
152914,2315,378752492,RET:M009:522830,De Akkers,522830,,0,,1639148,0,1
152914,2315,378752493,RET:M009:522832,De Akkers,522832,,0,,1639148,0,1
152914,2315,378752494,RET:M009:522834,De Akkers,522834,,0,,1639148,0,1
152914,2315,378752495,RET:M009:522836,De Akkers,522836,,0,,1639148,0,1
152914,2315,378752496,RET:M009:522838,De Akkers,522838,,0,,1639148,0,
152914,2315,378752497,RET:M009:522840,De Akkers,522840,,0,,1639148,0,
152914,2315,378752498,RET:M009:522842,De Akkers,522842,,0,,1639148,0,1
152914,2315,378752499,RET:M009:522844,De Akkers,522844,,0,,1639148,0,1
152914,2315,378752500,RET:M009:522846,De Akkers,522846,,0,,1639148,0,1
152914,2315,378752501,RET:M009:522848,De Akkers,522848,,0,,1639148,0,1
152914,2315,378752502,RET:M009:522850,De Akkers,522850,,0,,1639148,0,1
152914,2315,378752503,RET:M009:522854,De Akkers,522854,,0,,1639148,0,
152914,2315,378752504,RET:M009:522856,De Akkers,522856,,0,,1639148,0,
152914,2315,378752505,RET:M009:522858,De Akkers,522858,,0,,1639148,0,
152914,2315,378752506,RET:M009:522860,De Akkers,522860,,0,,1639148,0,1
152914,2315,378752507,RET:M009:522862,De Akkers,522862,,0,,1639148,0,1
152914,2315,378752508,RET:M009:522864,De Akkers,522864,,0,,1639148,0,1
152914,2315,378752509,RET:M009:522866,De Akkers,522866,,0,,1639148,0,1
152914,2315,378752510,RET:M009:522868,De Akkers,522868,,0,,1639148,0,1
152914,2315,378752511,RET:M009:522870,De Akkers,522870,,0,,1639148,0,
152914,2315,378752512,RET:M009:522872,De Akkers,522872,,0,,1639148,0,
152914,2315,378752513,RET:M009:522878,De Akkers,522878,,0,,1639148,0,
152914,2315,378752514,RET:M009:522880,De Akkers,522880,,0,,1639148,0,
152914,2315,378752515,RET:M009:522882,De Akkers,522882,,0,,1639148,0,1
152914,2315,378752516,RET:M009:522884,De Akkers,522884,,0,,1639148,0,1
152914,2315,378752517,RET:M009:522886,De Akkers,522886,,0,,1639148,0,1
152914,2315,378752518,RET:M009:522888,De Akkers,522888,,0,,1639148,0,1
152914,2315,378752519,RET:M009:522890,De Akkers,522890,,0,,1639148,0,1
152914,2315,378752520,RET:M009:522892,De Akkers,522892,,0,,1639148,0,
152914,2315,378752521,RET:M009:522894,De Akkers,522894,,0,,1639148,0,
152914,2315,378752522,RET:M009:522896,De Akkers,522896,,0,,1639148,0,1
152914,2315,378752523,RET:M009:522898,De Akkers,522898,,0,,1639148,0,1
152914,2315,378752524,RET:M009:522900,De Akkers,522900,,0,,1639148,0,1
152914,2315,378752525,RET:M009:522902,De Akkers,522902,,0,,1639148,0,1
152914,2315,378752526,RET:M009:522904,De Akkers,522904,,0,,1639148,0,1
152914,2315,378752527,RET:M009:522910,De Akkers,522910,,0,,1639148,0,
152914,2315,378752528,RET:M009:522912,De Akkers,522912,,0,,1639148,0,
152914,2315,378752529,RET:M009:522914,De Akkers,522914,,0,,1639148,0,1
152914,2315,378752530,RET:M009:522916,De Akkers,522916,,0,,1639148,0,1
152914,2315,378752531,RET:M009:522918,De Akkers,522918,,0,,1639148,0,1
152914,2315,378752532,RET:M009:522920,De Akkers,522920,,0,,1639148,0,1
152914,2315,378752533,RET:M009:522922,De Akkers,522922,,0,,1639148,0,1
152914,2315,378752534,RET:M009:522924,De Akkers,522924,,0,,1639148,0,
152914,2315,378752535,RET:M009:522926,De Akkers,522926,,0,,1639148,0,
152914,2315,378752536,RET:M009:522928,De Akkers,522928,,0,,1639148,0,
152914,2315,378752537,RET:M009:522932,De Akkers,522932,,0,,1639148,0,
152914,2315,378752538,RET:M009:522934,De Akkers,522934,,0,,1639148,0,
152914,2315,378752539,RET:M009:522936,De Akkers,522936,,0,,1639148,0,1
152914,2315,378752540,RET:M009:522938,De Akkers,522938,,0,,1639148,0,1
152914,2315,378752541,RET:M009:522940,De Akkers,522940,,0,,1639148,0,1
152914,2315,378752542,RET:M009:522942,De Akkers,522942,,0,,1639148,0,1
152914,2315,378752543,RET:M009:522944,De Akkers,522944,,0,,1639148,0,1
152914,2315,378752544,RET:M009:522946,De Akkers,522946,,0,,1639148,0,
152914,2315,378752545,RET:M009:522948,De Akkers,522948,,0,,1639148,0,
152914,2315,378752546,RET:M009:522950,De Akkers,522950,,0,,1639148,0,1
152914,2315,378752547,RET:M009:522952,De Akkers,522952,,0,,1639148,0,1
152914,2315,378752548,RET:M009:522954,De Akkers,522954,,0,,1639148,0,1
152914,2315,378752549,RET:M009:522956,De Akkers,522956,,0,,1639148,0,1
152914,2315,378752550,RET:M009:522958,De Akkers,522958,,0,,1639148,0,1
152914,2315,378752551,RET:M009:522962,De Akkers,522962,,0,,1639148,0,
152914,2315,378752552,RET:M009:522964,De Akkers,522964,,0,,1639148,0,
152914,2315,378752553,RET:M009:522966,De Akkers,522966,,0,,1639148,0,1
152914,2315,378752554,RET:M009:522968,De Akkers,522968,,0,,1639148,0,1
152914,2315,378752555,RET:M009:522970,De Akkers,522970,,0,,1639148,0,1
152914,2315,378752556,RET:M009:522972,De Akkers,522972,,0,,1639148,0,1
152914,2315,378752557,RET:M009:522974,De Akkers,522974,,0,,1639148,0,1
152914,2315,378752558,RET:M009:522976,De Akkers,522976,,0,,1639148,0,
152914,2315,378752559,RET:M009:522978,De Akkers,522978,,0,,1639148,0,
152914,2315,378752560,RET:M009:522980,De Akkers,522980,,0,,1639148,0,1
152914,2315,378752561,RET:M009:522982,De Akkers,522982,,0,,1639148,0,1
152914,2315,378752562,RET:M009:522984,De Akkers,522984,,0,,1639148,0,1
152914,2315,378752563,RET:M009:522986,De Akkers,522986,,0,,1639148,0,1
152914,2315,378752564,RET:M009:522988,De Akkers,522988,,0,,1639148,0,1
152914,2315,378752565,RET:M009:522992,De Akkers,522992,,0,,1639148,0,
152914,2315,378752566,RET:M009:522994,De Akkers,522994,,0,,1639148,0,
152914,2315,378752567,RET:M009:522996,De Akkers,522996,,0,,1639148,0,1
152914,2315,378752568,RET:M009:522998,De Akkers,522998,,0,,1639148,0,1
152914,2315,378752569,RET:M009:523000,De Akkers,523000,,0,,1639148,0,1
152914,2315,378752570,RET:M009:523002,De Akkers,523002,,0,,1639148,0,1
152914,2315,378752571,RET:M009:523004,De Akkers,523004,,0,,1639148,0,1
152914,2315,378752572,RET:M009:523006,De Akkers,523006,,0,,1639148,0,
152914,2315,378752573,RET:M009:523008,De Akkers,523008,,0,,1639148,0,
152914,2315,378752574,RET:M009:523015,De Akkers,523015,,0,,1639148,0,
152914,2315,378752575,RET:M009:523017,De Akkers,523017,,0,,1639148,0,
152914,2315,378752576,RET:M009:523019,De Akkers,523019,,0,,1639148,0,1
152914,2315,378752577,RET:M009:523021,De Akkers,523021,,0,,1639148,0,1
152914,2315,378752578,RET:M009:523023,De Akkers,523023,,0,,1639148,0,1
152914,2315,378752579,RET:M009:523025,De Akkers,523025,,0,,1639148,0,1
152914,2315,378752580,RET:M009:523027,De Akkers,523027,,0,,1639148,0,
152914,2315,378752581,RET:M009:523029,De Akkers,523029,,0,,1639148,0,
152914,2315,378752582,RET:M009:523031,De Akkers,523031,,0,,1639148,0,
152914,2315,378752583,RET:M009:523033,De Akkers,523033,,0,,1639148,0,1
152914,2315,378752584,RET:M009:523035,De Akkers,523035,,0,,1639148,0,1
152914,2315,378752585,RET:M009:523037,De Akkers,523037,,0,,1639148,0,1
152914,2315,378752586,RET:M009:523039,De Akkers,523039,,0,,1639148,0,1
152914,2315,378752587,RET:M009:522823,Rotterdam Centraal,522823,,1,,1638674,0,
152914,2315,378752588,RET:M009:522825,Rotterdam Centraal,522825,,1,,1638674,0,
152914,2315,378752589,RET:M009:522827,Rotterdam Centraal,522827,,1,,1638674,0,1
152914,2315,378752590,RET:M009:522829,Rotterdam Centraal,522829,,1,,1638674,0,1
152914,2315,378752591,RET:M009:522831,Rotterdam Centraal,522831,,1,,1638674,0,1
152914,2315,378752592,RET:M009:522833,Rotterdam Centraal,522833,,1,,1638674,0,1
152914,2315,378752593,RET:M009:522835,Rotterdam Centraal,522835,,1,,1638674,0,1
152914,2315,378752594,RET:M009:522837,Rotterdam Centraal,522837,,1,,1638674,0,
152914,2315,378752595,RET:M009:522839,Rotterdam Centraal,522839,,1,,1638674,0,
152914,2315,378752596,RET:M009:522841,Rotterdam Centraal,522841,,1,,1638674,0,1
152914,2315,378752597,RET:M009:522843,Rotterdam Centraal,522843,,1,,1638674,0,1
152914,2315,378752598,RET:M009:522845,Rotterdam Centraal,522845,,1,,1638674,0,1
152914,2315,378752599,RET:M009:522847,Rotterdam Centraal,522847,,1,,1638674,0,1
152914,2315,378752600,RET:M009:522849,Rotterdam Centraal,522849,,1,,1638674,0,1
152914,2315,378752601,RET:M009:522855,Rotterdam Centraal,522855,,1,,1638674,0,
152914,2315,378752602,RET:M009:522857,Rotterdam Centraal,522857,,1,,1638674,0,
152914,2315,378752603,RET:M009:522859,Rotterdam Centraal,522859,,1,,1638674,0,1
152914,2315,378752604,RET:M009:522861,Rotterdam Centraal,522861,,1,,1638674,0,1
152914,2315,378752605,RET:M009:522863,Rotterdam Centraal,522863,,1,,1638674,0,1
152914,2315,378752606,RET:M009:522865,Rotterdam Centraal,522865,,1,,1638674,0,1
152914,2315,378752607,RET:M009:522867,Rotterdam Centraal,522867,,1,,1638674,0,1
152914,2315,378752608,RET:M009:522869,Rotterdam Centraal,522869,,1,,1638674,0,
152914,2315,378752609,RET:M009:522871,Rotterdam Centraal,522871,,1,,1638674,0,
152914,2315,378752610,RET:M009:522873,Rotterdam Centraal,522873,,1,,1638674,0,1
152914,2315,378752611,RET:M009:522877,Rotterdam Centraal,522877,,1,,1638674,0,
152914,2315,378752612,RET:M009:522879,Rotterdam Centraal,522879,,1,,1638674,0,
152914,2315,378752613,RET:M009:522881,Rotterdam Centraal,522881,,1,,1638674,0,
152914,2315,378752614,RET:M009:522883,Rotterdam Centraal,522883,,1,,1638674,0,1
152914,2315,378752615,RET:M009:522885,Rotterdam Centraal,522885,,1,,1638674,0,1
152914,2315,378752616,RET:M009:522887,Rotterdam Centraal,522887,,1,,1638674,0,1
152914,2315,378752617,RET:M009:522889,Rotterdam Centraal,522889,,1,,1638674,0,1
152914,2315,378752618,RET:M009:522891,Rotterdam Centraal,522891,,1,,1638674,0,1
152914,2315,378752619,RET:M009:522893,Rotterdam Centraal,522893,,1,,1638674,0,
152914,2315,378752620,RET:M009:522895,Rotterdam Centraal,522895,,1,,1638674,0,
152914,2315,378752621,RET:M009:522897,Rotterdam Centraal,522897,,1,,1638674,0,1
152914,2315,378752622,RET:M009:522899,Rotterdam Centraal,522899,,1,,1638674,0,1
152914,2315,378752623,RET:M009:522901,Rotterdam Centraal,522901,,1,,1638674,0,1
152914,2315,378752624,RET:M009:522903,Rotterdam Centraal,522903,,1,,1638674,0,1
152914,2315,378752625,RET:M009:522905,Rotterdam Centraal,522905,,1,,1638674,0,1
152914,2315,378752626,RET:M009:522911,Rotterdam Centraal,522911,,1,,1638674,0,
152914,2315,378752627,RET:M009:522913,Rotterdam Centraal,522913,,1,,1638674,0,
152914,2315,378752628,RET:M009:522915,Rotterdam Centraal,522915,,1,,1638674,0,1
152914,2315,378752629,RET:M009:522917,Rotterdam Centraal,522917,,1,,1638674,0,1
152914,2315,378752630,RET:M009:522919,Rotterdam Centraal,522919,,1,,1638674,0,1
152914,2315,378752631,RET:M009:522921,Rotterdam Centraal,522921,,1,,1638674,0,1
152914,2315,378752632,RET:M009:522923,Rotterdam Centraal,522923,,1,,1638674,0,1
152914,2315,378752633,RET:M009:522925,Rotterdam Centraal,522925,,1,,1638674,0,
152914,2315,378752634,RET:M009:522927,Rotterdam Centraal,522927,,1,,1638674,0,
152914,2315,378752635,RET:M009:522931,Rotterdam Centraal,522931,,1,,1638674,0,
152914,2315,378752636,RET:M009:522933,Rotterdam Centraal,522933,,1,,1638674,0,
152914,2315,378752637,RET:M009:522935,Rotterdam Centraal,522935,,1,,1638674,0,
152914,2315,378752638,RET:M009:522937,Rotterdam Centraal,522937,,1,,1638674,0,1
152914,2315,378752639,RET:M009:522939,Rotterdam Centraal,522939,,1,,1638674,0,1
152914,2315,378752640,RET:M009:522941,Rotterdam Centraal,522941,,1,,1638674,0,1
152914,2315,378752641,RET:M009:522943,Rotterdam Centraal,522943,,1,,1638674,0,1
152914,2315,378752642,RET:M009:522945,Rotterdam Centraal,522945,,1,,1638674,0,1
152914,2315,378752643,RET:M009:522947,Rotterdam Centraal,522947,,1,,1638674,0,
152914,2315,378752644,RET:M009:522949,Rotterdam Centraal,522949,,1,,1638674,0,
152914,2315,378752645,RET:M009:522951,Rotterdam Centraal,522951,,1,,1638674,0,1
152914,2315,378752646,RET:M009:522953,Rotterdam Centraal,522953,,1,,1638674,0,1
152914,2315,378752647,RET:M009:522955,Rotterdam Centraal,522955,,1,,1638674,0,1
152914,2315,378752648,RET:M009:522957,Rotterdam Centraal,522957,,1,,1638674,0,1
152914,2315,378752649,RET:M009:522963,Rotterdam Centraal,522963,,1,,1638674,0,
152914,2315,378752650,RET:M009:522965,Rotterdam Centraal,522965,,1,,1638674,0,1
152914,2315,378752651,RET:M009:522967,Rotterdam Centraal,522967,,1,,1638674,0,1
152914,2315,378752652,RET:M009:522969,Rotterdam Centraal,522969,,1,,1638674,0,1
152914,2315,378752653,RET:M009:522971,Rotterdam Centraal,522971,,1,,1638674,0,1
152914,2315,378752654,RET:M009:522973,Rotterdam Centraal,522973,,1,,1638674,0,1
152914,2315,378752655,RET:M009:522975,Rotterdam Centraal,522975,,1,,1638674,0,
152914,2315,378752656,RET:M009:522977,Rotterdam Centraal,522977,,1,,1638674,0,
152914,2315,378752657,RET:M009:522979,Rotterdam Centraal,522979,,1,,1638674,0,
152914,2315,378752658,RET:M009:522981,Rotterdam Centraal,522981,,1,,1638674,0,1
152914,2315,378752659,RET:M009:522983,Rotterdam Centraal,522983,,1,,1638674,0,1
152914,2315,378752660,RET:M009:522985,Rotterdam Centraal,522985,,1,,1638674,0,1
152914,2315,378752661,RET:M009:522987,Rotterdam Centraal,522987,,1,,1638674,0,1
152914,2315,378752662,RET:M009:522991,Rotterdam Centraal,522991,,1,,1638674,0,
152914,2315,378752663,RET:M009:522993,Rotterdam Centraal,522993,,1,,1638674,0,
152914,2315,378752664,RET:M009:522995,Rotterdam Centraal,522995,,1,,1638674,0,
152914,2315,378752665,RET:M009:522997,Rotterdam Centraal,522997,,1,,1638674,0,1
152914,2315,378752666,RET:M009:522999,Rotterdam Centraal,522999,,1,,1638674,0,1
152914,2315,378752667,RET:M009:523001,Rotterdam Centraal,523001,,1,,1638674,0,1
152914,2315,378752668,RET:M009:523003,Rotterdam Centraal,523003,,1,,1638674,0,1
152914,2315,378752669,RET:M009:523005,Rotterdam Centraal,523005,,1,,1638674,0,
152914,2315,378752670,RET:M009:523007,Rotterdam Centraal,523007,,1,,1638674,0,
152914,2315,378752671,RET:M009:523009,Rotterdam Centraal,523009,,1,,1638674,0,
152914,2315,378752672,RET:M009:523014,Rotterdam Centraal,523014,,1,,1638674,0,
152914,2315,378752673,RET:M009:523016,Rotterdam Centraal,523016,,1,,1638674,0,
152914,2315,378752674,RET:M009:523018,Rotterdam Centraal,523018,,1,,1638674,0,1
152914,2315,378752675,RET:M009:523020,Rotterdam Centraal,523020,,1,,1638674,0,1
152914,2315,378752676,RET:M009:523022,Rotterdam Centraal,523022,,1,,1638674,0,1
152914,2315,378752677,RET:M009:523024,Rotterdam Centraal,523024,,1,,1638674,0,1
152914,2315,378752678,RET:M009:523026,Rotterdam Centraal,523026,,1,,1638674,0,1
152914,2315,378752679,RET:M009:523028,Rotterdam Centraal,523028,,1,,1638674,0,
152914,2315,378752680,RET:M009:523030,Rotterdam Centraal,523030,,1,,1638674,0,
152914,2315,378752681,RET:M009:523032,Rotterdam Centraal,523032,,1,,1638674,0,1
152914,2315,378752682,RET:M009:523034,Rotterdam Centraal,523034,,1,,1638674,0,1
152914,2315,378752683,RET:M009:523036,Rotterdam Centraal,523036,,1,,1638674,0,1
152914,2315,378752684,RET:M009:523038,Rotterdam Centraal,523038,,1,,1638674,0,1
152914,2315,378752685,RET:M009:523040,Rotterdam Centraal,523040,,1,,1638674,0,1
152914,2315,378752686,RET:M009:522874,De Akkers,522874,,0,,1638911,0,1
152914,2315,378752687,RET:M009:523010,De Akkers,523010,,0,,1638911,0,1
152914,2315,378752688,RET:M009:522906,Slinge,522906,,0,,1638837,0,1
152914,2315,378752689,RET:M009:523041,Slinge,523041,,0,,1638837,0,1
152914,2315,378752690,RET:M009:522961,Rotterdam Centraal,522961,,1,,1638897,0,
152914,2315,378752691,RET:M009:523013,De Akkers,523013,,0,,1638683,0,
152914,3605,378753457,RET:M009:527923,Rotterdam Centraal,527923,,1,,1638738,0,1
152914,3605,378753458,RET:M009:527953,Rotterdam Centraal,527953,,1,,1638738,0,1
152914,3605,378753459,RET:M009:528013,Rotterdam Centraal,528013,,1,,1638738,0,1
152914,3605,378753460,RET:M009:527924,De Akkers,527924,,0,,1639148,0,1
152914,3605,378753461,RET:M009:527926,De Akkers,527926,,0,,1639148,0,1
152914,3605,378753462,RET:M009:527928,De Akkers,527928,,0,,1639148,0,1
152914,3605,378753463,RET:M009:527930,De Akkers,527930,,0,,1639148,0,1
152914,3605,378753464,RET:M009:527932,De Akkers,527932,,0,,1639148,0,1
152914,3605,378753465,RET:M009:527934,De Akkers,527934,,0,,1639148,0,1
152914,3605,378753466,RET:M009:527936,De Akkers,527936,,0,,1639148,0,1
152914,3605,378753467,RET:M009:527938,De Akkers,527938,,0,,1639148,0,1
152914,3605,378753468,RET:M009:527940,De Akkers,527940,,0,,1639148,0,1
152914,3605,378753469,RET:M009:527942,De Akkers,527942,,0,,1639148,0,1
152914,3605,378753470,RET:M009:527944,De Akkers,527944,,0,,1639148,0,1
152914,3605,378753471,RET:M009:527946,De Akkers,527946,,0,,1639148,0,1
152914,3605,378753472,RET:M009:527948,De Akkers,527948,,0,,1639148,0,1
152914,3605,378753473,RET:M009:527950,De Akkers,527950,,0,,1639148,0,1
152914,3605,378753474,RET:M009:527954,De Akkers,527954,,0,,1639148,0,1
152914,3605,378753475,RET:M009:527956,De Akkers,527956,,0,,1639148,0,1
152914,3605,378753476,RET:M009:527958,De Akkers,527958,,0,,1639148,0,1
152914,3605,378753477,RET:M009:527960,De Akkers,527960,,0,,1639148,0,1
152914,3605,378753478,RET:M009:527962,De Akkers,527962,,0,,1639148,0,1
152914,3605,378753479,RET:M009:527964,De Akkers,527964,,0,,1639148,0,1
152914,3605,378753480,RET:M009:527966,De Akkers,527966,,0,,1639148,0,1
152914,3605,378753481,RET:M009:527968,De Akkers,527968,,0,,1639148,0,1
152914,3605,378753482,RET:M009:527970,De Akkers,527970,,0,,1639148,0,1
152914,3605,378753483,RET:M009:527972,De Akkers,527972,,0,,1639148,0,1
152914,3605,378753484,RET:M009:527974,De Akkers,527974,,0,,1639148,0,1
152914,3605,378753485,RET:M009:527976,De Akkers,527976,,0,,1639148,0,1
152914,3605,378753486,RET:M009:527978,De Akkers,527978,,0,,1639148,0,1
152914,3605,378753487,RET:M009:527980,De Akkers,527980,,0,,1639148,0,1
152914,3605,378753488,RET:M009:527984,De Akkers,527984,,0,,1639148,0,1
152914,3605,378753489,RET:M009:527986,De Akkers,527986,,0,,1639148,0,1
152914,3605,378753490,RET:M009:527988,De Akkers,527988,,0,,1639148,0,1
152914,3605,378753491,RET:M009:527990,De Akkers,527990,,0,,1639148,0,1
152914,3605,378753492,RET:M009:527992,De Akkers,527992,,0,,1639148,0,1
152914,3605,378753493,RET:M009:527994,De Akkers,527994,,0,,1639148,0,1
152914,3605,378753494,RET:M009:527996,De Akkers,527996,,0,,1639148,0,1
152914,3605,378753495,RET:M009:527998,De Akkers,527998,,0,,1639148,0,1
152914,3605,378753496,RET:M009:528000,De Akkers,528000,,0,,1639148,0,1
152914,3605,378753497,RET:M009:528002,De Akkers,528002,,0,,1639148,0,1
152914,3605,378753498,RET:M009:528004,De Akkers,528004,,0,,1639148,0,1
152914,3605,378753499,RET:M009:528006,De Akkers,528006,,0,,1639148,0,1
152914,3605,378753500,RET:M009:528008,De Akkers,528008,,0,,1639148,0,1
152914,3605,378753501,RET:M009:528014,De Akkers,528014,,0,,1639148,0,1
152914,3605,378753502,RET:M009:528016,De Akkers,528016,,0,,1639148,0,1
152914,3605,378753503,RET:M009:528018,De Akkers,528018,,0,,1639148,0,1
152914,3605,378753504,RET:M009:528020,De Akkers,528020,,0,,1639148,0,1
152914,3605,378753505,RET:M009:528022,De Akkers,528022,,0,,1639148,0,1
152914,3605,378753506,RET:M009:528024,De Akkers,528024,,0,,1639148,0,1
152914,3605,378753507,RET:M009:528026,De Akkers,528026,,0,,1639148,0,1
152914,3605,378753508,RET:M009:528028,De Akkers,528028,,0,,1639148,0,1
152914,3605,378753509,RET:M009:528030,De Akkers,528030,,0,,1639148,0,1
152914,3605,378753510,RET:M009:528032,De Akkers,528032,,0,,1639148,0,1
152914,3605,378753511,RET:M009:528034,De Akkers,528034,,0,,1639148,0,1
152914,3605,378753512,RET:M009:528036,De Akkers,528036,,0,,1639148,0,1
152914,3605,378753513,RET:M009:528038,De Akkers,528038,,0,,1639148,0,1
152914,3605,378753514,RET:M009:528044,De Akkers,528044,,0,,1639148,0,1
152914,3605,378753515,RET:M009:528046,De Akkers,528046,,0,,1639148,0,1
152914,3605,378753516,RET:M009:528048,De Akkers,528048,,0,,1639148,0,1
152914,3605,378753517,RET:M009:528050,De Akkers,528050,,0,,1639148,0,1
152914,3605,378753518,RET:M009:528052,De Akkers,528052,,0,,1639148,0,1
152914,3605,378753519,RET:M009:528054,De Akkers,528054,,0,,1639148,0,1
152914,3605,378753520,RET:M009:528056,De Akkers,528056,,0,,1639148,0,1
152914,3605,378753521,RET:M009:528058,De Akkers,528058,,0,,1639148,0,1
152914,3605,378753522,RET:M009:528060,De Akkers,528060,,0,,1639148,0,1
152914,3605,378753523,RET:M009:528062,De Akkers,528062,,0,,1639148,0,1
152914,3605,378753524,RET:M009:528064,De Akkers,528064,,0,,1639148,0,1
152914,3605,378753525,RET:M009:528066,De Akkers,528066,,0,,1639148,0,1
152914,3605,378753526,RET:M009:528068,De Akkers,528068,,0,,1639148,0,1
152914,3605,378753527,RET:M009:527925,Rotterdam Centraal,527925,,1,,1638674,0,1
152914,3605,378753528,RET:M009:527927,Rotterdam Centraal,527927,,1,,1638674,0,1
152914,3605,378753529,RET:M009:527929,Rotterdam Centraal,527929,,1,,1638674,0,1
152914,3605,378753530,RET:M009:527931,Rotterdam Centraal,527931,,1,,1638674,0,1
152914,3605,378753531,RET:M009:527933,Rotterdam Centraal,527933,,1,,1638674,0,1
152914,3605,378753532,RET:M009:527935,Rotterdam Centraal,527935,,1,,1638674,0,1
152914,3605,378753533,RET:M009:527937,Rotterdam Centraal,527937,,1,,1638674,0,1
152914,3605,378753534,RET:M009:527939,Rotterdam Centraal,527939,,1,,1638674,0,1
152914,3605,378753535,RET:M009:527941,Rotterdam Centraal,527941,,1,,1638674,0,1
152914,3605,378753536,RET:M009:527943,Rotterdam Centraal,527943,,1,,1638674,0,1
152914,3605,378753537,RET:M009:527945,Rotterdam Centraal,527945,,1,,1638674,0,1
152914,3605,378753538,RET:M009:527947,Rotterdam Centraal,527947,,1,,1638674,0,1
152914,3605,378753539,RET:M009:527949,Rotterdam Centraal,527949,,1,,1638674,0,1
152914,3605,378753540,RET:M009:527955,Rotterdam Centraal,527955,,1,,1638674,0,1
152914,3605,378753541,RET:M009:527957,Rotterdam Centraal,527957,,1,,1638674,0,1
152914,3605,378753542,RET:M009:527959,Rotterdam Centraal,527959,,1,,1638674,0,1
152914,3605,378753543,RET:M009:527961,Rotterdam Centraal,527961,,1,,1638674,0,1
152914,3605,378753544,RET:M009:527963,Rotterdam Centraal,527963,,1,,1638674,0,1
152914,3605,378753545,RET:M009:527965,Rotterdam Centraal,527965,,1,,1638674,0,1
152914,3605,378753546,RET:M009:527967,Rotterdam Centraal,527967,,1,,1638674,0,1
152914,3605,378753547,RET:M009:527969,Rotterdam Centraal,527969,,1,,1638674,0,1
152914,3605,378753548,RET:M009:527971,Rotterdam Centraal,527971,,1,,1638674,0,1
152914,3605,378753549,RET:M009:527973,Rotterdam Centraal,527973,,1,,1638674,0,1
152914,3605,378753550,RET:M009:527975,Rotterdam Centraal,527975,,1,,1638674,0,1
152914,3605,378753551,RET:M009:527977,Rotterdam Centraal,527977,,1,,1638674,0,1
152914,3605,378753552,RET:M009:527979,Rotterdam Centraal,527979,,1,,1638674,0,1
152914,3605,378753553,RET:M009:527983,Rotterdam Centraal,527983,,1,,1638674,0,1
152914,3605,378753554,RET:M009:527985,Rotterdam Centraal,527985,,1,,1638674,0,1
152914,3605,378753555,RET:M009:527987,Rotterdam Centraal,527987,,1,,1638674,0,1
152914,3605,378753556,RET:M009:527989,Rotterdam Centraal,527989,,1,,1638674,0,1
152914,3605,378753557,RET:M009:527991,Rotterdam Centraal,527991,,1,,1638674,0,1
152914,3605,378753558,RET:M009:527993,Rotterdam Centraal,527993,,1,,1638674,0,1
152914,3605,378753559,RET:M009:527995,Rotterdam Centraal,527995,,1,,1638674,0,1
152914,3605,378753560,RET:M009:527997,Rotterdam Centraal,527997,,1,,1638674,0,1
152914,3605,378753561,RET:M009:527999,Rotterdam Centraal,527999,,1,,1638674,0,1
152914,3605,378753562,RET:M009:528001,Rotterdam Centraal,528001,,1,,1638674,0,1
152914,3605,378753563,RET:M009:528003,Rotterdam Centraal,528003,,1,,1638674,0,1
152914,3605,378753564,RET:M009:528005,Rotterdam Centraal,528005,,1,,1638674,0,1
152914,3605,378753565,RET:M009:528007,Rotterdam Centraal,528007,,1,,1638674,0,1
152914,3605,378753566,RET:M009:528009,Rotterdam Centraal,528009,,1,,1638674,0,1
152914,3605,378753567,RET:M009:528015,Rotterdam Centraal,528015,,1,,1638674,0,1
152914,3605,378753568,RET:M009:528017,Rotterdam Centraal,528017,,1,,1638674,0,1
152914,3605,378753569,RET:M009:528019,Rotterdam Centraal,528019,,1,,1638674,0,1
152914,3605,378753570,RET:M009:528021,Rotterdam Centraal,528021,,1,,1638674,0,1
152914,3605,378753571,RET:M009:528023,Rotterdam Centraal,528023,,1,,1638674,0,1
152914,3605,378753572,RET:M009:528025,Rotterdam Centraal,528025,,1,,1638674,0,1
152914,3605,378753573,RET:M009:528027,Rotterdam Centraal,528027,,1,,1638674,0,1
152914,3605,378753574,RET:M009:528029,Rotterdam Centraal,528029,,1,,1638674,0,1
152914,3605,378753575,RET:M009:528031,Rotterdam Centraal,528031,,1,,1638674,0,1
152914,3605,378753576,RET:M009:528033,Rotterdam Centraal,528033,,1,,1638674,0,1
152914,3605,378753577,RET:M009:528035,Rotterdam Centraal,528035,,1,,1638674,0,1
152914,3605,378753578,RET:M009:528037,Rotterdam Centraal,528037,,1,,1638674,0,1
152914,3605,378753579,RET:M009:528039,Rotterdam Centraal,528039,,1,,1638674,0,1
152914,3605,378753580,RET:M009:528043,Rotterdam Centraal,528043,,1,,1638674,0,1
152914,3605,378753581,RET:M009:528045,Rotterdam Centraal,528045,,1,,1638674,0,1
152914,3605,378753582,RET:M009:528047,Rotterdam Centraal,528047,,1,,1638674,0,1
152914,3605,378753583,RET:M009:528049,Rotterdam Centraal,528049,,1,,1638674,0,1
152914,3605,378753584,RET:M009:528051,Rotterdam Centraal,528051,,1,,1638674,0,1
152914,3605,378753585,RET:M009:528053,Rotterdam Centraal,528053,,1,,1638674,0,1
152914,3605,378753586,RET:M009:528055,Rotterdam Centraal,528055,,1,,1638674,0,1
152914,3605,378753587,RET:M009:528057,Rotterdam Centraal,528057,,1,,1638674,0,1
152914,3605,378753588,RET:M009:528059,Rotterdam Centraal,528059,,1,,1638674,0,1
152914,3605,378753589,RET:M009:528061,Rotterdam Centraal,528061,,1,,1638674,0,1
152914,3605,378753590,RET:M009:528063,Rotterdam Centraal,528063,,1,,1638674,0,1
152914,3605,378753591,RET:M009:528065,Rotterdam Centraal,528065,,1,,1638674,0,1
152914,3605,378753592,RET:M009:528067,Rotterdam Centraal,528067,,1,,1638674,0,1
152914,3605,378753593,RET:M009:528010,Slinge,528010,,0,,1638837,0,1
152914,3605,378753594,RET:M009:528040,Slinge,528040,,0,,1638837,0,1
152914,1857,378774296,RET:M009:375332,Rotterdam Centraal,375332,,1,,1638738,0,1
152914,1857,378774297,RET:M009:375362,Rotterdam Centraal,375362,,1,,1638738,0,1
152914,1857,378774298,RET:M009:375422,Rotterdam Centraal,375422,,1,,1638738,0,1
152914,1857,378774299,RET:M009:375333,De Akkers,375333,,0,,1639148,0,1
152914,1857,378774300,RET:M009:375335,De Akkers,375335,,0,,1639148,0,1
152914,1857,378774301,RET:M009:375337,De Akkers,375337,,0,,1639148,0,1
152914,1857,378774302,RET:M009:375339,De Akkers,375339,,0,,1639148,0,1
152914,1857,378774303,RET:M009:375341,De Akkers,375341,,0,,1639148,0,1
152914,1857,378774304,RET:M009:375343,De Akkers,375343,,0,,1639148,0,1
152914,1857,378774305,RET:M009:375345,De Akkers,375345,,0,,1639148,0,1
152914,1857,378774306,RET:M009:375347,De Akkers,375347,,0,,1639148,0,1
152914,1857,378774307,RET:M009:375349,De Akkers,375349,,0,,1639148,0,1
152914,1857,378774308,RET:M009:375351,De Akkers,375351,,0,,1639148,0,1
152914,1857,378774309,RET:M009:375353,De Akkers,375353,,0,,1639148,0,1
152914,1857,378774310,RET:M009:375355,De Akkers,375355,,0,,1639148,0,1
152914,1857,378774311,RET:M009:375357,De Akkers,375357,,0,,1639148,0,1
152914,1857,378774312,RET:M009:375359,De Akkers,375359,,0,,1639148,0,1
152914,1857,378774313,RET:M009:375363,De Akkers,375363,,0,,1639148,0,1
152914,1857,378774314,RET:M009:375365,De Akkers,375365,,0,,1639148,0,1
152914,1857,378774315,RET:M009:375367,De Akkers,375367,,0,,1639148,0,1
152914,1857,378774316,RET:M009:375369,De Akkers,375369,,0,,1639148,0,1
152914,1857,378774317,RET:M009:375371,De Akkers,375371,,0,,1639148,0,1
152914,1857,378774318,RET:M009:375373,De Akkers,375373,,0,,1639148,0,1
152914,1857,378774319,RET:M009:375375,De Akkers,375375,,0,,1639148,0,1
152914,1857,378774320,RET:M009:375377,De Akkers,375377,,0,,1639148,0,1
152914,1857,378774321,RET:M009:375379,De Akkers,375379,,0,,1639148,0,1
152914,1857,378774322,RET:M009:375381,De Akkers,375381,,0,,1639148,0,1
152914,1857,378774323,RET:M009:375383,De Akkers,375383,,0,,1639148,0,1
152914,1857,378774324,RET:M009:375385,De Akkers,375385,,0,,1639148,0,1
152914,1857,378774325,RET:M009:375387,De Akkers,375387,,0,,1639148,0,1
152914,1857,378774326,RET:M009:375389,De Akkers,375389,,0,,1639148,0,1
152914,1857,378774327,RET:M009:375393,De Akkers,375393,,0,,1639148,0,1
152914,1857,378774328,RET:M009:375395,De Akkers,375395,,0,,1639148,0,1
152914,1857,378774329,RET:M009:375397,De Akkers,375397,,0,,1639148,0,1
152914,1857,378774330,RET:M009:375399,De Akkers,375399,,0,,1639148,0,1
152914,1857,378774331,RET:M009:375401,De Akkers,375401,,0,,1639148,0,1
152914,1857,378774332,RET:M009:375403,De Akkers,375403,,0,,1639148,0,1
152914,1857,378774333,RET:M009:375405,De Akkers,375405,,0,,1639148,0,1
152914,1857,378774334,RET:M009:375407,De Akkers,375407,,0,,1639148,0,1
152914,1857,378774335,RET:M009:375409,De Akkers,375409,,0,,1639148,0,1
152914,1857,378774336,RET:M009:375411,De Akkers,375411,,0,,1639148,0,1
152914,1857,378774337,RET:M009:375413,De Akkers,375413,,0,,1639148,0,1
152914,1857,378774338,RET:M009:375415,De Akkers,375415,,0,,1639148,0,1
152914,1857,378774339,RET:M009:375417,De Akkers,375417,,0,,1639148,0,1
152914,1857,378774340,RET:M009:375423,De Akkers,375423,,0,,1639148,0,1
152914,1857,378774341,RET:M009:375425,De Akkers,375425,,0,,1639148,0,1
152914,1857,378774342,RET:M009:375427,De Akkers,375427,,0,,1639148,0,1
152914,1857,378774343,RET:M009:375429,De Akkers,375429,,0,,1639148,0,1
152914,1857,378774344,RET:M009:375431,De Akkers,375431,,0,,1639148,0,1
152914,1857,378774345,RET:M009:375433,De Akkers,375433,,0,,1639148,0,1
152914,1857,378774346,RET:M009:375435,De Akkers,375435,,0,,1639148,0,1
152914,1857,378774347,RET:M009:375437,De Akkers,375437,,0,,1639148,0,1
152914,1857,378774348,RET:M009:375439,De Akkers,375439,,0,,1639148,0,1
152914,1857,378774349,RET:M009:375441,De Akkers,375441,,0,,1639148,0,1
152914,1857,378774350,RET:M009:375443,De Akkers,375443,,0,,1639148,0,1
152914,1857,378774351,RET:M009:375445,De Akkers,375445,,0,,1639148,0,1
152914,1857,378774352,RET:M009:375447,De Akkers,375447,,0,,1639148,0,1
152914,1857,378774353,RET:M009:375453,De Akkers,375453,,0,,1639148,0,1
152914,1857,378774354,RET:M009:375455,De Akkers,375455,,0,,1639148,0,1
152914,1857,378774355,RET:M009:375457,De Akkers,375457,,0,,1639148,0,1
152914,1857,378774356,RET:M009:375459,De Akkers,375459,,0,,1639148,0,1
152914,1857,378774357,RET:M009:375461,De Akkers,375461,,0,,1639148,0,1
152914,1857,378774358,RET:M009:375463,De Akkers,375463,,0,,1639148,0,1
152914,1857,378774359,RET:M009:375465,De Akkers,375465,,0,,1639148,0,1
152914,1857,378774360,RET:M009:375467,De Akkers,375467,,0,,1639148,0,1
152914,1857,378774361,RET:M009:375469,De Akkers,375469,,0,,1639148,0,1
152914,1857,378774362,RET:M009:375471,De Akkers,375471,,0,,1639148,0,1
152914,1857,378774363,RET:M009:375473,De Akkers,375473,,0,,1639148,0,1
152914,1857,378774364,RET:M009:375475,De Akkers,375475,,0,,1639148,0,1
152914,1857,378774365,RET:M009:375477,De Akkers,375477,,0,,1639148,0,1
152914,1857,378774366,RET:M009:375334,Rotterdam Centraal,375334,,1,,1638674,0,1
152914,1857,378774367,RET:M009:375336,Rotterdam Centraal,375336,,1,,1638674,0,1
152914,1857,378774368,RET:M009:375338,Rotterdam Centraal,375338,,1,,1638674,0,1
152914,1857,378774369,RET:M009:375340,Rotterdam Centraal,375340,,1,,1638674,0,1
152914,1857,378774370,RET:M009:375342,Rotterdam Centraal,375342,,1,,1638674,0,1
152914,1857,378774371,RET:M009:375344,Rotterdam Centraal,375344,,1,,1638674,0,1
152914,1857,378774372,RET:M009:375346,Rotterdam Centraal,375346,,1,,1638674,0,1
152914,1857,378774373,RET:M009:375348,Rotterdam Centraal,375348,,1,,1638674,0,1
152914,1857,378774374,RET:M009:375350,Rotterdam Centraal,375350,,1,,1638674,0,1
152914,1857,378774375,RET:M009:375352,Rotterdam Centraal,375352,,1,,1638674,0,1
152914,1857,378774376,RET:M009:375354,Rotterdam Centraal,375354,,1,,1638674,0,1
152914,1857,378774377,RET:M009:375356,Rotterdam Centraal,375356,,1,,1638674,0,1
152914,1857,378774378,RET:M009:375358,Rotterdam Centraal,375358,,1,,1638674,0,1
152914,1857,378774379,RET:M009:375364,Rotterdam Centraal,375364,,1,,1638674,0,1
152914,1857,378774380,RET:M009:375366,Rotterdam Centraal,375366,,1,,1638674,0,1
152914,1857,378774381,RET:M009:375368,Rotterdam Centraal,375368,,1,,1638674,0,1
152914,1857,378774382,RET:M009:375370,Rotterdam Centraal,375370,,1,,1638674,0,1
152914,1857,378774383,RET:M009:375372,Rotterdam Centraal,375372,,1,,1638674,0,1
152914,1857,378774384,RET:M009:375374,Rotterdam Centraal,375374,,1,,1638674,0,1
152914,1857,378774385,RET:M009:375376,Rotterdam Centraal,375376,,1,,1638674,0,1
152914,1857,378774386,RET:M009:375378,Rotterdam Centraal,375378,,1,,1638674,0,1
152914,1857,378774387,RET:M009:375380,Rotterdam Centraal,375380,,1,,1638674,0,1
152914,1857,378774388,RET:M009:375382,Rotterdam Centraal,375382,,1,,1638674,0,1
152914,1857,378774389,RET:M009:375384,Rotterdam Centraal,375384,,1,,1638674,0,1
152914,1857,378774390,RET:M009:375386,Rotterdam Centraal,375386,,1,,1638674,0,1
152914,1857,378774391,RET:M009:375388,Rotterdam Centraal,375388,,1,,1638674,0,1
152914,1857,378774392,RET:M009:375392,Rotterdam Centraal,375392,,1,,1638674,0,1
152914,1857,378774393,RET:M009:375394,Rotterdam Centraal,375394,,1,,1638674,0,1
152914,1857,378774394,RET:M009:375396,Rotterdam Centraal,375396,,1,,1638674,0,1
152914,1857,378774395,RET:M009:375398,Rotterdam Centraal,375398,,1,,1638674,0,1
152914,1857,378774396,RET:M009:375400,Rotterdam Centraal,375400,,1,,1638674,0,1
152914,1857,378774397,RET:M009:375402,Rotterdam Centraal,375402,,1,,1638674,0,1
152914,1857,378774398,RET:M009:375404,Rotterdam Centraal,375404,,1,,1638674,0,1
152914,1857,378774399,RET:M009:375406,Rotterdam Centraal,375406,,1,,1638674,0,1
152914,1857,378774400,RET:M009:375408,Rotterdam Centraal,375408,,1,,1638674,0,1
152914,1857,378774401,RET:M009:375410,Rotterdam Centraal,375410,,1,,1638674,0,1
152914,1857,378774402,RET:M009:375412,Rotterdam Centraal,375412,,1,,1638674,0,1
152914,1857,378774403,RET:M009:375414,Rotterdam Centraal,375414,,1,,1638674,0,1
152914,1857,378774404,RET:M009:375416,Rotterdam Centraal,375416,,1,,1638674,0,1
152914,1857,378774405,RET:M009:375418,Rotterdam Centraal,375418,,1,,1638674,0,1
152914,1857,378774406,RET:M009:375424,Rotterdam Centraal,375424,,1,,1638674,0,1
152914,1857,378774407,RET:M009:375426,Rotterdam Centraal,375426,,1,,1638674,0,1
152914,1857,378774408,RET:M009:375428,Rotterdam Centraal,375428,,1,,1638674,0,1
152914,1857,378774409,RET:M009:375430,Rotterdam Centraal,375430,,1,,1638674,0,1
152914,1857,378774410,RET:M009:375432,Rotterdam Centraal,375432,,1,,1638674,0,1
152914,1857,378774411,RET:M009:375434,Rotterdam Centraal,375434,,1,,1638674,0,1
152914,1857,378774412,RET:M009:375436,Rotterdam Centraal,375436,,1,,1638674,0,1
152914,1857,378774413,RET:M009:375438,Rotterdam Centraal,375438,,1,,1638674,0,1
152914,1857,378774414,RET:M009:375440,Rotterdam Centraal,375440,,1,,1638674,0,1
152914,1857,378774415,RET:M009:375442,Rotterdam Centraal,375442,,1,,1638674,0,1
152914,1857,378774416,RET:M009:375444,Rotterdam Centraal,375444,,1,,1638674,0,1
152914,1857,378774417,RET:M009:375446,Rotterdam Centraal,375446,,1,,1638674,0,1
152914,1857,378774418,RET:M009:375448,Rotterdam Centraal,375448,,1,,1638674,0,1
152914,1857,378774419,RET:M009:375452,Rotterdam Centraal,375452,,1,,1638674,0,1
152914,1857,378774420,RET:M009:375454,Rotterdam Centraal,375454,,1,,1638674,0,1
152914,1857,378774421,RET:M009:375456,Rotterdam Centraal,375456,,1,,1638674,0,1
152914,1857,378774422,RET:M009:375458,Rotterdam Centraal,375458,,1,,1638674,0,1
152914,1857,378774423,RET:M009:375460,Rotterdam Centraal,375460,,1,,1638674,0,1
152914,1857,378774424,RET:M009:375462,Rotterdam Centraal,375462,,1,,1638674,0,1
152914,1857,378774425,RET:M009:375464,Rotterdam Centraal,375464,,1,,1638674,0,1
152914,1857,378774426,RET:M009:375466,Rotterdam Centraal,375466,,1,,1638674,0,1
152914,1857,378774427,RET:M009:375468,Rotterdam Centraal,375468,,1,,1638674,0,1
152914,1857,378774428,RET:M009:375470,Rotterdam Centraal,375470,,1,,1638674,0,1
152914,1857,378774429,RET:M009:375472,Rotterdam Centraal,375472,,1,,1638674,0,1
152914,1857,378774430,RET:M009:375474,Rotterdam Centraal,375474,,1,,1638674,0,1
152914,1857,378774431,RET:M009:375476,Rotterdam Centraal,375476,,1,,1638674,0,1
152914,1857,378774432,RET:M009:375419,Slinge,375419,,0,,1638837,0,1
152914,1857,378774433,RET:M009:375449,Slinge,375449,,0,,1638837,0,1
152914,1,378777704,RET:M009:437989,Rotterdam Centraal,437989,,1,,1638738,0,
152914,1,378777705,RET:M009:438023,Rotterdam Centraal,438023,,1,,1638738,0,
152914,1,378777706,RET:M009:438089,Rotterdam Centraal,438089,,1,,1638738,0,
152914,1,378777707,RET:M009:437990,De Akkers,437990,,0,,1639148,0,
152914,1,378777708,RET:M009:437992,De Akkers,437992,,0,,1639148,0,
152914,1,378777709,RET:M009:437994,De Akkers,437994,,0,,1639148,0,
152914,1,378777710,RET:M009:437996,De Akkers,437996,,0,,1639148,0,1
152914,1,378777711,RET:M009:437998,De Akkers,437998,,0,,1639148,0,1
152914,1,378777712,RET:M009:438000,De Akkers,438000,,0,,1639148,0,1
152914,1,378777713,RET:M009:438002,De Akkers,438002,,0,,1639148,0,1
152914,1,378777714,RET:M009:438004,De Akkers,438004,,0,,1639148,0,1
152914,1,378777715,RET:M009:438006,De Akkers,438006,,0,,1639148,0,
152914,1,378777716,RET:M009:438008,De Akkers,438008,,0,,1639148,0,
152914,1,378777717,RET:M009:438010,De Akkers,438010,,0,,1639148,0,
152914,1,378777718,RET:M009:438012,De Akkers,438012,,0,,1639148,0,1
152914,1,378777719,RET:M009:438014,De Akkers,438014,,0,,1639148,0,1
152914,1,378777720,RET:M009:438016,De Akkers,438016,,0,,1639148,0,1
152914,1,378777721,RET:M009:438018,De Akkers,438018,,0,,1639148,0,1
152914,1,378777722,RET:M009:438024,De Akkers,438024,,0,,1639148,0,
152914,1,378777723,RET:M009:438026,De Akkers,438026,,0,,1639148,0,
152914,1,378777724,RET:M009:438028,De Akkers,438028,,0,,1639148,0,
152914,1,378777725,RET:M009:438030,De Akkers,438030,,0,,1639148,0,1
152914,1,378777726,RET:M009:438032,De Akkers,438032,,0,,1639148,0,1
152914,1,378777727,RET:M009:438034,De Akkers,438034,,0,,1639148,0,1
152914,1,378777728,RET:M009:438036,De Akkers,438036,,0,,1639148,0,1
152914,1,378777729,RET:M009:438038,De Akkers,438038,,0,,1639148,0,1
152914,1,378777730,RET:M009:438040,De Akkers,438040,,0,,1639148,0,
152914,1,378777731,RET:M009:438042,De Akkers,438042,,0,,1639148,0,
152914,1,378777732,RET:M009:438044,De Akkers,438044,,0,,1639148,0,1
152914,1,378777733,RET:M009:438046,De Akkers,438046,,0,,1639148,0,1
152914,1,378777734,RET:M009:438048,De Akkers,438048,,0,,1639148,0,1
152914,1,378777735,RET:M009:438050,De Akkers,438050,,0,,1639148,0,1
152914,1,378777736,RET:M009:438052,De Akkers,438052,,0,,1639148,0,1
152914,1,378777737,RET:M009:438058,De Akkers,438058,,0,,1639148,0,
152914,1,378777738,RET:M009:438060,De Akkers,438060,,0,,1639148,0,
152914,1,378777739,RET:M009:438062,De Akkers,438062,,0,,1639148,0,1
152914,1,378777740,RET:M009:438064,De Akkers,438064,,0,,1639148,0,1
152914,1,378777741,RET:M009:438066,De Akkers,438066,,0,,1639148,0,1
152914,1,378777742,RET:M009:438068,De Akkers,438068,,0,,1639148,0,1
152914,1,378777743,RET:M009:438070,De Akkers,438070,,0,,1639148,0,1
152914,1,378777744,RET:M009:438072,De Akkers,438072,,0,,1639148,0,1
152914,1,378777745,RET:M009:438074,De Akkers,438074,,0,,1639148,0,
152914,1,378777746,RET:M009:438076,De Akkers,438076,,0,,1639148,0,
152914,1,378777747,RET:M009:438078,De Akkers,438078,,0,,1639148,0,1
152914,1,378777748,RET:M009:438080,De Akkers,438080,,0,,1639148,0,1
152914,1,378777749,RET:M009:438082,De Akkers,438082,,0,,1639148,0,1
152914,1,378777750,RET:M009:438084,De Akkers,438084,,0,,1639148,0,1
152914,1,378777751,RET:M009:438086,De Akkers,438086,,0,,1639148,0,1
152914,1,378777752,RET:M009:438090,De Akkers,438090,,0,,1639148,0,
152914,1,378777753,RET:M009:438092,De Akkers,438092,,0,,1639148,0,
152914,1,378777754,RET:M009:438094,De Akkers,438094,,0,,1639148,0,
152914,1,378777755,RET:M009:438096,De Akkers,438096,,0,,1639148,0,1
152914,1,378777756,RET:M009:438098,De Akkers,438098,,0,,1639148,0,1
152914,1,378777757,RET:M009:438100,De Akkers,438100,,0,,1639148,0,1
152914,1,378777758,RET:M009:438102,De Akkers,438102,,0,,1639148,0,1
152914,1,378777759,RET:M009:438104,De Akkers,438104,,0,,1639148,0,1
152914,1,378777760,RET:M009:438106,De Akkers,438106,,0,,1639148,0,
152914,1,378777761,RET:M009:438108,De Akkers,438108,,0,,1639148,0,
152914,1,378777762,RET:M009:438110,De Akkers,438110,,0,,1639148,0,1
152914,1,378777763,RET:M009:438112,De Akkers,438112,,0,,1639148,0,1
152914,1,378777764,RET:M009:438114,De Akkers,438114,,0,,1639148,0,1
152914,1,378777765,RET:M009:438116,De Akkers,438116,,0,,1639148,0,1
152914,1,378777766,RET:M009:438118,De Akkers,438118,,0,,1639148,0,1
152914,1,378777767,RET:M009:438122,De Akkers,438122,,0,,1639148,0,
152914,1,378777768,RET:M009:438124,De Akkers,438124,,0,,1639148,0,
152914,1,378777769,RET:M009:438126,De Akkers,438126,,0,,1639148,0,1
152914,1,378777770,RET:M009:438128,De Akkers,438128,,0,,1639148,0,1
152914,1,378777771,RET:M009:438130,De Akkers,438130,,0,,1639148,0,1
152914,1,378777772,RET:M009:438132,De Akkers,438132,,0,,1639148,0,1
152914,1,378777773,RET:M009:438134,De Akkers,438134,,0,,1639148,0,1
152914,1,378777774,RET:M009:438136,De Akkers,438136,,0,,1639148,0,
152914,1,378777775,RET:M009:438138,De Akkers,438138,,0,,1639148,0,
152914,1,378777776,RET:M009:438140,De Akkers,438140,,0,,1639148,0,
152914,1,378777777,RET:M009:438142,De Akkers,438142,,0,,1639148,0,1
152914,1,378777778,RET:M009:438144,De Akkers,438144,,0,,1639148,0,1
152914,1,378777779,RET:M009:438146,De Akkers,438146,,0,,1639148,0,1
152914,1,378777780,RET:M009:438148,De Akkers,438148,,0,,1639148,0,1
152914,1,378777781,RET:M009:438150,De Akkers,438150,,0,,1639148,0,1
152914,1,378777782,RET:M009:437991,Rotterdam Centraal,437991,,1,,1638674,0,
152914,1,378777783,RET:M009:437993,Rotterdam Centraal,437993,,1,,1638674,0,
152914,1,378777784,RET:M009:437995,Rotterdam Centraal,437995,,1,,1638674,0,
152914,1,378777785,RET:M009:437997,Rotterdam Centraal,437997,,1,,1638674,0,1
152914,1,378777786,RET:M009:437999,Rotterdam Centraal,437999,,1,,1638674,0,1
152914,1,378777787,RET:M009:438001,Rotterdam Centraal,438001,,1,,1638674,0,1
152914,1,378777788,RET:M009:438003,Rotterdam Centraal,438003,,1,,1638674,0,1
152914,1,378777789,RET:M009:438005,Rotterdam Centraal,438005,,1,,1638674,0,1
152914,1,378777790,RET:M009:438007,Rotterdam Centraal,438007,,1,,1638674,0,
152914,1,378777791,RET:M009:438009,Rotterdam Centraal,438009,,1,,1638674,0,
152914,1,378777792,RET:M009:438011,Rotterdam Centraal,438011,,1,,1638674,0,1
152914,1,378777793,RET:M009:438013,Rotterdam Centraal,438013,,1,,1638674,0,1
152914,1,378777794,RET:M009:438015,Rotterdam Centraal,438015,,1,,1638674,0,1
152914,1,378777795,RET:M009:438017,Rotterdam Centraal,438017,,1,,1638674,0,1
152914,1,378777796,RET:M009:438019,Rotterdam Centraal,438019,,1,,1638674,0,1
152914,1,378777797,RET:M009:438025,Rotterdam Centraal,438025,,1,,1638674,0,
152914,1,378777798,RET:M009:438027,Rotterdam Centraal,438027,,1,,1638674,0,
152914,1,378777799,RET:M009:438029,Rotterdam Centraal,438029,,1,,1638674,0,1
152914,1,378777800,RET:M009:438031,Rotterdam Centraal,438031,,1,,1638674,0,1
152914,1,378777801,RET:M009:438033,Rotterdam Centraal,438033,,1,,1638674,0,1
152914,1,378777802,RET:M009:438035,Rotterdam Centraal,438035,,1,,1638674,0,1
152914,1,378777803,RET:M009:438037,Rotterdam Centraal,438037,,1,,1638674,0,1
152914,1,378777804,RET:M009:438039,Rotterdam Centraal,438039,,1,,1638674,0,1
152914,1,378777805,RET:M009:438041,Rotterdam Centraal,438041,,1,,1638674,0,
152914,1,378777806,RET:M009:438043,Rotterdam Centraal,438043,,1,,1638674,0,
152914,1,378777807,RET:M009:438045,Rotterdam Centraal,438045,,1,,1638674,0,1
152914,1,378777808,RET:M009:438047,Rotterdam Centraal,438047,,1,,1638674,0,1
152914,1,378777809,RET:M009:438049,Rotterdam Centraal,438049,,1,,1638674,0,1
152914,1,378777810,RET:M009:438051,Rotterdam Centraal,438051,,1,,1638674,0,1
152914,1,378777811,RET:M009:438053,Rotterdam Centraal,438053,,1,,1638674,0,1
152914,1,378777812,RET:M009:438057,Rotterdam Centraal,438057,,1,,1638674,0,
152914,1,378777813,RET:M009:438059,Rotterdam Centraal,438059,,1,,1638674,0,
152914,1,378777814,RET:M009:438061,Rotterdam Centraal,438061,,1,,1638674,0,
152914,1,378777815,RET:M009:438063,Rotterdam Centraal,438063,,1,,1638674,0,1
152914,1,378777816,RET:M009:438065,Rotterdam Centraal,438065,,1,,1638674,0,1
152914,1,378777817,RET:M009:438067,Rotterdam Centraal,438067,,1,,1638674,0,1
152914,1,378777818,RET:M009:438069,Rotterdam Centraal,438069,,1,,1638674,0,1
152914,1,378777819,RET:M009:438071,Rotterdam Centraal,438071,,1,,1638674,0,1
152914,1,378777820,RET:M009:438073,Rotterdam Centraal,438073,,1,,1638674,0,
152914,1,378777821,RET:M009:438075,Rotterdam Centraal,438075,,1,,1638674,0,
152914,1,378777822,RET:M009:438077,Rotterdam Centraal,438077,,1,,1638674,0,
152914,1,378777823,RET:M009:438079,Rotterdam Centraal,438079,,1,,1638674,0,1
152914,1,378777824,RET:M009:438081,Rotterdam Centraal,438081,,1,,1638674,0,1
152914,1,378777825,RET:M009:438083,Rotterdam Centraal,438083,,1,,1638674,0,1
152914,1,378777826,RET:M009:438085,Rotterdam Centraal,438085,,1,,1638674,0,1
152914,1,378777827,RET:M009:438091,Rotterdam Centraal,438091,,1,,1638674,0,
152914,1,378777828,RET:M009:438093,Rotterdam Centraal,438093,,1,,1638674,0,
152914,1,378777829,RET:M009:438095,Rotterdam Centraal,438095,,1,,1638674,0,1
152914,1,378777830,RET:M009:438097,Rotterdam Centraal,438097,,1,,1638674,0,1
152914,1,378777831,RET:M009:438099,Rotterdam Centraal,438099,,1,,1638674,0,1
152914,1,378777832,RET:M009:438101,Rotterdam Centraal,438101,,1,,1638674,0,1
152914,1,378777833,RET:M009:438103,Rotterdam Centraal,438103,,1,,1638674,0,1
152914,1,378777834,RET:M009:438105,Rotterdam Centraal,438105,,1,,1638674,0,
152914,1,378777835,RET:M009:438107,Rotterdam Centraal,438107,,1,,1638674,0,
152914,1,378777836,RET:M009:438109,Rotterdam Centraal,438109,,1,,1638674,0,
152914,1,378777837,RET:M009:438111,Rotterdam Centraal,438111,,1,,1638674,0,1
152914,1,378777838,RET:M009:438113,Rotterdam Centraal,438113,,1,,1638674,0,1
152914,1,378777839,RET:M009:438115,Rotterdam Centraal,438115,,1,,1638674,0,1
152914,1,378777840,RET:M009:438117,Rotterdam Centraal,438117,,1,,1638674,0,1
152914,1,378777841,RET:M009:438121,Rotterdam Centraal,438121,,1,,1638674,0,
152914,1,378777842,RET:M009:438123,Rotterdam Centraal,438123,,1,,1638674,0,
152914,1,378777843,RET:M009:438125,Rotterdam Centraal,438125,,1,,1638674,0,
152914,1,378777844,RET:M009:438127,Rotterdam Centraal,438127,,1,,1638674,0,1
152914,1,378777845,RET:M009:438129,Rotterdam Centraal,438129,,1,,1638674,0,1
152914,1,378777846,RET:M009:438131,Rotterdam Centraal,438131,,1,,1638674,0,1
152914,1,378777847,RET:M009:438133,Rotterdam Centraal,438133,,1,,1638674,0,1
152914,1,378777848,RET:M009:438135,Rotterdam Centraal,438135,,1,,1638674,0,1
152914,1,378777849,RET:M009:438137,Rotterdam Centraal,438137,,1,,1638674,0,
152914,1,378777850,RET:M009:438139,Rotterdam Centraal,438139,,1,,1638674,0,
152914,1,378777851,RET:M009:438141,Rotterdam Centraal,438141,,1,,1638674,0,1
152914,1,378777852,RET:M009:438143,Rotterdam Centraal,438143,,1,,1638674,0,1
152914,1,378777853,RET:M009:438145,Rotterdam Centraal,438145,,1,,1638674,0,1
152914,1,378777854,RET:M009:438147,Rotterdam Centraal,438147,,1,,1638674,0,1
152914,1,378777855,RET:M009:438149,Rotterdam Centraal,438149,,1,,1638674,0,1
152914,1,378777856,RET:M009:438020,Slinge,438020,,0,,1638837,0,1
152914,1,378777857,RET:M009:438054,Slinge,438054,,0,,1638837,0,1
152914,1538,378779441,RET:M009:498289,Rotterdam Centraal,498289,,1,,1638738,0,1
152914,1538,378779442,RET:M009:498323,Rotterdam Centraal,498323,,1,,1638738,0,1
152914,1538,378779443,RET:M009:498389,Rotterdam Centraal,498389,,1,,1638738,0,1
152914,1538,378779444,RET:M009:498290,De Akkers,498290,,0,,1639148,0,1
152914,1538,378779445,RET:M009:498292,De Akkers,498292,,0,,1639148,0,1
152914,1538,378779446,RET:M009:498294,De Akkers,498294,,0,,1639148,0,1
152914,1538,378779447,RET:M009:498296,De Akkers,498296,,0,,1639148,0,1
152914,1538,378779448,RET:M009:498298,De Akkers,498298,,0,,1639148,0,1
152914,1538,378779449,RET:M009:498300,De Akkers,498300,,0,,1639148,0,1
152914,1538,378779450,RET:M009:498302,De Akkers,498302,,0,,1639148,0,1
152914,1538,378779451,RET:M009:498304,De Akkers,498304,,0,,1639148,0,1
152914,1538,378779452,RET:M009:498306,De Akkers,498306,,0,,1639148,0,1
152914,1538,378779453,RET:M009:498308,De Akkers,498308,,0,,1639148,0,1
152914,1538,378779454,RET:M009:498310,De Akkers,498310,,0,,1639148,0,1
152914,1538,378779455,RET:M009:498312,De Akkers,498312,,0,,1639148,0,1
152914,1538,378779456,RET:M009:498314,De Akkers,498314,,0,,1639148,0,1
152914,1538,378779457,RET:M009:498316,De Akkers,498316,,0,,1639148,0,1
152914,1538,378779458,RET:M009:498318,De Akkers,498318,,0,,1639148,0,1
152914,1538,378779459,RET:M009:498320,De Akkers,498320,,0,,1639148,0,1
152914,1538,378779460,RET:M009:498324,De Akkers,498324,,0,,1639148,0,1
152914,1538,378779461,RET:M009:498326,De Akkers,498326,,0,,1639148,0,1
152914,1538,378779462,RET:M009:498328,De Akkers,498328,,0,,1639148,0,1
152914,1538,378779463,RET:M009:498330,De Akkers,498330,,0,,1639148,0,1
152914,1538,378779464,RET:M009:498332,De Akkers,498332,,0,,1639148,0,1
152914,1538,378779465,RET:M009:498334,De Akkers,498334,,0,,1639148,0,1
152914,1538,378779466,RET:M009:498336,De Akkers,498336,,0,,1639148,0,1
152914,1538,378779467,RET:M009:498338,De Akkers,498338,,0,,1639148,0,1
152914,1538,378779468,RET:M009:498340,De Akkers,498340,,0,,1639148,0,1
152914,1538,378779469,RET:M009:498342,De Akkers,498342,,0,,1639148,0,1
152914,1538,378779470,RET:M009:498344,De Akkers,498344,,0,,1639148,0,1
152914,1538,378779471,RET:M009:498346,De Akkers,498346,,0,,1639148,0,1
152914,1538,378779472,RET:M009:498348,De Akkers,498348,,0,,1639148,0,1
152914,1538,378779473,RET:M009:498350,De Akkers,498350,,0,,1639148,0,1
152914,1538,378779474,RET:M009:498352,De Akkers,498352,,0,,1639148,0,1
152914,1538,378779475,RET:M009:498358,De Akkers,498358,,0,,1639148,0,1
152914,1538,378779476,RET:M009:498360,De Akkers,498360,,0,,1639148,0,1
152914,1538,378779477,RET:M009:498362,De Akkers,498362,,0,,1639148,0,1
152914,1538,378779478,RET:M009:498364,De Akkers,498364,,0,,1639148,0,1
152914,1538,378779479,RET:M009:498366,De Akkers,498366,,0,,1639148,0,1
152914,1538,378779480,RET:M009:498368,De Akkers,498368,,0,,1639148,0,1
152914,1538,378779481,RET:M009:498370,De Akkers,498370,,0,,1639148,0,1
152914,1538,378779482,RET:M009:498372,De Akkers,498372,,0,,1639148,0,1
152914,1538,378779483,RET:M009:498374,De Akkers,498374,,0,,1639148,0,1
152914,1538,378779484,RET:M009:498376,De Akkers,498376,,0,,1639148,0,1
152914,1538,378779485,RET:M009:498378,De Akkers,498378,,0,,1639148,0,1
152914,1538,378779486,RET:M009:498380,De Akkers,498380,,0,,1639148,0,1
152914,1538,378779487,RET:M009:498382,De Akkers,498382,,0,,1639148,0,1
152914,1538,378779488,RET:M009:498384,De Akkers,498384,,0,,1639148,0,1
152914,1538,378779489,RET:M009:498386,De Akkers,498386,,0,,1639148,0,1
152914,1538,378779490,RET:M009:498390,De Akkers,498390,,0,,1639148,0,1
152914,1538,378779491,RET:M009:498392,De Akkers,498392,,0,,1639148,0,1
152914,1538,378779492,RET:M009:498394,De Akkers,498394,,0,,1639148,0,1
152914,1538,378779493,RET:M009:498396,De Akkers,498396,,0,,1639148,0,1
152914,1538,378779494,RET:M009:498398,De Akkers,498398,,0,,1639148,0,1
152914,1538,378779495,RET:M009:498400,De Akkers,498400,,0,,1639148,0,1
152914,1538,378779496,RET:M009:498402,De Akkers,498402,,0,,1639148,0,1
152914,1538,378779497,RET:M009:498404,De Akkers,498404,,0,,1639148,0,1
152914,1538,378779498,RET:M009:498406,De Akkers,498406,,0,,1639148,0,1
152914,1538,378779499,RET:M009:498408,De Akkers,498408,,0,,1639148,0,1
152914,1538,378779500,RET:M009:498410,De Akkers,498410,,0,,1639148,0,1
152914,1538,378779501,RET:M009:498412,De Akkers,498412,,0,,1639148,0,1
152914,1538,378779502,RET:M009:498414,De Akkers,498414,,0,,1639148,0,1
152914,1538,378779503,RET:M009:498416,De Akkers,498416,,0,,1639148,0,1
152914,1538,378779504,RET:M009:498422,De Akkers,498422,,0,,1639148,0,1
152914,1538,378779505,RET:M009:498424,De Akkers,498424,,0,,1639148,0,1
152914,1538,378779506,RET:M009:498426,De Akkers,498426,,0,,1639148,0,1
152914,1538,378779507,RET:M009:498428,De Akkers,498428,,0,,1639148,0,1
152914,1538,378779508,RET:M009:498430,De Akkers,498430,,0,,1639148,0,1
152914,1538,378779509,RET:M009:498432,De Akkers,498432,,0,,1639148,0,1
152914,1538,378779510,RET:M009:498434,De Akkers,498434,,0,,1639148,0,1
152914,1538,378779511,RET:M009:498436,De Akkers,498436,,0,,1639148,0,1
152914,1538,378779512,RET:M009:498438,De Akkers,498438,,0,,1639148,0,1
152914,1538,378779513,RET:M009:498440,De Akkers,498440,,0,,1639148,0,1
152914,1538,378779514,RET:M009:498442,De Akkers,498442,,0,,1639148,0,1
152914,1538,378779515,RET:M009:498444,De Akkers,498444,,0,,1639148,0,1
152914,1538,378779516,RET:M009:498446,De Akkers,498446,,0,,1639148,0,1
152914,1538,378779517,RET:M009:498448,De Akkers,498448,,0,,1639148,0,1
152914,1538,378779518,RET:M009:498291,Rotterdam Centraal,498291,,1,,1638674,0,1
152914,1538,378779519,RET:M009:498293,Rotterdam Centraal,498293,,1,,1638674,0,1
152914,1538,378779520,RET:M009:498295,Rotterdam Centraal,498295,,1,,1638674,0,1
152914,1538,378779521,RET:M009:498297,Rotterdam Centraal,498297,,1,,1638674,0,1
152914,1538,378779522,RET:M009:498299,Rotterdam Centraal,498299,,1,,1638674,0,1
152914,1538,378779523,RET:M009:498301,Rotterdam Centraal,498301,,1,,1638674,0,1
152914,1538,378779524,RET:M009:498303,Rotterdam Centraal,498303,,1,,1638674,0,1
152914,1538,378779525,RET:M009:498305,Rotterdam Centraal,498305,,1,,1638674,0,1
152914,1538,378779526,RET:M009:498307,Rotterdam Centraal,498307,,1,,1638674,0,1
152914,1538,378779527,RET:M009:498309,Rotterdam Centraal,498309,,1,,1638674,0,1
152914,1538,378779528,RET:M009:498311,Rotterdam Centraal,498311,,1,,1638674,0,1
152914,1538,378779529,RET:M009:498313,Rotterdam Centraal,498313,,1,,1638674,0,1
152914,1538,378779530,RET:M009:498315,Rotterdam Centraal,498315,,1,,1638674,0,1
152914,1538,378779531,RET:M009:498317,Rotterdam Centraal,498317,,1,,1638674,0,1
152914,1538,378779532,RET:M009:498319,Rotterdam Centraal,498319,,1,,1638674,0,1
152914,1538,378779533,RET:M009:498325,Rotterdam Centraal,498325,,1,,1638674,0,1
152914,1538,378779534,RET:M009:498327,Rotterdam Centraal,498327,,1,,1638674,0,1
152914,1538,378779535,RET:M009:498329,Rotterdam Centraal,498329,,1,,1638674,0,1
152914,1538,378779536,RET:M009:498331,Rotterdam Centraal,498331,,1,,1638674,0,1
152914,1538,378779537,RET:M009:498333,Rotterdam Centraal,498333,,1,,1638674,0,1
152914,1538,378779538,RET:M009:498335,Rotterdam Centraal,498335,,1,,1638674,0,1
152914,1538,378779539,RET:M009:498337,Rotterdam Centraal,498337,,1,,1638674,0,1
152914,1538,378779540,RET:M009:498339,Rotterdam Centraal,498339,,1,,1638674,0,1
152914,1538,378779541,RET:M009:498341,Rotterdam Centraal,498341,,1,,1638674,0,1
152914,1538,378779542,RET:M009:498343,Rotterdam Centraal,498343,,1,,1638674,0,1
152914,1538,378779543,RET:M009:498345,Rotterdam Centraal,498345,,1,,1638674,0,1
152914,1538,378779544,RET:M009:498347,Rotterdam Centraal,498347,,1,,1638674,0,1
152914,1538,378779545,RET:M009:498349,Rotterdam Centraal,498349,,1,,1638674,0,1
152914,1538,378779546,RET:M009:498351,Rotterdam Centraal,498351,,1,,1638674,0,1
152914,1538,378779547,RET:M009:498353,Rotterdam Centraal,498353,,1,,1638674,0,1
152914,1538,378779548,RET:M009:498357,Rotterdam Centraal,498357,,1,,1638674,0,1
152914,1538,378779549,RET:M009:498359,Rotterdam Centraal,498359,,1,,1638674,0,1
152914,1538,378779550,RET:M009:498361,Rotterdam Centraal,498361,,1,,1638674,0,1
152914,1538,378779551,RET:M009:498363,Rotterdam Centraal,498363,,1,,1638674,0,1
152914,1538,378779552,RET:M009:498365,Rotterdam Centraal,498365,,1,,1638674,0,1
152914,1538,378779553,RET:M009:498367,Rotterdam Centraal,498367,,1,,1638674,0,1
152914,1538,378779554,RET:M009:498369,Rotterdam Centraal,498369,,1,,1638674,0,1
152914,1538,378779555,RET:M009:498371,Rotterdam Centraal,498371,,1,,1638674,0,1
152914,1538,378779556,RET:M009:498373,Rotterdam Centraal,498373,,1,,1638674,0,1
152914,1538,378779557,RET:M009:498375,Rotterdam Centraal,498375,,1,,1638674,0,1
152914,1538,378779558,RET:M009:498377,Rotterdam Centraal,498377,,1,,1638674,0,1
152914,1538,378779559,RET:M009:498379,Rotterdam Centraal,498379,,1,,1638674,0,1
152914,1538,378779560,RET:M009:498381,Rotterdam Centraal,498381,,1,,1638674,0,1
152914,1538,378779561,RET:M009:498383,Rotterdam Centraal,498383,,1,,1638674,0,1
152914,1538,378779562,RET:M009:498385,Rotterdam Centraal,498385,,1,,1638674,0,1
152914,1538,378779563,RET:M009:498391,Rotterdam Centraal,498391,,1,,1638674,0,1
152914,1538,378779564,RET:M009:498393,Rotterdam Centraal,498393,,1,,1638674,0,1
152914,1538,378779565,RET:M009:498395,Rotterdam Centraal,498395,,1,,1638674,0,1
152914,1538,378779566,RET:M009:498397,Rotterdam Centraal,498397,,1,,1638674,0,1
152914,1538,378779567,RET:M009:498399,Rotterdam Centraal,498399,,1,,1638674,0,1
152914,1538,378779568,RET:M009:498401,Rotterdam Centraal,498401,,1,,1638674,0,1
152914,1538,378779569,RET:M009:498403,Rotterdam Centraal,498403,,1,,1638674,0,1
152914,1538,378779570,RET:M009:498405,Rotterdam Centraal,498405,,1,,1638674,0,1
152914,1538,378779571,RET:M009:498407,Rotterdam Centraal,498407,,1,,1638674,0,1
152914,1538,378779572,RET:M009:498409,Rotterdam Centraal,498409,,1,,1638674,0,1
152914,1538,378779573,RET:M009:498411,Rotterdam Centraal,498411,,1,,1638674,0,1
152914,1538,378779574,RET:M009:498413,Rotterdam Centraal,498413,,1,,1638674,0,1
152914,1538,378779575,RET:M009:498415,Rotterdam Centraal,498415,,1,,1638674,0,1
152914,1538,378779576,RET:M009:498417,Rotterdam Centraal,498417,,1,,1638674,0,1
152914,1538,378779577,RET:M009:498421,Rotterdam Centraal,498421,,1,,1638674,0,1
152914,1538,378779578,RET:M009:498423,Rotterdam Centraal,498423,,1,,1638674,0,1
152914,1538,378779579,RET:M009:498425,Rotterdam Centraal,498425,,1,,1638674,0,1
152914,1538,378779580,RET:M009:498427,Rotterdam Centraal,498427,,1,,1638674,0,1
152914,1538,378779581,RET:M009:498429,Rotterdam Centraal,498429,,1,,1638674,0,1
152914,1538,378779582,RET:M009:498431,Rotterdam Centraal,498431,,1,,1638674,0,1
152914,1538,378779583,RET:M009:498433,Rotterdam Centraal,498433,,1,,1638674,0,1
152914,1538,378779584,RET:M009:498435,Rotterdam Centraal,498435,,1,,1638674,0,1
152914,1538,378779585,RET:M009:498437,Rotterdam Centraal,498437,,1,,1638674,0,1
152914,1538,378779586,RET:M009:498439,Rotterdam Centraal,498439,,1,,1638674,0,1
152914,1538,378779587,RET:M009:498441,Rotterdam Centraal,498441,,1,,1638674,0,1
152914,1538,378779588,RET:M009:498443,Rotterdam Centraal,498443,,1,,1638674,0,1
152914,1538,378779589,RET:M009:498445,Rotterdam Centraal,498445,,1,,1638674,0,1
152914,1538,378779590,RET:M009:498447,Rotterdam Centraal,498447,,1,,1638674,0,1
152914,1538,378779591,RET:M009:498354,Slinge,498354,,0,,1638837,0,1
152914,1538,378779592,RET:M009:498418,Slinge,498418,,0,,1638837,0,1
152914,1021,378780349,RET:M009:503486,Rotterdam Centraal,503486,,1,,1638738,0,
152914,1021,378780350,RET:M009:503520,Rotterdam Centraal,503520,,1,,1638738,0,
152914,1021,378780351,RET:M009:503588,Rotterdam Centraal,503588,,1,,1638738,0,
152914,1021,378780352,RET:M009:503487,De Akkers,503487,,0,,1639148,0,
152914,1021,378780353,RET:M009:503489,De Akkers,503489,,0,,1639148,0,
152914,1021,378780354,RET:M009:503491,De Akkers,503491,,0,,1639148,0,
152914,1021,378780355,RET:M009:503493,De Akkers,503493,,0,,1639148,0,1
152914,1021,378780356,RET:M009:503495,De Akkers,503495,,0,,1639148,0,1
152914,1021,378780357,RET:M009:503497,De Akkers,503497,,0,,1639148,0,1
152914,1021,378780358,RET:M009:503499,De Akkers,503499,,0,,1639148,0,1
152914,1021,378780359,RET:M009:503501,De Akkers,503501,,0,,1639148,0,1
152914,1021,378780360,RET:M009:503503,De Akkers,503503,,0,,1639148,0,
152914,1021,378780361,RET:M009:503505,De Akkers,503505,,0,,1639148,0,
152914,1021,378780362,RET:M009:503507,De Akkers,503507,,0,,1639148,0,
152914,1021,378780363,RET:M009:503509,De Akkers,503509,,0,,1639148,0,1
152914,1021,378780364,RET:M009:503511,De Akkers,503511,,0,,1639148,0,1
152914,1021,378780365,RET:M009:503513,De Akkers,503513,,0,,1639148,0,1
152914,1021,378780366,RET:M009:503515,De Akkers,503515,,0,,1639148,0,1
152914,1021,378780367,RET:M009:503521,De Akkers,503521,,0,,1639148,0,
152914,1021,378780368,RET:M009:503523,De Akkers,503523,,0,,1639148,0,
152914,1021,378780369,RET:M009:503525,De Akkers,503525,,0,,1639148,0,
152914,1021,378780370,RET:M009:503527,De Akkers,503527,,0,,1639148,0,1
152914,1021,378780371,RET:M009:503529,De Akkers,503529,,0,,1639148,0,1
152914,1021,378780372,RET:M009:503531,De Akkers,503531,,0,,1639148,0,1
152914,1021,378780373,RET:M009:503533,De Akkers,503533,,0,,1639148,0,1
152914,1021,378780374,RET:M009:503535,De Akkers,503535,,0,,1639148,0,1
152914,1021,378780375,RET:M009:503537,De Akkers,503537,,0,,1639148,0,
152914,1021,378780376,RET:M009:503539,De Akkers,503539,,0,,1639148,0,
152914,1021,378780377,RET:M009:503541,De Akkers,503541,,0,,1639148,0,1
152914,1021,378780378,RET:M009:503543,De Akkers,503543,,0,,1639148,0,1
152914,1021,378780379,RET:M009:503545,De Akkers,503545,,0,,1639148,0,1
152914,1021,378780380,RET:M009:503547,De Akkers,503547,,0,,1639148,0,1
152914,1021,378780381,RET:M009:503549,De Akkers,503549,,0,,1639148,0,1
152914,1021,378780382,RET:M009:503551,De Akkers,503551,,0,,1639148,0,1
152914,1021,378780383,RET:M009:503555,De Akkers,503555,,0,,1639148,0,
152914,1021,378780384,RET:M009:503557,De Akkers,503557,,0,,1639148,0,
152914,1021,378780385,RET:M009:503559,De Akkers,503559,,0,,1639148,0,1
152914,1021,378780386,RET:M009:503561,De Akkers,503561,,0,,1639148,0,1
152914,1021,378780387,RET:M009:503563,De Akkers,503563,,0,,1639148,0,1
152914,1021,378780388,RET:M009:503565,De Akkers,503565,,0,,1639148,0,1
152914,1021,378780389,RET:M009:503567,De Akkers,503567,,0,,1639148,0,1
152914,1021,378780390,RET:M009:503569,De Akkers,503569,,0,,1639148,0,1
152914,1021,378780391,RET:M009:503571,De Akkers,503571,,0,,1639148,0,
152914,1021,378780392,RET:M009:503573,De Akkers,503573,,0,,1639148,0,
152914,1021,378780393,RET:M009:503575,De Akkers,503575,,0,,1639148,0,1
152914,1021,378780394,RET:M009:503577,De Akkers,503577,,0,,1639148,0,1
152914,1021,378780395,RET:M009:503579,De Akkers,503579,,0,,1639148,0,1
152914,1021,378780396,RET:M009:503581,De Akkers,503581,,0,,1639148,0,1
152914,1021,378780397,RET:M009:503583,De Akkers,503583,,0,,1639148,0,1
152914,1021,378780398,RET:M009:503585,De Akkers,503585,,0,,1639148,0,1
152914,1021,378780399,RET:M009:503589,De Akkers,503589,,0,,1639148,0,
152914,1021,378780400,RET:M009:503591,De Akkers,503591,,0,,1639148,0,
152914,1021,378780401,RET:M009:503593,De Akkers,503593,,0,,1639148,0,
152914,1021,378780402,RET:M009:503595,De Akkers,503595,,0,,1639148,0,1
152914,1021,378780403,RET:M009:503597,De Akkers,503597,,0,,1639148,0,1
152914,1021,378780404,RET:M009:503599,De Akkers,503599,,0,,1639148,0,1
152914,1021,378780405,RET:M009:503601,De Akkers,503601,,0,,1639148,0,1
152914,1021,378780406,RET:M009:503603,De Akkers,503603,,0,,1639148,0,1
152914,1021,378780407,RET:M009:503605,De Akkers,503605,,0,,1639148,0,
152914,1021,378780408,RET:M009:503607,De Akkers,503607,,0,,1639148,0,
152914,1021,378780409,RET:M009:503609,De Akkers,503609,,0,,1639148,0,1
152914,1021,378780410,RET:M009:503611,De Akkers,503611,,0,,1639148,0,1
152914,1021,378780411,RET:M009:503613,De Akkers,503613,,0,,1639148,0,1
152914,1021,378780412,RET:M009:503615,De Akkers,503615,,0,,1639148,0,1
152914,1021,378780413,RET:M009:503617,De Akkers,503617,,0,,1639148,0,1
152914,1021,378780414,RET:M009:503621,De Akkers,503621,,0,,1639148,0,
152914,1021,378780415,RET:M009:503623,De Akkers,503623,,0,,1639148,0,
152914,1021,378780416,RET:M009:503625,De Akkers,503625,,0,,1639148,0,1
152914,1021,378780417,RET:M009:503627,De Akkers,503627,,0,,1639148,0,1
152914,1021,378780418,RET:M009:503629,De Akkers,503629,,0,,1639148,0,1
152914,1021,378780419,RET:M009:503631,De Akkers,503631,,0,,1639148,0,1
152914,1021,378780420,RET:M009:503633,De Akkers,503633,,0,,1639148,0,1
152914,1021,378780421,RET:M009:503635,De Akkers,503635,,0,,1639148,0,
152914,1021,378780422,RET:M009:503637,De Akkers,503637,,0,,1639148,0,
152914,1021,378780423,RET:M009:503639,De Akkers,503639,,0,,1639148,0,
152914,1021,378780424,RET:M009:503641,De Akkers,503641,,0,,1639148,0,1
152914,1021,378780425,RET:M009:503643,De Akkers,503643,,0,,1639148,0,1
152914,1021,378780426,RET:M009:503645,De Akkers,503645,,0,,1639148,0,1
152914,1021,378780427,RET:M009:503647,De Akkers,503647,,0,,1639148,0,1
152914,1021,378780428,RET:M009:503649,De Akkers,503649,,0,,1639148,0,1
152914,1021,378780429,RET:M009:503488,Rotterdam Centraal,503488,,1,,1638674,0,
152914,1021,378780430,RET:M009:503490,Rotterdam Centraal,503490,,1,,1638674,0,
152914,1021,378780431,RET:M009:503492,Rotterdam Centraal,503492,,1,,1638674,0,
152914,1021,378780432,RET:M009:503494,Rotterdam Centraal,503494,,1,,1638674,0,1
152914,1021,378780433,RET:M009:503496,Rotterdam Centraal,503496,,1,,1638674,0,1
152914,1021,378780434,RET:M009:503498,Rotterdam Centraal,503498,,1,,1638674,0,1
152914,1021,378780435,RET:M009:503500,Rotterdam Centraal,503500,,1,,1638674,0,1
152914,1021,378780436,RET:M009:503502,Rotterdam Centraal,503502,,1,,1638674,0,1
152914,1021,378780437,RET:M009:503504,Rotterdam Centraal,503504,,1,,1638674,0,
152914,1021,378780438,RET:M009:503506,Rotterdam Centraal,503506,,1,,1638674,0,
152914,1021,378780439,RET:M009:503508,Rotterdam Centraal,503508,,1,,1638674,0,1
152914,1021,378780440,RET:M009:503510,Rotterdam Centraal,503510,,1,,1638674,0,1
152914,1021,378780441,RET:M009:503512,Rotterdam Centraal,503512,,1,,1638674,0,1
152914,1021,378780442,RET:M009:503514,Rotterdam Centraal,503514,,1,,1638674,0,1
152914,1021,378780443,RET:M009:503516,Rotterdam Centraal,503516,,1,,1638674,0,1
152914,1021,378780444,RET:M009:503522,Rotterdam Centraal,503522,,1,,1638674,0,
152914,1021,378780445,RET:M009:503524,Rotterdam Centraal,503524,,1,,1638674,0,
152914,1021,378780446,RET:M009:503526,Rotterdam Centraal,503526,,1,,1638674,0,1
152914,1021,378780447,RET:M009:503528,Rotterdam Centraal,503528,,1,,1638674,0,1
152914,1021,378780448,RET:M009:503530,Rotterdam Centraal,503530,,1,,1638674,0,1
152914,1021,378780449,RET:M009:503532,Rotterdam Centraal,503532,,1,,1638674,0,1
152914,1021,378780450,RET:M009:503534,Rotterdam Centraal,503534,,1,,1638674,0,1
152914,1021,378780451,RET:M009:503536,Rotterdam Centraal,503536,,1,,1638674,0,1
152914,1021,378780452,RET:M009:503538,Rotterdam Centraal,503538,,1,,1638674,0,
152914,1021,378780453,RET:M009:503540,Rotterdam Centraal,503540,,1,,1638674,0,
152914,1021,378780454,RET:M009:503542,Rotterdam Centraal,503542,,1,,1638674,0,1
152914,1021,378780455,RET:M009:503544,Rotterdam Centraal,503544,,1,,1638674,0,1
152914,1021,378780456,RET:M009:503546,Rotterdam Centraal,503546,,1,,1638674,0,1
152914,1021,378780457,RET:M009:503548,Rotterdam Centraal,503548,,1,,1638674,0,1
152914,1021,378780458,RET:M009:503550,Rotterdam Centraal,503550,,1,,1638674,0,1
152914,1021,378780459,RET:M009:503554,Rotterdam Centraal,503554,,1,,1638674,0,
152914,1021,378780460,RET:M009:503556,Rotterdam Centraal,503556,,1,,1638674,0,
152914,1021,378780461,RET:M009:503558,Rotterdam Centraal,503558,,1,,1638674,0,
152914,1021,378780462,RET:M009:503560,Rotterdam Centraal,503560,,1,,1638674,0,1
152914,1021,378780463,RET:M009:503562,Rotterdam Centraal,503562,,1,,1638674,0,1
152914,1021,378780464,RET:M009:503564,Rotterdam Centraal,503564,,1,,1638674,0,1
152914,1021,378780465,RET:M009:503566,Rotterdam Centraal,503566,,1,,1638674,0,1
152914,1021,378780466,RET:M009:503568,Rotterdam Centraal,503568,,1,,1638674,0,1
152914,1021,378780467,RET:M009:503570,Rotterdam Centraal,503570,,1,,1638674,0,
152914,1021,378780468,RET:M009:503572,Rotterdam Centraal,503572,,1,,1638674,0,
152914,1021,378780469,RET:M009:503574,Rotterdam Centraal,503574,,1,,1638674,0,
152914,1021,378780470,RET:M009:503576,Rotterdam Centraal,503576,,1,,1638674,0,1
152914,1021,378780471,RET:M009:503578,Rotterdam Centraal,503578,,1,,1638674,0,1
152914,1021,378780472,RET:M009:503580,Rotterdam Centraal,503580,,1,,1638674,0,1
152914,1021,378780473,RET:M009:503582,Rotterdam Centraal,503582,,1,,1638674,0,1
152914,1021,378780474,RET:M009:503584,Rotterdam Centraal,503584,,1,,1638674,0,1
152914,1021,378780475,RET:M009:503590,Rotterdam Centraal,503590,,1,,1638674,0,
152914,1021,378780476,RET:M009:503592,Rotterdam Centraal,503592,,1,,1638674,0,
152914,1021,378780477,RET:M009:503594,Rotterdam Centraal,503594,,1,,1638674,0,1
152914,1021,378780478,RET:M009:503596,Rotterdam Centraal,503596,,1,,1638674,0,1
152914,1021,378780479,RET:M009:503598,Rotterdam Centraal,503598,,1,,1638674,0,1
152914,1021,378780480,RET:M009:503600,Rotterdam Centraal,503600,,1,,1638674,0,1
152914,1021,378780481,RET:M009:503602,Rotterdam Centraal,503602,,1,,1638674,0,1
152914,1021,378780482,RET:M009:503604,Rotterdam Centraal,503604,,1,,1638674,0,
152914,1021,378780483,RET:M009:503606,Rotterdam Centraal,503606,,1,,1638674,0,
152914,1021,378780484,RET:M009:503608,Rotterdam Centraal,503608,,1,,1638674,0,
152914,1021,378780485,RET:M009:503610,Rotterdam Centraal,503610,,1,,1638674,0,1
152914,1021,378780486,RET:M009:503612,Rotterdam Centraal,503612,,1,,1638674,0,1
152914,1021,378780487,RET:M009:503614,Rotterdam Centraal,503614,,1,,1638674,0,1
152914,1021,378780488,RET:M009:503616,Rotterdam Centraal,503616,,1,,1638674,0,1
152914,1021,378780489,RET:M009:503620,Rotterdam Centraal,503620,,1,,1638674,0,
152914,1021,378780490,RET:M009:503622,Rotterdam Centraal,503622,,1,,1638674,0,
152914,1021,378780491,RET:M009:503624,Rotterdam Centraal,503624,,1,,1638674,0,
152914,1021,378780492,RET:M009:503626,Rotterdam Centraal,503626,,1,,1638674,0,1
152914,1021,378780493,RET:M009:503628,Rotterdam Centraal,503628,,1,,1638674,0,1
152914,1021,378780494,RET:M009:503630,Rotterdam Centraal,503630,,1,,1638674,0,1
152914,1021,378780495,RET:M009:503632,Rotterdam Centraal,503632,,1,,1638674,0,1
152914,1021,378780496,RET:M009:503634,Rotterdam Centraal,503634,,1,,1638674,0,1
152914,1021,378780497,RET:M009:503636,Rotterdam Centraal,503636,,1,,1638674,0,
152914,1021,378780498,RET:M009:503638,Rotterdam Centraal,503638,,1,,1638674,0,
152914,1021,378780499,RET:M009:503640,Rotterdam Centraal,503640,,1,,1638674,0,1
152914,1021,378780500,RET:M009:503642,Rotterdam Centraal,503642,,1,,1638674,0,1
152914,1021,378780501,RET:M009:503644,Rotterdam Centraal,503644,,1,,1638674,0,1
152914,1021,378780502,RET:M009:503646,Rotterdam Centraal,503646,,1,,1638674,0,1
152914,1021,378780503,RET:M009:503648,Rotterdam Centraal,503648,,1,,1638674,0,1
152914,1021,378780504,RET:M009:503650,Rotterdam Centraal,503650,,1,,1638674,0,1
152914,1021,378780505,RET:M009:503517,Slinge,503517,,0,,1638837,0,1
152914,1021,378780506,RET:M009:503651,Slinge,503651,,0,,1638837,0,1
152914,3249,378781405,RET:M009:508777,Rotterdam Centraal,508777,,1,,1638738,0,
152914,3249,378781406,RET:M009:508809,Rotterdam Centraal,508809,,1,,1638738,0,
152914,3249,378781407,RET:M009:508865,Rotterdam Centraal,508865,,1,,1638738,0,
152914,3249,378781408,RET:M009:508778,De Akkers,508778,,0,,1639148,0,
152914,3249,378781409,RET:M009:508780,De Akkers,508780,,0,,1639148,0,
152914,3249,378781410,RET:M009:508782,De Akkers,508782,,0,,1639148,0,
152914,3249,378781411,RET:M009:508784,De Akkers,508784,,0,,1639148,0,1
152914,3249,378781412,RET:M009:508786,De Akkers,508786,,0,,1639148,0,1
152914,3249,378781413,RET:M009:508788,De Akkers,508788,,0,,1639148,0,1
152914,3249,378781414,RET:M009:508790,De Akkers,508790,,0,,1639148,0,1
152914,3249,378781415,RET:M009:508792,De Akkers,508792,,0,,1639148,0,1
152914,3249,378781416,RET:M009:508794,De Akkers,508794,,0,,1639148,0,
152914,3249,378781417,RET:M009:508796,De Akkers,508796,,0,,1639148,0,
152914,3249,378781418,RET:M009:508798,De Akkers,508798,,0,,1639148,0,1
152914,3249,378781419,RET:M009:508800,De Akkers,508800,,0,,1639148,0,1
152914,3249,378781420,RET:M009:508802,De Akkers,508802,,0,,1639148,0,1
152914,3249,378781421,RET:M009:508804,De Akkers,508804,,0,,1639148,0,1
152914,3249,378781422,RET:M009:508806,De Akkers,508806,,0,,1639148,0,1
152914,3249,378781423,RET:M009:508810,De Akkers,508810,,0,,1639148,0,
152914,3249,378781424,RET:M009:508812,De Akkers,508812,,0,,1639148,0,
152914,3249,378781425,RET:M009:508814,De Akkers,508814,,0,,1639148,0,
152914,3249,378781426,RET:M009:508816,De Akkers,508816,,0,,1639148,0,1
152914,3249,378781427,RET:M009:508818,De Akkers,508818,,0,,1639148,0,1
152914,3249,378781428,RET:M009:508820,De Akkers,508820,,0,,1639148,0,1
152914,3249,378781429,RET:M009:508822,De Akkers,508822,,0,,1639148,0,1
152914,3249,378781430,RET:M009:508824,De Akkers,508824,,0,,1639148,0,1
152914,3249,378781431,RET:M009:508826,De Akkers,508826,,0,,1639148,0,
152914,3249,378781432,RET:M009:508828,De Akkers,508828,,0,,1639148,0,
152914,3249,378781433,RET:M009:508834,De Akkers,508834,,0,,1639148,0,
152914,3249,378781434,RET:M009:508836,De Akkers,508836,,0,,1639148,0,
152914,3249,378781435,RET:M009:508838,De Akkers,508838,,0,,1639148,0,1
152914,3249,378781436,RET:M009:508840,De Akkers,508840,,0,,1639148,0,1
152914,3249,378781437,RET:M009:508842,De Akkers,508842,,0,,1639148,0,1
152914,3249,378781438,RET:M009:508844,De Akkers,508844,,0,,1639148,0,1
152914,3249,378781439,RET:M009:508846,De Akkers,508846,,0,,1639148,0,1
152914,3249,378781440,RET:M009:508848,De Akkers,508848,,0,,1639148,0,
152914,3249,378781441,RET:M009:508850,De Akkers,508850,,0,,1639148,0,
152914,3249,378781442,RET:M009:508852,De Akkers,508852,,0,,1639148,0,1
152914,3249,378781443,RET:M009:508854,De Akkers,508854,,0,,1639148,0,1
152914,3249,378781444,RET:M009:508856,De Akkers,508856,,0,,1639148,0,1
152914,3249,378781445,RET:M009:508858,De Akkers,508858,,0,,1639148,0,1
152914,3249,378781446,RET:M009:508860,De Akkers,508860,,0,,1639148,0,1
152914,3249,378781447,RET:M009:508866,De Akkers,508866,,0,,1639148,0,
152914,3249,378781448,RET:M009:508868,De Akkers,508868,,0,,1639148,0,
152914,3249,378781449,RET:M009:508870,De Akkers,508870,,0,,1639148,0,1
152914,3249,378781450,RET:M009:508872,De Akkers,508872,,0,,1639148,0,1
152914,3249,378781451,RET:M009:508874,De Akkers,508874,,0,,1639148,0,1
152914,3249,378781452,RET:M009:508876,De Akkers,508876,,0,,1639148,0,1
152914,3249,378781453,RET:M009:508878,De Akkers,508878,,0,,1639148,0,1
152914,3249,378781454,RET:M009:508880,De Akkers,508880,,0,,1639148,0,
152914,3249,378781455,RET:M009:508882,De Akkers,508882,,0,,1639148,0,
152914,3249,378781456,RET:M009:508884,De Akkers,508884,,0,,1639148,0,
152914,3249,378781457,RET:M009:508888,De Akkers,508888,,0,,1639148,0,
152914,3249,378781458,RET:M009:508890,De Akkers,508890,,0,,1639148,0,
152914,3249,378781459,RET:M009:508892,De Akkers,508892,,0,,1639148,0,1
152914,3249,378781460,RET:M009:508894,De Akkers,508894,,0,,1639148,0,1
152914,3249,378781461,RET:M009:508896,De Akkers,508896,,0,,1639148,0,1
152914,3249,378781462,RET:M009:508898,De Akkers,508898,,0,,1639148,0,1
152914,3249,378781463,RET:M009:508900,De Akkers,508900,,0,,1639148,0,1
152914,3249,378781464,RET:M009:508902,De Akkers,508902,,0,,1639148,0,
152914,3249,378781465,RET:M009:508904,De Akkers,508904,,0,,1639148,0,
152914,3249,378781466,RET:M009:508906,De Akkers,508906,,0,,1639148,0,1
152914,3249,378781467,RET:M009:508908,De Akkers,508908,,0,,1639148,0,1
152914,3249,378781468,RET:M009:508910,De Akkers,508910,,0,,1639148,0,1
152914,3249,378781469,RET:M009:508912,De Akkers,508912,,0,,1639148,0,1
152914,3249,378781470,RET:M009:508914,De Akkers,508914,,0,,1639148,0,1
152914,3249,378781471,RET:M009:508918,De Akkers,508918,,0,,1639148,0,
152914,3249,378781472,RET:M009:508920,De Akkers,508920,,0,,1639148,0,
152914,3249,378781473,RET:M009:508922,De Akkers,508922,,0,,1639148,0,1
152914,3249,378781474,RET:M009:508924,De Akkers,508924,,0,,1639148,0,1
152914,3249,378781475,RET:M009:508926,De Akkers,508926,,0,,1639148,0,1
152914,3249,378781476,RET:M009:508928,De Akkers,508928,,0,,1639148,0,1
152914,3249,378781477,RET:M009:508930,De Akkers,508930,,0,,1639148,0,1
152914,3249,378781478,RET:M009:508932,De Akkers,508932,,0,,1639148,0,
152914,3249,378781479,RET:M009:508934,De Akkers,508934,,0,,1639148,0,
152914,3249,378781480,RET:M009:508936,De Akkers,508936,,0,,1639148,0,1
152914,3249,378781481,RET:M009:508938,De Akkers,508938,,0,,1639148,0,1
152914,3249,378781482,RET:M009:508940,De Akkers,508940,,0,,1639148,0,1
152914,3249,378781483,RET:M009:508942,De Akkers,508942,,0,,1639148,0,1
152914,3249,378781484,RET:M009:508944,De Akkers,508944,,0,,1639148,0,1
152914,3249,378781485,RET:M009:508948,De Akkers,508948,,0,,1639148,0,
152914,3249,378781486,RET:M009:508950,De Akkers,508950,,0,,1639148,0,
152914,3249,378781487,RET:M009:508952,De Akkers,508952,,0,,1639148,0,1
152914,3249,378781488,RET:M009:508954,De Akkers,508954,,0,,1639148,0,1
152914,3249,378781489,RET:M009:508956,De Akkers,508956,,0,,1639148,0,1
152914,3249,378781490,RET:M009:508958,De Akkers,508958,,0,,1639148,0,1
152914,3249,378781491,RET:M009:508960,De Akkers,508960,,0,,1639148,0,1
152914,3249,378781492,RET:M009:508962,De Akkers,508962,,0,,1639148,0,
152914,3249,378781493,RET:M009:508964,De Akkers,508964,,0,,1639148,0,
152914,3249,378781494,RET:M009:508971,De Akkers,508971,,0,,1639148,0,
152914,3249,378781495,RET:M009:508973,De Akkers,508973,,0,,1639148,0,
152914,3249,378781496,RET:M009:508975,De Akkers,508975,,0,,1639148,0,1
152914,3249,378781497,RET:M009:508977,De Akkers,508977,,0,,1639148,0,1
152914,3249,378781498,RET:M009:508979,De Akkers,508979,,0,,1639148,0,1
152914,3249,378781499,RET:M009:508981,De Akkers,508981,,0,,1639148,0,1
152914,3249,378781500,RET:M009:508983,De Akkers,508983,,0,,1639148,0,
152914,3249,378781501,RET:M009:508985,De Akkers,508985,,0,,1639148,0,
152914,3249,378781502,RET:M009:508987,De Akkers,508987,,0,,1639148,0,
152914,3249,378781503,RET:M009:508989,De Akkers,508989,,0,,1639148,0,1
152914,3249,378781504,RET:M009:508991,De Akkers,508991,,0,,1639148,0,1
152914,3249,378781505,RET:M009:508993,De Akkers,508993,,0,,1639148,0,1
152914,3249,378781506,RET:M009:508995,De Akkers,508995,,0,,1639148,0,1
152914,3249,378781507,RET:M009:508779,Rotterdam Centraal,508779,,1,,1638674,0,
152914,3249,378781508,RET:M009:508781,Rotterdam Centraal,508781,,1,,1638674,0,
152914,3249,378781509,RET:M009:508783,Rotterdam Centraal,508783,,1,,1638674,0,1
152914,3249,378781510,RET:M009:508785,Rotterdam Centraal,508785,,1,,1638674,0,1
152914,3249,378781511,RET:M009:508787,Rotterdam Centraal,508787,,1,,1638674,0,1
152914,3249,378781512,RET:M009:508789,Rotterdam Centraal,508789,,1,,1638674,0,1
152914,3249,378781513,RET:M009:508791,Rotterdam Centraal,508791,,1,,1638674,0,1
152914,3249,378781514,RET:M009:508793,Rotterdam Centraal,508793,,1,,1638674,0,
152914,3249,378781515,RET:M009:508795,Rotterdam Centraal,508795,,1,,1638674,0,
152914,3249,378781516,RET:M009:508797,Rotterdam Centraal,508797,,1,,1638674,0,1
152914,3249,378781517,RET:M009:508799,Rotterdam Centraal,508799,,1,,1638674,0,1
152914,3249,378781518,RET:M009:508801,Rotterdam Centraal,508801,,1,,1638674,0,1
152914,3249,378781519,RET:M009:508803,Rotterdam Centraal,508803,,1,,1638674,0,1
152914,3249,378781520,RET:M009:508805,Rotterdam Centraal,508805,,1,,1638674,0,1
152914,3249,378781521,RET:M009:508811,Rotterdam Centraal,508811,,1,,1638674,0,
152914,3249,378781522,RET:M009:508813,Rotterdam Centraal,508813,,1,,1638674,0,
152914,3249,378781523,RET:M009:508815,Rotterdam Centraal,508815,,1,,1638674,0,1
152914,3249,378781524,RET:M009:508817,Rotterdam Centraal,508817,,1,,1638674,0,1
152914,3249,378781525,RET:M009:508819,Rotterdam Centraal,508819,,1,,1638674,0,1
152914,3249,378781526,RET:M009:508821,Rotterdam Centraal,508821,,1,,1638674,0,1
152914,3249,378781527,RET:M009:508823,Rotterdam Centraal,508823,,1,,1638674,0,1
152914,3249,378781528,RET:M009:508825,Rotterdam Centraal,508825,,1,,1638674,0,
152914,3249,378781529,RET:M009:508827,Rotterdam Centraal,508827,,1,,1638674,0,
152914,3249,378781530,RET:M009:508829,Rotterdam Centraal,508829,,1,,1638674,0,1
152914,3249,378781531,RET:M009:508833,Rotterdam Centraal,508833,,1,,1638674,0,
152914,3249,378781532,RET:M009:508835,Rotterdam Centraal,508835,,1,,1638674,0,
152914,3249,378781533,RET:M009:508837,Rotterdam Centraal,508837,,1,,1638674,0,
152914,3249,378781534,RET:M009:508839,Rotterdam Centraal,508839,,1,,1638674,0,1
152914,3249,378781535,RET:M009:508841,Rotterdam Centraal,508841,,1,,1638674,0,1
152914,3249,378781536,RET:M009:508843,Rotterdam Centraal,508843,,1,,1638674,0,1
152914,3249,378781537,RET:M009:508845,Rotterdam Centraal,508845,,1,,1638674,0,1
152914,3249,378781538,RET:M009:508847,Rotterdam Centraal,508847,,1,,1638674,0,1
152914,3249,378781539,RET:M009:508849,Rotterdam Centraal,508849,,1,,1638674,0,
152914,3249,378781540,RET:M009:508851,Rotterdam Centraal,508851,,1,,1638674,0,
152914,3249,378781541,RET:M009:508853,Rotterdam Centraal,508853,,1,,1638674,0,1
152914,3249,378781542,RET:M009:508855,Rotterdam Centraal,508855,,1,,1638674,0,1
152914,3249,378781543,RET:M009:508857,Rotterdam Centraal,508857,,1,,1638674,0,1
152914,3249,378781544,RET:M009:508859,Rotterdam Centraal,508859,,1,,1638674,0,1
152914,3249,378781545,RET:M009:508861,Rotterdam Centraal,508861,,1,,1638674,0,1
152914,3249,378781546,RET:M009:508867,Rotterdam Centraal,508867,,1,,1638674,0,
152914,3249,378781547,RET:M009:508869,Rotterdam Centraal,508869,,1,,1638674,0,
152914,3249,378781548,RET:M009:508871,Rotterdam Centraal,508871,,1,,1638674,0,1
152914,3249,378781549,RET:M009:508873,Rotterdam Centraal,508873,,1,,1638674,0,1
152914,3249,378781550,RET:M009:508875,Rotterdam Centraal,508875,,1,,1638674,0,1
152914,3249,378781551,RET:M009:508877,Rotterdam Centraal,508877,,1,,1638674,0,1
152914,3249,378781552,RET:M009:508879,Rotterdam Centraal,508879,,1,,1638674,0,1
152914,3249,378781553,RET:M009:508881,Rotterdam Centraal,508881,,1,,1638674,0,
152914,3249,378781554,RET:M009:508883,Rotterdam Centraal,508883,,1,,1638674,0,
152914,3249,378781555,RET:M009:508887,Rotterdam Centraal,508887,,1,,1638674,0,
152914,3249,378781556,RET:M009:508889,Rotterdam Centraal,508889,,1,,1638674,0,
152914,3249,378781557,RET:M009:508891,Rotterdam Centraal,508891,,1,,1638674,0,
152914,3249,378781558,RET:M009:508893,Rotterdam Centraal,508893,,1,,1638674,0,1
152914,3249,378781559,RET:M009:508895,Rotterdam Centraal,508895,,1,,1638674,0,1
152914,3249,378781560,RET:M009:508897,Rotterdam Centraal,508897,,1,,1638674,0,1
152914,3249,378781561,RET:M009:508899,Rotterdam Centraal,508899,,1,,1638674,0,1
152914,3249,378781562,RET:M009:508901,Rotterdam Centraal,508901,,1,,1638674,0,1
152914,3249,378781563,RET:M009:508903,Rotterdam Centraal,508903,,1,,1638674,0,
152914,3249,378781564,RET:M009:508905,Rotterdam Centraal,508905,,1,,1638674,0,
152914,3249,378781565,RET:M009:508907,Rotterdam Centraal,508907,,1,,1638674,0,1
152914,3249,378781566,RET:M009:508909,Rotterdam Centraal,508909,,1,,1638674,0,1
152914,3249,378781567,RET:M009:508911,Rotterdam Centraal,508911,,1,,1638674,0,1
152914,3249,378781568,RET:M009:508913,Rotterdam Centraal,508913,,1,,1638674,0,1
152914,3249,378781569,RET:M009:508919,Rotterdam Centraal,508919,,1,,1638674,0,
152914,3249,378781570,RET:M009:508921,Rotterdam Centraal,508921,,1,,1638674,0,1
152914,3249,378781571,RET:M009:508923,Rotterdam Centraal,508923,,1,,1638674,0,1
152914,3249,378781572,RET:M009:508925,Rotterdam Centraal,508925,,1,,1638674,0,1
152914,3249,378781573,RET:M009:508927,Rotterdam Centraal,508927,,1,,1638674,0,1
152914,3249,378781574,RET:M009:508929,Rotterdam Centraal,508929,,1,,1638674,0,1
152914,3249,378781575,RET:M009:508931,Rotterdam Centraal,508931,,1,,1638674,0,
152914,3249,378781576,RET:M009:508933,Rotterdam Centraal,508933,,1,,1638674,0,
152914,3249,378781577,RET:M009:508935,Rotterdam Centraal,508935,,1,,1638674,0,
152914,3249,378781578,RET:M009:508937,Rotterdam Centraal,508937,,1,,1638674,0,1
152914,3249,378781579,RET:M009:508939,Rotterdam Centraal,508939,,1,,1638674,0,1
152914,3249,378781580,RET:M009:508941,Rotterdam Centraal,508941,,1,,1638674,0,1
152914,3249,378781581,RET:M009:508943,Rotterdam Centraal,508943,,1,,1638674,0,1
152914,3249,378781582,RET:M009:508947,Rotterdam Centraal,508947,,1,,1638674,0,
152914,3249,378781583,RET:M009:508949,Rotterdam Centraal,508949,,1,,1638674,0,
152914,3249,378781584,RET:M009:508951,Rotterdam Centraal,508951,,1,,1638674,0,
152914,3249,378781585,RET:M009:508953,Rotterdam Centraal,508953,,1,,1638674,0,1
152914,3249,378781586,RET:M009:508955,Rotterdam Centraal,508955,,1,,1638674,0,1
152914,3249,378781587,RET:M009:508957,Rotterdam Centraal,508957,,1,,1638674,0,1
152914,3249,378781588,RET:M009:508959,Rotterdam Centraal,508959,,1,,1638674,0,1
152914,3249,378781589,RET:M009:508961,Rotterdam Centraal,508961,,1,,1638674,0,
152914,3249,378781590,RET:M009:508963,Rotterdam Centraal,508963,,1,,1638674,0,
152914,3249,378781591,RET:M009:508965,Rotterdam Centraal,508965,,1,,1638674,0,
152914,3249,378781592,RET:M009:508970,Rotterdam Centraal,508970,,1,,1638674,0,
152914,3249,378781593,RET:M009:508972,Rotterdam Centraal,508972,,1,,1638674,0,
152914,3249,378781594,RET:M009:508974,Rotterdam Centraal,508974,,1,,1638674,0,1
152914,3249,378781595,RET:M009:508976,Rotterdam Centraal,508976,,1,,1638674,0,1
152914,3249,378781596,RET:M009:508978,Rotterdam Centraal,508978,,1,,1638674,0,1
152914,3249,378781597,RET:M009:508980,Rotterdam Centraal,508980,,1,,1638674,0,1
152914,3249,378781598,RET:M009:508982,Rotterdam Centraal,508982,,1,,1638674,0,1
152914,3249,378781599,RET:M009:508984,Rotterdam Centraal,508984,,1,,1638674,0,
152914,3249,378781600,RET:M009:508986,Rotterdam Centraal,508986,,1,,1638674,0,
152914,3249,378781601,RET:M009:508988,Rotterdam Centraal,508988,,1,,1638674,0,1
152914,3249,378781602,RET:M009:508990,Rotterdam Centraal,508990,,1,,1638674,0,1
152914,3249,378781603,RET:M009:508992,Rotterdam Centraal,508992,,1,,1638674,0,1
152914,3249,378781604,RET:M009:508994,Rotterdam Centraal,508994,,1,,1638674,0,1
152914,3249,378781605,RET:M009:508996,Rotterdam Centraal,508996,,1,,1638674,0,1
152914,3249,378781606,RET:M009:508830,De Akkers,508830,,0,,1638911,0,1
152914,3249,378781607,RET:M009:508966,De Akkers,508966,,0,,1638911,0,1
152914,3249,378781608,RET:M009:508862,Slinge,508862,,0,,1638837,0,1
152914,3249,378781609,RET:M009:508997,Slinge,508997,,0,,1638837,0,1
152914,3249,378781610,RET:M009:508917,Rotterdam Centraal,508917,,1,,1638897,0,
152914,3249,378781611,RET:M009:508969,De Akkers,508969,,0,,1638683,0,
152914,2871,378782609,RET:M009:510619,Rotterdam Centraal,510619,,1,,1638738,0,
152914,2871,378782610,RET:M009:510653,Rotterdam Centraal,510653,,1,,1638738,0,
152914,2871,378782611,RET:M009:510709,Rotterdam Centraal,510709,,1,,1638738,0,
152914,2871,378782612,RET:M009:510620,De Akkers,510620,,0,,1639148,0,
152914,2871,378782613,RET:M009:510622,De Akkers,510622,,0,,1639148,0,
152914,2871,378782614,RET:M009:510624,De Akkers,510624,,0,,1639148,0,
152914,2871,378782615,RET:M009:510626,De Akkers,510626,,0,,1639148,0,1
152914,2871,378782616,RET:M009:510628,De Akkers,510628,,0,,1639148,0,1
152914,2871,378782617,RET:M009:510630,De Akkers,510630,,0,,1639148,0,1
152914,2871,378782618,RET:M009:510632,De Akkers,510632,,0,,1639148,0,1
152914,2871,378782619,RET:M009:510634,De Akkers,510634,,0,,1639148,0,1
152914,2871,378782620,RET:M009:510636,De Akkers,510636,,0,,1639148,0,
152914,2871,378782621,RET:M009:510638,De Akkers,510638,,0,,1639148,0,
152914,2871,378782622,RET:M009:510640,De Akkers,510640,,0,,1639148,0,1
152914,2871,378782623,RET:M009:510642,De Akkers,510642,,0,,1639148,0,1
152914,2871,378782624,RET:M009:510644,De Akkers,510644,,0,,1639148,0,1
152914,2871,378782625,RET:M009:510646,De Akkers,510646,,0,,1639148,0,1
152914,2871,378782626,RET:M009:510648,De Akkers,510648,,0,,1639148,0,1
152914,2871,378782627,RET:M009:510654,De Akkers,510654,,0,,1639148,0,
152914,2871,378782628,RET:M009:510656,De Akkers,510656,,0,,1639148,0,
152914,2871,378782629,RET:M009:510658,De Akkers,510658,,0,,1639148,0,
152914,2871,378782630,RET:M009:510660,De Akkers,510660,,0,,1639148,0,1
152914,2871,378782631,RET:M009:510662,De Akkers,510662,,0,,1639148,0,1
152914,2871,378782632,RET:M009:510664,De Akkers,510664,,0,,1639148,0,1
152914,2871,378782633,RET:M009:510666,De Akkers,510666,,0,,1639148,0,1
152914,2871,378782634,RET:M009:510668,De Akkers,510668,,0,,1639148,0,1
152914,2871,378782635,RET:M009:510670,De Akkers,510670,,0,,1639148,0,
152914,2871,378782636,RET:M009:510672,De Akkers,510672,,0,,1639148,0,
152914,2871,378782637,RET:M009:510678,De Akkers,510678,,0,,1639148,0,
152914,2871,378782638,RET:M009:510680,De Akkers,510680,,0,,1639148,0,
152914,2871,378782639,RET:M009:510682,De Akkers,510682,,0,,1639148,0,1
152914,2871,378782640,RET:M009:510684,De Akkers,510684,,0,,1639148,0,1
152914,2871,378782641,RET:M009:510686,De Akkers,510686,,0,,1639148,0,1
152914,2871,378782642,RET:M009:510688,De Akkers,510688,,0,,1639148,0,1
152914,2871,378782643,RET:M009:510690,De Akkers,510690,,0,,1639148,0,1
152914,2871,378782644,RET:M009:510692,De Akkers,510692,,0,,1639148,0,
152914,2871,378782645,RET:M009:510694,De Akkers,510694,,0,,1639148,0,
152914,2871,378782646,RET:M009:510696,De Akkers,510696,,0,,1639148,0,1
152914,2871,378782647,RET:M009:510698,De Akkers,510698,,0,,1639148,0,1
152914,2871,378782648,RET:M009:510700,De Akkers,510700,,0,,1639148,0,1
152914,2871,378782649,RET:M009:510702,De Akkers,510702,,0,,1639148,0,1
152914,2871,378782650,RET:M009:510704,De Akkers,510704,,0,,1639148,0,1
152914,2871,378782651,RET:M009:510706,De Akkers,510706,,0,,1639148,0,1
152914,2871,378782652,RET:M009:510710,De Akkers,510710,,0,,1639148,0,
152914,2871,378782653,RET:M009:510712,De Akkers,510712,,0,,1639148,0,
152914,2871,378782654,RET:M009:510714,De Akkers,510714,,0,,1639148,0,1
152914,2871,378782655,RET:M009:510716,De Akkers,510716,,0,,1639148,0,1
152914,2871,378782656,RET:M009:510718,De Akkers,510718,,0,,1639148,0,1
152914,2871,378782657,RET:M009:510720,De Akkers,510720,,0,,1639148,0,1
152914,2871,378782658,RET:M009:510722,De Akkers,510722,,0,,1639148,0,1
152914,2871,378782659,RET:M009:510724,De Akkers,510724,,0,,1639148,0,
152914,2871,378782660,RET:M009:510726,De Akkers,510726,,0,,1639148,0,
152914,2871,378782661,RET:M009:510728,De Akkers,510728,,0,,1639148,0,
152914,2871,378782662,RET:M009:510732,De Akkers,510732,,0,,1639148,0,
152914,2871,378782663,RET:M009:510734,De Akkers,510734,,0,,1639148,0,
152914,2871,378782664,RET:M009:510736,De Akkers,510736,,0,,1639148,0,1
152914,2871,378782665,RET:M009:510738,De Akkers,510738,,0,,1639148,0,1
152914,2871,378782666,RET:M009:510740,De Akkers,510740,,0,,1639148,0,1
152914,2871,378782667,RET:M009:510742,De Akkers,510742,,0,,1639148,0,1
152914,2871,378782668,RET:M009:510744,De Akkers,510744,,0,,1639148,0,1
152914,2871,378782669,RET:M009:510746,De Akkers,510746,,0,,1639148,0,
152914,2871,378782670,RET:M009:510748,De Akkers,510748,,0,,1639148,0,
152914,2871,378782671,RET:M009:510750,De Akkers,510750,,0,,1639148,0,1
152914,2871,378782672,RET:M009:510752,De Akkers,510752,,0,,1639148,0,1
152914,2871,378782673,RET:M009:510754,De Akkers,510754,,0,,1639148,0,1
152914,2871,378782674,RET:M009:510756,De Akkers,510756,,0,,1639148,0,1
152914,2871,378782675,RET:M009:510758,De Akkers,510758,,0,,1639148,0,1
152914,2871,378782676,RET:M009:510762,De Akkers,510762,,0,,1639148,0,
152914,2871,378782677,RET:M009:510764,De Akkers,510764,,0,,1639148,0,
152914,2871,378782678,RET:M009:510766,De Akkers,510766,,0,,1639148,0,1
152914,2871,378782679,RET:M009:510768,De Akkers,510768,,0,,1639148,0,1
152914,2871,378782680,RET:M009:510770,De Akkers,510770,,0,,1639148,0,1
152914,2871,378782681,RET:M009:510772,De Akkers,510772,,0,,1639148,0,1
152914,2871,378782682,RET:M009:510774,De Akkers,510774,,0,,1639148,0,1
152914,2871,378782683,RET:M009:510776,De Akkers,510776,,0,,1639148,0,
152914,2871,378782684,RET:M009:510778,De Akkers,510778,,0,,1639148,0,
152914,2871,378782685,RET:M009:510780,De Akkers,510780,,0,,1639148,0,1
152914,2871,378782686,RET:M009:510782,De Akkers,510782,,0,,1639148,0,1
152914,2871,378782687,RET:M009:510784,De Akkers,510784,,0,,1639148,0,1
152914,2871,378782688,RET:M009:510786,De Akkers,510786,,0,,1639148,0,1
152914,2871,378782689,RET:M009:510788,De Akkers,510788,,0,,1639148,0,1
152914,2871,378782690,RET:M009:510790,De Akkers,510790,,0,,1639148,0,1
152914,2871,378782691,RET:M009:510794,De Akkers,510794,,0,,1639148,0,
152914,2871,378782692,RET:M009:510796,De Akkers,510796,,0,,1639148,0,
152914,2871,378782693,RET:M009:510798,De Akkers,510798,,0,,1639148,0,1
152914,2871,378782694,RET:M009:510800,De Akkers,510800,,0,,1639148,0,1
152914,2871,378782695,RET:M009:510802,De Akkers,510802,,0,,1639148,0,1
152914,2871,378782696,RET:M009:510804,De Akkers,510804,,0,,1639148,0,1
152914,2871,378782697,RET:M009:510806,De Akkers,510806,,0,,1639148,0,1
152914,2871,378782698,RET:M009:510808,De Akkers,510808,,0,,1639148,0,
152914,2871,378782699,RET:M009:510810,De Akkers,510810,,0,,1639148,0,
152914,2871,378782700,RET:M009:510817,De Akkers,510817,,0,,1639148,0,
152914,2871,378782701,RET:M009:510819,De Akkers,510819,,0,,1639148,0,
152914,2871,378782702,RET:M009:510821,De Akkers,510821,,0,,1639148,0,1
152914,2871,378782703,RET:M009:510823,De Akkers,510823,,0,,1639148,0,1
152914,2871,378782704,RET:M009:510825,De Akkers,510825,,0,,1639148,0,1
152914,2871,378782705,RET:M009:510827,De Akkers,510827,,0,,1639148,0,1
152914,2871,378782706,RET:M009:510829,De Akkers,510829,,0,,1639148,0,
152914,2871,378782707,RET:M009:510831,De Akkers,510831,,0,,1639148,0,
152914,2871,378782708,RET:M009:510833,De Akkers,510833,,0,,1639148,0,
152914,2871,378782709,RET:M009:510835,De Akkers,510835,,0,,1639148,0,1
152914,2871,378782710,RET:M009:510837,De Akkers,510837,,0,,1639148,0,1
152914,2871,378782711,RET:M009:510839,De Akkers,510839,,0,,1639148,0,1
152914,2871,378782712,RET:M009:510841,De Akkers,510841,,0,,1639148,0,1
152914,2871,378782713,RET:M009:510621,Rotterdam Centraal,510621,,1,,1638674,0,
152914,2871,378782714,RET:M009:510623,Rotterdam Centraal,510623,,1,,1638674,0,
152914,2871,378782715,RET:M009:510625,Rotterdam Centraal,510625,,1,,1638674,0,1
152914,2871,378782716,RET:M009:510627,Rotterdam Centraal,510627,,1,,1638674,0,1
152914,2871,378782717,RET:M009:510629,Rotterdam Centraal,510629,,1,,1638674,0,1
152914,2871,378782718,RET:M009:510631,Rotterdam Centraal,510631,,1,,1638674,0,1
152914,2871,378782719,RET:M009:510633,Rotterdam Centraal,510633,,1,,1638674,0,1
152914,2871,378782720,RET:M009:510635,Rotterdam Centraal,510635,,1,,1638674,0,
152914,2871,378782721,RET:M009:510637,Rotterdam Centraal,510637,,1,,1638674,0,
152914,2871,378782722,RET:M009:510639,Rotterdam Centraal,510639,,1,,1638674,0,1
152914,2871,378782723,RET:M009:510641,Rotterdam Centraal,510641,,1,,1638674,0,1
152914,2871,378782724,RET:M009:510643,Rotterdam Centraal,510643,,1,,1638674,0,1
152914,2871,378782725,RET:M009:510645,Rotterdam Centraal,510645,,1,,1638674,0,1
152914,2871,378782726,RET:M009:510647,Rotterdam Centraal,510647,,1,,1638674,0,1
152914,2871,378782727,RET:M009:510649,Rotterdam Centraal,510649,,1,,1638674,0,1
152914,2871,378782728,RET:M009:510655,Rotterdam Centraal,510655,,1,,1638674,0,
152914,2871,378782729,RET:M009:510657,Rotterdam Centraal,510657,,1,,1638674,0,
152914,2871,378782730,RET:M009:510659,Rotterdam Centraal,510659,,1,,1638674,0,1
152914,2871,378782731,RET:M009:510661,Rotterdam Centraal,510661,,1,,1638674,0,1
152914,2871,378782732,RET:M009:510663,Rotterdam Centraal,510663,,1,,1638674,0,1
152914,2871,378782733,RET:M009:510665,Rotterdam Centraal,510665,,1,,1638674,0,1
152914,2871,378782734,RET:M009:510667,Rotterdam Centraal,510667,,1,,1638674,0,1
152914,2871,378782735,RET:M009:510669,Rotterdam Centraal,510669,,1,,1638674,0,
152914,2871,378782736,RET:M009:510671,Rotterdam Centraal,510671,,1,,1638674,0,
152914,2871,378782737,RET:M009:510673,Rotterdam Centraal,510673,,1,,1638674,0,1
152914,2871,378782738,RET:M009:510677,Rotterdam Centraal,510677,,1,,1638674,0,
152914,2871,378782739,RET:M009:510679,Rotterdam Centraal,510679,,1,,1638674,0,
152914,2871,378782740,RET:M009:510681,Rotterdam Centraal,510681,,1,,1638674,0,
152914,2871,378782741,RET:M009:510683,Rotterdam Centraal,510683,,1,,1638674,0,1
152914,2871,378782742,RET:M009:510685,Rotterdam Centraal,510685,,1,,1638674,0,1
152914,2871,378782743,RET:M009:510687,Rotterdam Centraal,510687,,1,,1638674,0,1
152914,2871,378782744,RET:M009:510689,Rotterdam Centraal,510689,,1,,1638674,0,1
152914,2871,378782745,RET:M009:510691,Rotterdam Centraal,510691,,1,,1638674,0,1
152914,2871,378782746,RET:M009:510693,Rotterdam Centraal,510693,,1,,1638674,0,
152914,2871,378782747,RET:M009:510695,Rotterdam Centraal,510695,,1,,1638674,0,
152914,2871,378782748,RET:M009:510697,Rotterdam Centraal,510697,,1,,1638674,0,1
152914,2871,378782749,RET:M009:510699,Rotterdam Centraal,510699,,1,,1638674,0,1
152914,2871,378782750,RET:M009:510701,Rotterdam Centraal,510701,,1,,1638674,0,1
152914,2871,378782751,RET:M009:510703,Rotterdam Centraal,510703,,1,,1638674,0,1
152914,2871,378782752,RET:M009:510705,Rotterdam Centraal,510705,,1,,1638674,0,1
152914,2871,378782753,RET:M009:510711,Rotterdam Centraal,510711,,1,,1638674,0,
152914,2871,378782754,RET:M009:510713,Rotterdam Centraal,510713,,1,,1638674,0,
152914,2871,378782755,RET:M009:510715,Rotterdam Centraal,510715,,1,,1638674,0,1
152914,2871,378782756,RET:M009:510717,Rotterdam Centraal,510717,,1,,1638674,0,1
152914,2871,378782757,RET:M009:510719,Rotterdam Centraal,510719,,1,,1638674,0,1
152914,2871,378782758,RET:M009:510721,Rotterdam Centraal,510721,,1,,1638674,0,1
152914,2871,378782759,RET:M009:510723,Rotterdam Centraal,510723,,1,,1638674,0,1
152914,2871,378782760,RET:M009:510725,Rotterdam Centraal,510725,,1,,1638674,0,
152914,2871,378782761,RET:M009:510727,Rotterdam Centraal,510727,,1,,1638674,0,
152914,2871,378782762,RET:M009:510731,Rotterdam Centraal,510731,,1,,1638674,0,
152914,2871,378782763,RET:M009:510733,Rotterdam Centraal,510733,,1,,1638674,0,
152914,2871,378782764,RET:M009:510735,Rotterdam Centraal,510735,,1,,1638674,0,
152914,2871,378782765,RET:M009:510737,Rotterdam Centraal,510737,,1,,1638674,0,1
152914,2871,378782766,RET:M009:510739,Rotterdam Centraal,510739,,1,,1638674,0,1
152914,2871,378782767,RET:M009:510741,Rotterdam Centraal,510741,,1,,1638674,0,1
152914,2871,378782768,RET:M009:510743,Rotterdam Centraal,510743,,1,,1638674,0,1
152914,2871,378782769,RET:M009:510745,Rotterdam Centraal,510745,,1,,1638674,0,1
152914,2871,378782770,RET:M009:510747,Rotterdam Centraal,510747,,1,,1638674,0,
152914,2871,378782771,RET:M009:510749,Rotterdam Centraal,510749,,1,,1638674,0,
152914,2871,378782772,RET:M009:510751,Rotterdam Centraal,510751,,1,,1638674,0,1
152914,2871,378782773,RET:M009:510753,Rotterdam Centraal,510753,,1,,1638674,0,1
152914,2871,378782774,RET:M009:510755,Rotterdam Centraal,510755,,1,,1638674,0,1
152914,2871,378782775,RET:M009:510757,Rotterdam Centraal,510757,,1,,1638674,0,1
152914,2871,378782776,RET:M009:510763,Rotterdam Centraal,510763,,1,,1638674,0,
152914,2871,378782777,RET:M009:510765,Rotterdam Centraal,510765,,1,,1638674,0,1
152914,2871,378782778,RET:M009:510767,Rotterdam Centraal,510767,,1,,1638674,0,1
152914,2871,378782779,RET:M009:510769,Rotterdam Centraal,510769,,1,,1638674,0,1
152914,2871,378782780,RET:M009:510771,Rotterdam Centraal,510771,,1,,1638674,0,1
152914,2871,378782781,RET:M009:510773,Rotterdam Centraal,510773,,1,,1638674,0,1
152914,2871,378782782,RET:M009:510775,Rotterdam Centraal,510775,,1,,1638674,0,
152914,2871,378782783,RET:M009:510777,Rotterdam Centraal,510777,,1,,1638674,0,
152914,2871,378782784,RET:M009:510779,Rotterdam Centraal,510779,,1,,1638674,0,
152914,2871,378782785,RET:M009:510781,Rotterdam Centraal,510781,,1,,1638674,0,1
152914,2871,378782786,RET:M009:510783,Rotterdam Centraal,510783,,1,,1638674,0,1
152914,2871,378782787,RET:M009:510785,Rotterdam Centraal,510785,,1,,1638674,0,1
152914,2871,378782788,RET:M009:510787,Rotterdam Centraal,510787,,1,,1638674,0,1
152914,2871,378782789,RET:M009:510789,Rotterdam Centraal,510789,,1,,1638674,0,1
152914,2871,378782790,RET:M009:510793,Rotterdam Centraal,510793,,1,,1638674,0,
152914,2871,378782791,RET:M009:510795,Rotterdam Centraal,510795,,1,,1638674,0,
152914,2871,378782792,RET:M009:510797,Rotterdam Centraal,510797,,1,,1638674,0,
152914,2871,378782793,RET:M009:510799,Rotterdam Centraal,510799,,1,,1638674,0,1
152914,2871,378782794,RET:M009:510801,Rotterdam Centraal,510801,,1,,1638674,0,1
152914,2871,378782795,RET:M009:510803,Rotterdam Centraal,510803,,1,,1638674,0,1
152914,2871,378782796,RET:M009:510805,Rotterdam Centraal,510805,,1,,1638674,0,1
152914,2871,378782797,RET:M009:510807,Rotterdam Centraal,510807,,1,,1638674,0,
152914,2871,378782798,RET:M009:510809,Rotterdam Centraal,510809,,1,,1638674,0,
152914,2871,378782799,RET:M009:510811,Rotterdam Centraal,510811,,1,,1638674,0,
152914,2871,378782800,RET:M009:510816,Rotterdam Centraal,510816,,1,,1638674,0,
152914,2871,378782801,RET:M009:510818,Rotterdam Centraal,510818,,1,,1638674,0,
152914,2871,378782802,RET:M009:510820,Rotterdam Centraal,510820,,1,,1638674,0,1
152914,2871,378782803,RET:M009:510822,Rotterdam Centraal,510822,,1,,1638674,0,1
152914,2871,378782804,RET:M009:510824,Rotterdam Centraal,510824,,1,,1638674,0,1
152914,2871,378782805,RET:M009:510826,Rotterdam Centraal,510826,,1,,1638674,0,1
152914,2871,378782806,RET:M009:510828,Rotterdam Centraal,510828,,1,,1638674,0,1
152914,2871,378782807,RET:M009:510830,Rotterdam Centraal,510830,,1,,1638674,0,
152914,2871,378782808,RET:M009:510832,Rotterdam Centraal,510832,,1,,1638674,0,
152914,2871,378782809,RET:M009:510834,Rotterdam Centraal,510834,,1,,1638674,0,1
152914,2871,378782810,RET:M009:510836,Rotterdam Centraal,510836,,1,,1638674,0,1
152914,2871,378782811,RET:M009:510838,Rotterdam Centraal,510838,,1,,1638674,0,1
152914,2871,378782812,RET:M009:510840,Rotterdam Centraal,510840,,1,,1638674,0,1
152914,2871,378782813,RET:M009:510842,Rotterdam Centraal,510842,,1,,1638674,0,1
152914,2871,378782814,RET:M009:510650,Slinge,510650,,0,,1638837,0,1
152914,2871,378782815,RET:M009:510843,Slinge,510843,,0,,1638837,0,1
152914,2871,378782816,RET:M009:510674,De Akkers,510674,,0,,1638911,0,1
152914,2871,378782817,RET:M009:510812,De Akkers,510812,,0,,1638911,0,1
152914,2871,378782818,RET:M009:510761,Rotterdam Centraal,510761,,1,,1638897,0,
152914,2871,378782819,RET:M009:510815,De Akkers,510815,,0,,1638683,0,
152914,3346,378783594,RET:M009:511934,Rotterdam Centraal,511934,,1,,1638738,0,1
152914,3346,378783595,RET:M009:511964,Rotterdam Centraal,511964,,1,,1638738,0,1
152914,3346,378783596,RET:M009:512024,Rotterdam Centraal,512024,,1,,1638738,0,1
152914,3346,378783597,RET:M009:511935,De Akkers,511935,,0,,1639148,0,1
152914,3346,378783598,RET:M009:511937,De Akkers,511937,,0,,1639148,0,1
152914,3346,378783599,RET:M009:511939,De Akkers,511939,,0,,1639148,0,1
152914,3346,378783600,RET:M009:511941,De Akkers,511941,,0,,1639148,0,1
152914,3346,378783601,RET:M009:511943,De Akkers,511943,,0,,1639148,0,1
152914,3346,378783602,RET:M009:511945,De Akkers,511945,,0,,1639148,0,1
152914,3346,378783603,RET:M009:511947,De Akkers,511947,,0,,1639148,0,1
152914,3346,378783604,RET:M009:511949,De Akkers,511949,,0,,1639148,0,1
152914,3346,378783605,RET:M009:511951,De Akkers,511951,,0,,1639148,0,1
152914,3346,378783606,RET:M009:511953,De Akkers,511953,,0,,1639148,0,1
152914,3346,378783607,RET:M009:511955,De Akkers,511955,,0,,1639148,0,1
152914,3346,378783608,RET:M009:511957,De Akkers,511957,,0,,1639148,0,1
152914,3346,378783609,RET:M009:511959,De Akkers,511959,,0,,1639148,0,1
152914,3346,378783610,RET:M009:511961,De Akkers,511961,,0,,1639148,0,1
152914,3346,378783611,RET:M009:511965,De Akkers,511965,,0,,1639148,0,1
152914,3346,378783612,RET:M009:511967,De Akkers,511967,,0,,1639148,0,1
152914,3346,378783613,RET:M009:511969,De Akkers,511969,,0,,1639148,0,1
152914,3346,378783614,RET:M009:511971,De Akkers,511971,,0,,1639148,0,1
152914,3346,378783615,RET:M009:511973,De Akkers,511973,,0,,1639148,0,1
152914,3346,378783616,RET:M009:511975,De Akkers,511975,,0,,1639148,0,1
152914,3346,378783617,RET:M009:511977,De Akkers,511977,,0,,1639148,0,1
152914,3346,378783618,RET:M009:511979,De Akkers,511979,,0,,1639148,0,1
152914,3346,378783619,RET:M009:511981,De Akkers,511981,,0,,1639148,0,1
152914,3346,378783620,RET:M009:511983,De Akkers,511983,,0,,1639148,0,1
152914,3346,378783621,RET:M009:511985,De Akkers,511985,,0,,1639148,0,1
152914,3346,378783622,RET:M009:511987,De Akkers,511987,,0,,1639148,0,1
152914,3346,378783623,RET:M009:511989,De Akkers,511989,,0,,1639148,0,1
152914,3346,378783624,RET:M009:511991,De Akkers,511991,,0,,1639148,0,1
152914,3346,378783625,RET:M009:511995,De Akkers,511995,,0,,1639148,0,1
152914,3346,378783626,RET:M009:511997,De Akkers,511997,,0,,1639148,0,1
152914,3346,378783627,RET:M009:511999,De Akkers,511999,,0,,1639148,0,1
152914,3346,378783628,RET:M009:512001,De Akkers,512001,,0,,1639148,0,1
152914,3346,378783629,RET:M009:512003,De Akkers,512003,,0,,1639148,0,1
152914,3346,378783630,RET:M009:512005,De Akkers,512005,,0,,1639148,0,1
152914,3346,378783631,RET:M009:512007,De Akkers,512007,,0,,1639148,0,1
152914,3346,378783632,RET:M009:512009,De Akkers,512009,,0,,1639148,0,1
152914,3346,378783633,RET:M009:512011,De Akkers,512011,,0,,1639148,0,1
152914,3346,378783634,RET:M009:512013,De Akkers,512013,,0,,1639148,0,1
152914,3346,378783635,RET:M009:512015,De Akkers,512015,,0,,1639148,0,1
152914,3346,378783636,RET:M009:512017,De Akkers,512017,,0,,1639148,0,1
152914,3346,378783637,RET:M009:512019,De Akkers,512019,,0,,1639148,0,1
152914,3346,378783638,RET:M009:512025,De Akkers,512025,,0,,1639148,0,1
152914,3346,378783639,RET:M009:512027,De Akkers,512027,,0,,1639148,0,1
152914,3346,378783640,RET:M009:512029,De Akkers,512029,,0,,1639148,0,1
152914,3346,378783641,RET:M009:512031,De Akkers,512031,,0,,1639148,0,1
152914,3346,378783642,RET:M009:512033,De Akkers,512033,,0,,1639148,0,1
152914,3346,378783643,RET:M009:512035,De Akkers,512035,,0,,1639148,0,1
152914,3346,378783644,RET:M009:512037,De Akkers,512037,,0,,1639148,0,1
152914,3346,378783645,RET:M009:512039,De Akkers,512039,,0,,1639148,0,1
152914,3346,378783646,RET:M009:512041,De Akkers,512041,,0,,1639148,0,1
152914,3346,378783647,RET:M009:512043,De Akkers,512043,,0,,1639148,0,1
152914,3346,378783648,RET:M009:512045,De Akkers,512045,,0,,1639148,0,1
152914,3346,378783649,RET:M009:512047,De Akkers,512047,,0,,1639148,0,1
152914,3346,378783650,RET:M009:512049,De Akkers,512049,,0,,1639148,0,1
152914,3346,378783651,RET:M009:512055,De Akkers,512055,,0,,1639148,0,1
152914,3346,378783652,RET:M009:512057,De Akkers,512057,,0,,1639148,0,1
152914,3346,378783653,RET:M009:512059,De Akkers,512059,,0,,1639148,0,1
152914,3346,378783654,RET:M009:512061,De Akkers,512061,,0,,1639148,0,1
152914,3346,378783655,RET:M009:512063,De Akkers,512063,,0,,1639148,0,1
152914,3346,378783656,RET:M009:512065,De Akkers,512065,,0,,1639148,0,1
152914,3346,378783657,RET:M009:512067,De Akkers,512067,,0,,1639148,0,1
152914,3346,378783658,RET:M009:512069,De Akkers,512069,,0,,1639148,0,1
152914,3346,378783659,RET:M009:512071,De Akkers,512071,,0,,1639148,0,1
152914,3346,378783660,RET:M009:512073,De Akkers,512073,,0,,1639148,0,1
152914,3346,378783661,RET:M009:512075,De Akkers,512075,,0,,1639148,0,1
152914,3346,378783662,RET:M009:512077,De Akkers,512077,,0,,1639148,0,1
152914,3346,378783663,RET:M009:512079,De Akkers,512079,,0,,1639148,0,1
152914,3346,378783664,RET:M009:511936,Rotterdam Centraal,511936,,1,,1638674,0,1
152914,3346,378783665,RET:M009:511938,Rotterdam Centraal,511938,,1,,1638674,0,1
152914,3346,378783666,RET:M009:511940,Rotterdam Centraal,511940,,1,,1638674,0,1
152914,3346,378783667,RET:M009:511942,Rotterdam Centraal,511942,,1,,1638674,0,1
152914,3346,378783668,RET:M009:511944,Rotterdam Centraal,511944,,1,,1638674,0,1
152914,3346,378783669,RET:M009:511946,Rotterdam Centraal,511946,,1,,1638674,0,1
152914,3346,378783670,RET:M009:511948,Rotterdam Centraal,511948,,1,,1638674,0,1
152914,3346,378783671,RET:M009:511950,Rotterdam Centraal,511950,,1,,1638674,0,1
152914,3346,378783672,RET:M009:511952,Rotterdam Centraal,511952,,1,,1638674,0,1
152914,3346,378783673,RET:M009:511954,Rotterdam Centraal,511954,,1,,1638674,0,1
152914,3346,378783674,RET:M009:511956,Rotterdam Centraal,511956,,1,,1638674,0,1
152914,3346,378783675,RET:M009:511958,Rotterdam Centraal,511958,,1,,1638674,0,1
152914,3346,378783676,RET:M009:511960,Rotterdam Centraal,511960,,1,,1638674,0,1
152914,3346,378783677,RET:M009:511966,Rotterdam Centraal,511966,,1,,1638674,0,1
152914,3346,378783678,RET:M009:511968,Rotterdam Centraal,511968,,1,,1638674,0,1
152914,3346,378783679,RET:M009:511970,Rotterdam Centraal,511970,,1,,1638674,0,1
152914,3346,378783680,RET:M009:511972,Rotterdam Centraal,511972,,1,,1638674,0,1
152914,3346,378783681,RET:M009:511974,Rotterdam Centraal,511974,,1,,1638674,0,1
152914,3346,378783682,RET:M009:511976,Rotterdam Centraal,511976,,1,,1638674,0,1
152914,3346,378783683,RET:M009:511978,Rotterdam Centraal,511978,,1,,1638674,0,1
152914,3346,378783684,RET:M009:511980,Rotterdam Centraal,511980,,1,,1638674,0,1
152914,3346,378783685,RET:M009:511982,Rotterdam Centraal,511982,,1,,1638674,0,1
152914,3346,378783686,RET:M009:511984,Rotterdam Centraal,511984,,1,,1638674,0,1
152914,3346,378783687,RET:M009:511986,Rotterdam Centraal,511986,,1,,1638674,0,1
152914,3346,378783688,RET:M009:511988,Rotterdam Centraal,511988,,1,,1638674,0,1
152914,3346,378783689,RET:M009:511990,Rotterdam Centraal,511990,,1,,1638674,0,1
152914,3346,378783690,RET:M009:511994,Rotterdam Centraal,511994,,1,,1638674,0,1
152914,3346,378783691,RET:M009:511996,Rotterdam Centraal,511996,,1,,1638674,0,1
152914,3346,378783692,RET:M009:511998,Rotterdam Centraal,511998,,1,,1638674,0,1
152914,3346,378783693,RET:M009:512000,Rotterdam Centraal,512000,,1,,1638674,0,1
152914,3346,378783694,RET:M009:512002,Rotterdam Centraal,512002,,1,,1638674,0,1
152914,3346,378783695,RET:M009:512004,Rotterdam Centraal,512004,,1,,1638674,0,1
152914,3346,378783696,RET:M009:512006,Rotterdam Centraal,512006,,1,,1638674,0,1
152914,3346,378783697,RET:M009:512008,Rotterdam Centraal,512008,,1,,1638674,0,1
152914,3346,378783698,RET:M009:512010,Rotterdam Centraal,512010,,1,,1638674,0,1
152914,3346,378783699,RET:M009:512012,Rotterdam Centraal,512012,,1,,1638674,0,1
152914,3346,378783700,RET:M009:512014,Rotterdam Centraal,512014,,1,,1638674,0,1
152914,3346,378783701,RET:M009:512016,Rotterdam Centraal,512016,,1,,1638674,0,1
152914,3346,378783702,RET:M009:512018,Rotterdam Centraal,512018,,1,,1638674,0,1
152914,3346,378783703,RET:M009:512020,Rotterdam Centraal,512020,,1,,1638674,0,1
152914,3346,378783704,RET:M009:512026,Rotterdam Centraal,512026,,1,,1638674,0,1
152914,3346,378783705,RET:M009:512028,Rotterdam Centraal,512028,,1,,1638674,0,1
152914,3346,378783706,RET:M009:512030,Rotterdam Centraal,512030,,1,,1638674,0,1
152914,3346,378783707,RET:M009:512032,Rotterdam Centraal,512032,,1,,1638674,0,1
152914,3346,378783708,RET:M009:512034,Rotterdam Centraal,512034,,1,,1638674,0,1
152914,3346,378783709,RET:M009:512036,Rotterdam Centraal,512036,,1,,1638674,0,1
152914,3346,378783710,RET:M009:512038,Rotterdam Centraal,512038,,1,,1638674,0,1
152914,3346,378783711,RET:M009:512040,Rotterdam Centraal,512040,,1,,1638674,0,1
152914,3346,378783712,RET:M009:512042,Rotterdam Centraal,512042,,1,,1638674,0,1
152914,3346,378783713,RET:M009:512044,Rotterdam Centraal,512044,,1,,1638674,0,1
152914,3346,378783714,RET:M009:512046,Rotterdam Centraal,512046,,1,,1638674,0,1
152914,3346,378783715,RET:M009:512048,Rotterdam Centraal,512048,,1,,1638674,0,1
152914,3346,378783716,RET:M009:512050,Rotterdam Centraal,512050,,1,,1638674,0,1
152914,3346,378783717,RET:M009:512054,Rotterdam Centraal,512054,,1,,1638674,0,1
152914,3346,378783718,RET:M009:512056,Rotterdam Centraal,512056,,1,,1638674,0,1
152914,3346,378783719,RET:M009:512058,Rotterdam Centraal,512058,,1,,1638674,0,1
152914,3346,378783720,RET:M009:512060,Rotterdam Centraal,512060,,1,,1638674,0,1
152914,3346,378783721,RET:M009:512062,Rotterdam Centraal,512062,,1,,1638674,0,1
152914,3346,378783722,RET:M009:512064,Rotterdam Centraal,512064,,1,,1638674,0,1
152914,3346,378783723,RET:M009:512066,Rotterdam Centraal,512066,,1,,1638674,0,1
152914,3346,378783724,RET:M009:512068,Rotterdam Centraal,512068,,1,,1638674,0,1
152914,3346,378783725,RET:M009:512070,Rotterdam Centraal,512070,,1,,1638674,0,1
152914,3346,378783726,RET:M009:512072,Rotterdam Centraal,512072,,1,,1638674,0,1
152914,3346,378783727,RET:M009:512074,Rotterdam Centraal,512074,,1,,1638674,0,1
152914,3346,378783728,RET:M009:512076,Rotterdam Centraal,512076,,1,,1638674,0,1
152914,3346,378783729,RET:M009:512078,Rotterdam Centraal,512078,,1,,1638674,0,1
152914,3346,378783730,RET:M009:512021,Slinge,512021,,0,,1638837,0,1
152914,3346,378783731,RET:M009:512051,Slinge,512051,,0,,1638837,0,1
152914,2988,378784516,RET:M009:515003,Rotterdam Centraal,515003,,1,,1638738,0,1
152914,2988,378784517,RET:M009:515035,Rotterdam Centraal,515035,,1,,1638738,0,1
152914,2988,378784518,RET:M009:515065,Rotterdam Centraal,515065,,1,,1638738,0,1
152914,2988,378784519,RET:M009:515109,Rotterdam Centraal,515109,,1,,1638738,0,1
152914,2988,378784520,RET:M009:515004,De Akkers,515004,,0,,1639148,0,1
152914,2988,378784521,RET:M009:515006,De Akkers,515006,,0,,1639148,0,1
152914,2988,378784522,RET:M009:515008,De Akkers,515008,,0,,1639148,0,1
152914,2988,378784523,RET:M009:515010,De Akkers,515010,,0,,1639148,0,1
152914,2988,378784524,RET:M009:515012,De Akkers,515012,,0,,1639148,0,1
152914,2988,378784525,RET:M009:515014,De Akkers,515014,,0,,1639148,0,1
152914,2988,378784526,RET:M009:515016,De Akkers,515016,,0,,1639148,0,1
152914,2988,378784527,RET:M009:515018,De Akkers,515018,,0,,1639148,0,1
152914,2988,378784528,RET:M009:515020,De Akkers,515020,,0,,1639148,0,1
152914,2988,378784529,RET:M009:515022,De Akkers,515022,,0,,1639148,0,1
152914,2988,378784530,RET:M009:515024,De Akkers,515024,,0,,1639148,0,1
152914,2988,378784531,RET:M009:515026,De Akkers,515026,,0,,1639148,0,1
152914,2988,378784532,RET:M009:515028,De Akkers,515028,,0,,1639148,0,1
152914,2988,378784533,RET:M009:515030,De Akkers,515030,,0,,1639148,0,1
152914,2988,378784534,RET:M009:515036,De Akkers,515036,,0,,1639148,0,1
152914,2988,378784535,RET:M009:515038,De Akkers,515038,,0,,1639148,0,1
152914,2988,378784536,RET:M009:515040,De Akkers,515040,,0,,1639148,0,1
152914,2988,378784537,RET:M009:515042,De Akkers,515042,,0,,1639148,0,1
152914,2988,378784538,RET:M009:515044,De Akkers,515044,,0,,1639148,0,1
152914,2988,378784539,RET:M009:515046,De Akkers,515046,,0,,1639148,0,1
152914,2988,378784540,RET:M009:515048,De Akkers,515048,,0,,1639148,0,1
152914,2988,378784541,RET:M009:515050,De Akkers,515050,,0,,1639148,0,1
152914,2988,378784542,RET:M009:515052,De Akkers,515052,,0,,1639148,0,1
152914,2988,378784543,RET:M009:515054,De Akkers,515054,,0,,1639148,0,1
152914,2988,378784544,RET:M009:515056,De Akkers,515056,,0,,1639148,0,1
152914,2988,378784545,RET:M009:515058,De Akkers,515058,,0,,1639148,0,1
152914,2988,378784546,RET:M009:515060,De Akkers,515060,,0,,1639148,0,1
152914,2988,378784547,RET:M009:515062,De Akkers,515062,,0,,1639148,0,1
152914,2988,378784548,RET:M009:515066,De Akkers,515066,,0,,1639148,0,1
152914,2988,378784549,RET:M009:515068,De Akkers,515068,,0,,1639148,0,1
152914,2988,378784550,RET:M009:515070,De Akkers,515070,,0,,1639148,0,1
152914,2988,378784551,RET:M009:515072,De Akkers,515072,,0,,1639148,0,1
152914,2988,378784552,RET:M009:515074,De Akkers,515074,,0,,1639148,0,1
152914,2988,378784553,RET:M009:515076,De Akkers,515076,,0,,1639148,0,1
152914,2988,378784554,RET:M009:515078,De Akkers,515078,,0,,1639148,0,1
152914,2988,378784555,RET:M009:515080,De Akkers,515080,,0,,1639148,0,1
152914,2988,378784556,RET:M009:515082,De Akkers,515082,,0,,1639148,0,1
152914,2988,378784557,RET:M009:515088,De Akkers,515088,,0,,1639148,0,1
152914,2988,378784558,RET:M009:515090,De Akkers,515090,,0,,1639148,0,1
152914,2988,378784559,RET:M009:515092,De Akkers,515092,,0,,1639148,0,1
152914,2988,378784560,RET:M009:515094,De Akkers,515094,,0,,1639148,0,1
152914,2988,378784561,RET:M009:515096,De Akkers,515096,,0,,1639148,0,1
152914,2988,378784562,RET:M009:515098,De Akkers,515098,,0,,1639148,0,1
152914,2988,378784563,RET:M009:515100,De Akkers,515100,,0,,1639148,0,1
152914,2988,378784564,RET:M009:515102,De Akkers,515102,,0,,1639148,0,1
152914,2988,378784565,RET:M009:515104,De Akkers,515104,,0,,1639148,0,1
152914,2988,378784566,RET:M009:515110,De Akkers,515110,,0,,1639148,0,1
152914,2988,378784567,RET:M009:515112,De Akkers,515112,,0,,1639148,0,1
152914,2988,378784568,RET:M009:515114,De Akkers,515114,,0,,1639148,0,1
152914,2988,378784569,RET:M009:515116,De Akkers,515116,,0,,1639148,0,1
152914,2988,378784570,RET:M009:515118,De Akkers,515118,,0,,1639148,0,1
152914,2988,378784571,RET:M009:515120,De Akkers,515120,,0,,1639148,0,1
152914,2988,378784572,RET:M009:515122,De Akkers,515122,,0,,1639148,0,1
152914,2988,378784573,RET:M009:515124,De Akkers,515124,,0,,1639148,0,1
152914,2988,378784574,RET:M009:515126,De Akkers,515126,,0,,1639148,0,1
152914,2988,378784575,RET:M009:515128,De Akkers,515128,,0,,1639148,0,1
152914,2988,378784576,RET:M009:515130,De Akkers,515130,,0,,1639148,0,1
152914,2988,378784577,RET:M009:515132,De Akkers,515132,,0,,1639148,0,1
152914,2988,378784578,RET:M009:515134,De Akkers,515134,,0,,1639148,0,1
152914,2988,378784579,RET:M009:515136,De Akkers,515136,,0,,1639148,0,1
152914,2988,378784580,RET:M009:515142,De Akkers,515142,,0,,1639148,0,1
152914,2988,378784581,RET:M009:515144,De Akkers,515144,,0,,1639148,0,1
152914,2988,378784582,RET:M009:515146,De Akkers,515146,,0,,1639148,0,1
152914,2988,378784583,RET:M009:515148,De Akkers,515148,,0,,1639148,0,1
152914,2988,378784584,RET:M009:515150,De Akkers,515150,,0,,1639148,0,1
152914,2988,378784585,RET:M009:515152,De Akkers,515152,,0,,1639148,0,1
152914,2988,378784586,RET:M009:515154,De Akkers,515154,,0,,1639148,0,1
152914,2988,378784587,RET:M009:515156,De Akkers,515156,,0,,1639148,0,1
152914,2988,378784588,RET:M009:515158,De Akkers,515158,,0,,1639148,0,1
152914,2988,378784589,RET:M009:515160,De Akkers,515160,,0,,1639148,0,1
152914,2988,378784590,RET:M009:515162,De Akkers,515162,,0,,1639148,0,1
152914,2988,378784591,RET:M009:515164,De Akkers,515164,,0,,1639148,0,1
152914,2988,378784592,RET:M009:515170,De Akkers,515170,,0,,1639148,0,1
152914,2988,378784593,RET:M009:515172,De Akkers,515172,,0,,1639148,0,1
152914,2988,378784594,RET:M009:515174,De Akkers,515174,,0,,1639148,0,1
152914,2988,378784595,RET:M009:515176,De Akkers,515176,,0,,1639148,0,1
152914,2988,378784596,RET:M009:515178,De Akkers,515178,,0,,1639148,0,1
152914,2988,378784597,RET:M009:515180,De Akkers,515180,,0,,1639148,0,1
152914,2988,378784598,RET:M009:515184,De Akkers,515184,,0,,1639148,0,1
152914,2988,378784599,RET:M009:515186,De Akkers,515186,,0,,1639148,0,1
152914,2988,378784600,RET:M009:515188,De Akkers,515188,,0,,1639148,0,1
152914,2988,378784601,RET:M009:515190,De Akkers,515190,,0,,1639148,0,1
152914,2988,378784602,RET:M009:515192,De Akkers,515192,,0,,1639148,0,1
152914,2988,378784603,RET:M009:515194,De Akkers,515194,,0,,1639148,0,1
152914,2988,378784604,RET:M009:515196,De Akkers,515196,,0,,1639148,0,1
152914,2988,378784605,RET:M009:515198,De Akkers,515198,,0,,1639148,0,1
152914,2988,378784606,RET:M009:515200,De Akkers,515200,,0,,1639148,0,1
152914,2988,378784607,RET:M009:515202,De Akkers,515202,,0,,1639148,0,1
152914,2988,378784608,RET:M009:515204,De Akkers,515204,,0,,1639148,0,1
152914,2988,378784609,RET:M009:515206,De Akkers,515206,,0,,1639148,0,1
152914,2988,378784610,RET:M009:515005,Rotterdam Centraal,515005,,1,,1638674,0,1
152914,2988,378784611,RET:M009:515007,Rotterdam Centraal,515007,,1,,1638674,0,1
152914,2988,378784612,RET:M009:515009,Rotterdam Centraal,515009,,1,,1638674,0,1
152914,2988,378784613,RET:M009:515011,Rotterdam Centraal,515011,,1,,1638674,0,1
152914,2988,378784614,RET:M009:515013,Rotterdam Centraal,515013,,1,,1638674,0,1
152914,2988,378784615,RET:M009:515015,Rotterdam Centraal,515015,,1,,1638674,0,1
152914,2988,378784616,RET:M009:515017,Rotterdam Centraal,515017,,1,,1638674,0,1
152914,2988,378784617,RET:M009:515019,Rotterdam Centraal,515019,,1,,1638674,0,1
152914,2988,378784618,RET:M009:515021,Rotterdam Centraal,515021,,1,,1638674,0,1
152914,2988,378784619,RET:M009:515023,Rotterdam Centraal,515023,,1,,1638674,0,1
152914,2988,378784620,RET:M009:515025,Rotterdam Centraal,515025,,1,,1638674,0,1
152914,2988,378784621,RET:M009:515027,Rotterdam Centraal,515027,,1,,1638674,0,1
152914,2988,378784622,RET:M009:515029,Rotterdam Centraal,515029,,1,,1638674,0,1
152914,2988,378784623,RET:M009:515031,Rotterdam Centraal,515031,,1,,1638674,0,1
152914,2988,378784624,RET:M009:515037,Rotterdam Centraal,515037,,1,,1638674,0,1
152914,2988,378784625,RET:M009:515039,Rotterdam Centraal,515039,,1,,1638674,0,1
152914,2988,378784626,RET:M009:515041,Rotterdam Centraal,515041,,1,,1638674,0,1
152914,2988,378784627,RET:M009:515043,Rotterdam Centraal,515043,,1,,1638674,0,1
152914,2988,378784628,RET:M009:515045,Rotterdam Centraal,515045,,1,,1638674,0,1
152914,2988,378784629,RET:M009:515047,Rotterdam Centraal,515047,,1,,1638674,0,1
152914,2988,378784630,RET:M009:515049,Rotterdam Centraal,515049,,1,,1638674,0,1
152914,2988,378784631,RET:M009:515051,Rotterdam Centraal,515051,,1,,1638674,0,1
152914,2988,378784632,RET:M009:515053,Rotterdam Centraal,515053,,1,,1638674,0,1
152914,2988,378784633,RET:M009:515055,Rotterdam Centraal,515055,,1,,1638674,0,1
152914,2988,378784634,RET:M009:515057,Rotterdam Centraal,515057,,1,,1638674,0,1
152914,2988,378784635,RET:M009:515059,Rotterdam Centraal,515059,,1,,1638674,0,1
152914,2988,378784636,RET:M009:515061,Rotterdam Centraal,515061,,1,,1638674,0,1
152914,2988,378784637,RET:M009:515067,Rotterdam Centraal,515067,,1,,1638674,0,1
152914,2988,378784638,RET:M009:515069,Rotterdam Centraal,515069,,1,,1638674,0,1
152914,2988,378784639,RET:M009:515071,Rotterdam Centraal,515071,,1,,1638674,0,1
152914,2988,378784640,RET:M009:515073,Rotterdam Centraal,515073,,1,,1638674,0,1
152914,2988,378784641,RET:M009:515075,Rotterdam Centraal,515075,,1,,1638674,0,1
152914,2988,378784642,RET:M009:515077,Rotterdam Centraal,515077,,1,,1638674,0,1
152914,2988,378784643,RET:M009:515079,Rotterdam Centraal,515079,,1,,1638674,0,1
152914,2988,378784644,RET:M009:515081,Rotterdam Centraal,515081,,1,,1638674,0,1
152914,2988,378784645,RET:M009:515083,Rotterdam Centraal,515083,,1,,1638674,0,1
152914,2988,378784646,RET:M009:515087,Rotterdam Centraal,515087,,1,,1638674,0,1
152914,2988,378784647,RET:M009:515089,Rotterdam Centraal,515089,,1,,1638674,0,1
152914,2988,378784648,RET:M009:515091,Rotterdam Centraal,515091,,1,,1638674,0,1
152914,2988,378784649,RET:M009:515093,Rotterdam Centraal,515093,,1,,1638674,0,1
152914,2988,378784650,RET:M009:515095,Rotterdam Centraal,515095,,1,,1638674,0,1
152914,2988,378784651,RET:M009:515097,Rotterdam Centraal,515097,,1,,1638674,0,1
152914,2988,378784652,RET:M009:515099,Rotterdam Centraal,515099,,1,,1638674,0,1
152914,2988,378784653,RET:M009:515101,Rotterdam Centraal,515101,,1,,1638674,0,1
152914,2988,378784654,RET:M009:515103,Rotterdam Centraal,515103,,1,,1638674,0,1
152914,2988,378784655,RET:M009:515105,Rotterdam Centraal,515105,,1,,1638674,0,1
152914,2988,378784656,RET:M009:515111,Rotterdam Centraal,515111,,1,,1638674,0,1
152914,2988,378784657,RET:M009:515113,Rotterdam Centraal,515113,,1,,1638674,0,1
152914,2988,378784658,RET:M009:515115,Rotterdam Centraal,515115,,1,,1638674,0,1
152914,2988,378784659,RET:M009:515117,Rotterdam Centraal,515117,,1,,1638674,0,1
152914,2988,378784660,RET:M009:515119,Rotterdam Centraal,515119,,1,,1638674,0,1
152914,2988,378784661,RET:M009:515121,Rotterdam Centraal,515121,,1,,1638674,0,1
152914,2988,378784662,RET:M009:515123,Rotterdam Centraal,515123,,1,,1638674,0,1
152914,2988,378784663,RET:M009:515125,Rotterdam Centraal,515125,,1,,1638674,0,1
152914,2988,378784664,RET:M009:515127,Rotterdam Centraal,515127,,1,,1638674,0,1
152914,2988,378784665,RET:M009:515129,Rotterdam Centraal,515129,,1,,1638674,0,1
152914,2988,378784666,RET:M009:515131,Rotterdam Centraal,515131,,1,,1638674,0,1
152914,2988,378784667,RET:M009:515133,Rotterdam Centraal,515133,,1,,1638674,0,1
152914,2988,378784668,RET:M009:515135,Rotterdam Centraal,515135,,1,,1638674,0,1
152914,2988,378784669,RET:M009:515137,Rotterdam Centraal,515137,,1,,1638674,0,1
152914,2988,378784670,RET:M009:515141,Rotterdam Centraal,515141,,1,,1638674,0,1
152914,2988,378784671,RET:M009:515143,Rotterdam Centraal,515143,,1,,1638674,0,1
152914,2988,378784672,RET:M009:515145,Rotterdam Centraal,515145,,1,,1638674,0,1
152914,2988,378784673,RET:M009:515147,Rotterdam Centraal,515147,,1,,1638674,0,1
152914,2988,378784674,RET:M009:515149,Rotterdam Centraal,515149,,1,,1638674,0,1
152914,2988,378784675,RET:M009:515151,Rotterdam Centraal,515151,,1,,1638674,0,1
152914,2988,378784676,RET:M009:515153,Rotterdam Centraal,515153,,1,,1638674,0,1
152914,2988,378784677,RET:M009:515155,Rotterdam Centraal,515155,,1,,1638674,0,1
152914,2988,378784678,RET:M009:515157,Rotterdam Centraal,515157,,1,,1638674,0,1
152914,2988,378784679,RET:M009:515159,Rotterdam Centraal,515159,,1,,1638674,0,1
152914,2988,378784680,RET:M009:515161,Rotterdam Centraal,515161,,1,,1638674,0,1
152914,2988,378784681,RET:M009:515163,Rotterdam Centraal,515163,,1,,1638674,0,1
152914,2988,378784682,RET:M009:515169,Rotterdam Centraal,515169,,1,,1638674,0,1
152914,2988,378784683,RET:M009:515171,Rotterdam Centraal,515171,,1,,1638674,0,1
152914,2988,378784684,RET:M009:515173,Rotterdam Centraal,515173,,1,,1638674,0,1
152914,2988,378784685,RET:M009:515175,Rotterdam Centraal,515175,,1,,1638674,0,1
152914,2988,378784686,RET:M009:515177,Rotterdam Centraal,515177,,1,,1638674,0,1
152914,2988,378784687,RET:M009:515179,Rotterdam Centraal,515179,,1,,1638674,0,1
152914,2988,378784688,RET:M009:515183,Rotterdam Centraal,515183,,1,,1638674,0,1
152914,2988,378784689,RET:M009:515185,Rotterdam Centraal,515185,,1,,1638674,0,1
152914,2988,378784690,RET:M009:515187,Rotterdam Centraal,515187,,1,,1638674,0,1
152914,2988,378784691,RET:M009:515189,Rotterdam Centraal,515189,,1,,1638674,0,1
152914,2988,378784692,RET:M009:515191,Rotterdam Centraal,515191,,1,,1638674,0,1
152914,2988,378784693,RET:M009:515193,Rotterdam Centraal,515193,,1,,1638674,0,1
152914,2988,378784694,RET:M009:515195,Rotterdam Centraal,515195,,1,,1638674,0,1
152914,2988,378784695,RET:M009:515197,Rotterdam Centraal,515197,,1,,1638674,0,1
152914,2988,378784696,RET:M009:515199,Rotterdam Centraal,515199,,1,,1638674,0,1
152914,2988,378784697,RET:M009:515201,Rotterdam Centraal,515201,,1,,1638674,0,1
152914,2988,378784698,RET:M009:515203,Rotterdam Centraal,515203,,1,,1638674,0,1
152914,2988,378784699,RET:M009:515205,Rotterdam Centraal,515205,,1,,1638674,0,1
152914,2988,378784700,RET:M009:515032,Slinge,515032,,0,,1638837,0,1
152914,2988,378784701,RET:M009:515138,Slinge,515138,,0,,1638837,0,1
152914,2988,378784702,RET:M009:515084,De Akkers,515084,,0,,1638911,0,1
152914,2988,378784703,RET:M009:515106,De Akkers,515106,,0,,1638911,0,1
152914,2988,378784704,RET:M009:515167,Rotterdam Centraal,515167,,1,,1638933,0,1
152914,2988,378784705,RET:M009:515168,De Akkers,515168,,0,,1638864,0,1
152914,3030,378785318,RET:M009:515983,Rotterdam Centraal,515983,,1,,1638738,0,1
152914,3030,378785319,RET:M009:516013,Rotterdam Centraal,516013,,1,,1638738,0,1
152914,3030,378785320,RET:M009:516073,Rotterdam Centraal,516073,,1,,1638738,0,1
152914,3030,378785321,RET:M009:515984,De Akkers,515984,,0,,1639148,0,1
152914,3030,378785322,RET:M009:515986,De Akkers,515986,,0,,1639148,0,1
152914,3030,378785323,RET:M009:515988,De Akkers,515988,,0,,1639148,0,1
152914,3030,378785324,RET:M009:515990,De Akkers,515990,,0,,1639148,0,1
152914,3030,378785325,RET:M009:515992,De Akkers,515992,,0,,1639148,0,1
152914,3030,378785326,RET:M009:515994,De Akkers,515994,,0,,1639148,0,1
152914,3030,378785327,RET:M009:515996,De Akkers,515996,,0,,1639148,0,1
152914,3030,378785328,RET:M009:515998,De Akkers,515998,,0,,1639148,0,1
152914,3030,378785329,RET:M009:516000,De Akkers,516000,,0,,1639148,0,1
152914,3030,378785330,RET:M009:516002,De Akkers,516002,,0,,1639148,0,1
152914,3030,378785331,RET:M009:516004,De Akkers,516004,,0,,1639148,0,1
152914,3030,378785332,RET:M009:516006,De Akkers,516006,,0,,1639148,0,1
152914,3030,378785333,RET:M009:516008,De Akkers,516008,,0,,1639148,0,1
152914,3030,378785334,RET:M009:516010,De Akkers,516010,,0,,1639148,0,1
152914,3030,378785335,RET:M009:516014,De Akkers,516014,,0,,1639148,0,1
152914,3030,378785336,RET:M009:516016,De Akkers,516016,,0,,1639148,0,1
152914,3030,378785337,RET:M009:516018,De Akkers,516018,,0,,1639148,0,1
152914,3030,378785338,RET:M009:516020,De Akkers,516020,,0,,1639148,0,1
152914,3030,378785339,RET:M009:516022,De Akkers,516022,,0,,1639148,0,1
152914,3030,378785340,RET:M009:516024,De Akkers,516024,,0,,1639148,0,1
152914,3030,378785341,RET:M009:516026,De Akkers,516026,,0,,1639148,0,1
152914,3030,378785342,RET:M009:516028,De Akkers,516028,,0,,1639148,0,1
152914,3030,378785343,RET:M009:516030,De Akkers,516030,,0,,1639148,0,1
152914,3030,378785344,RET:M009:516032,De Akkers,516032,,0,,1639148,0,1
152914,3030,378785345,RET:M009:516034,De Akkers,516034,,0,,1639148,0,1
152914,3030,378785346,RET:M009:516036,De Akkers,516036,,0,,1639148,0,1
152914,3030,378785347,RET:M009:516038,De Akkers,516038,,0,,1639148,0,1
152914,3030,378785348,RET:M009:516040,De Akkers,516040,,0,,1639148,0,1
152914,3030,378785349,RET:M009:516044,De Akkers,516044,,0,,1639148,0,1
152914,3030,378785350,RET:M009:516046,De Akkers,516046,,0,,1639148,0,1
152914,3030,378785351,RET:M009:516048,De Akkers,516048,,0,,1639148,0,1
152914,3030,378785352,RET:M009:516050,De Akkers,516050,,0,,1639148,0,1
152914,3030,378785353,RET:M009:516052,De Akkers,516052,,0,,1639148,0,1
152914,3030,378785354,RET:M009:516054,De Akkers,516054,,0,,1639148,0,1
152914,3030,378785355,RET:M009:516056,De Akkers,516056,,0,,1639148,0,1
152914,3030,378785356,RET:M009:516058,De Akkers,516058,,0,,1639148,0,1
152914,3030,378785357,RET:M009:516060,De Akkers,516060,,0,,1639148,0,1
152914,3030,378785358,RET:M009:516062,De Akkers,516062,,0,,1639148,0,1
152914,3030,378785359,RET:M009:516064,De Akkers,516064,,0,,1639148,0,1
152914,3030,378785360,RET:M009:516066,De Akkers,516066,,0,,1639148,0,1
152914,3030,378785361,RET:M009:516068,De Akkers,516068,,0,,1639148,0,1
152914,3030,378785362,RET:M009:516074,De Akkers,516074,,0,,1639148,0,1
152914,3030,378785363,RET:M009:516076,De Akkers,516076,,0,,1639148,0,1
152914,3030,378785364,RET:M009:516078,De Akkers,516078,,0,,1639148,0,1
152914,3030,378785365,RET:M009:516080,De Akkers,516080,,0,,1639148,0,1
152914,3030,378785366,RET:M009:516082,De Akkers,516082,,0,,1639148,0,1
152914,3030,378785367,RET:M009:516084,De Akkers,516084,,0,,1639148,0,1
152914,3030,378785368,RET:M009:516086,De Akkers,516086,,0,,1639148,0,1
152914,3030,378785369,RET:M009:516088,De Akkers,516088,,0,,1639148,0,1
152914,3030,378785370,RET:M009:516090,De Akkers,516090,,0,,1639148,0,1
152914,3030,378785371,RET:M009:516092,De Akkers,516092,,0,,1639148,0,1
152914,3030,378785372,RET:M009:516094,De Akkers,516094,,0,,1639148,0,1
152914,3030,378785373,RET:M009:516096,De Akkers,516096,,0,,1639148,0,1
152914,3030,378785374,RET:M009:516098,De Akkers,516098,,0,,1639148,0,1
152914,3030,378785375,RET:M009:516104,De Akkers,516104,,0,,1639148,0,1
152914,3030,378785376,RET:M009:516106,De Akkers,516106,,0,,1639148,0,1
152914,3030,378785377,RET:M009:516108,De Akkers,516108,,0,,1639148,0,1
152914,3030,378785378,RET:M009:516110,De Akkers,516110,,0,,1639148,0,1
152914,3030,378785379,RET:M009:516112,De Akkers,516112,,0,,1639148,0,1
152914,3030,378785380,RET:M009:516114,De Akkers,516114,,0,,1639148,0,1
152914,3030,378785381,RET:M009:516116,De Akkers,516116,,0,,1639148,0,1
152914,3030,378785382,RET:M009:516118,De Akkers,516118,,0,,1639148,0,1
152914,3030,378785383,RET:M009:516120,De Akkers,516120,,0,,1639148,0,1
152914,3030,378785384,RET:M009:516122,De Akkers,516122,,0,,1639148,0,1
152914,3030,378785385,RET:M009:516124,De Akkers,516124,,0,,1639148,0,1
152914,3030,378785386,RET:M009:516126,De Akkers,516126,,0,,1639148,0,1
152914,3030,378785387,RET:M009:516128,De Akkers,516128,,0,,1639148,0,1
152914,3030,378785388,RET:M009:515985,Rotterdam Centraal,515985,,1,,1638674,0,1
152914,3030,378785389,RET:M009:515987,Rotterdam Centraal,515987,,1,,1638674,0,1
152914,3030,378785390,RET:M009:515989,Rotterdam Centraal,515989,,1,,1638674,0,1
152914,3030,378785391,RET:M009:515991,Rotterdam Centraal,515991,,1,,1638674,0,1
152914,3030,378785392,RET:M009:515993,Rotterdam Centraal,515993,,1,,1638674,0,1
152914,3030,378785393,RET:M009:515995,Rotterdam Centraal,515995,,1,,1638674,0,1
152914,3030,378785394,RET:M009:515997,Rotterdam Centraal,515997,,1,,1638674,0,1
152914,3030,378785395,RET:M009:515999,Rotterdam Centraal,515999,,1,,1638674,0,1
152914,3030,378785396,RET:M009:516001,Rotterdam Centraal,516001,,1,,1638674,0,1
152914,3030,378785397,RET:M009:516003,Rotterdam Centraal,516003,,1,,1638674,0,1
152914,3030,378785398,RET:M009:516005,Rotterdam Centraal,516005,,1,,1638674,0,1
152914,3030,378785399,RET:M009:516007,Rotterdam Centraal,516007,,1,,1638674,0,1
152914,3030,378785400,RET:M009:516009,Rotterdam Centraal,516009,,1,,1638674,0,1
152914,3030,378785401,RET:M009:516015,Rotterdam Centraal,516015,,1,,1638674,0,1
152914,3030,378785402,RET:M009:516017,Rotterdam Centraal,516017,,1,,1638674,0,1
152914,3030,378785403,RET:M009:516019,Rotterdam Centraal,516019,,1,,1638674,0,1
152914,3030,378785404,RET:M009:516021,Rotterdam Centraal,516021,,1,,1638674,0,1
152914,3030,378785405,RET:M009:516023,Rotterdam Centraal,516023,,1,,1638674,0,1
152914,3030,378785406,RET:M009:516025,Rotterdam Centraal,516025,,1,,1638674,0,1
152914,3030,378785407,RET:M009:516027,Rotterdam Centraal,516027,,1,,1638674,0,1
152914,3030,378785408,RET:M009:516029,Rotterdam Centraal,516029,,1,,1638674,0,1
152914,3030,378785409,RET:M009:516031,Rotterdam Centraal,516031,,1,,1638674,0,1
152914,3030,378785410,RET:M009:516033,Rotterdam Centraal,516033,,1,,1638674,0,1
152914,3030,378785411,RET:M009:516035,Rotterdam Centraal,516035,,1,,1638674,0,1
152914,3030,378785412,RET:M009:516037,Rotterdam Centraal,516037,,1,,1638674,0,1
152914,3030,378785413,RET:M009:516039,Rotterdam Centraal,516039,,1,,1638674,0,1
152914,3030,378785414,RET:M009:516043,Rotterdam Centraal,516043,,1,,1638674,0,1
152914,3030,378785415,RET:M009:516045,Rotterdam Centraal,516045,,1,,1638674,0,1
152914,3030,378785416,RET:M009:516047,Rotterdam Centraal,516047,,1,,1638674,0,1
152914,3030,378785417,RET:M009:516049,Rotterdam Centraal,516049,,1,,1638674,0,1
152914,3030,378785418,RET:M009:516051,Rotterdam Centraal,516051,,1,,1638674,0,1
152914,3030,378785419,RET:M009:516053,Rotterdam Centraal,516053,,1,,1638674,0,1
152914,3030,378785420,RET:M009:516055,Rotterdam Centraal,516055,,1,,1638674,0,1
152914,3030,378785421,RET:M009:516057,Rotterdam Centraal,516057,,1,,1638674,0,1
152914,3030,378785422,RET:M009:516059,Rotterdam Centraal,516059,,1,,1638674,0,1
152914,3030,378785423,RET:M009:516061,Rotterdam Centraal,516061,,1,,1638674,0,1
152914,3030,378785424,RET:M009:516063,Rotterdam Centraal,516063,,1,,1638674,0,1
152914,3030,378785425,RET:M009:516065,Rotterdam Centraal,516065,,1,,1638674,0,1
152914,3030,378785426,RET:M009:516067,Rotterdam Centraal,516067,,1,,1638674,0,1
152914,3030,378785427,RET:M009:516069,Rotterdam Centraal,516069,,1,,1638674,0,1
152914,3030,378785428,RET:M009:516075,Rotterdam Centraal,516075,,1,,1638674,0,1
152914,3030,378785429,RET:M009:516077,Rotterdam Centraal,516077,,1,,1638674,0,1
152914,3030,378785430,RET:M009:516079,Rotterdam Centraal,516079,,1,,1638674,0,1
152914,3030,378785431,RET:M009:516081,Rotterdam Centraal,516081,,1,,1638674,0,1
152914,3030,378785432,RET:M009:516083,Rotterdam Centraal,516083,,1,,1638674,0,1
152914,3030,378785433,RET:M009:516085,Rotterdam Centraal,516085,,1,,1638674,0,1
152914,3030,378785434,RET:M009:516087,Rotterdam Centraal,516087,,1,,1638674,0,1
152914,3030,378785435,RET:M009:516089,Rotterdam Centraal,516089,,1,,1638674,0,1
152914,3030,378785436,RET:M009:516091,Rotterdam Centraal,516091,,1,,1638674,0,1
152914,3030,378785437,RET:M009:516093,Rotterdam Centraal,516093,,1,,1638674,0,1
152914,3030,378785438,RET:M009:516095,Rotterdam Centraal,516095,,1,,1638674,0,1
152914,3030,378785439,RET:M009:516097,Rotterdam Centraal,516097,,1,,1638674,0,1
152914,3030,378785440,RET:M009:516099,Rotterdam Centraal,516099,,1,,1638674,0,1
152914,3030,378785441,RET:M009:516103,Rotterdam Centraal,516103,,1,,1638674,0,1
152914,3030,378785442,RET:M009:516105,Rotterdam Centraal,516105,,1,,1638674,0,1
152914,3030,378785443,RET:M009:516107,Rotterdam Centraal,516107,,1,,1638674,0,1
152914,3030,378785444,RET:M009:516109,Rotterdam Centraal,516109,,1,,1638674,0,1
152914,3030,378785445,RET:M009:516111,Rotterdam Centraal,516111,,1,,1638674,0,1
152914,3030,378785446,RET:M009:516113,Rotterdam Centraal,516113,,1,,1638674,0,1
152914,3030,378785447,RET:M009:516115,Rotterdam Centraal,516115,,1,,1638674,0,1
152914,3030,378785448,RET:M009:516117,Rotterdam Centraal,516117,,1,,1638674,0,1
152914,3030,378785449,RET:M009:516119,Rotterdam Centraal,516119,,1,,1638674,0,1
152914,3030,378785450,RET:M009:516121,Rotterdam Centraal,516121,,1,,1638674,0,1
152914,3030,378785451,RET:M009:516123,Rotterdam Centraal,516123,,1,,1638674,0,1
152914,3030,378785452,RET:M009:516125,Rotterdam Centraal,516125,,1,,1638674,0,1
152914,3030,378785453,RET:M009:516127,Rotterdam Centraal,516127,,1,,1638674,0,1
152914,3030,378785454,RET:M009:516070,Slinge,516070,,0,,1638837,0,1
152914,3030,378785455,RET:M009:516100,Slinge,516100,,0,,1638837,0,1
152915,2315,378752692,RET:M010:523044,Slinge,523044,,0,,1639073,0,
152915,2315,378752693,RET:M010:523102,Slinge,523102,,0,,1639073,0,
152915,2315,378752694,RET:M010:523108,Slinge,523108,,0,,1639073,0,
152915,2315,378752695,RET:M010:523134,Slinge,523134,,0,,1639073,0,1
152915,2315,378752696,RET:M010:523137,Slinge,523137,,0,,1639073,0,1
152915,2315,378752697,RET:M010:523139,Slinge,523139,,0,,1639073,0,1
152915,2315,378752698,RET:M010:523205,Slinge,523205,,0,,1639073,0,1
152915,2315,378752699,RET:M010:523208,Slinge,523208,,0,,1639073,0,1
152915,2315,378752700,RET:M010:523210,Slinge,523210,,0,,1639073,0,1
152915,2315,378752701,RET:M010:523270,Slinge,523270,,0,,1639073,0,
152915,2315,378752702,RET:M010:523328,Slinge,523328,,0,,1639073,0,
152915,2315,378752703,RET:M010:523330,Slinge,523330,,0,,1639073,0,1
152915,2315,378752704,RET:M010:523333,Slinge,523333,,0,,1639073,0,1
152915,2315,378752705,RET:M010:523363,Slinge,523363,,0,,1639073,0,1
152915,2315,378752706,RET:M010:523366,Slinge,523366,,0,,1639073,0,1
152915,2315,378752707,RET:M010:523368,Slinge,523368,,0,,1639073,0,1
152915,2315,378752708,RET:M010:523734,Slinge,523734,,0,,1639073,0,1
152915,2315,378752709,RET:M010:523736,Slinge,523736,,0,,1639073,0,1
152915,2315,378752710,RET:M010:523741,Slinge,523741,,0,,1639073,0,1
152915,2315,378752711,RET:M010:523743,Slinge,523743,,0,,1639073,0,1
152915,2315,378752712,RET:M010:523750,Slinge,523750,,0,,1639073,0,1
152915,2315,378752713,RET:M010:523045,Den Haag Centraal,523045,,1,,1638840,0,
152915,2315,378752714,RET:M010:523049,Den Haag Centraal,523049,,1,,1638840,0,
152915,2315,378752715,RET:M010:523053,Den Haag Centraal,523053,,1,,1638840,0,1
152915,2315,378752716,RET:M010:523057,Den Haag Centraal,523057,,1,,1638840,0,1
152915,2315,378752717,RET:M010:523061,Den Haag Centraal,523061,,1,,1638840,0,1
152915,2315,378752718,RET:M010:523065,Den Haag Centraal,523065,,1,,1638840,0,
152915,2315,378752719,RET:M010:523069,Den Haag Centraal,523069,,1,,1638840,0,
152915,2315,378752720,RET:M010:523077,Den Haag Centraal,523077,,1,,1638840,0,
152915,2315,378752721,RET:M010:523081,Den Haag Centraal,523081,,1,,1638840,0,
152915,2315,378752722,RET:M010:523085,Den Haag Centraal,523085,,1,,1638840,0,1
152915,2315,378752723,RET:M010:523089,Den Haag Centraal,523089,,1,,1638840,0,1
152915,2315,378752724,RET:M010:523093,Den Haag Centraal,523093,,1,,1638840,0,1
152915,2315,378752725,RET:M010:523097,Den Haag Centraal,523097,,1,,1638840,0,
152915,2315,378752726,RET:M010:523101,Den Haag Centraal,523101,,1,,1638840,0,
152915,2315,378752727,RET:M010:523103,Den Haag Centraal,523103,,1,,1638840,0,1
152915,2315,378752728,RET:M010:523109,Den Haag Centraal,523109,,1,,1638840,0,
152915,2315,378752729,RET:M010:523113,Den Haag Centraal,523113,,1,,1638840,0,
152915,2315,378752730,RET:M010:523117,Den Haag Centraal,523117,,1,,1638840,0,1
152915,2315,378752731,RET:M010:523121,Den Haag Centraal,523121,,1,,1638840,0,1
152915,2315,378752732,RET:M010:523125,Den Haag Centraal,523125,,1,,1638840,0,1
152915,2315,378752733,RET:M010:523129,Den Haag Centraal,523129,,1,,1638840,0,
152915,2315,378752734,RET:M010:523133,Den Haag Centraal,523133,,1,,1638840,0,
152915,2315,378752735,RET:M010:523136,Den Haag Centraal,523136,,1,,1638840,0,1
152915,2315,378752736,RET:M010:523138,Den Haag Centraal,523138,,1,,1638840,0,1
152915,2315,378752737,RET:M010:523140,Den Haag Centraal,523140,,1,,1638840,0,1
152915,2315,378752738,RET:M010:523148,Den Haag Centraal,523148,,1,,1638840,0,
152915,2315,378752739,RET:M010:523152,Den Haag Centraal,523152,,1,,1638840,0,1
152915,2315,378752740,RET:M010:523156,Den Haag Centraal,523156,,1,,1638840,0,1
152915,2315,378752741,RET:M010:523160,Den Haag Centraal,523160,,1,,1638840,0,1
152915,2315,378752742,RET:M010:523164,Den Haag Centraal,523164,,1,,1638840,0,1
152915,2315,378752743,RET:M010:523168,Den Haag Centraal,523168,,1,,1638840,0,
152915,2315,378752744,RET:M010:523172,Den Haag Centraal,523172,,1,,1638840,0,
152915,2315,378752745,RET:M010:523180,Den Haag Centraal,523180,,1,,1638840,0,
152915,2315,378752746,RET:M010:523184,Den Haag Centraal,523184,,1,,1638840,0,1
152915,2315,378752747,RET:M010:523188,Den Haag Centraal,523188,,1,,1638840,0,1
152915,2315,378752748,RET:M010:523192,Den Haag Centraal,523192,,1,,1638840,0,1
152915,2315,378752749,RET:M010:523196,Den Haag Centraal,523196,,1,,1638840,0,1
152915,2315,378752750,RET:M010:523200,Den Haag Centraal,523200,,1,,1638840,0,
152915,2315,378752751,RET:M010:523204,Den Haag Centraal,523204,,1,,1638840,0,1
152915,2315,378752752,RET:M010:523207,Den Haag Centraal,523207,,1,,1638840,0,1
152915,2315,378752753,RET:M010:523209,Den Haag Centraal,523209,,1,,1638840,0,1
152915,2315,378752754,RET:M010:523221,Den Haag Centraal,523221,,1,,1638840,0,
152915,2315,378752755,RET:M010:523225,Den Haag Centraal,523225,,1,,1638840,0,1
152915,2315,378752756,RET:M010:523229,Den Haag Centraal,523229,,1,,1638840,0,1
152915,2315,378752757,RET:M010:523233,Den Haag Centraal,523233,,1,,1638840,0,1
152915,2315,378752758,RET:M010:523237,Den Haag Centraal,523237,,1,,1638840,0,1
152915,2315,378752759,RET:M010:523241,Den Haag Centraal,523241,,1,,1638840,0,
152915,2315,378752760,RET:M010:523249,Den Haag Centraal,523249,,1,,1638840,0,
152915,2315,378752761,RET:M010:523253,Den Haag Centraal,523253,,1,,1638840,0,1
152915,2315,378752762,RET:M010:523257,Den Haag Centraal,523257,,1,,1638840,0,1
152915,2315,378752763,RET:M010:523261,Den Haag Centraal,523261,,1,,1638840,0,1
152915,2315,378752764,RET:M010:523265,Den Haag Centraal,523265,,1,,1638840,0,
152915,2315,378752765,RET:M010:523269,Den Haag Centraal,523269,,1,,1638840,0,
152915,2315,378752766,RET:M010:523271,Den Haag Centraal,523271,,1,,1638840,0,1
152915,2315,378752767,RET:M010:523279,Den Haag Centraal,523279,,1,,1638840,0,
152915,2315,378752768,RET:M010:523283,Den Haag Centraal,523283,,1,,1638840,0,1
152915,2315,378752769,RET:M010:523287,Den Haag Centraal,523287,,1,,1638840,0,1
152915,2315,378752770,RET:M010:523291,Den Haag Centraal,523291,,1,,1638840,0,1
152915,2315,378752771,RET:M010:523295,Den Haag Centraal,523295,,1,,1638840,0,
152915,2315,378752772,RET:M010:523299,Den Haag Centraal,523299,,1,,1638840,0,
152915,2315,378752773,RET:M010:523307,Den Haag Centraal,523307,,1,,1638840,0,
152915,2315,378752774,RET:M010:523311,Den Haag Centraal,523311,,1,,1638840,0,1
152915,2315,378752775,RET:M010:523315,Den Haag Centraal,523315,,1,,1638840,0,1
152915,2315,378752776,RET:M010:523319,Den Haag Centraal,523319,,1,,1638840,0,1
152915,2315,378752777,RET:M010:523323,Den Haag Centraal,523323,,1,,1638840,0,
152915,2315,378752778,RET:M010:523327,Den Haag Centraal,523327,,1,,1638840,0,
152915,2315,378752779,RET:M010:523329,Den Haag Centraal,523329,,1,,1638840,0,1
152915,2315,378752780,RET:M010:523332,Den Haag Centraal,523332,,1,,1638840,0,1
152915,2315,378752781,RET:M010:523334,Den Haag Centraal,523334,,1,,1638840,0,1
152915,2315,378752782,RET:M010:523342,Den Haag Centraal,523342,,1,,1638840,0,
152915,2315,378752783,RET:M010:523346,Den Haag Centraal,523346,,1,,1638840,0,1
152915,2315,378752784,RET:M010:523350,Den Haag Centraal,523350,,1,,1638840,0,1
152915,2315,378752785,RET:M010:523354,Den Haag Centraal,523354,,1,,1638840,0,1
152915,2315,378752786,RET:M010:523358,Den Haag Centraal,523358,,1,,1638840,0,
152915,2315,378752787,RET:M010:523362,Den Haag Centraal,523362,,1,,1638840,0,
152915,2315,378752788,RET:M010:523365,Den Haag Centraal,523365,,1,,1638840,0,1
152915,2315,378752789,RET:M010:523367,Den Haag Centraal,523367,,1,,1638840,0,1
152915,2315,378752790,RET:M010:523369,Den Haag Centraal,523369,,1,,1638840,0,1
152915,2315,378752791,RET:M010:523465,Den Haag Centraal,523465,,1,,1638840,0,1
152915,2315,378752792,RET:M010:523469,Den Haag Centraal,523469,,1,,1638840,0,1
152915,2315,378752793,RET:M010:523473,Den Haag Centraal,523473,,1,,1638840,0,1
152915,2315,378752794,RET:M010:523477,Den Haag Centraal,523477,,1,,1638840,0,1
152915,2315,378752795,RET:M010:523481,Den Haag Centraal,523481,,1,,1638840,0,
152915,2315,378752796,RET:M010:523485,Den Haag Centraal,523485,,1,,1638840,0,
152915,2315,378752797,RET:M010:523733,Den Haag Centraal,523733,,1,,1638840,0,1
152915,2315,378752798,RET:M010:523735,Den Haag Centraal,523735,,1,,1638840,0,1
152915,2315,378752799,RET:M010:523737,Den Haag Centraal,523737,,1,,1638840,0,1
152915,2315,378752800,RET:M010:523740,Den Haag Centraal,523740,,1,,1638840,0,1
152915,2315,378752801,RET:M010:523742,Den Haag Centraal,523742,,1,,1638840,0,1
152915,2315,378752802,RET:M010:523749,Den Haag Centraal,523749,,1,,1638840,0,1
152915,2315,378752803,RET:M010:523751,Den Haag Centraal,523751,,1,,1638840,0,1
152915,2315,378752804,RET:M010:523046,Slinge,523046,,0,,1638732,0,
152915,2315,378752805,RET:M010:523050,Slinge,523050,,0,,1638732,0,1
152915,2315,378752806,RET:M010:523054,Slinge,523054,,0,,1638732,0,1
152915,2315,378752807,RET:M010:523058,Slinge,523058,,0,,1638732,0,1
152915,2315,378752808,RET:M010:523062,Slinge,523062,,0,,1638732,0,1
152915,2315,378752809,RET:M010:523066,Slinge,523066,,0,,1638732,0,
152915,2315,378752810,RET:M010:523070,Slinge,523070,,0,,1638732,0,1
152915,2315,378752811,RET:M010:523078,Slinge,523078,,0,,1638732,0,
152915,2315,378752812,RET:M010:523082,Slinge,523082,,0,,1638732,0,1
152915,2315,378752813,RET:M010:523086,Slinge,523086,,0,,1638732,0,1
152915,2315,378752814,RET:M010:523090,Slinge,523090,,0,,1638732,0,1
152915,2315,378752815,RET:M010:523094,Slinge,523094,,0,,1638732,0,1
152915,2315,378752816,RET:M010:523098,Slinge,523098,,0,,1638732,0,
152915,2315,378752817,RET:M010:523104,Slinge,523104,,0,,1638732,0,1
152915,2315,378752818,RET:M010:523110,Slinge,523110,,0,,1638732,0,
152915,2315,378752819,RET:M010:523114,Slinge,523114,,0,,1638732,0,1
152915,2315,378752820,RET:M010:523118,Slinge,523118,,0,,1638732,0,1
152915,2315,378752821,RET:M010:523122,Slinge,523122,,0,,1638732,0,1
152915,2315,378752822,RET:M010:523126,Slinge,523126,,0,,1638732,0,
152915,2315,378752823,RET:M010:523130,Slinge,523130,,0,,1638732,0,
152915,2315,378752824,RET:M010:523141,Slinge,523141,,0,,1638732,0,1
152915,2315,378752825,RET:M010:523145,Slinge,523145,,0,,1638732,0,
152915,2315,378752826,RET:M010:523149,Slinge,523149,,0,,1638732,0,
152915,2315,378752827,RET:M010:523153,Slinge,523153,,0,,1638732,0,1
152915,2315,378752828,RET:M010:523157,Slinge,523157,,0,,1638732,0,1
152915,2315,378752829,RET:M010:523161,Slinge,523161,,0,,1638732,0,1
152915,2315,378752830,RET:M010:523165,Slinge,523165,,0,,1638732,0,
152915,2315,378752831,RET:M010:523169,Slinge,523169,,0,,1638732,0,
152915,2315,378752832,RET:M010:523173,Slinge,523173,,0,,1638732,0,1
152915,2315,378752833,RET:M010:523177,Slinge,523177,,0,,1638732,0,
152915,2315,378752834,RET:M010:523181,Slinge,523181,,0,,1638732,0,
152915,2315,378752835,RET:M010:523185,Slinge,523185,,0,,1638732,0,1
152915,2315,378752836,RET:M010:523189,Slinge,523189,,0,,1638732,0,1
152915,2315,378752837,RET:M010:523193,Slinge,523193,,0,,1638732,0,1
152915,2315,378752838,RET:M010:523197,Slinge,523197,,0,,1638732,0,
152915,2315,378752839,RET:M010:523201,Slinge,523201,,0,,1638732,0,
152915,2315,378752840,RET:M010:523218,Slinge,523218,,0,,1638732,0,
152915,2315,378752841,RET:M010:523222,Slinge,523222,,0,,1638732,0,
152915,2315,378752842,RET:M010:523226,Slinge,523226,,0,,1638732,0,1
152915,2315,378752843,RET:M010:523230,Slinge,523230,,0,,1638732,0,1
152915,2315,378752844,RET:M010:523234,Slinge,523234,,0,,1638732,0,1
152915,2315,378752845,RET:M010:523238,Slinge,523238,,0,,1638732,0,
152915,2315,378752846,RET:M010:523242,Slinge,523242,,0,,1638732,0,
152915,2315,378752847,RET:M010:523246,Slinge,523246,,0,,1638732,0,
152915,2315,378752848,RET:M010:523250,Slinge,523250,,0,,1638732,0,
152915,2315,378752849,RET:M010:523254,Slinge,523254,,0,,1638732,0,1
152915,2315,378752850,RET:M010:523258,Slinge,523258,,0,,1638732,0,1
152915,2315,378752851,RET:M010:523262,Slinge,523262,,0,,1638732,0,1
152915,2315,378752852,RET:M010:523266,Slinge,523266,,0,,1638732,0,
152915,2315,378752853,RET:M010:523272,Slinge,523272,,0,,1638732,0,1
152915,2315,378752854,RET:M010:523276,Slinge,523276,,0,,1638732,0,
152915,2315,378752855,RET:M010:523280,Slinge,523280,,0,,1638732,0,
152915,2315,378752856,RET:M010:523284,Slinge,523284,,0,,1638732,0,1
152915,2315,378752857,RET:M010:523288,Slinge,523288,,0,,1638732,0,1
152915,2315,378752858,RET:M010:523292,Slinge,523292,,0,,1638732,0,1
152915,2315,378752859,RET:M010:523296,Slinge,523296,,0,,1638732,0,
152915,2315,378752860,RET:M010:523300,Slinge,523300,,0,,1638732,0,
152915,2315,378752861,RET:M010:523304,Slinge,523304,,0,,1638732,0,
152915,2315,378752862,RET:M010:523308,Slinge,523308,,0,,1638732,0,1
152915,2315,378752863,RET:M010:523312,Slinge,523312,,0,,1638732,0,1
152915,2315,378752864,RET:M010:523316,Slinge,523316,,0,,1638732,0,1
152915,2315,378752865,RET:M010:523320,Slinge,523320,,0,,1638732,0,1
152915,2315,378752866,RET:M010:523324,Slinge,523324,,0,,1638732,0,
152915,2315,378752867,RET:M010:523335,Slinge,523335,,0,,1638732,0,1
152915,2315,378752868,RET:M010:523339,Slinge,523339,,0,,1638732,0,
152915,2315,378752869,RET:M010:523343,Slinge,523343,,0,,1638732,0,1
152915,2315,378752870,RET:M010:523347,Slinge,523347,,0,,1638732,0,1
152915,2315,378752871,RET:M010:523351,Slinge,523351,,0,,1638732,0,1
152915,2315,378752872,RET:M010:523355,Slinge,523355,,0,,1638732,0,1
152915,2315,378752873,RET:M010:523359,Slinge,523359,,0,,1638732,0,
152915,2315,378752874,RET:M010:523370,Slinge,523370,,0,,1638732,0,1
152915,2315,378752875,RET:M010:523462,Slinge,523462,,0,,1638732,0,
152915,2315,378752876,RET:M010:523466,Slinge,523466,,0,,1638732,0,1
152915,2315,378752877,RET:M010:523470,Slinge,523470,,0,,1638732,0,1
152915,2315,378752878,RET:M010:523474,Slinge,523474,,0,,1638732,0,1
152915,2315,378752879,RET:M010:523478,Slinge,523478,,0,,1638732,0,
152915,2315,378752880,RET:M010:523482,Slinge,523482,,0,,1638732,0,
152915,2315,378752881,RET:M010:523486,Slinge,523486,,0,,1638732,0,1
152915,2315,378752882,RET:M010:523738,Slinge,523738,,0,,1638732,0,1
152915,2315,378752883,RET:M010:523752,Slinge,523752,,0,,1638732,0,1
152915,2315,378752884,RET:M010:523073,Leidschenveen,523073,,1,,1638634,0,
152915,2315,378752885,RET:M010:523076,Slinge,523076,,0,,1639089,0,
152915,2315,378752886,RET:M010:523107,Den Haag Centraal,523107,,1,,1639113,0,
152915,2315,378752887,RET:M010:523144,Den Haag Centraal,523144,,1,,1639113,0,
152915,2315,378752888,RET:M010:523176,Den Haag Centraal,523176,,1,,1639113,0,
152915,2315,378752889,RET:M010:523217,Den Haag Centraal,523217,,1,,1639113,0,
152915,2315,378752890,RET:M010:523245,Den Haag Centraal,523245,,1,,1639113,0,
152915,2315,378752891,RET:M010:523275,Den Haag Centraal,523275,,1,,1639113,0,
152915,2315,378752892,RET:M010:523303,Den Haag Centraal,523303,,1,,1639113,0,
152915,2315,378752893,RET:M010:523338,Den Haag Centraal,523338,,1,,1639113,0,
152915,2315,378752894,RET:M010:523461,Den Haag Centraal,523461,,1,,1639113,0,
152915,2315,378752895,RET:M010:523211,Leidschenveen,523211,,1,,1639086,0,1
152915,2315,378752896,RET:M010:523744,Leidschenveen,523744,,1,,1639086,0,1
152915,2315,378752897,RET:M010:523214,Slinge,523214,,0,,1638823,0,1
152915,2315,378752898,RET:M010:523373,Pijnacker Zuid,523373,,1,,1639000,0,
152915,2315,378752899,RET:M010:523379,Pijnacker Zuid,523379,,1,,1639000,0,
152915,2315,378752900,RET:M010:523385,Pijnacker Zuid,523385,,1,,1639000,0,
152915,2315,378752901,RET:M010:523391,Pijnacker Zuid,523391,,1,,1639000,0,
152915,2315,378752902,RET:M010:523397,Pijnacker Zuid,523397,,1,,1639000,0,
152915,2315,378752903,RET:M010:523403,Pijnacker Zuid,523403,,1,,1639000,0,
152915,2315,378752904,RET:M010:523449,Pijnacker Zuid,523449,,1,,1639000,0,
152915,2315,378752905,RET:M010:523455,Pijnacker Zuid,523455,,1,,1639000,0,
152915,2315,378752906,RET:M010:523489,Pijnacker Zuid,523489,,1,,1639000,0,
152915,2315,378752907,RET:M010:523495,Pijnacker Zuid,523495,,1,,1639000,0,
152915,2315,378752908,RET:M010:523541,Pijnacker Zuid,523541,,1,,1639000,0,
152915,2315,378752909,RET:M010:523547,Pijnacker Zuid,523547,,1,,1639000,0,
152915,2315,378752910,RET:M010:523553,Pijnacker Zuid,523553,,1,,1639000,0,
152915,2315,378752911,RET:M010:523559,Pijnacker Zuid,523559,,1,,1639000,0,
152915,2315,378752912,RET:M010:523601,Pijnacker Zuid,523601,,1,,1639000,0,
152915,2315,378752913,RET:M010:523607,Pijnacker Zuid,523607,,1,,1639000,0,
152915,2315,378752914,RET:M010:523613,Pijnacker Zuid,523613,,1,,1639000,0,
152915,2315,378752915,RET:M010:523619,Pijnacker Zuid,523619,,1,,1639000,0,
152915,2315,378752916,RET:M010:523661,Pijnacker Zuid,523661,,1,,1639000,0,
152915,2315,378752917,RET:M010:523667,Pijnacker Zuid,523667,,1,,1639000,0,
152915,2315,378752918,RET:M010:523673,Pijnacker Zuid,523673,,1,,1639000,0,
152915,2315,378752919,RET:M010:523679,Pijnacker Zuid,523679,,1,,1639000,0,1
152915,2315,378752920,RET:M010:523685,Pijnacker Zuid,523685,,1,,1639000,0,
152915,2315,378752921,RET:M010:523691,Pijnacker Zuid,523691,,1,,1639000,0,
152915,2315,378752922,RET:M010:523697,Pijnacker Zuid,523697,,1,,1639000,0,1
152915,2315,378752923,RET:M010:523703,Pijnacker Zuid,523703,,1,,1639000,0,
152915,2315,378752924,RET:M010:523709,Pijnacker Zuid,523709,,1,,1639000,0,
152915,2315,378752925,RET:M010:523715,Pijnacker Zuid,523715,,1,,1639000,0,
152915,2315,378752926,RET:M010:523721,Pijnacker Zuid,523721,,1,,1639000,0,
152915,2315,378752927,RET:M010:523727,Pijnacker Zuid,523727,,1,,1639000,0,
152915,2315,378752928,RET:M010:523376,Slinge,523376,,0,,1638637,0,
152915,2315,378752929,RET:M010:523382,Slinge,523382,,0,,1638637,0,
152915,2315,378752930,RET:M010:523388,Slinge,523388,,0,,1638637,0,
152915,2315,378752931,RET:M010:523394,Slinge,523394,,0,,1638637,0,
152915,2315,378752932,RET:M010:523400,Slinge,523400,,0,,1638637,0,
152915,2315,378752933,RET:M010:523406,Slinge,523406,,0,,1638637,0,
152915,2315,378752934,RET:M010:523452,Slinge,523452,,0,,1638637,0,
152915,2315,378752935,RET:M010:523458,Slinge,523458,,0,,1638637,0,
152915,2315,378752936,RET:M010:523492,Slinge,523492,,0,,1638637,0,
152915,2315,378752937,RET:M010:523498,Slinge,523498,,0,,1638637,0,1
152915,2315,378752938,RET:M010:523544,Slinge,523544,,0,,1638637,0,
152915,2315,378752939,RET:M010:523550,Slinge,523550,,0,,1638637,0,
152915,2315,378752940,RET:M010:523556,Slinge,523556,,0,,1638637,0,
152915,2315,378752941,RET:M010:523562,Slinge,523562,,0,,1638637,0,1
152915,2315,378752942,RET:M010:523604,Slinge,523604,,0,,1638637,0,
152915,2315,378752943,RET:M010:523610,Slinge,523610,,0,,1638637,0,
152915,2315,378752944,RET:M010:523616,Slinge,523616,,0,,1638637,0,
152915,2315,378752945,RET:M010:523622,Slinge,523622,,0,,1638637,0,1
152915,2315,378752946,RET:M010:523664,Slinge,523664,,0,,1638637,0,
152915,2315,378752947,RET:M010:523670,Slinge,523670,,0,,1638637,0,
152915,2315,378752948,RET:M010:523676,Slinge,523676,,0,,1638637,0,
152915,2315,378752949,RET:M010:523682,Slinge,523682,,0,,1638637,0,
152915,2315,378752950,RET:M010:523688,Slinge,523688,,0,,1638637,0,
152915,2315,378752951,RET:M010:523694,Slinge,523694,,0,,1638637,0,
152915,2315,378752952,RET:M010:523700,Slinge,523700,,0,,1638637,0,
152915,2315,378752953,RET:M010:523706,Slinge,523706,,0,,1638637,0,
152915,2315,378752954,RET:M010:523712,Slinge,523712,,0,,1638637,0,
152915,2315,378752955,RET:M010:523718,Slinge,523718,,0,,1638637,0,
152915,2315,378752956,RET:M010:523724,Slinge,523724,,0,,1638637,0,
152915,2315,378752957,RET:M010:523730,Slinge,523730,,0,,1638637,0,1
152915,2315,378752958,RET:M010:523409,Rotterdam Centraal,523409,,1,,1638660,0,1
152915,2315,378752959,RET:M010:523413,Rotterdam Centraal,523413,,1,,1638660,0,1
152915,2315,378752960,RET:M010:523417,Rotterdam Centraal,523417,,1,,1638660,0,1
152915,2315,378752961,RET:M010:523421,Rotterdam Centraal,523421,,1,,1638660,0,1
152915,2315,378752962,RET:M010:523425,Rotterdam Centraal,523425,,1,,1638660,0,1
152915,2315,378752963,RET:M010:523429,Rotterdam Centraal,523429,,1,,1638660,0,1
152915,2315,378752964,RET:M010:523433,Rotterdam Centraal,523433,,1,,1638660,0,1
152915,2315,378752965,RET:M010:523437,Rotterdam Centraal,523437,,1,,1638660,0,1
152915,2315,378752966,RET:M010:523441,Rotterdam Centraal,523441,,1,,1638660,0,1
152915,2315,378752967,RET:M010:523445,Rotterdam Centraal,523445,,1,,1638660,0,1
152915,2315,378752968,RET:M010:523501,Rotterdam Centraal,523501,,1,,1638660,0,1
152915,2315,378752969,RET:M010:523505,Rotterdam Centraal,523505,,1,,1638660,0,1
152915,2315,378752970,RET:M010:523509,Rotterdam Centraal,523509,,1,,1638660,0,1
152915,2315,378752971,RET:M010:523513,Rotterdam Centraal,523513,,1,,1638660,0,1
152915,2315,378752972,RET:M010:523517,Rotterdam Centraal,523517,,1,,1638660,0,1
152915,2315,378752973,RET:M010:523521,Rotterdam Centraal,523521,,1,,1638660,0,1
152915,2315,378752974,RET:M010:523525,Rotterdam Centraal,523525,,1,,1638660,0,1
152915,2315,378752975,RET:M010:523529,Rotterdam Centraal,523529,,1,,1638660,0,1
152915,2315,378752976,RET:M010:523533,Rotterdam Centraal,523533,,1,,1638660,0,1
152915,2315,378752977,RET:M010:523537,Rotterdam Centraal,523537,,1,,1638660,0,1
152915,2315,378752978,RET:M010:523565,Rotterdam Centraal,523565,,1,,1638660,0,1
152915,2315,378752979,RET:M010:523569,Rotterdam Centraal,523569,,1,,1638660,0,1
152915,2315,378752980,RET:M010:523573,Rotterdam Centraal,523573,,1,,1638660,0,1
152915,2315,378752981,RET:M010:523577,Rotterdam Centraal,523577,,1,,1638660,0,1
152915,2315,378752982,RET:M010:523581,Rotterdam Centraal,523581,,1,,1638660,0,1
152915,2315,378752983,RET:M010:523585,Rotterdam Centraal,523585,,1,,1638660,0,1
152915,2315,378752984,RET:M010:523589,Rotterdam Centraal,523589,,1,,1638660,0,1
152915,2315,378752985,RET:M010:523593,Rotterdam Centraal,523593,,1,,1638660,0,1
152915,2315,378752986,RET:M010:523597,Rotterdam Centraal,523597,,1,,1638660,0,1
152915,2315,378752987,RET:M010:523625,Rotterdam Centraal,523625,,1,,1638660,0,1
152915,2315,378752988,RET:M010:523629,Rotterdam Centraal,523629,,1,,1638660,0,1
152915,2315,378752989,RET:M010:523633,Rotterdam Centraal,523633,,1,,1638660,0,1
152915,2315,378752990,RET:M010:523637,Rotterdam Centraal,523637,,1,,1638660,0,1
152915,2315,378752991,RET:M010:523641,Rotterdam Centraal,523641,,1,,1638660,0,1
152915,2315,378752992,RET:M010:523645,Rotterdam Centraal,523645,,1,,1638660,0,1
152915,2315,378752993,RET:M010:523649,Rotterdam Centraal,523649,,1,,1638660,0,1
152915,2315,378752994,RET:M010:523653,Rotterdam Centraal,523653,,1,,1638660,0,1
152915,2315,378752995,RET:M010:523657,Rotterdam Centraal,523657,,1,,1638660,0,1
152915,2315,378752996,RET:M010:523410,Slinge,523410,,0,,1639003,0,1
152915,2315,378752997,RET:M010:523414,Slinge,523414,,0,,1639003,0,1
152915,2315,378752998,RET:M010:523418,Slinge,523418,,0,,1639003,0,1
152915,2315,378752999,RET:M010:523422,Slinge,523422,,0,,1639003,0,1
152915,2315,378753000,RET:M010:523426,Slinge,523426,,0,,1639003,0,1
152915,2315,378753001,RET:M010:523430,Slinge,523430,,0,,1639003,0,1
152915,2315,378753002,RET:M010:523434,Slinge,523434,,0,,1639003,0,1
152915,2315,378753003,RET:M010:523438,Slinge,523438,,0,,1639003,0,1
152915,2315,378753004,RET:M010:523442,Slinge,523442,,0,,1639003,0,1
152915,2315,378753005,RET:M010:523446,Slinge,523446,,0,,1639003,0,1
152915,2315,378753006,RET:M010:523502,Slinge,523502,,0,,1639003,0,1
152915,2315,378753007,RET:M010:523506,Slinge,523506,,0,,1639003,0,1
152915,2315,378753008,RET:M010:523510,Slinge,523510,,0,,1639003,0,1
152915,2315,378753009,RET:M010:523514,Slinge,523514,,0,,1639003,0,1
152915,2315,378753010,RET:M010:523518,Slinge,523518,,0,,1639003,0,1
152915,2315,378753011,RET:M010:523522,Slinge,523522,,0,,1639003,0,1
152915,2315,378753012,RET:M010:523526,Slinge,523526,,0,,1639003,0,1
152915,2315,378753013,RET:M010:523530,Slinge,523530,,0,,1639003,0,1
152915,2315,378753014,RET:M010:523534,Slinge,523534,,0,,1639003,0,1
152915,2315,378753015,RET:M010:523538,Slinge,523538,,0,,1639003,0,
152915,2315,378753016,RET:M010:523566,Slinge,523566,,0,,1639003,0,1
152915,2315,378753017,RET:M010:523570,Slinge,523570,,0,,1639003,0,1
152915,2315,378753018,RET:M010:523574,Slinge,523574,,0,,1639003,0,1
152915,2315,378753019,RET:M010:523578,Slinge,523578,,0,,1639003,0,1
152915,2315,378753020,RET:M010:523582,Slinge,523582,,0,,1639003,0,1
152915,2315,378753021,RET:M010:523586,Slinge,523586,,0,,1639003,0,1
152915,2315,378753022,RET:M010:523590,Slinge,523590,,0,,1639003,0,1
152915,2315,378753023,RET:M010:523594,Slinge,523594,,0,,1639003,0,1
152915,2315,378753024,RET:M010:523598,Slinge,523598,,0,,1639003,0,1
152915,2315,378753025,RET:M010:523626,Slinge,523626,,0,,1639003,0,1
152915,2315,378753026,RET:M010:523630,Slinge,523630,,0,,1639003,0,1
152915,2315,378753027,RET:M010:523634,Slinge,523634,,0,,1639003,0,1
152915,2315,378753028,RET:M010:523638,Slinge,523638,,0,,1639003,0,1
152915,2315,378753029,RET:M010:523642,Slinge,523642,,0,,1639003,0,1
152915,2315,378753030,RET:M010:523646,Slinge,523646,,0,,1639003,0,1
152915,2315,378753031,RET:M010:523650,Slinge,523650,,0,,1639003,0,1
152915,2315,378753032,RET:M010:523654,Slinge,523654,,0,,1639003,0,1
152915,2315,378753033,RET:M010:523658,Slinge,523658,,0,,1639003,0,1
152915,3605,378753595,RET:M010:528071,Slinge,528071,,0,,1639073,0,1
152915,3605,378753596,RET:M010:528073,Slinge,528073,,0,,1639073,0,1
152915,3605,378753597,RET:M010:528075,Slinge,528075,,0,,1639073,0,1
152915,3605,378753598,RET:M010:528077,Slinge,528077,,0,,1639073,0,1
152915,3605,378753599,RET:M010:528079,Slinge,528079,,0,,1639073,0,1
152915,3605,378753600,RET:M010:528081,Slinge,528081,,0,,1639073,0,1
152915,3605,378753601,RET:M010:528083,Slinge,528083,,0,,1639073,0,1
152915,3605,378753602,RET:M010:528086,Slinge,528086,,0,,1639073,0,1
152915,3605,378753603,RET:M010:528088,Slinge,528088,,0,,1639073,0,1
152915,3605,378753604,RET:M010:528094,Slinge,528094,,0,,1639073,0,1
152915,3605,378753605,RET:M010:528096,Slinge,528096,,0,,1639073,0,1
152915,3605,378753606,RET:M010:528098,Slinge,528098,,0,,1639073,0,1
152915,3605,378753607,RET:M010:528100,Slinge,528100,,0,,1639073,0,1
152915,3605,378753608,RET:M010:528102,Slinge,528102,,0,,1639073,0,1
152915,3605,378753609,RET:M010:528104,Slinge,528104,,0,,1639073,0,1
152915,3605,378753610,RET:M010:528110,Slinge,528110,,0,,1639073,0,1
152915,3605,378753611,RET:M010:528112,Slinge,528112,,0,,1639073,0,1
152915,3605,378753612,RET:M010:528114,Slinge,528114,,0,,1639073,0,1
152915,3605,378753613,RET:M010:528116,Slinge,528116,,0,,1639073,0,1
152915,3605,378753614,RET:M010:528118,Slinge,528118,,0,,1639073,0,1
152915,3605,378753615,RET:M010:528120,Slinge,528120,,0,,1639073,0,1
152915,3605,378753616,RET:M010:528122,Slinge,528122,,0,,1639073,0,1
152915,3605,378753617,RET:M010:528125,Slinge,528125,,0,,1639073,0,1
152915,3605,378753618,RET:M010:528127,Slinge,528127,,0,,1639073,0,1
152915,3605,378753619,RET:M010:528133,Slinge,528133,,0,,1639073,0,1
152915,3605,378753620,RET:M010:528135,Slinge,528135,,0,,1639073,0,1
152915,3605,378753621,RET:M010:528137,Slinge,528137,,0,,1639073,0,1
152915,3605,378753622,RET:M010:528139,Slinge,528139,,0,,1639073,0,1
152915,3605,378753623,RET:M010:528141,Slinge,528141,,0,,1639073,0,1
152915,3605,378753624,RET:M010:528143,Slinge,528143,,0,,1639073,0,1
152915,3605,378753625,RET:M010:528149,Slinge,528149,,0,,1639073,0,1
152915,3605,378753626,RET:M010:528151,Slinge,528151,,0,,1639073,0,1
152915,3605,378753627,RET:M010:528153,Slinge,528153,,0,,1639073,0,1
152915,3605,378753628,RET:M010:528155,Slinge,528155,,0,,1639073,0,1
152915,3605,378753629,RET:M010:528157,Slinge,528157,,0,,1639073,0,1
152915,3605,378753630,RET:M010:528159,Slinge,528159,,0,,1639073,0,1
152915,3605,378753631,RET:M010:528161,Slinge,528161,,0,,1639073,0,1
152915,3605,378753632,RET:M010:528164,Slinge,528164,,0,,1639073,0,1
152915,3605,378753633,RET:M010:528166,Slinge,528166,,0,,1639073,0,1
152915,3605,378753634,RET:M010:528174,Slinge,528174,,0,,1639073,0,1
152915,3605,378753635,RET:M010:528176,Slinge,528176,,0,,1639073,0,1
152915,3605,378753636,RET:M010:528178,Slinge,528178,,0,,1639073,0,1
152915,3605,378753637,RET:M010:528180,Slinge,528180,,0,,1639073,0,1
152915,3605,378753638,RET:M010:528182,Slinge,528182,,0,,1639073,0,1
152915,3605,378753639,RET:M010:528184,Slinge,528184,,0,,1639073,0,1
152915,3605,378753640,RET:M010:528190,Slinge,528190,,0,,1639073,0,1
152915,3605,378753641,RET:M010:528192,Slinge,528192,,0,,1639073,0,1
152915,3605,378753642,RET:M010:528194,Slinge,528194,,0,,1639073,0,1
152915,3605,378753643,RET:M010:528196,Slinge,528196,,0,,1639073,0,1
152915,3605,378753644,RET:M010:528198,Slinge,528198,,0,,1639073,0,1
152915,3605,378753645,RET:M010:528200,Slinge,528200,,0,,1639073,0,1
152915,3605,378753646,RET:M010:528203,Slinge,528203,,0,,1639073,0,1
152915,3605,378753647,RET:M010:528205,Slinge,528205,,0,,1639073,0,1
152915,3605,378753648,RET:M010:528351,Slinge,528351,,0,,1639073,0,1
152915,3605,378753649,RET:M010:528353,Slinge,528353,,0,,1639073,0,1
152915,3605,378753650,RET:M010:528358,Slinge,528358,,0,,1639073,0,1
152915,3605,378753651,RET:M010:528360,Slinge,528360,,0,,1639073,0,1
152915,3605,378753652,RET:M010:528365,Slinge,528365,,0,,1639073,0,1
152915,3605,378753653,RET:M010:528367,Slinge,528367,,0,,1639073,0,1
152915,3605,378753654,RET:M010:528072,Den Haag Centraal,528072,,1,,1638840,0,1
152915,3605,378753655,RET:M010:528074,Den Haag Centraal,528074,,1,,1638840,0,1
152915,3605,378753656,RET:M010:528076,Den Haag Centraal,528076,,1,,1638840,0,1
152915,3605,378753657,RET:M010:528078,Den Haag Centraal,528078,,1,,1638840,0,1
152915,3605,378753658,RET:M010:528080,Den Haag Centraal,528080,,1,,1638840,0,1
152915,3605,378753659,RET:M010:528082,Den Haag Centraal,528082,,1,,1638840,0,1
152915,3605,378753660,RET:M010:528085,Den Haag Centraal,528085,,1,,1638840,0,1
152915,3605,378753661,RET:M010:528087,Den Haag Centraal,528087,,1,,1638840,0,1
152915,3605,378753662,RET:M010:528089,Den Haag Centraal,528089,,1,,1638840,0,1
152915,3605,378753663,RET:M010:528095,Den Haag Centraal,528095,,1,,1638840,0,1
152915,3605,378753664,RET:M010:528097,Den Haag Centraal,528097,,1,,1638840,0,1
152915,3605,378753665,RET:M010:528099,Den Haag Centraal,528099,,1,,1638840,0,1
152915,3605,378753666,RET:M010:528101,Den Haag Centraal,528101,,1,,1638840,0,1
152915,3605,378753667,RET:M010:528103,Den Haag Centraal,528103,,1,,1638840,0,1
152915,3605,378753668,RET:M010:528105,Den Haag Centraal,528105,,1,,1638840,0,1
152915,3605,378753669,RET:M010:528111,Den Haag Centraal,528111,,1,,1638840,0,1
152915,3605,378753670,RET:M010:528113,Den Haag Centraal,528113,,1,,1638840,0,1
152915,3605,378753671,RET:M010:528115,Den Haag Centraal,528115,,1,,1638840,0,1
152915,3605,378753672,RET:M010:528117,Den Haag Centraal,528117,,1,,1638840,0,1
152915,3605,378753673,RET:M010:528119,Den Haag Centraal,528119,,1,,1638840,0,1
152915,3605,378753674,RET:M010:528121,Den Haag Centraal,528121,,1,,1638840,0,1
152915,3605,378753675,RET:M010:528124,Den Haag Centraal,528124,,1,,1638840,0,1
152915,3605,378753676,RET:M010:528126,Den Haag Centraal,528126,,1,,1638840,0,1
152915,3605,378753677,RET:M010:528128,Den Haag Centraal,528128,,1,,1638840,0,1
152915,3605,378753678,RET:M010:528134,Den Haag Centraal,528134,,1,,1638840,0,1
152915,3605,378753679,RET:M010:528136,Den Haag Centraal,528136,,1,,1638840,0,1
152915,3605,378753680,RET:M010:528138,Den Haag Centraal,528138,,1,,1638840,0,1
152915,3605,378753681,RET:M010:528140,Den Haag Centraal,528140,,1,,1638840,0,1
152915,3605,378753682,RET:M010:528142,Den Haag Centraal,528142,,1,,1638840,0,1
152915,3605,378753683,RET:M010:528144,Den Haag Centraal,528144,,1,,1638840,0,1
152915,3605,378753684,RET:M010:528150,Den Haag Centraal,528150,,1,,1638840,0,1
152915,3605,378753685,RET:M010:528152,Den Haag Centraal,528152,,1,,1638840,0,1
152915,3605,378753686,RET:M010:528154,Den Haag Centraal,528154,,1,,1638840,0,1
152915,3605,378753687,RET:M010:528156,Den Haag Centraal,528156,,1,,1638840,0,1
152915,3605,378753688,RET:M010:528158,Den Haag Centraal,528158,,1,,1638840,0,1
152915,3605,378753689,RET:M010:528160,Den Haag Centraal,528160,,1,,1638840,0,1
152915,3605,378753690,RET:M010:528163,Den Haag Centraal,528163,,1,,1638840,0,1
152915,3605,378753691,RET:M010:528165,Den Haag Centraal,528165,,1,,1638840,0,1
152915,3605,378753692,RET:M010:528175,Den Haag Centraal,528175,,1,,1638840,0,1
152915,3605,378753693,RET:M010:528177,Den Haag Centraal,528177,,1,,1638840,0,1
152915,3605,378753694,RET:M010:528179,Den Haag Centraal,528179,,1,,1638840,0,1
152915,3605,378753695,RET:M010:528181,Den Haag Centraal,528181,,1,,1638840,0,1
152915,3605,378753696,RET:M010:528183,Den Haag Centraal,528183,,1,,1638840,0,1
152915,3605,378753697,RET:M010:528185,Den Haag Centraal,528185,,1,,1638840,0,1
152915,3605,378753698,RET:M010:528191,Den Haag Centraal,528191,,1,,1638840,0,1
152915,3605,378753699,RET:M010:528193,Den Haag Centraal,528193,,1,,1638840,0,1
152915,3605,378753700,RET:M010:528195,Den Haag Centraal,528195,,1,,1638840,0,1
152915,3605,378753701,RET:M010:528197,Den Haag Centraal,528197,,1,,1638840,0,1
152915,3605,378753702,RET:M010:528199,Den Haag Centraal,528199,,1,,1638840,0,1
152915,3605,378753703,RET:M010:528202,Den Haag Centraal,528202,,1,,1638840,0,1
152915,3605,378753704,RET:M010:528204,Den Haag Centraal,528204,,1,,1638840,0,1
152915,3605,378753705,RET:M010:528206,Den Haag Centraal,528206,,1,,1638840,0,1
152915,3605,378753706,RET:M010:528350,Den Haag Centraal,528350,,1,,1638840,0,1
152915,3605,378753707,RET:M010:528352,Den Haag Centraal,528352,,1,,1638840,0,1
152915,3605,378753708,RET:M010:528354,Den Haag Centraal,528354,,1,,1638840,0,1
152915,3605,378753709,RET:M010:528357,Den Haag Centraal,528357,,1,,1638840,0,1
152915,3605,378753710,RET:M010:528359,Den Haag Centraal,528359,,1,,1638840,0,1
152915,3605,378753711,RET:M010:528361,Den Haag Centraal,528361,,1,,1638840,0,1
152915,3605,378753712,RET:M010:528364,Den Haag Centraal,528364,,1,,1638840,0,1
152915,3605,378753713,RET:M010:528366,Den Haag Centraal,528366,,1,,1638840,0,1
152915,3605,378753714,RET:M010:528090,Slinge,528090,,0,,1638732,0,1
152915,3605,378753715,RET:M010:528106,Slinge,528106,,0,,1638732,0,1
152915,3605,378753716,RET:M010:528129,Slinge,528129,,0,,1638732,0,1
152915,3605,378753717,RET:M010:528145,Slinge,528145,,0,,1638732,0,1
152915,3605,378753718,RET:M010:528186,Slinge,528186,,0,,1638732,0,1
152915,3605,378753719,RET:M010:528207,Slinge,528207,,0,,1638732,0,1
152915,3605,378753720,RET:M010:528355,Slinge,528355,,0,,1638732,0,1
152915,3605,378753721,RET:M010:528362,Slinge,528362,,0,,1638732,0,1
152915,3605,378753722,RET:M010:528093,Den Haag Centraal,528093,,1,,1639113,0,1
152915,3605,378753723,RET:M010:528109,Den Haag Centraal,528109,,1,,1639113,0,1
152915,3605,378753724,RET:M010:528132,Den Haag Centraal,528132,,1,,1639113,0,1
152915,3605,378753725,RET:M010:528148,Den Haag Centraal,528148,,1,,1639113,0,1
152915,3605,378753726,RET:M010:528173,Den Haag Centraal,528173,,1,,1639113,0,1
152915,3605,378753727,RET:M010:528189,Den Haag Centraal,528189,,1,,1639113,0,1
152915,3605,378753728,RET:M010:528167,Leidschenveen,528167,,1,,1639086,0,1
152915,3605,378753729,RET:M010:528368,Leidschenveen,528368,,1,,1639086,0,1
152915,3605,378753730,RET:M010:528170,Slinge,528170,,0,,1638823,0,1
152915,3605,378753731,RET:M010:528210,Rotterdam Centraal,528210,,1,,1639212,0,1
152915,3605,378753732,RET:M010:528258,Rotterdam Centraal,528258,,1,,1639212,0,1
152915,3605,378753733,RET:M010:528306,Rotterdam Centraal,528306,,1,,1639212,0,1
152915,3605,378753734,RET:M010:528211,Slinge,528211,,0,,1638678,0,1
152915,3605,378753735,RET:M010:528215,Slinge,528215,,0,,1638678,0,1
152915,3605,378753736,RET:M010:528219,Slinge,528219,,0,,1638678,0,1
152915,3605,378753737,RET:M010:528223,Slinge,528223,,0,,1638678,0,1
152915,3605,378753738,RET:M010:528227,Slinge,528227,,0,,1638678,0,1
152915,3605,378753739,RET:M010:528231,Slinge,528231,,0,,1638678,0,1
152915,3605,378753740,RET:M010:528235,Slinge,528235,,0,,1638678,0,1
152915,3605,378753741,RET:M010:528239,Slinge,528239,,0,,1638678,0,1
152915,3605,378753742,RET:M010:528243,Slinge,528243,,0,,1638678,0,1
152915,3605,378753743,RET:M010:528247,Slinge,528247,,0,,1638678,0,1
152915,3605,378753744,RET:M010:528251,Slinge,528251,,0,,1638678,0,1
152915,3605,378753745,RET:M010:528255,Slinge,528255,,0,,1638678,0,1
152915,3605,378753746,RET:M010:528259,Slinge,528259,,0,,1638678,0,1
152915,3605,378753747,RET:M010:528263,Slinge,528263,,0,,1638678,0,1
152915,3605,378753748,RET:M010:528267,Slinge,528267,,0,,1638678,0,1
152915,3605,378753749,RET:M010:528271,Slinge,528271,,0,,1638678,0,1
152915,3605,378753750,RET:M010:528275,Slinge,528275,,0,,1638678,0,1
152915,3605,378753751,RET:M010:528279,Slinge,528279,,0,,1638678,0,1
152915,3605,378753752,RET:M010:528283,Slinge,528283,,0,,1638678,0,1
152915,3605,378753753,RET:M010:528287,Slinge,528287,,0,,1638678,0,1
152915,3605,378753754,RET:M010:528291,Slinge,528291,,0,,1638678,0,1
152915,3605,378753755,RET:M010:528295,Slinge,528295,,0,,1638678,0,1
152915,3605,378753756,RET:M010:528299,Slinge,528299,,0,,1638678,0,1
152915,3605,378753757,RET:M010:528303,Slinge,528303,,0,,1638678,0,1
152915,3605,378753758,RET:M010:528307,Slinge,528307,,0,,1638678,0,1
152915,3605,378753759,RET:M010:528311,Slinge,528311,,0,,1638678,0,1
152915,3605,378753760,RET:M010:528315,Slinge,528315,,0,,1638678,0,1
152915,3605,378753761,RET:M010:528319,Slinge,528319,,0,,1638678,0,1
152915,3605,378753762,RET:M010:528323,Slinge,528323,,0,,1638678,0,1
152915,3605,378753763,RET:M010:528327,Slinge,528327,,0,,1638678,0,1
152915,3605,378753764,RET:M010:528331,Slinge,528331,,0,,1638678,0,1
152915,3605,378753765,RET:M010:528335,Slinge,528335,,0,,1638678,0,1
152915,3605,378753766,RET:M010:528339,Slinge,528339,,0,,1638678,0,1
152915,3605,378753767,RET:M010:528343,Slinge,528343,,0,,1638678,0,1
152915,3605,378753768,RET:M010:528347,Slinge,528347,,0,,1638678,0,1
152915,3605,378753769,RET:M010:528214,Rotterdam Centraal,528214,,1,,1638685,0,1
152915,3605,378753770,RET:M010:528218,Rotterdam Centraal,528218,,1,,1638685,0,1
152915,3605,378753771,RET:M010:528222,Rotterdam Centraal,528222,,1,,1638685,0,1
152915,3605,378753772,RET:M010:528226,Rotterdam Centraal,528226,,1,,1638685,0,1
152915,3605,378753773,RET:M010:528230,Rotterdam Centraal,528230,,1,,1638685,0,1
152915,3605,378753774,RET:M010:528234,Rotterdam Centraal,528234,,1,,1638685,0,1
152915,3605,378753775,RET:M010:528238,Rotterdam Centraal,528238,,1,,1638685,0,1
152915,3605,378753776,RET:M010:528242,Rotterdam Centraal,528242,,1,,1638685,0,1
152915,3605,378753777,RET:M010:528246,Rotterdam Centraal,528246,,1,,1638685,0,1
152915,3605,378753778,RET:M010:528250,Rotterdam Centraal,528250,,1,,1638685,0,1
152915,3605,378753779,RET:M010:528254,Rotterdam Centraal,528254,,1,,1638685,0,1
152915,3605,378753780,RET:M010:528262,Rotterdam Centraal,528262,,1,,1638685,0,1
152915,3605,378753781,RET:M010:528266,Rotterdam Centraal,528266,,1,,1638685,0,1
152915,3605,378753782,RET:M010:528270,Rotterdam Centraal,528270,,1,,1638685,0,1
152915,3605,378753783,RET:M010:528274,Rotterdam Centraal,528274,,1,,1638685,0,1
152915,3605,378753784,RET:M010:528278,Rotterdam Centraal,528278,,1,,1638685,0,1
152915,3605,378753785,RET:M010:528282,Rotterdam Centraal,528282,,1,,1638685,0,1
152915,3605,378753786,RET:M010:528286,Rotterdam Centraal,528286,,1,,1638685,0,1
152915,3605,378753787,RET:M010:528290,Rotterdam Centraal,528290,,1,,1638685,0,1
152915,3605,378753788,RET:M010:528294,Rotterdam Centraal,528294,,1,,1638685,0,1
152915,3605,378753789,RET:M010:528298,Rotterdam Centraal,528298,,1,,1638685,0,1
152915,3605,378753790,RET:M010:528302,Rotterdam Centraal,528302,,1,,1638685,0,1
152915,3605,378753791,RET:M010:528310,Rotterdam Centraal,528310,,1,,1638685,0,1
152915,3605,378753792,RET:M010:528314,Rotterdam Centraal,528314,,1,,1638685,0,1
152915,3605,378753793,RET:M010:528318,Rotterdam Centraal,528318,,1,,1638685,0,1
152915,3605,378753794,RET:M010:528322,Rotterdam Centraal,528322,,1,,1638685,0,1
152915,3605,378753795,RET:M010:528326,Rotterdam Centraal,528326,,1,,1638685,0,1
152915,3605,378753796,RET:M010:528330,Rotterdam Centraal,528330,,1,,1638685,0,1
152915,3605,378753797,RET:M010:528334,Rotterdam Centraal,528334,,1,,1638685,0,1
152915,3605,378753798,RET:M010:528338,Rotterdam Centraal,528338,,1,,1638685,0,1
152915,3605,378753799,RET:M010:528342,Rotterdam Centraal,528342,,1,,1638685,0,1
152915,3605,378753800,RET:M010:528346,Rotterdam Centraal,528346,,1,,1638685,0,1
152915,1857,378774434,RET:M010:375480,Slinge,375480,,0,,1639073,0,1
152915,1857,378774435,RET:M010:375482,Slinge,375482,,0,,1639073,0,1
152915,1857,378774436,RET:M010:375484,Slinge,375484,,0,,1639073,0,1
152915,1857,378774437,RET:M010:375486,Slinge,375486,,0,,1639073,0,1
152915,1857,378774438,RET:M010:375488,Slinge,375488,,0,,1639073,0,1
152915,1857,378774439,RET:M010:375490,Slinge,375490,,0,,1639073,0,1
152915,1857,378774440,RET:M010:375492,Slinge,375492,,0,,1639073,0,1
152915,1857,378774441,RET:M010:375494,Slinge,375494,,0,,1639073,0,1
152915,1857,378774442,RET:M010:375496,Slinge,375496,,0,,1639073,0,1
152915,1857,378774443,RET:M010:375502,Slinge,375502,,0,,1639073,0,1
152915,1857,378774444,RET:M010:375504,Slinge,375504,,0,,1639073,0,1
152915,1857,378774445,RET:M010:375506,Slinge,375506,,0,,1639073,0,1
152915,1857,378774446,RET:M010:375508,Slinge,375508,,0,,1639073,0,1
152915,1857,378774447,RET:M010:375510,Slinge,375510,,0,,1639073,0,1
152915,1857,378774448,RET:M010:375512,Slinge,375512,,0,,1639073,0,1
152915,1857,378774449,RET:M010:375514,Slinge,375514,,0,,1639073,0,1
152915,1857,378774450,RET:M010:375516,Slinge,375516,,0,,1639073,0,1
152915,1857,378774451,RET:M010:375518,Slinge,375518,,0,,1639073,0,1
152915,1857,378774452,RET:M010:375524,Slinge,375524,,0,,1639073,0,1
152915,1857,378774453,RET:M010:375526,Slinge,375526,,0,,1639073,0,1
152915,1857,378774454,RET:M010:375528,Slinge,375528,,0,,1639073,0,1
152915,1857,378774455,RET:M010:375530,Slinge,375530,,0,,1639073,0,1
152915,1857,378774456,RET:M010:375532,Slinge,375532,,0,,1639073,0,1
152915,1857,378774457,RET:M010:375534,Slinge,375534,,0,,1639073,0,1
152915,1857,378774458,RET:M010:375536,Slinge,375536,,0,,1639073,0,1
152915,1857,378774459,RET:M010:375538,Slinge,375538,,0,,1639073,0,1
152915,1857,378774460,RET:M010:375540,Slinge,375540,,0,,1639073,0,1
152915,1857,378774461,RET:M010:375546,Slinge,375546,,0,,1639073,0,1
152915,1857,378774462,RET:M010:375548,Slinge,375548,,0,,1639073,0,1
152915,1857,378774463,RET:M010:375550,Slinge,375550,,0,,1639073,0,1
152915,1857,378774464,RET:M010:375552,Slinge,375552,,0,,1639073,0,1
152915,1857,378774465,RET:M010:375554,Slinge,375554,,0,,1639073,0,1
152915,1857,378774466,RET:M010:375556,Slinge,375556,,0,,1639073,0,1
152915,1857,378774467,RET:M010:375558,Slinge,375558,,0,,1639073,0,1
152915,1857,378774468,RET:M010:375560,Slinge,375560,,0,,1639073,0,1
152915,1857,378774469,RET:M010:375562,Slinge,375562,,0,,1639073,0,1
152915,1857,378774470,RET:M010:375568,Slinge,375568,,0,,1639073,0,1
152915,1857,378774471,RET:M010:375570,Slinge,375570,,0,,1639073,0,1
152915,1857,378774472,RET:M010:375572,Slinge,375572,,0,,1639073,0,1
152915,1857,378774473,RET:M010:375574,Slinge,375574,,0,,1639073,0,1
152915,1857,378774474,RET:M010:375576,Slinge,375576,,0,,1639073,0,1
152915,1857,378774475,RET:M010:375578,Slinge,375578,,0,,1639073,0,1
152915,1857,378774476,RET:M010:375580,Slinge,375580,,0,,1639073,0,1
152915,1857,378774477,RET:M010:375582,Slinge,375582,,0,,1639073,0,1
152915,1857,378774478,RET:M010:375584,Slinge,375584,,0,,1639073,0,1
152915,1857,378774479,RET:M010:375592,Slinge,375592,,0,,1639073,0,1
152915,1857,378774480,RET:M010:375594,Slinge,375594,,0,,1639073,0,1
152915,1857,378774481,RET:M010:375596,Slinge,375596,,0,,1639073,0,1
152915,1857,378774482,RET:M010:375598,Slinge,375598,,0,,1639073,0,1
152915,1857,378774483,RET:M010:375600,Slinge,375600,,0,,1639073,0,1
152915,1857,378774484,RET:M010:375602,Slinge,375602,,0,,1639073,0,1
152915,1857,378774485,RET:M010:375604,Slinge,375604,,0,,1639073,0,1
152915,1857,378774486,RET:M010:375606,Slinge,375606,,0,,1639073,0,1
152915,1857,378774487,RET:M010:375608,Slinge,375608,,0,,1639073,0,1
152915,1857,378774488,RET:M010:375616,Slinge,375616,,0,,1639073,0,1
152915,1857,378774489,RET:M010:375618,Slinge,375618,,0,,1639073,0,1
152915,1857,378774490,RET:M010:375620,Slinge,375620,,0,,1639073,0,1
152915,1857,378774491,RET:M010:375622,Slinge,375622,,0,,1639073,0,1
152915,1857,378774492,RET:M010:375624,Slinge,375624,,0,,1639073,0,1
152915,1857,378774493,RET:M010:375626,Slinge,375626,,0,,1639073,0,1
152915,1857,378774494,RET:M010:375628,Slinge,375628,,0,,1639073,0,1
152915,1857,378774495,RET:M010:375630,Slinge,375630,,0,,1639073,0,1
152915,1857,378774496,RET:M010:375481,Den Haag Centraal,375481,,1,,1638840,0,1
152915,1857,378774497,RET:M010:375483,Den Haag Centraal,375483,,1,,1638840,0,1
152915,1857,378774498,RET:M010:375485,Den Haag Centraal,375485,,1,,1638840,0,1
152915,1857,378774499,RET:M010:375487,Den Haag Centraal,375487,,1,,1638840,0,1
152915,1857,378774500,RET:M010:375489,Den Haag Centraal,375489,,1,,1638840,0,1
152915,1857,378774501,RET:M010:375491,Den Haag Centraal,375491,,1,,1638840,0,1
152915,1857,378774502,RET:M010:375493,Den Haag Centraal,375493,,1,,1638840,0,1
152915,1857,378774503,RET:M010:375495,Den Haag Centraal,375495,,1,,1638840,0,1
152915,1857,378774504,RET:M010:375497,Den Haag Centraal,375497,,1,,1638840,0,1
152915,1857,378774505,RET:M010:375503,Den Haag Centraal,375503,,1,,1638840,0,1
152915,1857,378774506,RET:M010:375505,Den Haag Centraal,375505,,1,,1638840,0,1
152915,1857,378774507,RET:M010:375507,Den Haag Centraal,375507,,1,,1638840,0,1
152915,1857,378774508,RET:M010:375509,Den Haag Centraal,375509,,1,,1638840,0,1
152915,1857,378774509,RET:M010:375511,Den Haag Centraal,375511,,1,,1638840,0,1
152915,1857,378774510,RET:M010:375513,Den Haag Centraal,375513,,1,,1638840,0,1
152915,1857,378774511,RET:M010:375515,Den Haag Centraal,375515,,1,,1638840,0,1
152915,1857,378774512,RET:M010:375517,Den Haag Centraal,375517,,1,,1638840,0,1
152915,1857,378774513,RET:M010:375519,Den Haag Centraal,375519,,1,,1638840,0,1
152915,1857,378774514,RET:M010:375525,Den Haag Centraal,375525,,1,,1638840,0,1
152915,1857,378774515,RET:M010:375527,Den Haag Centraal,375527,,1,,1638840,0,1
152915,1857,378774516,RET:M010:375529,Den Haag Centraal,375529,,1,,1638840,0,1
152915,1857,378774517,RET:M010:375531,Den Haag Centraal,375531,,1,,1638840,0,1
152915,1857,378774518,RET:M010:375533,Den Haag Centraal,375533,,1,,1638840,0,1
152915,1857,378774519,RET:M010:375535,Den Haag Centraal,375535,,1,,1638840,0,1
152915,1857,378774520,RET:M010:375537,Den Haag Centraal,375537,,1,,1638840,0,1
152915,1857,378774521,RET:M010:375539,Den Haag Centraal,375539,,1,,1638840,0,1
152915,1857,378774522,RET:M010:375541,Den Haag Centraal,375541,,1,,1638840,0,1
152915,1857,378774523,RET:M010:375547,Den Haag Centraal,375547,,1,,1638840,0,1
152915,1857,378774524,RET:M010:375549,Den Haag Centraal,375549,,1,,1638840,0,1
152915,1857,378774525,RET:M010:375551,Den Haag Centraal,375551,,1,,1638840,0,1
152915,1857,378774526,RET:M010:375553,Den Haag Centraal,375553,,1,,1638840,0,1
152915,1857,378774527,RET:M010:375555,Den Haag Centraal,375555,,1,,1638840,0,1
152915,1857,378774528,RET:M010:375557,Den Haag Centraal,375557,,1,,1638840,0,1
152915,1857,378774529,RET:M010:375559,Den Haag Centraal,375559,,1,,1638840,0,1
152915,1857,378774530,RET:M010:375561,Den Haag Centraal,375561,,1,,1638840,0,1
152915,1857,378774531,RET:M010:375563,Den Haag Centraal,375563,,1,,1638840,0,1
152915,1857,378774532,RET:M010:375569,Den Haag Centraal,375569,,1,,1638840,0,1
152915,1857,378774533,RET:M010:375571,Den Haag Centraal,375571,,1,,1638840,0,1
152915,1857,378774534,RET:M010:375573,Den Haag Centraal,375573,,1,,1638840,0,1
152915,1857,378774535,RET:M010:375575,Den Haag Centraal,375575,,1,,1638840,0,1
152915,1857,378774536,RET:M010:375577,Den Haag Centraal,375577,,1,,1638840,0,1
152915,1857,378774537,RET:M010:375579,Den Haag Centraal,375579,,1,,1638840,0,1
152915,1857,378774538,RET:M010:375581,Den Haag Centraal,375581,,1,,1638840,0,1
152915,1857,378774539,RET:M010:375583,Den Haag Centraal,375583,,1,,1638840,0,1
152915,1857,378774540,RET:M010:375593,Den Haag Centraal,375593,,1,,1638840,0,1
152915,1857,378774541,RET:M010:375595,Den Haag Centraal,375595,,1,,1638840,0,1
152915,1857,378774542,RET:M010:375597,Den Haag Centraal,375597,,1,,1638840,0,1
152915,1857,378774543,RET:M010:375599,Den Haag Centraal,375599,,1,,1638840,0,1
152915,1857,378774544,RET:M010:375601,Den Haag Centraal,375601,,1,,1638840,0,1
152915,1857,378774545,RET:M010:375603,Den Haag Centraal,375603,,1,,1638840,0,1
152915,1857,378774546,RET:M010:375605,Den Haag Centraal,375605,,1,,1638840,0,1
152915,1857,378774547,RET:M010:375607,Den Haag Centraal,375607,,1,,1638840,0,1
152915,1857,378774548,RET:M010:375617,Den Haag Centraal,375617,,1,,1638840,0,1
152915,1857,378774549,RET:M010:375619,Den Haag Centraal,375619,,1,,1638840,0,1
152915,1857,378774550,RET:M010:375621,Den Haag Centraal,375621,,1,,1638840,0,1
152915,1857,378774551,RET:M010:375623,Den Haag Centraal,375623,,1,,1638840,0,1
152915,1857,378774552,RET:M010:375625,Den Haag Centraal,375625,,1,,1638840,0,1
152915,1857,378774553,RET:M010:375627,Den Haag Centraal,375627,,1,,1638840,0,1
152915,1857,378774554,RET:M010:375629,Den Haag Centraal,375629,,1,,1638840,0,1
152915,1857,378774555,RET:M010:375631,Den Haag Centraal,375631,,1,,1638840,0,1
152915,1857,378774556,RET:M010:375498,Slinge,375498,,0,,1638732,0,1
152915,1857,378774557,RET:M010:375520,Slinge,375520,,0,,1638732,0,1
152915,1857,378774558,RET:M010:375542,Slinge,375542,,0,,1638732,0,1
152915,1857,378774559,RET:M010:375564,Slinge,375564,,0,,1638732,0,1
152915,1857,378774560,RET:M010:375632,Slinge,375632,,0,,1638732,0,1
152915,1857,378774561,RET:M010:375501,Den Haag Centraal,375501,,1,,1639113,0,1
152915,1857,378774562,RET:M010:375523,Den Haag Centraal,375523,,1,,1639113,0,1
152915,1857,378774563,RET:M010:375545,Den Haag Centraal,375545,,1,,1639113,0,1
152915,1857,378774564,RET:M010:375567,Den Haag Centraal,375567,,1,,1639113,0,1
152915,1857,378774565,RET:M010:375591,Den Haag Centraal,375591,,1,,1639113,0,1
152915,1857,378774566,RET:M010:375615,Den Haag Centraal,375615,,1,,1639113,0,1
152915,1857,378774567,RET:M010:375585,Leidschenveen,375585,,1,,1639086,0,1
152915,1857,378774568,RET:M010:375609,Leidschenveen,375609,,1,,1639086,0,1
152915,1857,378774569,RET:M010:375588,Slinge,375588,,0,,1638823,0,1
152915,1857,378774570,RET:M010:375635,Rotterdam Centraal,375635,,1,,1639212,0,1
152915,1857,378774571,RET:M010:375683,Rotterdam Centraal,375683,,1,,1639212,0,1
152915,1857,378774572,RET:M010:375731,Rotterdam Centraal,375731,,1,,1639212,0,1
152915,1857,378774573,RET:M010:375636,Slinge,375636,,0,,1638678,0,1
152915,1857,378774574,RET:M010:375640,Slinge,375640,,0,,1638678,0,1
152915,1857,378774575,RET:M010:375644,Slinge,375644,,0,,1638678,0,1
152915,1857,378774576,RET:M010:375648,Slinge,375648,,0,,1638678,0,1
152915,1857,378774577,RET:M010:375652,Slinge,375652,,0,,1638678,0,1
152915,1857,378774578,RET:M010:375656,Slinge,375656,,0,,1638678,0,1
152915,1857,378774579,RET:M010:375660,Slinge,375660,,0,,1638678,0,1
152915,1857,378774580,RET:M010:375664,Slinge,375664,,0,,1638678,0,1
152915,1857,378774581,RET:M010:375668,Slinge,375668,,0,,1638678,0,1
152915,1857,378774582,RET:M010:375672,Slinge,375672,,0,,1638678,0,1
152915,1857,378774583,RET:M010:375676,Slinge,375676,,0,,1638678,0,1
152915,1857,378774584,RET:M010:375680,Slinge,375680,,0,,1638678,0,1
152915,1857,378774585,RET:M010:375684,Slinge,375684,,0,,1638678,0,1
152915,1857,378774586,RET:M010:375688,Slinge,375688,,0,,1638678,0,1
152915,1857,378774587,RET:M010:375692,Slinge,375692,,0,,1638678,0,1
152915,1857,378774588,RET:M010:375696,Slinge,375696,,0,,1638678,0,1
152915,1857,378774589,RET:M010:375700,Slinge,375700,,0,,1638678,0,1
152915,1857,378774590,RET:M010:375704,Slinge,375704,,0,,1638678,0,1
152915,1857,378774591,RET:M010:375708,Slinge,375708,,0,,1638678,0,1
152915,1857,378774592,RET:M010:375712,Slinge,375712,,0,,1638678,0,1
152915,1857,378774593,RET:M010:375716,Slinge,375716,,0,,1638678,0,1
152915,1857,378774594,RET:M010:375720,Slinge,375720,,0,,1638678,0,1
152915,1857,378774595,RET:M010:375724,Slinge,375724,,0,,1638678,0,1
152915,1857,378774596,RET:M010:375728,Slinge,375728,,0,,1638678,0,1
152915,1857,378774597,RET:M010:375732,Slinge,375732,,0,,1638678,0,1
152915,1857,378774598,RET:M010:375736,Slinge,375736,,0,,1638678,0,1
152915,1857,378774599,RET:M010:375740,Slinge,375740,,0,,1638678,0,1
152915,1857,378774600,RET:M010:375744,Slinge,375744,,0,,1638678,0,1
152915,1857,378774601,RET:M010:375748,Slinge,375748,,0,,1638678,0,1
152915,1857,378774602,RET:M010:375752,Slinge,375752,,0,,1638678,0,1
152915,1857,378774603,RET:M010:375756,Slinge,375756,,0,,1638678,0,1
152915,1857,378774604,RET:M010:375760,Slinge,375760,,0,,1638678,0,1
152915,1857,378774605,RET:M010:375764,Slinge,375764,,0,,1638678,0,1
152915,1857,378774606,RET:M010:375768,Slinge,375768,,0,,1638678,0,1
152915,1857,378774607,RET:M010:375772,Slinge,375772,,0,,1638678,0,1
152915,1857,378774608,RET:M010:375639,Rotterdam Centraal,375639,,1,,1638685,0,1
152915,1857,378774609,RET:M010:375643,Rotterdam Centraal,375643,,1,,1638685,0,1
152915,1857,378774610,RET:M010:375647,Rotterdam Centraal,375647,,1,,1638685,0,1
152915,1857,378774611,RET:M010:375651,Rotterdam Centraal,375651,,1,,1638685,0,1
152915,1857,378774612,RET:M010:375655,Rotterdam Centraal,375655,,1,,1638685,0,1
152915,1857,378774613,RET:M010:375659,Rotterdam Centraal,375659,,1,,1638685,0,1
152915,1857,378774614,RET:M010:375663,Rotterdam Centraal,375663,,1,,1638685,0,1
152915,1857,378774615,RET:M010:375667,Rotterdam Centraal,375667,,1,,1638685,0,1
152915,1857,378774616,RET:M010:375671,Rotterdam Centraal,375671,,1,,1638685,0,1
152915,1857,378774617,RET:M010:375675,Rotterdam Centraal,375675,,1,,1638685,0,1
152915,1857,378774618,RET:M010:375679,Rotterdam Centraal,375679,,1,,1638685,0,1
152915,1857,378774619,RET:M010:375687,Rotterdam Centraal,375687,,1,,1638685,0,1
152915,1857,378774620,RET:M010:375691,Rotterdam Centraal,375691,,1,,1638685,0,1
152915,1857,378774621,RET:M010:375695,Rotterdam Centraal,375695,,1,,1638685,0,1
152915,1857,378774622,RET:M010:375699,Rotterdam Centraal,375699,,1,,1638685,0,1
152915,1857,378774623,RET:M010:375703,Rotterdam Centraal,375703,,1,,1638685,0,1
152915,1857,378774624,RET:M010:375707,Rotterdam Centraal,375707,,1,,1638685,0,1
152915,1857,378774625,RET:M010:375711,Rotterdam Centraal,375711,,1,,1638685,0,1
152915,1857,378774626,RET:M010:375715,Rotterdam Centraal,375715,,1,,1638685,0,1
152915,1857,378774627,RET:M010:375719,Rotterdam Centraal,375719,,1,,1638685,0,1
152915,1857,378774628,RET:M010:375723,Rotterdam Centraal,375723,,1,,1638685,0,1
152915,1857,378774629,RET:M010:375727,Rotterdam Centraal,375727,,1,,1638685,0,1
152915,1857,378774630,RET:M010:375735,Rotterdam Centraal,375735,,1,,1638685,0,1
152915,1857,378774631,RET:M010:375739,Rotterdam Centraal,375739,,1,,1638685,0,1
152915,1857,378774632,RET:M010:375743,Rotterdam Centraal,375743,,1,,1638685,0,1
152915,1857,378774633,RET:M010:375747,Rotterdam Centraal,375747,,1,,1638685,0,1
152915,1857,378774634,RET:M010:375751,Rotterdam Centraal,375751,,1,,1638685,0,1
152915,1857,378774635,RET:M010:375755,Rotterdam Centraal,375755,,1,,1638685,0,1
152915,1857,378774636,RET:M010:375759,Rotterdam Centraal,375759,,1,,1638685,0,1
152915,1857,378774637,RET:M010:375763,Rotterdam Centraal,375763,,1,,1638685,0,1
152915,1857,378774638,RET:M010:375767,Rotterdam Centraal,375767,,1,,1638685,0,1
152915,1857,378774639,RET:M010:375771,Rotterdam Centraal,375771,,1,,1638685,0,1
152915,1,378777858,RET:M010:438153,Slinge,438153,,0,,1639073,0,
152915,1,378777859,RET:M010:438155,Slinge,438155,,0,,1639073,0,
152915,1,378777860,RET:M010:438157,Slinge,438157,,0,,1639073,0,1
152915,1,378777861,RET:M010:438159,Slinge,438159,,0,,1639073,0,1
152915,1,378777862,RET:M010:438161,Slinge,438161,,0,,1639073,0,1
152915,1,378777863,RET:M010:438163,Slinge,438163,,0,,1639073,0,1
152915,1,378777864,RET:M010:438165,Slinge,438165,,0,,1639073,0,
152915,1,378777865,RET:M010:438167,Slinge,438167,,0,,1639073,0,
152915,1,378777866,RET:M010:438169,Slinge,438169,,0,,1639073,0,1
152915,1,378777867,RET:M010:438171,Slinge,438171,,0,,1639073,0,1
152915,1,378777868,RET:M010:438181,Slinge,438181,,0,,1639073,0,
152915,1,378777869,RET:M010:438183,Slinge,438183,,0,,1639073,0,1
152915,1,378777870,RET:M010:438185,Slinge,438185,,0,,1639073,0,1
152915,1,378777871,RET:M010:438187,Slinge,438187,,0,,1639073,0,1
152915,1,378777872,RET:M010:438189,Slinge,438189,,0,,1639073,0,1
152915,1,378777873,RET:M010:438191,Slinge,438191,,0,,1639073,0,
152915,1,378777874,RET:M010:438193,Slinge,438193,,0,,1639073,0,
152915,1,378777875,RET:M010:438195,Slinge,438195,,0,,1639073,0,1
152915,1,378777876,RET:M010:438197,Slinge,438197,,0,,1639073,0,1
152915,1,378777877,RET:M010:438199,Slinge,438199,,0,,1639073,0,1
152915,1,378777878,RET:M010:438207,Slinge,438207,,0,,1639073,0,
152915,1,378777879,RET:M010:438209,Slinge,438209,,0,,1639073,0,
152915,1,378777880,RET:M010:438211,Slinge,438211,,0,,1639073,0,1
152915,1,378777881,RET:M010:438213,Slinge,438213,,0,,1639073,0,1
152915,1,378777882,RET:M010:438215,Slinge,438215,,0,,1639073,0,1
152915,1,378777883,RET:M010:438217,Slinge,438217,,0,,1639073,0,1
152915,1,378777884,RET:M010:438219,Slinge,438219,,0,,1639073,0,
152915,1,378777885,RET:M010:438221,Slinge,438221,,0,,1639073,0,
152915,1,378777886,RET:M010:438223,Slinge,438223,,0,,1639073,0,1
152915,1,378777887,RET:M010:438225,Slinge,438225,,0,,1639073,0,1
152915,1,378777888,RET:M010:438231,Slinge,438231,,0,,1639073,0,
152915,1,378777889,RET:M010:438233,Slinge,438233,,0,,1639073,0,
152915,1,378777890,RET:M010:438235,Slinge,438235,,0,,1639073,0,1
152915,1,378777891,RET:M010:438237,Slinge,438237,,0,,1639073,0,1
152915,1,378777892,RET:M010:438239,Slinge,438239,,0,,1639073,0,1
152915,1,378777893,RET:M010:438241,Slinge,438241,,0,,1639073,0,1
152915,1,378777894,RET:M010:438243,Slinge,438243,,0,,1639073,0,
152915,1,378777895,RET:M010:438245,Slinge,438245,,0,,1639073,0,1
152915,1,378777896,RET:M010:438247,Slinge,438247,,0,,1639073,0,1
152915,1,378777897,RET:M010:438249,Slinge,438249,,0,,1639073,0,1
152915,1,378777898,RET:M010:438255,Slinge,438255,,0,,1639073,0,
152915,1,378777899,RET:M010:438257,Slinge,438257,,0,,1639073,0,
152915,1,378777900,RET:M010:438259,Slinge,438259,,0,,1639073,0,1
152915,1,378777901,RET:M010:438261,Slinge,438261,,0,,1639073,0,1
152915,1,378777902,RET:M010:438263,Slinge,438263,,0,,1639073,0,1
152915,1,378777903,RET:M010:438265,Slinge,438265,,0,,1639073,0,
152915,1,378777904,RET:M010:438267,Slinge,438267,,0,,1639073,0,
152915,1,378777905,RET:M010:438269,Slinge,438269,,0,,1639073,0,1
152915,1,378777906,RET:M010:438271,Slinge,438271,,0,,1639073,0,1
152915,1,378777907,RET:M010:438273,Slinge,438273,,0,,1639073,0,1
152915,1,378777908,RET:M010:438279,Slinge,438279,,0,,1639073,0,
152915,1,378777909,RET:M010:438281,Slinge,438281,,0,,1639073,0,
152915,1,378777910,RET:M010:438283,Slinge,438283,,0,,1639073,0,1
152915,1,378777911,RET:M010:438285,Slinge,438285,,0,,1639073,0,1
152915,1,378777912,RET:M010:438287,Slinge,438287,,0,,1639073,0,1
152915,1,378777913,RET:M010:438289,Slinge,438289,,0,,1639073,0,
152915,1,378777914,RET:M010:438291,Slinge,438291,,0,,1639073,0,
152915,1,378777915,RET:M010:438293,Slinge,438293,,0,,1639073,0,1
152915,1,378777916,RET:M010:438295,Slinge,438295,,0,,1639073,0,1
152915,1,378777917,RET:M010:438297,Slinge,438297,,0,,1639073,0,1
152915,1,378777918,RET:M010:438303,Slinge,438303,,0,,1639073,0,
152915,1,378777919,RET:M010:438305,Slinge,438305,,0,,1639073,0,
152915,1,378777920,RET:M010:438307,Slinge,438307,,0,,1639073,0,1
152915,1,378777921,RET:M010:438309,Slinge,438309,,0,,1639073,0,1
152915,1,378777922,RET:M010:438311,Slinge,438311,,0,,1639073,0,1
152915,1,378777923,RET:M010:438313,Slinge,438313,,0,,1639073,0,
152915,1,378777924,RET:M010:438315,Slinge,438315,,0,,1639073,0,
152915,1,378777925,RET:M010:438317,Slinge,438317,,0,,1639073,0,1
152915,1,378777926,RET:M010:438319,Slinge,438319,,0,,1639073,0,1
152915,1,378777927,RET:M010:438321,Slinge,438321,,0,,1639073,0,1
152915,1,378777928,RET:M010:438154,Den Haag Centraal,438154,,1,,1638840,0,
152915,1,378777929,RET:M010:438156,Den Haag Centraal,438156,,1,,1638840,0,
152915,1,378777930,RET:M010:438158,Den Haag Centraal,438158,,1,,1638840,0,1
152915,1,378777931,RET:M010:438160,Den Haag Centraal,438160,,1,,1638840,0,1
152915,1,378777932,RET:M010:438162,Den Haag Centraal,438162,,1,,1638840,0,1
152915,1,378777933,RET:M010:438164,Den Haag Centraal,438164,,1,,1638840,0,
152915,1,378777934,RET:M010:438166,Den Haag Centraal,438166,,1,,1638840,0,
152915,1,378777935,RET:M010:438168,Den Haag Centraal,438168,,1,,1638840,0,1
152915,1,378777936,RET:M010:438170,Den Haag Centraal,438170,,1,,1638840,0,1
152915,1,378777937,RET:M010:438172,Den Haag Centraal,438172,,1,,1638840,0,1
152915,1,378777938,RET:M010:438180,Den Haag Centraal,438180,,1,,1638840,0,
152915,1,378777939,RET:M010:438182,Den Haag Centraal,438182,,1,,1638840,0,
152915,1,378777940,RET:M010:438184,Den Haag Centraal,438184,,1,,1638840,0,1
152915,1,378777941,RET:M010:438186,Den Haag Centraal,438186,,1,,1638840,0,1
152915,1,378777942,RET:M010:438188,Den Haag Centraal,438188,,1,,1638840,0,1
152915,1,378777943,RET:M010:438190,Den Haag Centraal,438190,,1,,1638840,0,
152915,1,378777944,RET:M010:438192,Den Haag Centraal,438192,,1,,1638840,0,
152915,1,378777945,RET:M010:438194,Den Haag Centraal,438194,,1,,1638840,0,1
152915,1,378777946,RET:M010:438196,Den Haag Centraal,438196,,1,,1638840,0,1
152915,1,378777947,RET:M010:438198,Den Haag Centraal,438198,,1,,1638840,0,1
152915,1,378777948,RET:M010:438208,Den Haag Centraal,438208,,1,,1638840,0,
152915,1,378777949,RET:M010:438210,Den Haag Centraal,438210,,1,,1638840,0,
152915,1,378777950,RET:M010:438212,Den Haag Centraal,438212,,1,,1638840,0,1
152915,1,378777951,RET:M010:438214,Den Haag Centraal,438214,,1,,1638840,0,1
152915,1,378777952,RET:M010:438216,Den Haag Centraal,438216,,1,,1638840,0,1
152915,1,378777953,RET:M010:438218,Den Haag Centraal,438218,,1,,1638840,0,
152915,1,378777954,RET:M010:438220,Den Haag Centraal,438220,,1,,1638840,0,
152915,1,378777955,RET:M010:438222,Den Haag Centraal,438222,,1,,1638840,0,1
152915,1,378777956,RET:M010:438224,Den Haag Centraal,438224,,1,,1638840,0,1
152915,1,378777957,RET:M010:438226,Den Haag Centraal,438226,,1,,1638840,0,1
152915,1,378777958,RET:M010:438232,Den Haag Centraal,438232,,1,,1638840,0,
152915,1,378777959,RET:M010:438234,Den Haag Centraal,438234,,1,,1638840,0,1
152915,1,378777960,RET:M010:438236,Den Haag Centraal,438236,,1,,1638840,0,1
152915,1,378777961,RET:M010:438238,Den Haag Centraal,438238,,1,,1638840,0,1
152915,1,378777962,RET:M010:438240,Den Haag Centraal,438240,,1,,1638840,0,1
152915,1,378777963,RET:M010:438242,Den Haag Centraal,438242,,1,,1638840,0,
152915,1,378777964,RET:M010:438244,Den Haag Centraal,438244,,1,,1638840,0,
152915,1,378777965,RET:M010:438246,Den Haag Centraal,438246,,1,,1638840,0,1
152915,1,378777966,RET:M010:438248,Den Haag Centraal,438248,,1,,1638840,0,1
152915,1,378777967,RET:M010:438250,Den Haag Centraal,438250,,1,,1638840,0,1
152915,1,378777968,RET:M010:438256,Den Haag Centraal,438256,,1,,1638840,0,
152915,1,378777969,RET:M010:438258,Den Haag Centraal,438258,,1,,1638840,0,1
152915,1,378777970,RET:M010:438260,Den Haag Centraal,438260,,1,,1638840,0,1
152915,1,378777971,RET:M010:438262,Den Haag Centraal,438262,,1,,1638840,0,1
152915,1,378777972,RET:M010:438264,Den Haag Centraal,438264,,1,,1638840,0,1
152915,1,378777973,RET:M010:438266,Den Haag Centraal,438266,,1,,1638840,0,
152915,1,378777974,RET:M010:438268,Den Haag Centraal,438268,,1,,1638840,0,
152915,1,378777975,RET:M010:438270,Den Haag Centraal,438270,,1,,1638840,0,1
152915,1,378777976,RET:M010:438272,Den Haag Centraal,438272,,1,,1638840,0,1
152915,1,378777977,RET:M010:438274,Den Haag Centraal,438274,,1,,1638840,0,1
152915,1,378777978,RET:M010:438280,Den Haag Centraal,438280,,1,,1638840,0,
152915,1,378777979,RET:M010:438282,Den Haag Centraal,438282,,1,,1638840,0,1
152915,1,378777980,RET:M010:438284,Den Haag Centraal,438284,,1,,1638840,0,1
152915,1,378777981,RET:M010:438286,Den Haag Centraal,438286,,1,,1638840,0,1
152915,1,378777982,RET:M010:438288,Den Haag Centraal,438288,,1,,1638840,0,1
152915,1,378777983,RET:M010:438290,Den Haag Centraal,438290,,1,,1638840,0,
152915,1,378777984,RET:M010:438292,Den Haag Centraal,438292,,1,,1638840,0,
152915,1,378777985,RET:M010:438294,Den Haag Centraal,438294,,1,,1638840,0,1
152915,1,378777986,RET:M010:438296,Den Haag Centraal,438296,,1,,1638840,0,1
152915,1,378777987,RET:M010:438298,Den Haag Centraal,438298,,1,,1638840,0,1
152915,1,378777988,RET:M010:438304,Den Haag Centraal,438304,,1,,1638840,0,
152915,1,378777989,RET:M010:438306,Den Haag Centraal,438306,,1,,1638840,0,1
152915,1,378777990,RET:M010:438308,Den Haag Centraal,438308,,1,,1638840,0,1
152915,1,378777991,RET:M010:438310,Den Haag Centraal,438310,,1,,1638840,0,1
152915,1,378777992,RET:M010:438312,Den Haag Centraal,438312,,1,,1638840,0,1
152915,1,378777993,RET:M010:438314,Den Haag Centraal,438314,,1,,1638840,0,
152915,1,378777994,RET:M010:438316,Den Haag Centraal,438316,,1,,1638840,0,1
152915,1,378777995,RET:M010:438318,Den Haag Centraal,438318,,1,,1638840,0,1
152915,1,378777996,RET:M010:438320,Den Haag Centraal,438320,,1,,1638840,0,1
152915,1,378777997,RET:M010:438173,Slinge,438173,,0,,1638732,0,1
152915,1,378777998,RET:M010:438227,Slinge,438227,,0,,1638732,0,1
152915,1,378777999,RET:M010:438251,Slinge,438251,,0,,1638732,0,1
152915,1,378778000,RET:M010:438275,Slinge,438275,,0,,1638732,0,1
152915,1,378778001,RET:M010:438299,Slinge,438299,,0,,1638732,0,1
152915,1,378778002,RET:M010:438176,Leidschenveen,438176,,1,,1638634,0,
152915,1,378778003,RET:M010:438179,Slinge,438179,,0,,1639089,0,
152915,1,378778004,RET:M010:438200,Leidschenveen,438200,,1,,1639086,0,1
152915,1,378778005,RET:M010:438322,Leidschenveen,438322,,1,,1639086,0,1
152915,1,378778006,RET:M010:438206,Den Haag Centraal,438206,,1,,1639113,0,
152915,1,378778007,RET:M010:438230,Den Haag Centraal,438230,,1,,1639113,0,
152915,1,378778008,RET:M010:438254,Den Haag Centraal,438254,,1,,1639113,0,
152915,1,378778009,RET:M010:438278,Den Haag Centraal,438278,,1,,1639113,0,
152915,1,378778010,RET:M010:438302,Den Haag Centraal,438302,,1,,1639113,0,
152915,1,378778011,RET:M010:438325,Slinge,438325,,0,,1638823,0,1
152915,1,378778012,RET:M010:438328,Pijnacker Zuid,438328,,1,,1639000,0,
152915,1,378778013,RET:M010:438340,Pijnacker Zuid,438340,,1,,1639000,0,
152915,1,378778014,RET:M010:438396,Pijnacker Zuid,438396,,1,,1639000,0,
152915,1,378778015,RET:M010:438452,Pijnacker Zuid,438452,,1,,1639000,0,
152915,1,378778016,RET:M010:438510,Pijnacker Zuid,438510,,1,,1639000,0,
152915,1,378778017,RET:M010:438331,Slinge,438331,,0,,1638637,0,
152915,1,378778018,RET:M010:438337,Slinge,438337,,0,,1638637,0,
152915,1,378778019,RET:M010:438343,Slinge,438343,,0,,1638637,0,
152915,1,378778020,RET:M010:438349,Slinge,438349,,0,,1638637,0,
152915,1,378778021,RET:M010:438387,Slinge,438387,,0,,1638637,0,
152915,1,378778022,RET:M010:438393,Slinge,438393,,0,,1638637,0,
152915,1,378778023,RET:M010:438399,Slinge,438399,,0,,1638637,0,
152915,1,378778024,RET:M010:438405,Slinge,438405,,0,,1638637,0,1
152915,1,378778025,RET:M010:438443,Slinge,438443,,0,,1638637,0,
152915,1,378778026,RET:M010:438449,Slinge,438449,,0,,1638637,0,
152915,1,378778027,RET:M010:438455,Slinge,438455,,0,,1638637,0,
152915,1,378778028,RET:M010:438461,Slinge,438461,,0,,1638637,0,1
152915,1,378778029,RET:M010:438495,Slinge,438495,,0,,1638637,0,
152915,1,378778030,RET:M010:438501,Slinge,438501,,0,,1638637,0,
152915,1,378778031,RET:M010:438507,Slinge,438507,,0,,1638637,0,
152915,1,378778032,RET:M010:438513,Slinge,438513,,0,,1638637,0,
152915,1,378778033,RET:M010:438523,Slinge,438523,,0,,1638637,0,
152915,1,378778034,RET:M010:438529,Slinge,438529,,0,,1638637,0,
152915,1,378778035,RET:M010:438539,Slinge,438539,,0,,1638637,0,
152915,1,378778036,RET:M010:438545,Slinge,438545,,0,,1638637,0,
152915,1,378778037,RET:M010:438334,Pijnacker Zuid,438334,,1,,1638640,0,
152915,1,378778038,RET:M010:438346,Pijnacker Zuid,438346,,1,,1638640,0,
152915,1,378778039,RET:M010:438384,Pijnacker Zuid,438384,,1,,1638640,0,
152915,1,378778040,RET:M010:438390,Pijnacker Zuid,438390,,1,,1638640,0,
152915,1,378778041,RET:M010:438402,Pijnacker Zuid,438402,,1,,1638640,0,
152915,1,378778042,RET:M010:438440,Pijnacker Zuid,438440,,1,,1638640,0,
152915,1,378778043,RET:M010:438446,Pijnacker Zuid,438446,,1,,1638640,0,
152915,1,378778044,RET:M010:438458,Pijnacker Zuid,438458,,1,,1638640,0,
152915,1,378778045,RET:M010:438492,Pijnacker Zuid,438492,,1,,1638640,0,1
152915,1,378778046,RET:M010:438498,Pijnacker Zuid,438498,,1,,1638640,0,
152915,1,378778047,RET:M010:438504,Pijnacker Zuid,438504,,1,,1638640,0,
152915,1,378778048,RET:M010:438520,Pijnacker Zuid,438520,,1,,1638640,0,
152915,1,378778049,RET:M010:438526,Pijnacker Zuid,438526,,1,,1638640,0,
152915,1,378778050,RET:M010:438536,Pijnacker Zuid,438536,,1,,1638640,0,
152915,1,378778051,RET:M010:438542,Pijnacker Zuid,438542,,1,,1638640,0,
152915,1,378778052,RET:M010:438352,Rotterdam Centraal,438352,,1,,1638685,0,1
152915,1,378778053,RET:M010:438356,Rotterdam Centraal,438356,,1,,1638685,0,1
152915,1,378778054,RET:M010:438360,Rotterdam Centraal,438360,,1,,1638685,0,1
152915,1,378778055,RET:M010:438364,Rotterdam Centraal,438364,,1,,1638685,0,1
152915,1,378778056,RET:M010:438368,Rotterdam Centraal,438368,,1,,1638685,0,1
152915,1,378778057,RET:M010:438372,Rotterdam Centraal,438372,,1,,1638685,0,1
152915,1,378778058,RET:M010:438376,Rotterdam Centraal,438376,,1,,1638685,0,1
152915,1,378778059,RET:M010:438380,Rotterdam Centraal,438380,,1,,1638685,0,1
152915,1,378778060,RET:M010:438408,Rotterdam Centraal,438408,,1,,1638685,0,1
152915,1,378778061,RET:M010:438412,Rotterdam Centraal,438412,,1,,1638685,0,1
152915,1,378778062,RET:M010:438416,Rotterdam Centraal,438416,,1,,1638685,0,1
152915,1,378778063,RET:M010:438420,Rotterdam Centraal,438420,,1,,1638685,0,1
152915,1,378778064,RET:M010:438424,Rotterdam Centraal,438424,,1,,1638685,0,1
152915,1,378778065,RET:M010:438428,Rotterdam Centraal,438428,,1,,1638685,0,1
152915,1,378778066,RET:M010:438432,Rotterdam Centraal,438432,,1,,1638685,0,1
152915,1,378778067,RET:M010:438436,Rotterdam Centraal,438436,,1,,1638685,0,1
152915,1,378778068,RET:M010:438464,Rotterdam Centraal,438464,,1,,1638685,0,1
152915,1,378778069,RET:M010:438468,Rotterdam Centraal,438468,,1,,1638685,0,1
152915,1,378778070,RET:M010:438472,Rotterdam Centraal,438472,,1,,1638685,0,1
152915,1,378778071,RET:M010:438476,Rotterdam Centraal,438476,,1,,1638685,0,1
152915,1,378778072,RET:M010:438480,Rotterdam Centraal,438480,,1,,1638685,0,1
152915,1,378778073,RET:M010:438484,Rotterdam Centraal,438484,,1,,1638685,0,1
152915,1,378778074,RET:M010:438488,Rotterdam Centraal,438488,,1,,1638685,0,1
152915,1,378778075,RET:M010:438353,Slinge,438353,,0,,1638678,0,1
152915,1,378778076,RET:M010:438357,Slinge,438357,,0,,1638678,0,1
152915,1,378778077,RET:M010:438361,Slinge,438361,,0,,1638678,0,1
152915,1,378778078,RET:M010:438365,Slinge,438365,,0,,1638678,0,1
152915,1,378778079,RET:M010:438369,Slinge,438369,,0,,1638678,0,1
152915,1,378778080,RET:M010:438373,Slinge,438373,,0,,1638678,0,1
152915,1,378778081,RET:M010:438377,Slinge,438377,,0,,1638678,0,1
152915,1,378778082,RET:M010:438381,Slinge,438381,,0,,1638678,0,1
152915,1,378778083,RET:M010:438409,Slinge,438409,,0,,1638678,0,1
152915,1,378778084,RET:M010:438413,Slinge,438413,,0,,1638678,0,1
152915,1,378778085,RET:M010:438417,Slinge,438417,,0,,1638678,0,1
152915,1,378778086,RET:M010:438421,Slinge,438421,,0,,1638678,0,1
152915,1,378778087,RET:M010:438425,Slinge,438425,,0,,1638678,0,1
152915,1,378778088,RET:M010:438429,Slinge,438429,,0,,1638678,0,1
152915,1,378778089,RET:M010:438433,Slinge,438433,,0,,1638678,0,1
152915,1,378778090,RET:M010:438437,Slinge,438437,,0,,1638678,0,1
152915,1,378778091,RET:M010:438465,Slinge,438465,,0,,1638678,0,1
152915,1,378778092,RET:M010:438469,Slinge,438469,,0,,1638678,0,1
152915,1,378778093,RET:M010:438473,Slinge,438473,,0,,1638678,0,1
152915,1,378778094,RET:M010:438477,Slinge,438477,,0,,1638678,0,1
152915,1,378778095,RET:M010:438481,Slinge,438481,,0,,1638678,0,1
152915,1,378778096,RET:M010:438485,Slinge,438485,,0,,1638678,0,1
152915,1,378778097,RET:M010:438489,Slinge,438489,,0,,1638678,0,1
152915,1,378778098,RET:M010:438517,Slinge,438517,,0,,1638678,0,1
152915,1,378778099,RET:M010:438533,Slinge,438533,,0,,1638678,0,
152915,1,378778100,RET:M010:438516,Rotterdam Centraal,438516,,1,,1639212,0,1
152915,1,378778101,RET:M010:438532,Rotterdam Centraal,438532,,1,,1639212,0,1
152915,1538,378779593,RET:M010:498451,Slinge,498451,,0,,1639073,0,1
152915,1538,378779594,RET:M010:498453,Slinge,498453,,0,,1639073,0,1
152915,1538,378779595,RET:M010:498455,Slinge,498455,,0,,1639073,0,1
152915,1538,378779596,RET:M010:498457,Slinge,498457,,0,,1639073,0,1
152915,1538,378779597,RET:M010:498459,Slinge,498459,,0,,1639073,0,1
152915,1538,378779598,RET:M010:498461,Slinge,498461,,0,,1639073,0,1
152915,1538,378779599,RET:M010:498463,Slinge,498463,,0,,1639073,0,1
152915,1538,378779600,RET:M010:498465,Slinge,498465,,0,,1639073,0,1
152915,1538,378779601,RET:M010:498467,Slinge,498467,,0,,1639073,0,1
152915,1538,378779602,RET:M010:498469,Slinge,498469,,0,,1639073,0,1
152915,1538,378779603,RET:M010:498471,Slinge,498471,,0,,1639073,0,1
152915,1538,378779604,RET:M010:498479,Slinge,498479,,0,,1639073,0,1
152915,1538,378779605,RET:M010:498481,Slinge,498481,,0,,1639073,0,1
152915,1538,378779606,RET:M010:498483,Slinge,498483,,0,,1639073,0,1
152915,1538,378779607,RET:M010:498485,Slinge,498485,,0,,1639073,0,1
152915,1538,378779608,RET:M010:498487,Slinge,498487,,0,,1639073,0,1
152915,1538,378779609,RET:M010:498489,Slinge,498489,,0,,1639073,0,1
152915,1538,378779610,RET:M010:498491,Slinge,498491,,0,,1639073,0,1
152915,1538,378779611,RET:M010:498493,Slinge,498493,,0,,1639073,0,1
152915,1538,378779612,RET:M010:498495,Slinge,498495,,0,,1639073,0,1
152915,1538,378779613,RET:M010:498497,Slinge,498497,,0,,1639073,0,1
152915,1538,378779614,RET:M010:498503,Slinge,498503,,0,,1639073,0,1
152915,1538,378779615,RET:M010:498505,Slinge,498505,,0,,1639073,0,1
152915,1538,378779616,RET:M010:498507,Slinge,498507,,0,,1639073,0,1
152915,1538,378779617,RET:M010:498509,Slinge,498509,,0,,1639073,0,1
152915,1538,378779618,RET:M010:498511,Slinge,498511,,0,,1639073,0,1
152915,1538,378779619,RET:M010:498513,Slinge,498513,,0,,1639073,0,1
152915,1538,378779620,RET:M010:498515,Slinge,498515,,0,,1639073,0,1
152915,1538,378779621,RET:M010:498517,Slinge,498517,,0,,1639073,0,1
152915,1538,378779622,RET:M010:498519,Slinge,498519,,0,,1639073,0,1
152915,1538,378779623,RET:M010:498521,Slinge,498521,,0,,1639073,0,1
152915,1538,378779624,RET:M010:498527,Slinge,498527,,0,,1639073,0,1
152915,1538,378779625,RET:M010:498529,Slinge,498529,,0,,1639073,0,1
152915,1538,378779626,RET:M010:498531,Slinge,498531,,0,,1639073,0,1
152915,1538,378779627,RET:M010:498533,Slinge,498533,,0,,1639073,0,1
152915,1538,378779628,RET:M010:498535,Slinge,498535,,0,,1639073,0,1
152915,1538,378779629,RET:M010:498537,Slinge,498537,,0,,1639073,0,1
152915,1538,378779630,RET:M010:498539,Slinge,498539,,0,,1639073,0,1
152915,1538,378779631,RET:M010:498541,Slinge,498541,,0,,1639073,0,1
152915,1538,378779632,RET:M010:498543,Slinge,498543,,0,,1639073,0,1
152915,1538,378779633,RET:M010:498545,Slinge,498545,,0,,1639073,0,1
152915,1538,378779634,RET:M010:498551,Slinge,498551,,0,,1639073,0,1
152915,1538,378779635,RET:M010:498553,Slinge,498553,,0,,1639073,0,1
152915,1538,378779636,RET:M010:498555,Slinge,498555,,0,,1639073,0,1
152915,1538,378779637,RET:M010:498557,Slinge,498557,,0,,1639073,0,1
152915,1538,378779638,RET:M010:498559,Slinge,498559,,0,,1639073,0,1
152915,1538,378779639,RET:M010:498561,Slinge,498561,,0,,1639073,0,1
152915,1538,378779640,RET:M010:498563,Slinge,498563,,0,,1639073,0,1
152915,1538,378779641,RET:M010:498565,Slinge,498565,,0,,1639073,0,1
152915,1538,378779642,RET:M010:498567,Slinge,498567,,0,,1639073,0,1
152915,1538,378779643,RET:M010:498573,Slinge,498573,,0,,1639073,0,1
152915,1538,378779644,RET:M010:498575,Slinge,498575,,0,,1639073,0,1
152915,1538,378779645,RET:M010:498577,Slinge,498577,,0,,1639073,0,1
152915,1538,378779646,RET:M010:498579,Slinge,498579,,0,,1639073,0,1
152915,1538,378779647,RET:M010:498581,Slinge,498581,,0,,1639073,0,1
152915,1538,378779648,RET:M010:498583,Slinge,498583,,0,,1639073,0,1
152915,1538,378779649,RET:M010:498585,Slinge,498585,,0,,1639073,0,1
152915,1538,378779650,RET:M010:498587,Slinge,498587,,0,,1639073,0,1
152915,1538,378779651,RET:M010:498589,Slinge,498589,,0,,1639073,0,1
152915,1538,378779652,RET:M010:498591,Slinge,498591,,0,,1639073,0,1
152915,1538,378779653,RET:M010:498599,Slinge,498599,,0,,1639073,0,1
152915,1538,378779654,RET:M010:498601,Slinge,498601,,0,,1639073,0,1
152915,1538,378779655,RET:M010:498603,Slinge,498603,,0,,1639073,0,1
152915,1538,378779656,RET:M010:498605,Slinge,498605,,0,,1639073,0,1
152915,1538,378779657,RET:M010:498607,Slinge,498607,,0,,1639073,0,1
152915,1538,378779658,RET:M010:498609,Slinge,498609,,0,,1639073,0,1
152915,1538,378779659,RET:M010:498611,Slinge,498611,,0,,1639073,0,1
152915,1538,378779660,RET:M010:498613,Slinge,498613,,0,,1639073,0,1
152915,1538,378779661,RET:M010:498615,Slinge,498615,,0,,1639073,0,1
152915,1538,378779662,RET:M010:498452,Den Haag Centraal,498452,,1,,1638840,0,1
152915,1538,378779663,RET:M010:498454,Den Haag Centraal,498454,,1,,1638840,0,1
152915,1538,378779664,RET:M010:498456,Den Haag Centraal,498456,,1,,1638840,0,1
152915,1538,378779665,RET:M010:498458,Den Haag Centraal,498458,,1,,1638840,0,1
152915,1538,378779666,RET:M010:498460,Den Haag Centraal,498460,,1,,1638840,0,1
152915,1538,378779667,RET:M010:498462,Den Haag Centraal,498462,,1,,1638840,0,1
152915,1538,378779668,RET:M010:498464,Den Haag Centraal,498464,,1,,1638840,0,1
152915,1538,378779669,RET:M010:498466,Den Haag Centraal,498466,,1,,1638840,0,1
152915,1538,378779670,RET:M010:498468,Den Haag Centraal,498468,,1,,1638840,0,1
152915,1538,378779671,RET:M010:498470,Den Haag Centraal,498470,,1,,1638840,0,1
152915,1538,378779672,RET:M010:498480,Den Haag Centraal,498480,,1,,1638840,0,1
152915,1538,378779673,RET:M010:498482,Den Haag Centraal,498482,,1,,1638840,0,1
152915,1538,378779674,RET:M010:498484,Den Haag Centraal,498484,,1,,1638840,0,1
152915,1538,378779675,RET:M010:498486,Den Haag Centraal,498486,,1,,1638840,0,1
152915,1538,378779676,RET:M010:498488,Den Haag Centraal,498488,,1,,1638840,0,1
152915,1538,378779677,RET:M010:498490,Den Haag Centraal,498490,,1,,1638840,0,1
152915,1538,378779678,RET:M010:498492,Den Haag Centraal,498492,,1,,1638840,0,1
152915,1538,378779679,RET:M010:498494,Den Haag Centraal,498494,,1,,1638840,0,1
152915,1538,378779680,RET:M010:498496,Den Haag Centraal,498496,,1,,1638840,0,1
152915,1538,378779681,RET:M010:498498,Den Haag Centraal,498498,,1,,1638840,0,1
152915,1538,378779682,RET:M010:498504,Den Haag Centraal,498504,,1,,1638840,0,1
152915,1538,378779683,RET:M010:498506,Den Haag Centraal,498506,,1,,1638840,0,1
152915,1538,378779684,RET:M010:498508,Den Haag Centraal,498508,,1,,1638840,0,1
152915,1538,378779685,RET:M010:498510,Den Haag Centraal,498510,,1,,1638840,0,1
152915,1538,378779686,RET:M010:498512,Den Haag Centraal,498512,,1,,1638840,0,1
152915,1538,378779687,RET:M010:498514,Den Haag Centraal,498514,,1,,1638840,0,1
152915,1538,378779688,RET:M010:498516,Den Haag Centraal,498516,,1,,1638840,0,1
152915,1538,378779689,RET:M010:498518,Den Haag Centraal,498518,,1,,1638840,0,1
152915,1538,378779690,RET:M010:498520,Den Haag Centraal,498520,,1,,1638840,0,1
152915,1538,378779691,RET:M010:498522,Den Haag Centraal,498522,,1,,1638840,0,1
152915,1538,378779692,RET:M010:498528,Den Haag Centraal,498528,,1,,1638840,0,1
152915,1538,378779693,RET:M010:498530,Den Haag Centraal,498530,,1,,1638840,0,1
152915,1538,378779694,RET:M010:498532,Den Haag Centraal,498532,,1,,1638840,0,1
152915,1538,378779695,RET:M010:498534,Den Haag Centraal,498534,,1,,1638840,0,1
152915,1538,378779696,RET:M010:498536,Den Haag Centraal,498536,,1,,1638840,0,1
152915,1538,378779697,RET:M010:498538,Den Haag Centraal,498538,,1,,1638840,0,1
152915,1538,378779698,RET:M010:498540,Den Haag Centraal,498540,,1,,1638840,0,1
152915,1538,378779699,RET:M010:498542,Den Haag Centraal,498542,,1,,1638840,0,1
152915,1538,378779700,RET:M010:498544,Den Haag Centraal,498544,,1,,1638840,0,1
152915,1538,378779701,RET:M010:498546,Den Haag Centraal,498546,,1,,1638840,0,1
152915,1538,378779702,RET:M010:498552,Den Haag Centraal,498552,,1,,1638840,0,1
152915,1538,378779703,RET:M010:498554,Den Haag Centraal,498554,,1,,1638840,0,1
152915,1538,378779704,RET:M010:498556,Den Haag Centraal,498556,,1,,1638840,0,1
152915,1538,378779705,RET:M010:498558,Den Haag Centraal,498558,,1,,1638840,0,1
152915,1538,378779706,RET:M010:498560,Den Haag Centraal,498560,,1,,1638840,0,1
152915,1538,378779707,RET:M010:498562,Den Haag Centraal,498562,,1,,1638840,0,1
152915,1538,378779708,RET:M010:498564,Den Haag Centraal,498564,,1,,1638840,0,1
152915,1538,378779709,RET:M010:498566,Den Haag Centraal,498566,,1,,1638840,0,1
152915,1538,378779710,RET:M010:498568,Den Haag Centraal,498568,,1,,1638840,0,1
152915,1538,378779711,RET:M010:498574,Den Haag Centraal,498574,,1,,1638840,0,1
152915,1538,378779712,RET:M010:498576,Den Haag Centraal,498576,,1,,1638840,0,1
152915,1538,378779713,RET:M010:498578,Den Haag Centraal,498578,,1,,1638840,0,1
152915,1538,378779714,RET:M010:498580,Den Haag Centraal,498580,,1,,1638840,0,1
152915,1538,378779715,RET:M010:498582,Den Haag Centraal,498582,,1,,1638840,0,1
152915,1538,378779716,RET:M010:498584,Den Haag Centraal,498584,,1,,1638840,0,1
152915,1538,378779717,RET:M010:498586,Den Haag Centraal,498586,,1,,1638840,0,1
152915,1538,378779718,RET:M010:498588,Den Haag Centraal,498588,,1,,1638840,0,1
152915,1538,378779719,RET:M010:498590,Den Haag Centraal,498590,,1,,1638840,0,1
152915,1538,378779720,RET:M010:498600,Den Haag Centraal,498600,,1,,1638840,0,1
152915,1538,378779721,RET:M010:498602,Den Haag Centraal,498602,,1,,1638840,0,1
152915,1538,378779722,RET:M010:498604,Den Haag Centraal,498604,,1,,1638840,0,1
152915,1538,378779723,RET:M010:498606,Den Haag Centraal,498606,,1,,1638840,0,1
152915,1538,378779724,RET:M010:498608,Den Haag Centraal,498608,,1,,1638840,0,1
152915,1538,378779725,RET:M010:498610,Den Haag Centraal,498610,,1,,1638840,0,1
152915,1538,378779726,RET:M010:498612,Den Haag Centraal,498612,,1,,1638840,0,1
152915,1538,378779727,RET:M010:498614,Den Haag Centraal,498614,,1,,1638840,0,1
152915,1538,378779728,RET:M010:498616,Den Haag Centraal,498616,,1,,1638840,0,1
152915,1538,378779729,RET:M010:498472,Pijnacker Zuid,498472,,1,,1638640,0,1
152915,1538,378779730,RET:M010:498592,Pijnacker Zuid,498592,,1,,1638640,0,1
152915,1538,378779731,RET:M010:498475,Slinge,498475,,0,,1638637,0,1
152915,1538,378779732,RET:M010:498595,Slinge,498595,,0,,1638637,0,1
152915,1538,378779733,RET:M010:498478,Den Haag Centraal,498478,,1,,1639113,0,1
152915,1538,378779734,RET:M010:498502,Den Haag Centraal,498502,,1,,1639113,0,1
152915,1538,378779735,RET:M010:498526,Den Haag Centraal,498526,,1,,1639113,0,1
152915,1538,378779736,RET:M010:498550,Den Haag Centraal,498550,,1,,1639113,0,1
152915,1538,378779737,RET:M010:498572,Den Haag Centraal,498572,,1,,1639113,0,1
152915,1538,378779738,RET:M010:498598,Den Haag Centraal,498598,,1,,1639113,0,1
152915,1538,378779739,RET:M010:498499,Slinge,498499,,0,,1638732,0,1
152915,1538,378779740,RET:M010:498523,Slinge,498523,,0,,1638732,0,1
152915,1538,378779741,RET:M010:498547,Slinge,498547,,0,,1638732,0,1
152915,1538,378779742,RET:M010:498569,Slinge,498569,,0,,1638732,0,1
152915,1538,378779743,RET:M010:498617,Slinge,498617,,0,,1638732,0,1
152915,1538,378779744,RET:M010:498620,Rotterdam Centraal,498620,,1,,1639212,0,1
152915,1538,378779745,RET:M010:498700,Rotterdam Centraal,498700,,1,,1639212,0,1
152915,1538,378779746,RET:M010:498776,Rotterdam Centraal,498776,,1,,1639212,0,1
152915,1538,378779747,RET:M010:498621,Slinge,498621,,0,,1638678,0,1
152915,1538,378779748,RET:M010:498625,Slinge,498625,,0,,1638678,0,1
152915,1538,378779749,RET:M010:498629,Slinge,498629,,0,,1638678,0,1
152915,1538,378779750,RET:M010:498633,Slinge,498633,,0,,1638678,0,1
152915,1538,378779751,RET:M010:498637,Slinge,498637,,0,,1638678,0,1
152915,1538,378779752,RET:M010:498641,Slinge,498641,,0,,1638678,0,1
152915,1538,378779753,RET:M010:498645,Slinge,498645,,0,,1638678,0,1
152915,1538,378779754,RET:M010:498649,Slinge,498649,,0,,1638678,0,1
152915,1538,378779755,RET:M010:498653,Slinge,498653,,0,,1638678,0,1
152915,1538,378779756,RET:M010:498657,Slinge,498657,,0,,1638678,0,1
152915,1538,378779757,RET:M010:498661,Slinge,498661,,0,,1638678,0,1
152915,1538,378779758,RET:M010:498665,Slinge,498665,,0,,1638678,0,1
152915,1538,378779759,RET:M010:498701,Slinge,498701,,0,,1638678,0,1
152915,1538,378779760,RET:M010:498705,Slinge,498705,,0,,1638678,0,1
152915,1538,378779761,RET:M010:498709,Slinge,498709,,0,,1638678,0,1
152915,1538,378779762,RET:M010:498713,Slinge,498713,,0,,1638678,0,1
152915,1538,378779763,RET:M010:498717,Slinge,498717,,0,,1638678,0,1
152915,1538,378779764,RET:M010:498721,Slinge,498721,,0,,1638678,0,1
152915,1538,378779765,RET:M010:498725,Slinge,498725,,0,,1638678,0,1
152915,1538,378779766,RET:M010:498729,Slinge,498729,,0,,1638678,0,1
152915,1538,378779767,RET:M010:498733,Slinge,498733,,0,,1638678,0,1
152915,1538,378779768,RET:M010:498737,Slinge,498737,,0,,1638678,0,1
152915,1538,378779769,RET:M010:498741,Slinge,498741,,0,,1638678,0,1
152915,1538,378779770,RET:M010:498745,Slinge,498745,,0,,1638678,0,1
152915,1538,378779771,RET:M010:498777,Slinge,498777,,0,,1638678,0,1
152915,1538,378779772,RET:M010:498781,Slinge,498781,,0,,1638678,0,1
152915,1538,378779773,RET:M010:498785,Slinge,498785,,0,,1638678,0,1
152915,1538,378779774,RET:M010:498789,Slinge,498789,,0,,1638678,0,1
152915,1538,378779775,RET:M010:498793,Slinge,498793,,0,,1638678,0,1
152915,1538,378779776,RET:M010:498797,Slinge,498797,,0,,1638678,0,1
152915,1538,378779777,RET:M010:498801,Slinge,498801,,0,,1638678,0,1
152915,1538,378779778,RET:M010:498805,Slinge,498805,,0,,1638678,0,1
152915,1538,378779779,RET:M010:498809,Slinge,498809,,0,,1638678,0,1
152915,1538,378779780,RET:M010:498813,Slinge,498813,,0,,1638678,0,1
152915,1538,378779781,RET:M010:498817,Slinge,498817,,0,,1638678,0,1
152915,1538,378779782,RET:M010:498624,Rotterdam Centraal,498624,,1,,1638685,0,1
152915,1538,378779783,RET:M010:498628,Rotterdam Centraal,498628,,1,,1638685,0,1
152915,1538,378779784,RET:M010:498632,Rotterdam Centraal,498632,,1,,1638685,0,1
152915,1538,378779785,RET:M010:498636,Rotterdam Centraal,498636,,1,,1638685,0,1
152915,1538,378779786,RET:M010:498640,Rotterdam Centraal,498640,,1,,1638685,0,1
152915,1538,378779787,RET:M010:498644,Rotterdam Centraal,498644,,1,,1638685,0,1
152915,1538,378779788,RET:M010:498648,Rotterdam Centraal,498648,,1,,1638685,0,1
152915,1538,378779789,RET:M010:498652,Rotterdam Centraal,498652,,1,,1638685,0,1
152915,1538,378779790,RET:M010:498656,Rotterdam Centraal,498656,,1,,1638685,0,1
152915,1538,378779791,RET:M010:498660,Rotterdam Centraal,498660,,1,,1638685,0,1
152915,1538,378779792,RET:M010:498664,Rotterdam Centraal,498664,,1,,1638685,0,1
152915,1538,378779793,RET:M010:498704,Rotterdam Centraal,498704,,1,,1638685,0,1
152915,1538,378779794,RET:M010:498708,Rotterdam Centraal,498708,,1,,1638685,0,1
152915,1538,378779795,RET:M010:498712,Rotterdam Centraal,498712,,1,,1638685,0,1
152915,1538,378779796,RET:M010:498716,Rotterdam Centraal,498716,,1,,1638685,0,1
152915,1538,378779797,RET:M010:498720,Rotterdam Centraal,498720,,1,,1638685,0,1
152915,1538,378779798,RET:M010:498724,Rotterdam Centraal,498724,,1,,1638685,0,1
152915,1538,378779799,RET:M010:498728,Rotterdam Centraal,498728,,1,,1638685,0,1
152915,1538,378779800,RET:M010:498732,Rotterdam Centraal,498732,,1,,1638685,0,1
152915,1538,378779801,RET:M010:498736,Rotterdam Centraal,498736,,1,,1638685,0,1
152915,1538,378779802,RET:M010:498740,Rotterdam Centraal,498740,,1,,1638685,0,1
152915,1538,378779803,RET:M010:498744,Rotterdam Centraal,498744,,1,,1638685,0,1
152915,1538,378779804,RET:M010:498780,Rotterdam Centraal,498780,,1,,1638685,0,1
152915,1538,378779805,RET:M010:498784,Rotterdam Centraal,498784,,1,,1638685,0,1
152915,1538,378779806,RET:M010:498788,Rotterdam Centraal,498788,,1,,1638685,0,1
152915,1538,378779807,RET:M010:498792,Rotterdam Centraal,498792,,1,,1638685,0,1
152915,1538,378779808,RET:M010:498796,Rotterdam Centraal,498796,,1,,1638685,0,1
152915,1538,378779809,RET:M010:498800,Rotterdam Centraal,498800,,1,,1638685,0,1
152915,1538,378779810,RET:M010:498804,Rotterdam Centraal,498804,,1,,1638685,0,1
152915,1538,378779811,RET:M010:498808,Rotterdam Centraal,498808,,1,,1638685,0,1
152915,1538,378779812,RET:M010:498812,Rotterdam Centraal,498812,,1,,1638685,0,1
152915,1538,378779813,RET:M010:498816,Rotterdam Centraal,498816,,1,,1638685,0,1
152915,1538,378779814,RET:M010:498668,Rotterdam Centraal,498668,,1,,1638660,0,1
152915,1538,378779815,RET:M010:498672,Rotterdam Centraal,498672,,1,,1638660,0,1
152915,1538,378779816,RET:M010:498676,Rotterdam Centraal,498676,,1,,1638660,0,1
152915,1538,378779817,RET:M010:498680,Rotterdam Centraal,498680,,1,,1638660,0,1
152915,1538,378779818,RET:M010:498684,Rotterdam Centraal,498684,,1,,1638660,0,1
152915,1538,378779819,RET:M010:498688,Rotterdam Centraal,498688,,1,,1638660,0,1
152915,1538,378779820,RET:M010:498692,Rotterdam Centraal,498692,,1,,1638660,0,1
152915,1538,378779821,RET:M010:498696,Rotterdam Centraal,498696,,1,,1638660,0,1
152915,1538,378779822,RET:M010:498748,Rotterdam Centraal,498748,,1,,1638660,0,1
152915,1538,378779823,RET:M010:498752,Rotterdam Centraal,498752,,1,,1638660,0,1
152915,1538,378779824,RET:M010:498756,Rotterdam Centraal,498756,,1,,1638660,0,1
152915,1538,378779825,RET:M010:498760,Rotterdam Centraal,498760,,1,,1638660,0,1
152915,1538,378779826,RET:M010:498764,Rotterdam Centraal,498764,,1,,1638660,0,1
152915,1538,378779827,RET:M010:498768,Rotterdam Centraal,498768,,1,,1638660,0,1
152915,1538,378779828,RET:M010:498772,Rotterdam Centraal,498772,,1,,1638660,0,1
152915,1538,378779829,RET:M010:498820,Rotterdam Centraal,498820,,1,,1638660,0,1
152915,1538,378779830,RET:M010:498824,Rotterdam Centraal,498824,,1,,1638660,0,1
152915,1538,378779831,RET:M010:498828,Rotterdam Centraal,498828,,1,,1638660,0,1
152915,1538,378779832,RET:M010:498832,Rotterdam Centraal,498832,,1,,1638660,0,1
152915,1538,378779833,RET:M010:498836,Rotterdam Centraal,498836,,1,,1638660,0,1
152915,1538,378779834,RET:M010:498840,Rotterdam Centraal,498840,,1,,1638660,0,1
152915,1538,378779835,RET:M010:498844,Rotterdam Centraal,498844,,1,,1638660,0,1
152915,1538,378779836,RET:M010:498848,Rotterdam Centraal,498848,,1,,1638660,0,1
152915,1538,378779837,RET:M010:498669,Slinge,498669,,0,,1639003,0,1
152915,1538,378779838,RET:M010:498673,Slinge,498673,,0,,1639003,0,1
152915,1538,378779839,RET:M010:498677,Slinge,498677,,0,,1639003,0,1
152915,1538,378779840,RET:M010:498681,Slinge,498681,,0,,1639003,0,1
152915,1538,378779841,RET:M010:498685,Slinge,498685,,0,,1639003,0,1
152915,1538,378779842,RET:M010:498689,Slinge,498689,,0,,1639003,0,1
152915,1538,378779843,RET:M010:498693,Slinge,498693,,0,,1639003,0,1
152915,1538,378779844,RET:M010:498697,Slinge,498697,,0,,1639003,0,1
152915,1538,378779845,RET:M010:498749,Slinge,498749,,0,,1639003,0,1
152915,1538,378779846,RET:M010:498753,Slinge,498753,,0,,1639003,0,1
152915,1538,378779847,RET:M010:498757,Slinge,498757,,0,,1639003,0,1
152915,1538,378779848,RET:M010:498761,Slinge,498761,,0,,1639003,0,1
152915,1538,378779849,RET:M010:498765,Slinge,498765,,0,,1639003,0,1
152915,1538,378779850,RET:M010:498769,Slinge,498769,,0,,1639003,0,1
152915,1538,378779851,RET:M010:498773,Slinge,498773,,0,,1639003,0,1
152915,1538,378779852,RET:M010:498821,Slinge,498821,,0,,1639003,0,1
152915,1538,378779853,RET:M010:498825,Slinge,498825,,0,,1639003,0,1
152915,1538,378779854,RET:M010:498829,Slinge,498829,,0,,1639003,0,1
152915,1538,378779855,RET:M010:498833,Slinge,498833,,0,,1639003,0,1
152915,1538,378779856,RET:M010:498837,Slinge,498837,,0,,1639003,0,1
152915,1538,378779857,RET:M010:498841,Slinge,498841,,0,,1639003,0,1
152915,1538,378779858,RET:M010:498845,Slinge,498845,,0,,1639003,0,1
152915,1538,378779859,RET:M010:498849,Slinge,498849,,0,,1639003,0,1
152915,1021,378780507,RET:M010:503654,Slinge,503654,,0,,1639073,0,
152915,1021,378780508,RET:M010:503656,Slinge,503656,,0,,1639073,0,
152915,1021,378780509,RET:M010:503658,Slinge,503658,,0,,1639073,0,1
152915,1021,378780510,RET:M010:503660,Slinge,503660,,0,,1639073,0,1
152915,1021,378780511,RET:M010:503662,Slinge,503662,,0,,1639073,0,1
152915,1021,378780512,RET:M010:503664,Slinge,503664,,0,,1639073,0,1
152915,1021,378780513,RET:M010:503666,Slinge,503666,,0,,1639073,0,
152915,1021,378780514,RET:M010:503668,Slinge,503668,,0,,1639073,0,
152915,1021,378780515,RET:M010:503670,Slinge,503670,,0,,1639073,0,1
152915,1021,378780516,RET:M010:503672,Slinge,503672,,0,,1639073,0,1
152915,1021,378780517,RET:M010:503682,Slinge,503682,,0,,1639073,0,
152915,1021,378780518,RET:M010:503684,Slinge,503684,,0,,1639073,0,1
152915,1021,378780519,RET:M010:503686,Slinge,503686,,0,,1639073,0,1
152915,1021,378780520,RET:M010:503688,Slinge,503688,,0,,1639073,0,1
152915,1021,378780521,RET:M010:503690,Slinge,503690,,0,,1639073,0,1
152915,1021,378780522,RET:M010:503692,Slinge,503692,,0,,1639073,0,
152915,1021,378780523,RET:M010:503694,Slinge,503694,,0,,1639073,0,
152915,1021,378780524,RET:M010:503696,Slinge,503696,,0,,1639073,0,1
152915,1021,378780525,RET:M010:503698,Slinge,503698,,0,,1639073,0,1
152915,1021,378780526,RET:M010:503700,Slinge,503700,,0,,1639073,0,1
152915,1021,378780527,RET:M010:503706,Slinge,503706,,0,,1639073,0,
152915,1021,378780528,RET:M010:503708,Slinge,503708,,0,,1639073,0,
152915,1021,378780529,RET:M010:503710,Slinge,503710,,0,,1639073,0,1
152915,1021,378780530,RET:M010:503712,Slinge,503712,,0,,1639073,0,1
152915,1021,378780531,RET:M010:503714,Slinge,503714,,0,,1639073,0,1
152915,1021,378780532,RET:M010:503716,Slinge,503716,,0,,1639073,0,1
152915,1021,378780533,RET:M010:503718,Slinge,503718,,0,,1639073,0,
152915,1021,378780534,RET:M010:503720,Slinge,503720,,0,,1639073,0,
152915,1021,378780535,RET:M010:503722,Slinge,503722,,0,,1639073,0,1
152915,1021,378780536,RET:M010:503724,Slinge,503724,,0,,1639073,0,1
152915,1021,378780537,RET:M010:503726,Slinge,503726,,0,,1639073,0,1
152915,1021,378780538,RET:M010:503734,Slinge,503734,,0,,1639073,0,
152915,1021,378780539,RET:M010:503736,Slinge,503736,,0,,1639073,0,
152915,1021,378780540,RET:M010:503738,Slinge,503738,,0,,1639073,0,1
152915,1021,378780541,RET:M010:503740,Slinge,503740,,0,,1639073,0,1
152915,1021,378780542,RET:M010:503742,Slinge,503742,,0,,1639073,0,1
152915,1021,378780543,RET:M010:503744,Slinge,503744,,0,,1639073,0,1
152915,1021,378780544,RET:M010:503746,Slinge,503746,,0,,1639073,0,
152915,1021,378780545,RET:M010:503748,Slinge,503748,,0,,1639073,0,1
152915,1021,378780546,RET:M010:503750,Slinge,503750,,0,,1639073,0,1
152915,1021,378780547,RET:M010:503752,Slinge,503752,,0,,1639073,0,1
152915,1021,378780548,RET:M010:503758,Slinge,503758,,0,,1639073,0,
152915,1021,378780549,RET:M010:503760,Slinge,503760,,0,,1639073,0,
152915,1021,378780550,RET:M010:503762,Slinge,503762,,0,,1639073,0,1
152915,1021,378780551,RET:M010:503764,Slinge,503764,,0,,1639073,0,1
152915,1021,378780552,RET:M010:503766,Slinge,503766,,0,,1639073,0,1
152915,1021,378780553,RET:M010:503768,Slinge,503768,,0,,1639073,0,
152915,1021,378780554,RET:M010:503770,Slinge,503770,,0,,1639073,0,
152915,1021,378780555,RET:M010:503772,Slinge,503772,,0,,1639073,0,1
152915,1021,378780556,RET:M010:503774,Slinge,503774,,0,,1639073,0,1
152915,1021,378780557,RET:M010:503776,Slinge,503776,,0,,1639073,0,1
152915,1021,378780558,RET:M010:503778,Slinge,503778,,0,,1639073,0,1
152915,1021,378780559,RET:M010:503786,Slinge,503786,,0,,1639073,0,
152915,1021,378780560,RET:M010:503788,Slinge,503788,,0,,1639073,0,
152915,1021,378780561,RET:M010:503790,Slinge,503790,,0,,1639073,0,1
152915,1021,378780562,RET:M010:503792,Slinge,503792,,0,,1639073,0,1
152915,1021,378780563,RET:M010:503794,Slinge,503794,,0,,1639073,0,1
152915,1021,378780564,RET:M010:503796,Slinge,503796,,0,,1639073,0,
152915,1021,378780565,RET:M010:503798,Slinge,503798,,0,,1639073,0,
152915,1021,378780566,RET:M010:503800,Slinge,503800,,0,,1639073,0,1
152915,1021,378780567,RET:M010:503802,Slinge,503802,,0,,1639073,0,1
152915,1021,378780568,RET:M010:503804,Slinge,503804,,0,,1639073,0,1
152915,1021,378780569,RET:M010:503810,Slinge,503810,,0,,1639073,0,
152915,1021,378780570,RET:M010:503812,Slinge,503812,,0,,1639073,0,
152915,1021,378780571,RET:M010:503814,Slinge,503814,,0,,1639073,0,1
152915,1021,378780572,RET:M010:503816,Slinge,503816,,0,,1639073,0,1
152915,1021,378780573,RET:M010:503818,Slinge,503818,,0,,1639073,0,1
152915,1021,378780574,RET:M010:503820,Slinge,503820,,0,,1639073,0,
152915,1021,378780575,RET:M010:503822,Slinge,503822,,0,,1639073,0,
152915,1021,378780576,RET:M010:503824,Slinge,503824,,0,,1639073,0,1
152915,1021,378780577,RET:M010:503826,Slinge,503826,,0,,1639073,0,1
152915,1021,378780578,RET:M010:503828,Slinge,503828,,0,,1639073,0,1
152915,1021,378780579,RET:M010:503655,Den Haag Centraal,503655,,1,,1638840,0,
152915,1021,378780580,RET:M010:503657,Den Haag Centraal,503657,,1,,1638840,0,
152915,1021,378780581,RET:M010:503659,Den Haag Centraal,503659,,1,,1638840,0,1
152915,1021,378780582,RET:M010:503661,Den Haag Centraal,503661,,1,,1638840,0,1
152915,1021,378780583,RET:M010:503663,Den Haag Centraal,503663,,1,,1638840,0,1
152915,1021,378780584,RET:M010:503665,Den Haag Centraal,503665,,1,,1638840,0,
152915,1021,378780585,RET:M010:503667,Den Haag Centraal,503667,,1,,1638840,0,
152915,1021,378780586,RET:M010:503669,Den Haag Centraal,503669,,1,,1638840,0,1
152915,1021,378780587,RET:M010:503671,Den Haag Centraal,503671,,1,,1638840,0,1
152915,1021,378780588,RET:M010:503673,Den Haag Centraal,503673,,1,,1638840,0,1
152915,1021,378780589,RET:M010:503681,Den Haag Centraal,503681,,1,,1638840,0,
152915,1021,378780590,RET:M010:503683,Den Haag Centraal,503683,,1,,1638840,0,
152915,1021,378780591,RET:M010:503685,Den Haag Centraal,503685,,1,,1638840,0,1
152915,1021,378780592,RET:M010:503687,Den Haag Centraal,503687,,1,,1638840,0,1
152915,1021,378780593,RET:M010:503689,Den Haag Centraal,503689,,1,,1638840,0,1
152915,1021,378780594,RET:M010:503691,Den Haag Centraal,503691,,1,,1638840,0,
152915,1021,378780595,RET:M010:503693,Den Haag Centraal,503693,,1,,1638840,0,
152915,1021,378780596,RET:M010:503695,Den Haag Centraal,503695,,1,,1638840,0,1
152915,1021,378780597,RET:M010:503697,Den Haag Centraal,503697,,1,,1638840,0,1
152915,1021,378780598,RET:M010:503699,Den Haag Centraal,503699,,1,,1638840,0,1
152915,1021,378780599,RET:M010:503701,Den Haag Centraal,503701,,1,,1638840,0,1
152915,1021,378780600,RET:M010:503707,Den Haag Centraal,503707,,1,,1638840,0,
152915,1021,378780601,RET:M010:503709,Den Haag Centraal,503709,,1,,1638840,0,
152915,1021,378780602,RET:M010:503711,Den Haag Centraal,503711,,1,,1638840,0,1
152915,1021,378780603,RET:M010:503713,Den Haag Centraal,503713,,1,,1638840,0,1
152915,1021,378780604,RET:M010:503715,Den Haag Centraal,503715,,1,,1638840,0,1
152915,1021,378780605,RET:M010:503717,Den Haag Centraal,503717,,1,,1638840,0,
152915,1021,378780606,RET:M010:503719,Den Haag Centraal,503719,,1,,1638840,0,
152915,1021,378780607,RET:M010:503721,Den Haag Centraal,503721,,1,,1638840,0,1
152915,1021,378780608,RET:M010:503723,Den Haag Centraal,503723,,1,,1638840,0,1
152915,1021,378780609,RET:M010:503725,Den Haag Centraal,503725,,1,,1638840,0,1
152915,1021,378780610,RET:M010:503735,Den Haag Centraal,503735,,1,,1638840,0,
152915,1021,378780611,RET:M010:503737,Den Haag Centraal,503737,,1,,1638840,0,1
152915,1021,378780612,RET:M010:503739,Den Haag Centraal,503739,,1,,1638840,0,1
152915,1021,378780613,RET:M010:503741,Den Haag Centraal,503741,,1,,1638840,0,1
152915,1021,378780614,RET:M010:503743,Den Haag Centraal,503743,,1,,1638840,0,1
152915,1021,378780615,RET:M010:503745,Den Haag Centraal,503745,,1,,1638840,0,
152915,1021,378780616,RET:M010:503747,Den Haag Centraal,503747,,1,,1638840,0,
152915,1021,378780617,RET:M010:503749,Den Haag Centraal,503749,,1,,1638840,0,1
152915,1021,378780618,RET:M010:503751,Den Haag Centraal,503751,,1,,1638840,0,1
152915,1021,378780619,RET:M010:503753,Den Haag Centraal,503753,,1,,1638840,0,1
152915,1021,378780620,RET:M010:503759,Den Haag Centraal,503759,,1,,1638840,0,
152915,1021,378780621,RET:M010:503761,Den Haag Centraal,503761,,1,,1638840,0,1
152915,1021,378780622,RET:M010:503763,Den Haag Centraal,503763,,1,,1638840,0,1
152915,1021,378780623,RET:M010:503765,Den Haag Centraal,503765,,1,,1638840,0,1
152915,1021,378780624,RET:M010:503767,Den Haag Centraal,503767,,1,,1638840,0,1
152915,1021,378780625,RET:M010:503769,Den Haag Centraal,503769,,1,,1638840,0,
152915,1021,378780626,RET:M010:503771,Den Haag Centraal,503771,,1,,1638840,0,
152915,1021,378780627,RET:M010:503773,Den Haag Centraal,503773,,1,,1638840,0,1
152915,1021,378780628,RET:M010:503775,Den Haag Centraal,503775,,1,,1638840,0,1
152915,1021,378780629,RET:M010:503777,Den Haag Centraal,503777,,1,,1638840,0,1
152915,1021,378780630,RET:M010:503787,Den Haag Centraal,503787,,1,,1638840,0,
152915,1021,378780631,RET:M010:503789,Den Haag Centraal,503789,,1,,1638840,0,1
152915,1021,378780632,RET:M010:503791,Den Haag Centraal,503791,,1,,1638840,0,1
152915,1021,378780633,RET:M010:503793,Den Haag Centraal,503793,,1,,1638840,0,1
152915,1021,378780634,RET:M010:503795,Den Haag Centraal,503795,,1,,1638840,0,1
152915,1021,378780635,RET:M010:503797,Den Haag Centraal,503797,,1,,1638840,0,
152915,1021,378780636,RET:M010:503799,Den Haag Centraal,503799,,1,,1638840,0,
152915,1021,378780637,RET:M010:503801,Den Haag Centraal,503801,,1,,1638840,0,1
152915,1021,378780638,RET:M010:503803,Den Haag Centraal,503803,,1,,1638840,0,1
152915,1021,378780639,RET:M010:503805,Den Haag Centraal,503805,,1,,1638840,0,1
152915,1021,378780640,RET:M010:503811,Den Haag Centraal,503811,,1,,1638840,0,
152915,1021,378780641,RET:M010:503813,Den Haag Centraal,503813,,1,,1638840,0,1
152915,1021,378780642,RET:M010:503815,Den Haag Centraal,503815,,1,,1638840,0,1
152915,1021,378780643,RET:M010:503817,Den Haag Centraal,503817,,1,,1638840,0,1
152915,1021,378780644,RET:M010:503819,Den Haag Centraal,503819,,1,,1638840,0,1
152915,1021,378780645,RET:M010:503821,Den Haag Centraal,503821,,1,,1638840,0,
152915,1021,378780646,RET:M010:503823,Den Haag Centraal,503823,,1,,1638840,0,1
152915,1021,378780647,RET:M010:503825,Den Haag Centraal,503825,,1,,1638840,0,1
152915,1021,378780648,RET:M010:503827,Den Haag Centraal,503827,,1,,1638840,0,1
152915,1021,378780649,RET:M010:503829,Den Haag Centraal,503829,,1,,1638840,0,1
152915,1021,378780650,RET:M010:503674,Slinge,503674,,0,,1638732,0,1
152915,1021,378780651,RET:M010:503702,Slinge,503702,,0,,1638732,0,1
152915,1021,378780652,RET:M010:503754,Slinge,503754,,0,,1638732,0,1
152915,1021,378780653,RET:M010:503806,Slinge,503806,,0,,1638732,0,1
152915,1021,378780654,RET:M010:503830,Slinge,503830,,0,,1638732,0,1
152915,1021,378780655,RET:M010:503677,Leidschenveen,503677,,1,,1638634,0,
152915,1021,378780656,RET:M010:503680,Slinge,503680,,0,,1639089,0,
152915,1021,378780657,RET:M010:503705,Den Haag Centraal,503705,,1,,1639113,0,
152915,1021,378780658,RET:M010:503733,Den Haag Centraal,503733,,1,,1639113,0,
152915,1021,378780659,RET:M010:503757,Den Haag Centraal,503757,,1,,1639113,0,
152915,1021,378780660,RET:M010:503785,Den Haag Centraal,503785,,1,,1639113,0,
152915,1021,378780661,RET:M010:503809,Den Haag Centraal,503809,,1,,1639113,0,
152915,1021,378780662,RET:M010:503727,Pijnacker Zuid,503727,,1,,1638640,0,1
152915,1021,378780663,RET:M010:503779,Pijnacker Zuid,503779,,1,,1638640,0,1
152915,1021,378780664,RET:M010:503730,Slinge,503730,,0,,1638637,0,1
152915,1021,378780665,RET:M010:503782,Slinge,503782,,0,,1638637,0,1
152915,1021,378780666,RET:M010:503833,Rotterdam Centraal,503833,,1,,1639212,0,
152915,1021,378780667,RET:M010:503897,Rotterdam Centraal,503897,,1,,1639212,0,
152915,1021,378780668,RET:M010:503961,Rotterdam Centraal,503961,,1,,1639212,0,
152915,1021,378780669,RET:M010:503834,Slinge,503834,,0,,1638678,0,
152915,1021,378780670,RET:M010:503838,Slinge,503838,,0,,1638678,0,
152915,1021,378780671,RET:M010:503842,Slinge,503842,,0,,1638678,0,
152915,1021,378780672,RET:M010:503846,Slinge,503846,,0,,1638678,0,1
152915,1021,378780673,RET:M010:503850,Slinge,503850,,0,,1638678,0,1
152915,1021,378780674,RET:M010:503854,Slinge,503854,,0,,1638678,0,1
152915,1021,378780675,RET:M010:503858,Slinge,503858,,0,,1638678,0,1
152915,1021,378780676,RET:M010:503862,Slinge,503862,,0,,1638678,0,1
152915,1021,378780677,RET:M010:503866,Slinge,503866,,0,,1638678,0,1
152915,1021,378780678,RET:M010:503870,Slinge,503870,,0,,1638678,0,1
152915,1021,378780679,RET:M010:503874,Slinge,503874,,0,,1638678,0,1
152915,1021,378780680,RET:M010:503878,Slinge,503878,,0,,1638678,0,1
152915,1021,378780681,RET:M010:503882,Slinge,503882,,0,,1638678,0,
152915,1021,378780682,RET:M010:503886,Slinge,503886,,0,,1638678,0,
152915,1021,378780683,RET:M010:503890,Slinge,503890,,0,,1638678,0,
152915,1021,378780684,RET:M010:503894,Slinge,503894,,0,,1638678,0,
152915,1021,378780685,RET:M010:503898,Slinge,503898,,0,,1638678,0,
152915,1021,378780686,RET:M010:503902,Slinge,503902,,0,,1638678,0,
152915,1021,378780687,RET:M010:503906,Slinge,503906,,0,,1638678,0,
152915,1021,378780688,RET:M010:503910,Slinge,503910,,0,,1638678,0,1
152915,1021,378780689,RET:M010:503914,Slinge,503914,,0,,1638678,0,1
152915,1021,378780690,RET:M010:503918,Slinge,503918,,0,,1638678,0,1
152915,1021,378780691,RET:M010:503922,Slinge,503922,,0,,1638678,0,1
152915,1021,378780692,RET:M010:503926,Slinge,503926,,0,,1638678,0,1
152915,1021,378780693,RET:M010:503930,Slinge,503930,,0,,1638678,0,1
152915,1021,378780694,RET:M010:503934,Slinge,503934,,0,,1638678,0,1
152915,1021,378780695,RET:M010:503938,Slinge,503938,,0,,1638678,0,1
152915,1021,378780696,RET:M010:503942,Slinge,503942,,0,,1638678,0,1
152915,1021,378780697,RET:M010:503946,Slinge,503946,,0,,1638678,0,
152915,1021,378780698,RET:M010:503950,Slinge,503950,,0,,1638678,0,
152915,1021,378780699,RET:M010:503954,Slinge,503954,,0,,1638678,0,
152915,1021,378780700,RET:M010:503958,Slinge,503958,,0,,1638678,0,1
152915,1021,378780701,RET:M010:503962,Slinge,503962,,0,,1638678,0,
152915,1021,378780702,RET:M010:503966,Slinge,503966,,0,,1638678,0,
152915,1021,378780703,RET:M010:503970,Slinge,503970,,0,,1638678,0,1
152915,1021,378780704,RET:M010:503974,Slinge,503974,,0,,1638678,0,1
152915,1021,378780705,RET:M010:503978,Slinge,503978,,0,,1638678,0,1
152915,1021,378780706,RET:M010:503982,Slinge,503982,,0,,1638678,0,1
152915,1021,378780707,RET:M010:503986,Slinge,503986,,0,,1638678,0,1
152915,1021,378780708,RET:M010:503990,Slinge,503990,,0,,1638678,0,1
152915,1021,378780709,RET:M010:503994,Slinge,503994,,0,,1638678,0,1
152915,1021,378780710,RET:M010:503998,Slinge,503998,,0,,1638678,0,1
152915,1021,378780711,RET:M010:504002,Slinge,504002,,0,,1638678,0,1
152915,1021,378780712,RET:M010:504006,Slinge,504006,,0,,1638678,0,
152915,1021,378780713,RET:M010:504010,Slinge,504010,,0,,1638678,0,
152915,1021,378780714,RET:M010:504014,Slinge,504014,,0,,1638678,0,
152915,1021,378780715,RET:M010:504018,Slinge,504018,,0,,1638678,0,
152915,1021,378780716,RET:M010:504022,Slinge,504022,,0,,1638678,0,1
152915,1021,378780717,RET:M010:503837,Rotterdam Centraal,503837,,1,,1638685,0,
152915,1021,378780718,RET:M010:503841,Rotterdam Centraal,503841,,1,,1638685,0,
152915,1021,378780719,RET:M010:503845,Rotterdam Centraal,503845,,1,,1638685,0,1
152915,1021,378780720,RET:M010:503849,Rotterdam Centraal,503849,,1,,1638685,0,1
152915,1021,378780721,RET:M010:503853,Rotterdam Centraal,503853,,1,,1638685,0,1
152915,1021,378780722,RET:M010:503857,Rotterdam Centraal,503857,,1,,1638685,0,1
152915,1021,378780723,RET:M010:503861,Rotterdam Centraal,503861,,1,,1638685,0,1
152915,1021,378780724,RET:M010:503865,Rotterdam Centraal,503865,,1,,1638685,0,1
152915,1021,378780725,RET:M010:503869,Rotterdam Centraal,503869,,1,,1638685,0,1
152915,1021,378780726,RET:M010:503873,Rotterdam Centraal,503873,,1,,1638685,0,1
152915,1021,378780727,RET:M010:503877,Rotterdam Centraal,503877,,1,,1638685,0,1
152915,1021,378780728,RET:M010:503881,Rotterdam Centraal,503881,,1,,1638685,0,
152915,1021,378780729,RET:M010:503885,Rotterdam Centraal,503885,,1,,1638685,0,
152915,1021,378780730,RET:M010:503889,Rotterdam Centraal,503889,,1,,1638685,0,
152915,1021,378780731,RET:M010:503893,Rotterdam Centraal,503893,,1,,1638685,0,
152915,1021,378780732,RET:M010:503901,Rotterdam Centraal,503901,,1,,1638685,0,
152915,1021,378780733,RET:M010:503905,Rotterdam Centraal,503905,,1,,1638685,0,
152915,1021,378780734,RET:M010:503909,Rotterdam Centraal,503909,,1,,1638685,0,1
152915,1021,378780735,RET:M010:503913,Rotterdam Centraal,503913,,1,,1638685,0,1
152915,1021,378780736,RET:M010:503917,Rotterdam Centraal,503917,,1,,1638685,0,1
152915,1021,378780737,RET:M010:503921,Rotterdam Centraal,503921,,1,,1638685,0,1
152915,1021,378780738,RET:M010:503925,Rotterdam Centraal,503925,,1,,1638685,0,1
152915,1021,378780739,RET:M010:503929,Rotterdam Centraal,503929,,1,,1638685,0,1
152915,1021,378780740,RET:M010:503933,Rotterdam Centraal,503933,,1,,1638685,0,1
152915,1021,378780741,RET:M010:503937,Rotterdam Centraal,503937,,1,,1638685,0,1
152915,1021,378780742,RET:M010:503941,Rotterdam Centraal,503941,,1,,1638685,0,1
152915,1021,378780743,RET:M010:503945,Rotterdam Centraal,503945,,1,,1638685,0,
152915,1021,378780744,RET:M010:503949,Rotterdam Centraal,503949,,1,,1638685,0,
152915,1021,378780745,RET:M010:503953,Rotterdam Centraal,503953,,1,,1638685,0,
152915,1021,378780746,RET:M010:503957,Rotterdam Centraal,503957,,1,,1638685,0,
152915,1021,378780747,RET:M010:503965,Rotterdam Centraal,503965,,1,,1638685,0,
152915,1021,378780748,RET:M010:503969,Rotterdam Centraal,503969,,1,,1638685,0,
152915,1021,378780749,RET:M010:503973,Rotterdam Centraal,503973,,1,,1638685,0,1
152915,1021,378780750,RET:M010:503977,Rotterdam Centraal,503977,,1,,1638685,0,1
152915,1021,378780751,RET:M010:503981,Rotterdam Centraal,503981,,1,,1638685,0,1
152915,1021,378780752,RET:M010:503985,Rotterdam Centraal,503985,,1,,1638685,0,1
152915,1021,378780753,RET:M010:503989,Rotterdam Centraal,503989,,1,,1638685,0,1
152915,1021,378780754,RET:M010:503993,Rotterdam Centraal,503993,,1,,1638685,0,1
152915,1021,378780755,RET:M010:503997,Rotterdam Centraal,503997,,1,,1638685,0,1
152915,1021,378780756,RET:M010:504001,Rotterdam Centraal,504001,,1,,1638685,0,1
152915,1021,378780757,RET:M010:504005,Rotterdam Centraal,504005,,1,,1638685,0,1
152915,1021,378780758,RET:M010:504009,Rotterdam Centraal,504009,,1,,1638685,0,
152915,1021,378780759,RET:M010:504013,Rotterdam Centraal,504013,,1,,1638685,0,
152915,1021,378780760,RET:M010:504017,Rotterdam Centraal,504017,,1,,1638685,0,
152915,1021,378780761,RET:M010:504021,Rotterdam Centraal,504021,,1,,1638685,0,1
152915,3249,378781612,RET:M010:509000,Slinge,509000,,0,,1639073,0,
152915,3249,378781613,RET:M010:509058,Slinge,509058,,0,,1639073,0,
152915,3249,378781614,RET:M010:509060,Slinge,509060,,0,,1639073,0,1
152915,3249,378781615,RET:M010:509062,Slinge,509062,,0,,1639073,0,1
152915,3249,378781616,RET:M010:509068,Slinge,509068,,0,,1639073,0,
152915,3249,378781617,RET:M010:509094,Slinge,509094,,0,,1639073,0,1
152915,3249,378781618,RET:M010:509096,Slinge,509096,,0,,1639073,0,1
152915,3249,378781619,RET:M010:509098,Slinge,509098,,0,,1639073,0,1
152915,3249,378781620,RET:M010:509132,Slinge,509132,,0,,1639073,0,1
152915,3249,378781621,RET:M010:509134,Slinge,509134,,0,,1639073,0,1
152915,3249,378781622,RET:M010:509136,Slinge,509136,,0,,1639073,0,1
152915,3249,378781623,RET:M010:509170,Slinge,509170,,0,,1639073,0,1
152915,3249,378781624,RET:M010:509172,Slinge,509172,,0,,1639073,0,1
152915,3249,378781625,RET:M010:509174,Slinge,509174,,0,,1639073,0,1
152915,3249,378781626,RET:M010:509234,Slinge,509234,,0,,1639073,0,
152915,3249,378781627,RET:M010:509236,Slinge,509236,,0,,1639073,0,1
152915,3249,378781628,RET:M010:509238,Slinge,509238,,0,,1639073,0,1
152915,3249,378781629,RET:M010:509240,Slinge,509240,,0,,1639073,0,1
152915,3249,378781630,RET:M010:509300,Slinge,509300,,0,,1639073,0,
152915,3249,378781631,RET:M010:509302,Slinge,509302,,0,,1639073,0,1
152915,3249,378781632,RET:M010:509304,Slinge,509304,,0,,1639073,0,1
152915,3249,378781633,RET:M010:509334,Slinge,509334,,0,,1639073,0,1
152915,3249,378781634,RET:M010:509336,Slinge,509336,,0,,1639073,0,1
152915,3249,378781635,RET:M010:509338,Slinge,509338,,0,,1639073,0,1
152915,3249,378781636,RET:M010:509001,Den Haag Centraal,509001,,1,,1638840,0,
152915,3249,378781637,RET:M010:509005,Den Haag Centraal,509005,,1,,1638840,0,
152915,3249,378781638,RET:M010:509009,Den Haag Centraal,509009,,1,,1638840,0,1
152915,3249,378781639,RET:M010:509013,Den Haag Centraal,509013,,1,,1638840,0,1
152915,3249,378781640,RET:M010:509017,Den Haag Centraal,509017,,1,,1638840,0,1
152915,3249,378781641,RET:M010:509021,Den Haag Centraal,509021,,1,,1638840,0,
152915,3249,378781642,RET:M010:509025,Den Haag Centraal,509025,,1,,1638840,0,
152915,3249,378781643,RET:M010:509033,Den Haag Centraal,509033,,1,,1638840,0,
152915,3249,378781644,RET:M010:509037,Den Haag Centraal,509037,,1,,1638840,0,
152915,3249,378781645,RET:M010:509041,Den Haag Centraal,509041,,1,,1638840,0,1
152915,3249,378781646,RET:M010:509045,Den Haag Centraal,509045,,1,,1638840,0,1
152915,3249,378781647,RET:M010:509049,Den Haag Centraal,509049,,1,,1638840,0,1
152915,3249,378781648,RET:M010:509053,Den Haag Centraal,509053,,1,,1638840,0,
152915,3249,378781649,RET:M010:509057,Den Haag Centraal,509057,,1,,1638840,0,
152915,3249,378781650,RET:M010:509059,Den Haag Centraal,509059,,1,,1638840,0,1
152915,3249,378781651,RET:M010:509061,Den Haag Centraal,509061,,1,,1638840,0,1
152915,3249,378781652,RET:M010:509063,Den Haag Centraal,509063,,1,,1638840,0,1
152915,3249,378781653,RET:M010:509069,Den Haag Centraal,509069,,1,,1638840,0,
152915,3249,378781654,RET:M010:509073,Den Haag Centraal,509073,,1,,1638840,0,
152915,3249,378781655,RET:M010:509077,Den Haag Centraal,509077,,1,,1638840,0,1
152915,3249,378781656,RET:M010:509081,Den Haag Centraal,509081,,1,,1638840,0,1
152915,3249,378781657,RET:M010:509085,Den Haag Centraal,509085,,1,,1638840,0,1
152915,3249,378781658,RET:M010:509089,Den Haag Centraal,509089,,1,,1638840,0,
152915,3249,378781659,RET:M010:509093,Den Haag Centraal,509093,,1,,1638840,0,
152915,3249,378781660,RET:M010:509095,Den Haag Centraal,509095,,1,,1638840,0,1
152915,3249,378781661,RET:M010:509097,Den Haag Centraal,509097,,1,,1638840,0,1
152915,3249,378781662,RET:M010:509099,Den Haag Centraal,509099,,1,,1638840,0,1
152915,3249,378781663,RET:M010:509107,Den Haag Centraal,509107,,1,,1638840,0,
152915,3249,378781664,RET:M010:509111,Den Haag Centraal,509111,,1,,1638840,0,1
152915,3249,378781665,RET:M010:509115,Den Haag Centraal,509115,,1,,1638840,0,1
152915,3249,378781666,RET:M010:509119,Den Haag Centraal,509119,,1,,1638840,0,1
152915,3249,378781667,RET:M010:509123,Den Haag Centraal,509123,,1,,1638840,0,1
152915,3249,378781668,RET:M010:509127,Den Haag Centraal,509127,,1,,1638840,0,
152915,3249,378781669,RET:M010:509131,Den Haag Centraal,509131,,1,,1638840,0,
152915,3249,378781670,RET:M010:509133,Den Haag Centraal,509133,,1,,1638840,0,1
152915,3249,378781671,RET:M010:509135,Den Haag Centraal,509135,,1,,1638840,0,1
152915,3249,378781672,RET:M010:509137,Den Haag Centraal,509137,,1,,1638840,0,1
152915,3249,378781673,RET:M010:509145,Den Haag Centraal,509145,,1,,1638840,0,
152915,3249,378781674,RET:M010:509149,Den Haag Centraal,509149,,1,,1638840,0,1
152915,3249,378781675,RET:M010:509153,Den Haag Centraal,509153,,1,,1638840,0,1
152915,3249,378781676,RET:M010:509157,Den Haag Centraal,509157,,1,,1638840,0,1
152915,3249,378781677,RET:M010:509161,Den Haag Centraal,509161,,1,,1638840,0,1
152915,3249,378781678,RET:M010:509165,Den Haag Centraal,509165,,1,,1638840,0,
152915,3249,378781679,RET:M010:509169,Den Haag Centraal,509169,,1,,1638840,0,1
152915,3249,378781680,RET:M010:509171,Den Haag Centraal,509171,,1,,1638840,0,1
152915,3249,378781681,RET:M010:509173,Den Haag Centraal,509173,,1,,1638840,0,1
152915,3249,378781682,RET:M010:509185,Den Haag Centraal,509185,,1,,1638840,0,
152915,3249,378781683,RET:M010:509189,Den Haag Centraal,509189,,1,,1638840,0,1
152915,3249,378781684,RET:M010:509193,Den Haag Centraal,509193,,1,,1638840,0,1
152915,3249,378781685,RET:M010:509197,Den Haag Centraal,509197,,1,,1638840,0,1
152915,3249,378781686,RET:M010:509201,Den Haag Centraal,509201,,1,,1638840,0,1
152915,3249,378781687,RET:M010:509205,Den Haag Centraal,509205,,1,,1638840,0,
152915,3249,378781688,RET:M010:509213,Den Haag Centraal,509213,,1,,1638840,0,
152915,3249,378781689,RET:M010:509217,Den Haag Centraal,509217,,1,,1638840,0,1
152915,3249,378781690,RET:M010:509221,Den Haag Centraal,509221,,1,,1638840,0,1
152915,3249,378781691,RET:M010:509225,Den Haag Centraal,509225,,1,,1638840,0,1
152915,3249,378781692,RET:M010:509229,Den Haag Centraal,509229,,1,,1638840,0,
152915,3249,378781693,RET:M010:509233,Den Haag Centraal,509233,,1,,1638840,0,
152915,3249,378781694,RET:M010:509235,Den Haag Centraal,509235,,1,,1638840,0,1
152915,3249,378781695,RET:M010:509237,Den Haag Centraal,509237,,1,,1638840,0,1
152915,3249,378781696,RET:M010:509239,Den Haag Centraal,509239,,1,,1638840,0,1
152915,3249,378781697,RET:M010:509251,Den Haag Centraal,509251,,1,,1638840,0,
152915,3249,378781698,RET:M010:509255,Den Haag Centraal,509255,,1,,1638840,0,1
152915,3249,378781699,RET:M010:509259,Den Haag Centraal,509259,,1,,1638840,0,1
152915,3249,378781700,RET:M010:509263,Den Haag Centraal,509263,,1,,1638840,0,1
152915,3249,378781701,RET:M010:509267,Den Haag Centraal,509267,,1,,1638840,0,
152915,3249,378781702,RET:M010:509271,Den Haag Centraal,509271,,1,,1638840,0,
152915,3249,378781703,RET:M010:509279,Den Haag Centraal,509279,,1,,1638840,0,
152915,3249,378781704,RET:M010:509283,Den Haag Centraal,509283,,1,,1638840,0,1
152915,3249,378781705,RET:M010:509287,Den Haag Centraal,509287,,1,,1638840,0,1
152915,3249,378781706,RET:M010:509291,Den Haag Centraal,509291,,1,,1638840,0,1
152915,3249,378781707,RET:M010:509295,Den Haag Centraal,509295,,1,,1638840,0,
152915,3249,378781708,RET:M010:509299,Den Haag Centraal,509299,,1,,1638840,0,
152915,3249,378781709,RET:M010:509301,Den Haag Centraal,509301,,1,,1638840,0,1
152915,3249,378781710,RET:M010:509303,Den Haag Centraal,509303,,1,,1638840,0,1
152915,3249,378781711,RET:M010:509305,Den Haag Centraal,509305,,1,,1638840,0,1
152915,3249,378781712,RET:M010:509313,Den Haag Centraal,509313,,1,,1638840,0,
152915,3249,378781713,RET:M010:509317,Den Haag Centraal,509317,,1,,1638840,0,1
152915,3249,378781714,RET:M010:509321,Den Haag Centraal,509321,,1,,1638840,0,1
152915,3249,378781715,RET:M010:509325,Den Haag Centraal,509325,,1,,1638840,0,1
152915,3249,378781716,RET:M010:509329,Den Haag Centraal,509329,,1,,1638840,0,
152915,3249,378781717,RET:M010:509333,Den Haag Centraal,509333,,1,,1638840,0,
152915,3249,378781718,RET:M010:509335,Den Haag Centraal,509335,,1,,1638840,0,1
152915,3249,378781719,RET:M010:509337,Den Haag Centraal,509337,,1,,1638840,0,1
152915,3249,378781720,RET:M010:509339,Den Haag Centraal,509339,,1,,1638840,0,1
152915,3249,378781721,RET:M010:509435,Den Haag Centraal,509435,,1,,1638840,0,1
152915,3249,378781722,RET:M010:509439,Den Haag Centraal,509439,,1,,1638840,0,1
152915,3249,378781723,RET:M010:509443,Den Haag Centraal,509443,,1,,1638840,0,1
152915,3249,378781724,RET:M010:509447,Den Haag Centraal,509447,,1,,1638840,0,1
152915,3249,378781725,RET:M010:509451,Den Haag Centraal,509451,,1,,1638840,0,
152915,3249,378781726,RET:M010:509455,Den Haag Centraal,509455,,1,,1638840,0,
152915,3249,378781727,RET:M010:509002,Slinge,509002,,0,,1638732,0,
152915,3249,378781728,RET:M010:509006,Slinge,509006,,0,,1638732,0,1
152915,3249,378781729,RET:M010:509010,Slinge,509010,,0,,1638732,0,1
152915,3249,378781730,RET:M010:509014,Slinge,509014,,0,,1638732,0,1
152915,3249,378781731,RET:M010:509018,Slinge,509018,,0,,1638732,0,1
152915,3249,378781732,RET:M010:509022,Slinge,509022,,0,,1638732,0,
152915,3249,378781733,RET:M010:509026,Slinge,509026,,0,,1638732,0,1
152915,3249,378781734,RET:M010:509034,Slinge,509034,,0,,1638732,0,
152915,3249,378781735,RET:M010:509038,Slinge,509038,,0,,1638732,0,1
152915,3249,378781736,RET:M010:509042,Slinge,509042,,0,,1638732,0,1
152915,3249,378781737,RET:M010:509046,Slinge,509046,,0,,1638732,0,1
152915,3249,378781738,RET:M010:509050,Slinge,509050,,0,,1638732,0,1
152915,3249,378781739,RET:M010:509054,Slinge,509054,,0,,1638732,0,
152915,3249,378781740,RET:M010:509064,Slinge,509064,,0,,1638732,0,1
152915,3249,378781741,RET:M010:509070,Slinge,509070,,0,,1638732,0,
152915,3249,378781742,RET:M010:509074,Slinge,509074,,0,,1638732,0,1
152915,3249,378781743,RET:M010:509078,Slinge,509078,,0,,1638732,0,1
152915,3249,378781744,RET:M010:509082,Slinge,509082,,0,,1638732,0,1
152915,3249,378781745,RET:M010:509086,Slinge,509086,,0,,1638732,0,
152915,3249,378781746,RET:M010:509090,Slinge,509090,,0,,1638732,0,
152915,3249,378781747,RET:M010:509100,Slinge,509100,,0,,1638732,0,1
152915,3249,378781748,RET:M010:509104,Slinge,509104,,0,,1638732,0,
152915,3249,378781749,RET:M010:509108,Slinge,509108,,0,,1638732,0,
152915,3249,378781750,RET:M010:509112,Slinge,509112,,0,,1638732,0,1
152915,3249,378781751,RET:M010:509116,Slinge,509116,,0,,1638732,0,1
152915,3249,378781752,RET:M010:509120,Slinge,509120,,0,,1638732,0,1
152915,3249,378781753,RET:M010:509124,Slinge,509124,,0,,1638732,0,
152915,3249,378781754,RET:M010:509128,Slinge,509128,,0,,1638732,0,
152915,3249,378781755,RET:M010:509138,Slinge,509138,,0,,1638732,0,1
152915,3249,378781756,RET:M010:509142,Slinge,509142,,0,,1638732,0,
152915,3249,378781757,RET:M010:509146,Slinge,509146,,0,,1638732,0,
152915,3249,378781758,RET:M010:509150,Slinge,509150,,0,,1638732,0,1
152915,3249,378781759,RET:M010:509154,Slinge,509154,,0,,1638732,0,1
152915,3249,378781760,RET:M010:509158,Slinge,509158,,0,,1638732,0,1
152915,3249,378781761,RET:M010:509162,Slinge,509162,,0,,1638732,0,
152915,3249,378781762,RET:M010:509166,Slinge,509166,,0,,1638732,0,
152915,3249,378781763,RET:M010:509182,Slinge,509182,,0,,1638732,0,
152915,3249,378781764,RET:M010:509186,Slinge,509186,,0,,1638732,0,
152915,3249,378781765,RET:M010:509190,Slinge,509190,,0,,1638732,0,1
152915,3249,378781766,RET:M010:509194,Slinge,509194,,0,,1638732,0,1
152915,3249,378781767,RET:M010:509198,Slinge,509198,,0,,1638732,0,1
152915,3249,378781768,RET:M010:509202,Slinge,509202,,0,,1638732,0,
152915,3249,378781769,RET:M010:509206,Slinge,509206,,0,,1638732,0,
152915,3249,378781770,RET:M010:509210,Slinge,509210,,0,,1638732,0,
152915,3249,378781771,RET:M010:509214,Slinge,509214,,0,,1638732,0,
152915,3249,378781772,RET:M010:509218,Slinge,509218,,0,,1638732,0,1
152915,3249,378781773,RET:M010:509222,Slinge,509222,,0,,1638732,0,1
152915,3249,378781774,RET:M010:509226,Slinge,509226,,0,,1638732,0,1
152915,3249,378781775,RET:M010:509230,Slinge,509230,,0,,1638732,0,
152915,3249,378781776,RET:M010:509248,Slinge,509248,,0,,1638732,0,
152915,3249,378781777,RET:M010:509252,Slinge,509252,,0,,1638732,0,
152915,3249,378781778,RET:M010:509256,Slinge,509256,,0,,1638732,0,1
152915,3249,378781779,RET:M010:509260,Slinge,509260,,0,,1638732,0,1
152915,3249,378781780,RET:M010:509264,Slinge,509264,,0,,1638732,0,1
152915,3249,378781781,RET:M010:509268,Slinge,509268,,0,,1638732,0,
152915,3249,378781782,RET:M010:509272,Slinge,509272,,0,,1638732,0,
152915,3249,378781783,RET:M010:509276,Slinge,509276,,0,,1638732,0,
152915,3249,378781784,RET:M010:509280,Slinge,509280,,0,,1638732,0,1
152915,3249,378781785,RET:M010:509284,Slinge,509284,,0,,1638732,0,1
152915,3249,378781786,RET:M010:509288,Slinge,509288,,0,,1638732,0,1
152915,3249,378781787,RET:M010:509292,Slinge,509292,,0,,1638732,0,1
152915,3249,378781788,RET:M010:509296,Slinge,509296,,0,,1638732,0,
152915,3249,378781789,RET:M010:509306,Slinge,509306,,0,,1638732,0,1
152915,3249,378781790,RET:M010:509310,Slinge,509310,,0,,1638732,0,
152915,3249,378781791,RET:M010:509314,Slinge,509314,,0,,1638732,0,1
152915,3249,378781792,RET:M010:509318,Slinge,509318,,0,,1638732,0,1
152915,3249,378781793,RET:M010:509322,Slinge,509322,,0,,1638732,0,1
152915,3249,378781794,RET:M010:509326,Slinge,509326,,0,,1638732,0,1
152915,3249,378781795,RET:M010:509330,Slinge,509330,,0,,1638732,0,
152915,3249,378781796,RET:M010:509340,Slinge,509340,,0,,1638732,0,1
152915,3249,378781797,RET:M010:509432,Slinge,509432,,0,,1638732,0,
152915,3249,378781798,RET:M010:509436,Slinge,509436,,0,,1638732,0,1
152915,3249,378781799,RET:M010:509440,Slinge,509440,,0,,1638732,0,1
152915,3249,378781800,RET:M010:509444,Slinge,509444,,0,,1638732,0,1
152915,3249,378781801,RET:M010:509448,Slinge,509448,,0,,1638732,0,
152915,3249,378781802,RET:M010:509452,Slinge,509452,,0,,1638732,0,
152915,3249,378781803,RET:M010:509456,Slinge,509456,,0,,1638732,0,1
152915,3249,378781804,RET:M010:509029,Leidschenveen,509029,,1,,1638634,0,
152915,3249,378781805,RET:M010:509032,Slinge,509032,,0,,1639089,0,
152915,3249,378781806,RET:M010:509067,Den Haag Centraal,509067,,1,,1639113,0,
152915,3249,378781807,RET:M010:509103,Den Haag Centraal,509103,,1,,1639113,0,
152915,3249,378781808,RET:M010:509141,Den Haag Centraal,509141,,1,,1639113,0,
152915,3249,378781809,RET:M010:509181,Den Haag Centraal,509181,,1,,1639113,0,
152915,3249,378781810,RET:M010:509209,Den Haag Centraal,509209,,1,,1639113,0,
152915,3249,378781811,RET:M010:509247,Den Haag Centraal,509247,,1,,1639113,0,
152915,3249,378781812,RET:M010:509275,Den Haag Centraal,509275,,1,,1639113,0,
152915,3249,378781813,RET:M010:509309,Den Haag Centraal,509309,,1,,1639113,0,
152915,3249,378781814,RET:M010:509431,Den Haag Centraal,509431,,1,,1639113,0,
152915,3249,378781815,RET:M010:509175,Leidschenveen,509175,,1,,1639086,0,1
152915,3249,378781816,RET:M010:509241,Leidschenveen,509241,,1,,1639086,0,1
152915,3249,378781817,RET:M010:509178,Slinge,509178,,0,,1638823,0,1
152915,3249,378781818,RET:M010:509343,Pijnacker Zuid,509343,,1,,1639000,0,
152915,3249,378781819,RET:M010:509349,Pijnacker Zuid,509349,,1,,1639000,0,
152915,3249,378781820,RET:M010:509355,Pijnacker Zuid,509355,,1,,1639000,0,
152915,3249,378781821,RET:M010:509361,Pijnacker Zuid,509361,,1,,1639000,0,
152915,3249,378781822,RET:M010:509367,Pijnacker Zuid,509367,,1,,1639000,0,
152915,3249,378781823,RET:M010:509373,Pijnacker Zuid,509373,,1,,1639000,0,
152915,3249,378781824,RET:M010:509419,Pijnacker Zuid,509419,,1,,1639000,0,
152915,3249,378781825,RET:M010:509425,Pijnacker Zuid,509425,,1,,1639000,0,
152915,3249,378781826,RET:M010:509459,Pijnacker Zuid,509459,,1,,1639000,0,
152915,3249,378781827,RET:M010:509465,Pijnacker Zuid,509465,,1,,1639000,0,
152915,3249,378781828,RET:M010:509511,Pijnacker Zuid,509511,,1,,1639000,0,
152915,3249,378781829,RET:M010:509517,Pijnacker Zuid,509517,,1,,1639000,0,
152915,3249,378781830,RET:M010:509523,Pijnacker Zuid,509523,,1,,1639000,0,
152915,3249,378781831,RET:M010:509529,Pijnacker Zuid,509529,,1,,1639000,0,
152915,3249,378781832,RET:M010:509571,Pijnacker Zuid,509571,,1,,1639000,0,
152915,3249,378781833,RET:M010:509577,Pijnacker Zuid,509577,,1,,1639000,0,
152915,3249,378781834,RET:M010:509583,Pijnacker Zuid,509583,,1,,1639000,0,
152915,3249,378781835,RET:M010:509589,Pijnacker Zuid,509589,,1,,1639000,0,
152915,3249,378781836,RET:M010:509631,Pijnacker Zuid,509631,,1,,1639000,0,
152915,3249,378781837,RET:M010:509637,Pijnacker Zuid,509637,,1,,1639000,0,
152915,3249,378781838,RET:M010:509643,Pijnacker Zuid,509643,,1,,1639000,0,
152915,3249,378781839,RET:M010:509649,Pijnacker Zuid,509649,,1,,1639000,0,1
152915,3249,378781840,RET:M010:509655,Pijnacker Zuid,509655,,1,,1639000,0,
152915,3249,378781841,RET:M010:509661,Pijnacker Zuid,509661,,1,,1639000,0,
152915,3249,378781842,RET:M010:509667,Pijnacker Zuid,509667,,1,,1639000,0,1
152915,3249,378781843,RET:M010:509673,Pijnacker Zuid,509673,,1,,1639000,0,
152915,3249,378781844,RET:M010:509679,Pijnacker Zuid,509679,,1,,1639000,0,
152915,3249,378781845,RET:M010:509685,Pijnacker Zuid,509685,,1,,1639000,0,
152915,3249,378781846,RET:M010:509691,Pijnacker Zuid,509691,,1,,1639000,0,
152915,3249,378781847,RET:M010:509697,Pijnacker Zuid,509697,,1,,1639000,0,
152915,3249,378781848,RET:M010:509346,Slinge,509346,,0,,1638637,0,
152915,3249,378781849,RET:M010:509352,Slinge,509352,,0,,1638637,0,
152915,3249,378781850,RET:M010:509358,Slinge,509358,,0,,1638637,0,
152915,3249,378781851,RET:M010:509364,Slinge,509364,,0,,1638637,0,
152915,3249,378781852,RET:M010:509370,Slinge,509370,,0,,1638637,0,
152915,3249,378781853,RET:M010:509376,Slinge,509376,,0,,1638637,0,
152915,3249,378781854,RET:M010:509422,Slinge,509422,,0,,1638637,0,
152915,3249,378781855,RET:M010:509428,Slinge,509428,,0,,1638637,0,
152915,3249,378781856,RET:M010:509462,Slinge,509462,,0,,1638637,0,
152915,3249,378781857,RET:M010:509468,Slinge,509468,,0,,1638637,0,1
152915,3249,378781858,RET:M010:509514,Slinge,509514,,0,,1638637,0,
152915,3249,378781859,RET:M010:509520,Slinge,509520,,0,,1638637,0,
152915,3249,378781860,RET:M010:509526,Slinge,509526,,0,,1638637,0,
152915,3249,378781861,RET:M010:509532,Slinge,509532,,0,,1638637,0,1
152915,3249,378781862,RET:M010:509574,Slinge,509574,,0,,1638637,0,
152915,3249,378781863,RET:M010:509580,Slinge,509580,,0,,1638637,0,
152915,3249,378781864,RET:M010:509586,Slinge,509586,,0,,1638637,0,
152915,3249,378781865,RET:M010:509592,Slinge,509592,,0,,1638637,0,1
152915,3249,378781866,RET:M010:509634,Slinge,509634,,0,,1638637,0,
152915,3249,378781867,RET:M010:509640,Slinge,509640,,0,,1638637,0,
152915,3249,378781868,RET:M010:509646,Slinge,509646,,0,,1638637,0,
152915,3249,378781869,RET:M010:509652,Slinge,509652,,0,,1638637,0,
152915,3249,378781870,RET:M010:509658,Slinge,509658,,0,,1638637,0,
152915,3249,378781871,RET:M010:509664,Slinge,509664,,0,,1638637,0,
152915,3249,378781872,RET:M010:509670,Slinge,509670,,0,,1638637,0,
152915,3249,378781873,RET:M010:509676,Slinge,509676,,0,,1638637,0,
152915,3249,378781874,RET:M010:509682,Slinge,509682,,0,,1638637,0,
152915,3249,378781875,RET:M010:509688,Slinge,509688,,0,,1638637,0,
152915,3249,378781876,RET:M010:509694,Slinge,509694,,0,,1638637,0,
152915,3249,378781877,RET:M010:509700,Slinge,509700,,0,,1638637,0,1
152915,3249,378781878,RET:M010:509379,Rotterdam Centraal,509379,,1,,1638660,0,1
152915,3249,378781879,RET:M010:509383,Rotterdam Centraal,509383,,1,,1638660,0,1
152915,3249,378781880,RET:M010:509387,Rotterdam Centraal,509387,,1,,1638660,0,1
152915,3249,378781881,RET:M010:509391,Rotterdam Centraal,509391,,1,,1638660,0,1
152915,3249,378781882,RET:M010:509395,Rotterdam Centraal,509395,,1,,1638660,0,1
152915,3249,378781883,RET:M010:509399,Rotterdam Centraal,509399,,1,,1638660,0,1
152915,3249,378781884,RET:M010:509403,Rotterdam Centraal,509403,,1,,1638660,0,1
152915,3249,378781885,RET:M010:509407,Rotterdam Centraal,509407,,1,,1638660,0,1
152915,3249,378781886,RET:M010:509411,Rotterdam Centraal,509411,,1,,1638660,0,1
152915,3249,378781887,RET:M010:509415,Rotterdam Centraal,509415,,1,,1638660,0,1
152915,3249,378781888,RET:M010:509471,Rotterdam Centraal,509471,,1,,1638660,0,1
152915,3249,378781889,RET:M010:509475,Rotterdam Centraal,509475,,1,,1638660,0,1
152915,3249,378781890,RET:M010:509479,Rotterdam Centraal,509479,,1,,1638660,0,1
152915,3249,378781891,RET:M010:509483,Rotterdam Centraal,509483,,1,,1638660,0,1
152915,3249,378781892,RET:M010:509487,Rotterdam Centraal,509487,,1,,1638660,0,1
152915,3249,378781893,RET:M010:509491,Rotterdam Centraal,509491,,1,,1638660,0,1
152915,3249,378781894,RET:M010:509495,Rotterdam Centraal,509495,,1,,1638660,0,1
152915,3249,378781895,RET:M010:509499,Rotterdam Centraal,509499,,1,,1638660,0,1
152915,3249,378781896,RET:M010:509503,Rotterdam Centraal,509503,,1,,1638660,0,1
152915,3249,378781897,RET:M010:509507,Rotterdam Centraal,509507,,1,,1638660,0,1
152915,3249,378781898,RET:M010:509535,Rotterdam Centraal,509535,,1,,1638660,0,1
152915,3249,378781899,RET:M010:509539,Rotterdam Centraal,509539,,1,,1638660,0,1
152915,3249,378781900,RET:M010:509543,Rotterdam Centraal,509543,,1,,1638660,0,1
152915,3249,378781901,RET:M010:509547,Rotterdam Centraal,509547,,1,,1638660,0,1
152915,3249,378781902,RET:M010:509551,Rotterdam Centraal,509551,,1,,1638660,0,1
152915,3249,378781903,RET:M010:509555,Rotterdam Centraal,509555,,1,,1638660,0,1
152915,3249,378781904,RET:M010:509559,Rotterdam Centraal,509559,,1,,1638660,0,1
152915,3249,378781905,RET:M010:509563,Rotterdam Centraal,509563,,1,,1638660,0,1
152915,3249,378781906,RET:M010:509567,Rotterdam Centraal,509567,,1,,1638660,0,1
152915,3249,378781907,RET:M010:509595,Rotterdam Centraal,509595,,1,,1638660,0,1
152915,3249,378781908,RET:M010:509599,Rotterdam Centraal,509599,,1,,1638660,0,1
152915,3249,378781909,RET:M010:509603,Rotterdam Centraal,509603,,1,,1638660,0,1
152915,3249,378781910,RET:M010:509607,Rotterdam Centraal,509607,,1,,1638660,0,1
152915,3249,378781911,RET:M010:509611,Rotterdam Centraal,509611,,1,,1638660,0,1
152915,3249,378781912,RET:M010:509615,Rotterdam Centraal,509615,,1,,1638660,0,1
152915,3249,378781913,RET:M010:509619,Rotterdam Centraal,509619,,1,,1638660,0,1
152915,3249,378781914,RET:M010:509623,Rotterdam Centraal,509623,,1,,1638660,0,1
152915,3249,378781915,RET:M010:509627,Rotterdam Centraal,509627,,1,,1638660,0,1
152915,3249,378781916,RET:M010:509380,Slinge,509380,,0,,1639003,0,1
152915,3249,378781917,RET:M010:509384,Slinge,509384,,0,,1639003,0,1
152915,3249,378781918,RET:M010:509388,Slinge,509388,,0,,1639003,0,1
152915,3249,378781919,RET:M010:509392,Slinge,509392,,0,,1639003,0,1
152915,3249,378781920,RET:M010:509396,Slinge,509396,,0,,1639003,0,1
152915,3249,378781921,RET:M010:509400,Slinge,509400,,0,,1639003,0,1
152915,3249,378781922,RET:M010:509404,Slinge,509404,,0,,1639003,0,1
152915,3249,378781923,RET:M010:509408,Slinge,509408,,0,,1639003,0,1
152915,3249,378781924,RET:M010:509412,Slinge,509412,,0,,1639003,0,1
152915,3249,378781925,RET:M010:509416,Slinge,509416,,0,,1639003,0,1
152915,3249,378781926,RET:M010:509472,Slinge,509472,,0,,1639003,0,1
152915,3249,378781927,RET:M010:509476,Slinge,509476,,0,,1639003,0,1
152915,3249,378781928,RET:M010:509480,Slinge,509480,,0,,1639003,0,1
152915,3249,378781929,RET:M010:509484,Slinge,509484,,0,,1639003,0,1
152915,3249,378781930,RET:M010:509488,Slinge,509488,,0,,1639003,0,1
152915,3249,378781931,RET:M010:509492,Slinge,509492,,0,,1639003,0,1
152915,3249,378781932,RET:M010:509496,Slinge,509496,,0,,1639003,0,1
152915,3249,378781933,RET:M010:509500,Slinge,509500,,0,,1639003,0,1
152915,3249,378781934,RET:M010:509504,Slinge,509504,,0,,1639003,0,1
152915,3249,378781935,RET:M010:509508,Slinge,509508,,0,,1639003,0,
152915,3249,378781936,RET:M010:509536,Slinge,509536,,0,,1639003,0,1
152915,3249,378781937,RET:M010:509540,Slinge,509540,,0,,1639003,0,1
152915,3249,378781938,RET:M010:509544,Slinge,509544,,0,,1639003,0,1
152915,3249,378781939,RET:M010:509548,Slinge,509548,,0,,1639003,0,1
152915,3249,378781940,RET:M010:509552,Slinge,509552,,0,,1639003,0,1
152915,3249,378781941,RET:M010:509556,Slinge,509556,,0,,1639003,0,1
152915,3249,378781942,RET:M010:509560,Slinge,509560,,0,,1639003,0,1
152915,3249,378781943,RET:M010:509564,Slinge,509564,,0,,1639003,0,1
152915,3249,378781944,RET:M010:509568,Slinge,509568,,0,,1639003,0,1
152915,3249,378781945,RET:M010:509596,Slinge,509596,,0,,1639003,0,1
152915,3249,378781946,RET:M010:509600,Slinge,509600,,0,,1639003,0,1
152915,3249,378781947,RET:M010:509604,Slinge,509604,,0,,1639003,0,1
152915,3249,378781948,RET:M010:509608,Slinge,509608,,0,,1639003,0,1
152915,3249,378781949,RET:M010:509612,Slinge,509612,,0,,1639003,0,1
152915,3249,378781950,RET:M010:509616,Slinge,509616,,0,,1639003,0,1
152915,3249,378781951,RET:M010:509620,Slinge,509620,,0,,1639003,0,1
152915,3249,378781952,RET:M010:509624,Slinge,509624,,0,,1639003,0,1
152915,3249,378781953,RET:M010:509628,Slinge,509628,,0,,1639003,0,1
152915,2871,378782820,RET:M010:510846,Slinge,510846,,0,,1639073,0,
152915,2871,378782821,RET:M010:510878,Slinge,510878,,0,,1639073,0,1
152915,2871,378782822,RET:M010:510880,Slinge,510880,,0,,1639073,0,1
152915,2871,378782823,RET:M010:510882,Slinge,510882,,0,,1639073,0,1
152915,2871,378782824,RET:M010:510926,Slinge,510926,,0,,1639073,0,
152915,2871,378782825,RET:M010:510960,Slinge,510960,,0,,1639073,0,
152915,2871,378782826,RET:M010:510992,Slinge,510992,,0,,1639073,0,
152915,2871,378782827,RET:M010:511054,Slinge,511054,,0,,1639073,0,
152915,2871,378782828,RET:M010:511056,Slinge,511056,,0,,1639073,0,1
152915,2871,378782829,RET:M010:511058,Slinge,511058,,0,,1639073,0,1
152915,2871,378782830,RET:M010:511060,Slinge,511060,,0,,1639073,0,1
152915,2871,378782831,RET:M010:511098,Slinge,511098,,0,,1639073,0,1
152915,2871,378782832,RET:M010:511100,Slinge,511100,,0,,1639073,0,1
152915,2871,378782833,RET:M010:511102,Slinge,511102,,0,,1639073,0,1
152915,2871,378782834,RET:M010:511172,Slinge,511172,,0,,1639073,0,1
152915,2871,378782835,RET:M010:511174,Slinge,511174,,0,,1639073,0,1
152915,2871,378782836,RET:M010:511176,Slinge,511176,,0,,1639073,0,1
152915,2871,378782837,RET:M010:511178,Slinge,511178,,0,,1639073,0,1
152915,2871,378782838,RET:M010:511216,Slinge,511216,,0,,1639073,0,1
152915,2871,378782839,RET:M010:511218,Slinge,511218,,0,,1639073,0,1
152915,2871,378782840,RET:M010:511220,Slinge,511220,,0,,1639073,0,1
152915,2871,378782841,RET:M010:511282,Slinge,511282,,0,,1639073,0,
152915,2871,378782842,RET:M010:511284,Slinge,511284,,0,,1639073,0,1
152915,2871,378782843,RET:M010:511286,Slinge,511286,,0,,1639073,0,1
152915,2871,378782844,RET:M010:511288,Slinge,511288,,0,,1639073,0,1
152915,2871,378782845,RET:M010:511356,Slinge,511356,,0,,1639073,0,1
152915,2871,378782846,RET:M010:511358,Slinge,511358,,0,,1639073,0,1
152915,2871,378782847,RET:M010:510847,Den Haag Centraal,510847,,1,,1638840,0,
152915,2871,378782848,RET:M010:510853,Den Haag Centraal,510853,,1,,1638840,0,1
152915,2871,378782849,RET:M010:510859,Den Haag Centraal,510859,,1,,1638840,0,1
152915,2871,378782850,RET:M010:510865,Den Haag Centraal,510865,,1,,1638840,0,1
152915,2871,378782851,RET:M010:510871,Den Haag Centraal,510871,,1,,1638840,0,
152915,2871,378782852,RET:M010:510877,Den Haag Centraal,510877,,1,,1638840,0,1
152915,2871,378782853,RET:M010:510879,Den Haag Centraal,510879,,1,,1638840,0,1
152915,2871,378782854,RET:M010:510881,Den Haag Centraal,510881,,1,,1638840,0,1
152915,2871,378782855,RET:M010:510883,Den Haag Centraal,510883,,1,,1638840,0,1
152915,2871,378782856,RET:M010:510891,Den Haag Centraal,510891,,1,,1638840,0,
152915,2871,378782857,RET:M010:510897,Den Haag Centraal,510897,,1,,1638840,0,
152915,2871,378782858,RET:M010:510903,Den Haag Centraal,510903,,1,,1638840,0,1
152915,2871,378782859,RET:M010:510909,Den Haag Centraal,510909,,1,,1638840,0,1
152915,2871,378782860,RET:M010:510915,Den Haag Centraal,510915,,1,,1638840,0,
152915,2871,378782861,RET:M010:510921,Den Haag Centraal,510921,,1,,1638840,0,
152915,2871,378782862,RET:M010:510927,Den Haag Centraal,510927,,1,,1638840,0,
152915,2871,378782863,RET:M010:510933,Den Haag Centraal,510933,,1,,1638840,0,1
152915,2871,378782864,RET:M010:510939,Den Haag Centraal,510939,,1,,1638840,0,1
152915,2871,378782865,RET:M010:510945,Den Haag Centraal,510945,,1,,1638840,0,1
152915,2871,378782866,RET:M010:510951,Den Haag Centraal,510951,,1,,1638840,0,
152915,2871,378782867,RET:M010:510963,Den Haag Centraal,510963,,1,,1638840,0,
152915,2871,378782868,RET:M010:510969,Den Haag Centraal,510969,,1,,1638840,0,1
152915,2871,378782869,RET:M010:510975,Den Haag Centraal,510975,,1,,1638840,0,1
152915,2871,378782870,RET:M010:510981,Den Haag Centraal,510981,,1,,1638840,0,1
152915,2871,378782871,RET:M010:510987,Den Haag Centraal,510987,,1,,1638840,0,
152915,2871,378782872,RET:M010:510995,Den Haag Centraal,510995,,1,,1638840,0,
152915,2871,378782873,RET:M010:511001,Den Haag Centraal,511001,,1,,1638840,0,1
152915,2871,378782874,RET:M010:511007,Den Haag Centraal,511007,,1,,1638840,0,1
152915,2871,378782875,RET:M010:511013,Den Haag Centraal,511013,,1,,1638840,0,1
152915,2871,378782876,RET:M010:511019,Den Haag Centraal,511019,,1,,1638840,0,
152915,2871,378782877,RET:M010:511029,Den Haag Centraal,511029,,1,,1638840,0,
152915,2871,378782878,RET:M010:511035,Den Haag Centraal,511035,,1,,1638840,0,1
152915,2871,378782879,RET:M010:511041,Den Haag Centraal,511041,,1,,1638840,0,1
152915,2871,378782880,RET:M010:511047,Den Haag Centraal,511047,,1,,1638840,0,
152915,2871,378782881,RET:M010:511053,Den Haag Centraal,511053,,1,,1638840,0,
152915,2871,378782882,RET:M010:511055,Den Haag Centraal,511055,,1,,1638840,0,1
152915,2871,378782883,RET:M010:511057,Den Haag Centraal,511057,,1,,1638840,0,1
152915,2871,378782884,RET:M010:511059,Den Haag Centraal,511059,,1,,1638840,0,1
152915,2871,378782885,RET:M010:511073,Den Haag Centraal,511073,,1,,1638840,0,
152915,2871,378782886,RET:M010:511079,Den Haag Centraal,511079,,1,,1638840,0,1
152915,2871,378782887,RET:M010:511085,Den Haag Centraal,511085,,1,,1638840,0,1
152915,2871,378782888,RET:M010:511091,Den Haag Centraal,511091,,1,,1638840,0,
152915,2871,378782889,RET:M010:511097,Den Haag Centraal,511097,,1,,1638840,0,
152915,2871,378782890,RET:M010:511099,Den Haag Centraal,511099,,1,,1638840,0,1
152915,2871,378782891,RET:M010:511101,Den Haag Centraal,511101,,1,,1638840,0,1
152915,2871,378782892,RET:M010:511103,Den Haag Centraal,511103,,1,,1638840,0,1
152915,2871,378782893,RET:M010:511113,Den Haag Centraal,511113,,1,,1638840,0,
152915,2871,378782894,RET:M010:511119,Den Haag Centraal,511119,,1,,1638840,0,1
152915,2871,378782895,RET:M010:511125,Den Haag Centraal,511125,,1,,1638840,0,1
152915,2871,378782896,RET:M010:511131,Den Haag Centraal,511131,,1,,1638840,0,
152915,2871,378782897,RET:M010:511137,Den Haag Centraal,511137,,1,,1638840,0,
152915,2871,378782898,RET:M010:511147,Den Haag Centraal,511147,,1,,1638840,0,
152915,2871,378782899,RET:M010:511153,Den Haag Centraal,511153,,1,,1638840,0,1
152915,2871,378782900,RET:M010:511159,Den Haag Centraal,511159,,1,,1638840,0,1
152915,2871,378782901,RET:M010:511165,Den Haag Centraal,511165,,1,,1638840,0,
152915,2871,378782902,RET:M010:511171,Den Haag Centraal,511171,,1,,1638840,0,
152915,2871,378782903,RET:M010:511173,Den Haag Centraal,511173,,1,,1638840,0,1
152915,2871,378782904,RET:M010:511175,Den Haag Centraal,511175,,1,,1638840,0,1
152915,2871,378782905,RET:M010:511177,Den Haag Centraal,511177,,1,,1638840,0,1
152915,2871,378782906,RET:M010:511191,Den Haag Centraal,511191,,1,,1638840,0,1
152915,2871,378782907,RET:M010:511197,Den Haag Centraal,511197,,1,,1638840,0,1
152915,2871,378782908,RET:M010:511203,Den Haag Centraal,511203,,1,,1638840,0,1
152915,2871,378782909,RET:M010:511209,Den Haag Centraal,511209,,1,,1638840,0,
152915,2871,378782910,RET:M010:511215,Den Haag Centraal,511215,,1,,1638840,0,
152915,2871,378782911,RET:M010:511217,Den Haag Centraal,511217,,1,,1638840,0,1
152915,2871,378782912,RET:M010:511219,Den Haag Centraal,511219,,1,,1638840,0,1
152915,2871,378782913,RET:M010:511221,Den Haag Centraal,511221,,1,,1638840,0,1
152915,2871,378782914,RET:M010:511227,Den Haag Centraal,511227,,1,,1638840,0,
152915,2871,378782915,RET:M010:511233,Den Haag Centraal,511233,,1,,1638840,0,1
152915,2871,378782916,RET:M010:511239,Den Haag Centraal,511239,,1,,1638840,0,1
152915,2871,378782917,RET:M010:511245,Den Haag Centraal,511245,,1,,1638840,0,1
152915,2871,378782918,RET:M010:511251,Den Haag Centraal,511251,,1,,1638840,0,
152915,2871,378782919,RET:M010:511257,Den Haag Centraal,511257,,1,,1638840,0,
152915,2871,378782920,RET:M010:511263,Den Haag Centraal,511263,,1,,1638840,0,1
152915,2871,378782921,RET:M010:511269,Den Haag Centraal,511269,,1,,1638840,0,1
152915,2871,378782922,RET:M010:511275,Den Haag Centraal,511275,,1,,1638840,0,1
152915,2871,378782923,RET:M010:511281,Den Haag Centraal,511281,,1,,1638840,0,
152915,2871,378782924,RET:M010:511283,Den Haag Centraal,511283,,1,,1638840,0,1
152915,2871,378782925,RET:M010:511285,Den Haag Centraal,511285,,1,,1638840,0,1
152915,2871,378782926,RET:M010:511287,Den Haag Centraal,511287,,1,,1638840,0,1
152915,2871,378782927,RET:M010:511289,Den Haag Centraal,511289,,1,,1638840,0,1
152915,2871,378782928,RET:M010:511299,Den Haag Centraal,511299,,1,,1638840,0,1
152915,2871,378782929,RET:M010:511305,Den Haag Centraal,511305,,1,,1638840,0,1
152915,2871,378782930,RET:M010:511311,Den Haag Centraal,511311,,1,,1638840,0,1
152915,2871,378782931,RET:M010:511317,Den Haag Centraal,511317,,1,,1638840,0,
152915,2871,378782932,RET:M010:511331,Den Haag Centraal,511331,,1,,1638840,0,1
152915,2871,378782933,RET:M010:511337,Den Haag Centraal,511337,,1,,1638840,0,1
152915,2871,378782934,RET:M010:511343,Den Haag Centraal,511343,,1,,1638840,0,1
152915,2871,378782935,RET:M010:511349,Den Haag Centraal,511349,,1,,1638840,0,
152915,2871,378782936,RET:M010:511355,Den Haag Centraal,511355,,1,,1638840,0,1
152915,2871,378782937,RET:M010:511357,Den Haag Centraal,511357,,1,,1638840,0,1
152915,2871,378782938,RET:M010:511359,Den Haag Centraal,511359,,1,,1638840,0,1
152915,2871,378782939,RET:M010:510848,Slinge,510848,,0,,1638732,0,
152915,2871,378782940,RET:M010:510854,Slinge,510854,,0,,1638732,0,1
152915,2871,378782941,RET:M010:510860,Slinge,510860,,0,,1638732,0,1
152915,2871,378782942,RET:M010:510866,Slinge,510866,,0,,1638732,0,1
152915,2871,378782943,RET:M010:510872,Slinge,510872,,0,,1638732,0,
152915,2871,378782944,RET:M010:510884,Slinge,510884,,0,,1638732,0,1
152915,2871,378782945,RET:M010:510892,Slinge,510892,,0,,1638732,0,
152915,2871,378782946,RET:M010:510898,Slinge,510898,,0,,1638732,0,1
152915,2871,378782947,RET:M010:510904,Slinge,510904,,0,,1638732,0,1
152915,2871,378782948,RET:M010:510910,Slinge,510910,,0,,1638732,0,1
152915,2871,378782949,RET:M010:510916,Slinge,510916,,0,,1638732,0,
152915,2871,378782950,RET:M010:510922,Slinge,510922,,0,,1638732,0,1
152915,2871,378782951,RET:M010:510928,Slinge,510928,,0,,1638732,0,
152915,2871,378782952,RET:M010:510934,Slinge,510934,,0,,1638732,0,1
152915,2871,378782953,RET:M010:510940,Slinge,510940,,0,,1638732,0,1
152915,2871,378782954,RET:M010:510946,Slinge,510946,,0,,1638732,0,1
152915,2871,378782955,RET:M010:510952,Slinge,510952,,0,,1638732,0,
152915,2871,378782956,RET:M010:510964,Slinge,510964,,0,,1638732,0,
152915,2871,378782957,RET:M010:510970,Slinge,510970,,0,,1638732,0,1
152915,2871,378782958,RET:M010:510976,Slinge,510976,,0,,1638732,0,1
152915,2871,378782959,RET:M010:510982,Slinge,510982,,0,,1638732,0,
152915,2871,378782960,RET:M010:510988,Slinge,510988,,0,,1638732,0,
152915,2871,378782961,RET:M010:510996,Slinge,510996,,0,,1638732,0,
152915,2871,378782962,RET:M010:511002,Slinge,511002,,0,,1638732,0,1
152915,2871,378782963,RET:M010:511008,Slinge,511008,,0,,1638732,0,1
152915,2871,378782964,RET:M010:511014,Slinge,511014,,0,,1638732,0,
152915,2871,378782965,RET:M010:511020,Slinge,511020,,0,,1638732,0,
152915,2871,378782966,RET:M010:511024,Slinge,511024,,0,,1638732,0,
152915,2871,378782967,RET:M010:511030,Slinge,511030,,0,,1638732,0,1
152915,2871,378782968,RET:M010:511036,Slinge,511036,,0,,1638732,0,1
152915,2871,378782969,RET:M010:511042,Slinge,511042,,0,,1638732,0,1
152915,2871,378782970,RET:M010:511048,Slinge,511048,,0,,1638732,0,
152915,2871,378782971,RET:M010:511068,Slinge,511068,,0,,1638732,0,
152915,2871,378782972,RET:M010:511074,Slinge,511074,,0,,1638732,0,1
152915,2871,378782973,RET:M010:511080,Slinge,511080,,0,,1638732,0,1
152915,2871,378782974,RET:M010:511086,Slinge,511086,,0,,1638732,0,1
152915,2871,378782975,RET:M010:511092,Slinge,511092,,0,,1638732,0,
152915,2871,378782976,RET:M010:511104,Slinge,511104,,0,,1638732,0,1
152915,2871,378782977,RET:M010:511108,Slinge,511108,,0,,1638732,0,
152915,2871,378782978,RET:M010:511114,Slinge,511114,,0,,1638732,0,1
152915,2871,378782979,RET:M010:511120,Slinge,511120,,0,,1638732,0,1
152915,2871,378782980,RET:M010:511126,Slinge,511126,,0,,1638732,0,1
152915,2871,378782981,RET:M010:511132,Slinge,511132,,0,,1638732,0,
152915,2871,378782982,RET:M010:511138,Slinge,511138,,0,,1638732,0,1
152915,2871,378782983,RET:M010:511142,Slinge,511142,,0,,1638732,0,
152915,2871,378782984,RET:M010:511148,Slinge,511148,,0,,1638732,0,1
152915,2871,378782985,RET:M010:511154,Slinge,511154,,0,,1638732,0,1
152915,2871,378782986,RET:M010:511160,Slinge,511160,,0,,1638732,0,1
152915,2871,378782987,RET:M010:511166,Slinge,511166,,0,,1638732,0,
152915,2871,378782988,RET:M010:511186,Slinge,511186,,0,,1638732,0,
152915,2871,378782989,RET:M010:511192,Slinge,511192,,0,,1638732,0,1
152915,2871,378782990,RET:M010:511198,Slinge,511198,,0,,1638732,0,1
152915,2871,378782991,RET:M010:511204,Slinge,511204,,0,,1638732,0,1
152915,2871,378782992,RET:M010:511210,Slinge,511210,,0,,1638732,0,
152915,2871,378782993,RET:M010:511222,Slinge,511222,,0,,1638732,0,1
152915,2871,378782994,RET:M010:511228,Slinge,511228,,0,,1638732,0,
152915,2871,378782995,RET:M010:511234,Slinge,511234,,0,,1638732,0,1
152915,2871,378782996,RET:M010:511240,Slinge,511240,,0,,1638732,0,1
152915,2871,378782997,RET:M010:511246,Slinge,511246,,0,,1638732,0,
152915,2871,378782998,RET:M010:511252,Slinge,511252,,0,,1638732,0,
152915,2871,378782999,RET:M010:511258,Slinge,511258,,0,,1638732,0,
152915,2871,378783000,RET:M010:511264,Slinge,511264,,0,,1638732,0,1
152915,2871,378783001,RET:M010:511270,Slinge,511270,,0,,1638732,0,1
152915,2871,378783002,RET:M010:511276,Slinge,511276,,0,,1638732,0,
152915,2871,378783003,RET:M010:511290,Slinge,511290,,0,,1638732,0,1
152915,2871,378783004,RET:M010:511294,Slinge,511294,,0,,1638732,0,
152915,2871,378783005,RET:M010:511300,Slinge,511300,,0,,1638732,0,1
152915,2871,378783006,RET:M010:511306,Slinge,511306,,0,,1638732,0,1
152915,2871,378783007,RET:M010:511312,Slinge,511312,,0,,1638732,0,1
152915,2871,378783008,RET:M010:511318,Slinge,511318,,0,,1638732,0,
152915,2871,378783009,RET:M010:511326,Slinge,511326,,0,,1638732,0,
152915,2871,378783010,RET:M010:511332,Slinge,511332,,0,,1638732,0,1
152915,2871,378783011,RET:M010:511338,Slinge,511338,,0,,1638732,0,1
152915,2871,378783012,RET:M010:511344,Slinge,511344,,0,,1638732,0,
152915,2871,378783013,RET:M010:511350,Slinge,511350,,0,,1638732,0,
152915,2871,378783014,RET:M010:511360,Slinge,511360,,0,,1638732,0,1
152915,2871,378783015,RET:M010:510851,Rotterdam Centraal,510851,,1,,1638660,0,
152915,2871,378783016,RET:M010:510857,Rotterdam Centraal,510857,,1,,1638660,0,1
152915,2871,378783017,RET:M010:510863,Rotterdam Centraal,510863,,1,,1638660,0,1
152915,2871,378783018,RET:M010:510869,Rotterdam Centraal,510869,,1,,1638660,0,1
152915,2871,378783019,RET:M010:510875,Rotterdam Centraal,510875,,1,,1638660,0,
152915,2871,378783020,RET:M010:510895,Rotterdam Centraal,510895,,1,,1638660,0,
152915,2871,378783021,RET:M010:510901,Rotterdam Centraal,510901,,1,,1638660,0,1
152915,2871,378783022,RET:M010:510907,Rotterdam Centraal,510907,,1,,1638660,0,1
152915,2871,378783023,RET:M010:510913,Rotterdam Centraal,510913,,1,,1638660,0,1
152915,2871,378783024,RET:M010:510919,Rotterdam Centraal,510919,,1,,1638660,0,
152915,2871,378783025,RET:M010:510931,Rotterdam Centraal,510931,,1,,1638660,0,
152915,2871,378783026,RET:M010:510937,Rotterdam Centraal,510937,,1,,1638660,0,1
152915,2871,378783027,RET:M010:510943,Rotterdam Centraal,510943,,1,,1638660,0,1
152915,2871,378783028,RET:M010:510949,Rotterdam Centraal,510949,,1,,1638660,0,
152915,2871,378783029,RET:M010:510955,Rotterdam Centraal,510955,,1,,1638660,0,
152915,2871,378783030,RET:M010:510967,Rotterdam Centraal,510967,,1,,1638660,0,1
152915,2871,378783031,RET:M010:510973,Rotterdam Centraal,510973,,1,,1638660,0,1
152915,2871,378783032,RET:M010:510979,Rotterdam Centraal,510979,,1,,1638660,0,1
152915,2871,378783033,RET:M010:510985,Rotterdam Centraal,510985,,1,,1638660,0,
152915,2871,378783034,RET:M010:510999,Rotterdam Centraal,510999,,1,,1638660,0,1
152915,2871,378783035,RET:M010:511005,Rotterdam Centraal,511005,,1,,1638660,0,1
152915,2871,378783036,RET:M010:511011,Rotterdam Centraal,511011,,1,,1638660,0,1
152915,2871,378783037,RET:M010:511017,Rotterdam Centraal,511017,,1,,1638660,0,
152915,2871,378783038,RET:M010:511033,Rotterdam Centraal,511033,,1,,1638660,0,1
152915,2871,378783039,RET:M010:511039,Rotterdam Centraal,511039,,1,,1638660,0,1
152915,2871,378783040,RET:M010:511045,Rotterdam Centraal,511045,,1,,1638660,0,1
152915,2871,378783041,RET:M010:511051,Rotterdam Centraal,511051,,1,,1638660,0,
152915,2871,378783042,RET:M010:511071,Rotterdam Centraal,511071,,1,,1638660,0,
152915,2871,378783043,RET:M010:511077,Rotterdam Centraal,511077,,1,,1638660,0,1
152915,2871,378783044,RET:M010:511083,Rotterdam Centraal,511083,,1,,1638660,0,1
152915,2871,378783045,RET:M010:511089,Rotterdam Centraal,511089,,1,,1638660,0,1
152915,2871,378783046,RET:M010:511095,Rotterdam Centraal,511095,,1,,1638660,0,
152915,2871,378783047,RET:M010:511111,Rotterdam Centraal,511111,,1,,1638660,0,
152915,2871,378783048,RET:M010:511117,Rotterdam Centraal,511117,,1,,1638660,0,1
152915,2871,378783049,RET:M010:511123,Rotterdam Centraal,511123,,1,,1638660,0,1
152915,2871,378783050,RET:M010:511129,Rotterdam Centraal,511129,,1,,1638660,0,1
152915,2871,378783051,RET:M010:511135,Rotterdam Centraal,511135,,1,,1638660,0,
152915,2871,378783052,RET:M010:511145,Rotterdam Centraal,511145,,1,,1638660,0,
152915,2871,378783053,RET:M010:511151,Rotterdam Centraal,511151,,1,,1638660,0,1
152915,2871,378783054,RET:M010:511157,Rotterdam Centraal,511157,,1,,1638660,0,1
152915,2871,378783055,RET:M010:511163,Rotterdam Centraal,511163,,1,,1638660,0,1
152915,2871,378783056,RET:M010:511169,Rotterdam Centraal,511169,,1,,1638660,0,
152915,2871,378783057,RET:M010:511189,Rotterdam Centraal,511189,,1,,1638660,0,
152915,2871,378783058,RET:M010:511195,Rotterdam Centraal,511195,,1,,1638660,0,1
152915,2871,378783059,RET:M010:511201,Rotterdam Centraal,511201,,1,,1638660,0,1
152915,2871,378783060,RET:M010:511207,Rotterdam Centraal,511207,,1,,1638660,0,1
152915,2871,378783061,RET:M010:511213,Rotterdam Centraal,511213,,1,,1638660,0,
152915,2871,378783062,RET:M010:511225,Rotterdam Centraal,511225,,1,,1638660,0,
152915,2871,378783063,RET:M010:511231,Rotterdam Centraal,511231,,1,,1638660,0,1
152915,2871,378783064,RET:M010:511237,Rotterdam Centraal,511237,,1,,1638660,0,1
152915,2871,378783065,RET:M010:511243,Rotterdam Centraal,511243,,1,,1638660,0,1
152915,2871,378783066,RET:M010:511249,Rotterdam Centraal,511249,,1,,1638660,0,
152915,2871,378783067,RET:M010:511255,Rotterdam Centraal,511255,,1,,1638660,0,
152915,2871,378783068,RET:M010:511261,Rotterdam Centraal,511261,,1,,1638660,0,1
152915,2871,378783069,RET:M010:511267,Rotterdam Centraal,511267,,1,,1638660,0,1
152915,2871,378783070,RET:M010:511273,Rotterdam Centraal,511273,,1,,1638660,0,1
152915,2871,378783071,RET:M010:511279,Rotterdam Centraal,511279,,1,,1638660,0,
152915,2871,378783072,RET:M010:511297,Rotterdam Centraal,511297,,1,,1638660,0,
152915,2871,378783073,RET:M010:511303,Rotterdam Centraal,511303,,1,,1638660,0,1
152915,2871,378783074,RET:M010:511309,Rotterdam Centraal,511309,,1,,1638660,0,1
152915,2871,378783075,RET:M010:511315,Rotterdam Centraal,511315,,1,,1638660,0,
152915,2871,378783076,RET:M010:511321,Rotterdam Centraal,511321,,1,,1638660,0,
152915,2871,378783077,RET:M010:511329,Rotterdam Centraal,511329,,1,,1638660,0,1
152915,2871,378783078,RET:M010:511335,Rotterdam Centraal,511335,,1,,1638660,0,1
152915,2871,378783079,RET:M010:511341,Rotterdam Centraal,511341,,1,,1638660,0,1
152915,2871,378783080,RET:M010:511347,Rotterdam Centraal,511347,,1,,1638660,0,
152915,2871,378783081,RET:M010:511353,Rotterdam Centraal,511353,,1,,1638660,0,
152915,2871,378783082,RET:M010:510852,Slinge,510852,,0,,1639177,0,
152915,2871,378783083,RET:M010:510858,Slinge,510858,,0,,1639177,0,1
152915,2871,378783084,RET:M010:510864,Slinge,510864,,0,,1639177,0,1
152915,2871,378783085,RET:M010:510870,Slinge,510870,,0,,1639177,0,
152915,2871,378783086,RET:M010:510876,Slinge,510876,,0,,1639177,0,
152915,2871,378783087,RET:M010:510896,Slinge,510896,,0,,1639177,0,
152915,2871,378783088,RET:M010:510902,Slinge,510902,,0,,1639177,0,1
152915,2871,378783089,RET:M010:510908,Slinge,510908,,0,,1639177,0,1
152915,2871,378783090,RET:M010:510914,Slinge,510914,,0,,1639177,0,1
152915,2871,378783091,RET:M010:510920,Slinge,510920,,0,,1639177,0,
152915,2871,378783092,RET:M010:510932,Slinge,510932,,0,,1639177,0,1
152915,2871,378783093,RET:M010:510938,Slinge,510938,,0,,1639177,0,1
152915,2871,378783094,RET:M010:510944,Slinge,510944,,0,,1639177,0,1
152915,2871,378783095,RET:M010:510950,Slinge,510950,,0,,1639177,0,
152915,2871,378783096,RET:M010:510962,Slinge,510962,,0,,1639177,0,
152915,2871,378783097,RET:M010:510968,Slinge,510968,,0,,1639177,0,1
152915,2871,378783098,RET:M010:510974,Slinge,510974,,0,,1639177,0,1
152915,2871,378783099,RET:M010:510980,Slinge,510980,,0,,1639177,0,1
152915,2871,378783100,RET:M010:510986,Slinge,510986,,0,,1639177,0,
152915,2871,378783101,RET:M010:510994,Slinge,510994,,0,,1639177,0,
152915,2871,378783102,RET:M010:511000,Slinge,511000,,0,,1639177,0,1
152915,2871,378783103,RET:M010:511006,Slinge,511006,,0,,1639177,0,1
152915,2871,378783104,RET:M010:511012,Slinge,511012,,0,,1639177,0,1
152915,2871,378783105,RET:M010:511018,Slinge,511018,,0,,1639177,0,
152915,2871,378783106,RET:M010:511028,Slinge,511028,,0,,1639177,0,
152915,2871,378783107,RET:M010:511034,Slinge,511034,,0,,1639177,0,1
152915,2871,378783108,RET:M010:511040,Slinge,511040,,0,,1639177,0,1
152915,2871,378783109,RET:M010:511046,Slinge,511046,,0,,1639177,0,1
152915,2871,378783110,RET:M010:511052,Slinge,511052,,0,,1639177,0,
152915,2871,378783111,RET:M010:511072,Slinge,511072,,0,,1639177,0,
152915,2871,378783112,RET:M010:511078,Slinge,511078,,0,,1639177,0,1
152915,2871,378783113,RET:M010:511084,Slinge,511084,,0,,1639177,0,1
152915,2871,378783114,RET:M010:511090,Slinge,511090,,0,,1639177,0,1
152915,2871,378783115,RET:M010:511096,Slinge,511096,,0,,1639177,0,
152915,2871,378783116,RET:M010:511112,Slinge,511112,,0,,1639177,0,
152915,2871,378783117,RET:M010:511118,Slinge,511118,,0,,1639177,0,1
152915,2871,378783118,RET:M010:511124,Slinge,511124,,0,,1639177,0,1
152915,2871,378783119,RET:M010:511130,Slinge,511130,,0,,1639177,0,1
152915,2871,378783120,RET:M010:511136,Slinge,511136,,0,,1639177,0,
152915,2871,378783121,RET:M010:511146,Slinge,511146,,0,,1639177,0,
152915,2871,378783122,RET:M010:511152,Slinge,511152,,0,,1639177,0,1
152915,2871,378783123,RET:M010:511158,Slinge,511158,,0,,1639177,0,1
152915,2871,378783124,RET:M010:511164,Slinge,511164,,0,,1639177,0,1
152915,2871,378783125,RET:M010:511170,Slinge,511170,,0,,1639177,0,
152915,2871,378783126,RET:M010:511190,Slinge,511190,,0,,1639177,0,
152915,2871,378783127,RET:M010:511196,Slinge,511196,,0,,1639177,0,1
152915,2871,378783128,RET:M010:511202,Slinge,511202,,0,,1639177,0,1
152915,2871,378783129,RET:M010:511208,Slinge,511208,,0,,1639177,0,1
152915,2871,378783130,RET:M010:511214,Slinge,511214,,0,,1639177,0,
152915,2871,378783131,RET:M010:511226,Slinge,511226,,0,,1639177,0,
152915,2871,378783132,RET:M010:511232,Slinge,511232,,0,,1639177,0,1
152915,2871,378783133,RET:M010:511238,Slinge,511238,,0,,1639177,0,1
152915,2871,378783134,RET:M010:511244,Slinge,511244,,0,,1639177,0,1
152915,2871,378783135,RET:M010:511250,Slinge,511250,,0,,1639177,0,
152915,2871,378783136,RET:M010:511256,Slinge,511256,,0,,1639177,0,
152915,2871,378783137,RET:M010:511262,Slinge,511262,,0,,1639177,0,1
152915,2871,378783138,RET:M010:511268,Slinge,511268,,0,,1639177,0,1
152915,2871,378783139,RET:M010:511274,Slinge,511274,,0,,1639177,0,1
152915,2871,378783140,RET:M010:511280,Slinge,511280,,0,,1639177,0,
152915,2871,378783141,RET:M010:511298,Slinge,511298,,0,,1639177,0,1
152915,2871,378783142,RET:M010:511304,Slinge,511304,,0,,1639177,0,1
152915,2871,378783143,RET:M010:511310,Slinge,511310,,0,,1639177,0,1
152915,2871,378783144,RET:M010:511316,Slinge,511316,,0,,1639177,0,
152915,2871,378783145,RET:M010:511330,Slinge,511330,,0,,1639177,0,1
152915,2871,378783146,RET:M010:511336,Slinge,511336,,0,,1639177,0,1
152915,2871,378783147,RET:M010:511342,Slinge,511342,,0,,1639177,0,1
152915,2871,378783148,RET:M010:511348,Slinge,511348,,0,,1639177,0,
152915,2871,378783149,RET:M010:511354,Slinge,511354,,0,,1639177,0,1
152915,2871,378783150,RET:M010:510887,Leidschenveen,510887,,1,,1638634,0,
152915,2871,378783151,RET:M010:510890,Slinge,510890,,0,,1639089,0,
152915,2871,378783152,RET:M010:510925,Den Haag Centraal,510925,,1,,1639113,0,
152915,2871,378783153,RET:M010:510959,Den Haag Centraal,510959,,1,,1639113,0,
152915,2871,378783154,RET:M010:510991,Den Haag Centraal,510991,,1,,1639113,0,
152915,2871,378783155,RET:M010:511023,Den Haag Centraal,511023,,1,,1639113,0,
152915,2871,378783156,RET:M010:511067,Den Haag Centraal,511067,,1,,1639113,0,
152915,2871,378783157,RET:M010:511107,Den Haag Centraal,511107,,1,,1639113,0,
152915,2871,378783158,RET:M010:511141,Den Haag Centraal,511141,,1,,1639113,0,
152915,2871,378783159,RET:M010:511185,Den Haag Centraal,511185,,1,,1639113,0,
152915,2871,378783160,RET:M010:511293,Den Haag Centraal,511293,,1,,1639113,0,
152915,2871,378783161,RET:M010:511325,Den Haag Centraal,511325,,1,,1639113,0,
152915,2871,378783162,RET:M010:510956,Slinge,510956,,0,,1639003,0,
152915,2871,378783163,RET:M010:511322,Slinge,511322,,0,,1639003,0,1
152915,2871,378783164,RET:M010:510961,Rotterdam Centraal,510961,,1,,1639069,0,
152915,2871,378783165,RET:M010:510993,Rotterdam Centraal,510993,,1,,1639069,0,
152915,2871,378783166,RET:M010:511027,Rotterdam Centraal,511027,,1,,1639069,0,
152915,2871,378783167,RET:M010:511061,Pijnacker Zuid,511061,,1,,1638640,0,1
152915,2871,378783168,RET:M010:511179,Pijnacker Zuid,511179,,1,,1638640,0,1
152915,2871,378783169,RET:M010:511064,Slinge,511064,,0,,1638637,0,1
152915,2871,378783170,RET:M010:511182,Slinge,511182,,0,,1638637,0,1
152915,3346,378783732,RET:M010:512082,Slinge,512082,,0,,1639073,0,1
152915,3346,378783733,RET:M010:512084,Slinge,512084,,0,,1639073,0,1
152915,3346,378783734,RET:M010:512086,Slinge,512086,,0,,1639073,0,1
152915,3346,378783735,RET:M010:512088,Slinge,512088,,0,,1639073,0,1
152915,3346,378783736,RET:M010:512090,Slinge,512090,,0,,1639073,0,1
152915,3346,378783737,RET:M010:512092,Slinge,512092,,0,,1639073,0,1
152915,3346,378783738,RET:M010:512094,Slinge,512094,,0,,1639073,0,1
152915,3346,378783739,RET:M010:512096,Slinge,512096,,0,,1639073,0,1
152915,3346,378783740,RET:M010:512098,Slinge,512098,,0,,1639073,0,1
152915,3346,378783741,RET:M010:512104,Slinge,512104,,0,,1639073,0,1
152915,3346,378783742,RET:M010:512106,Slinge,512106,,0,,1639073,0,1
152915,3346,378783743,RET:M010:512108,Slinge,512108,,0,,1639073,0,1
152915,3346,378783744,RET:M010:512110,Slinge,512110,,0,,1639073,0,1
152915,3346,378783745,RET:M010:512112,Slinge,512112,,0,,1639073,0,1
152915,3346,378783746,RET:M010:512114,Slinge,512114,,0,,1639073,0,1
152915,3346,378783747,RET:M010:512116,Slinge,512116,,0,,1639073,0,1
152915,3346,378783748,RET:M010:512118,Slinge,512118,,0,,1639073,0,1
152915,3346,378783749,RET:M010:512120,Slinge,512120,,0,,1639073,0,1
152915,3346,378783750,RET:M010:512126,Slinge,512126,,0,,1639073,0,1
152915,3346,378783751,RET:M010:512128,Slinge,512128,,0,,1639073,0,1
152915,3346,378783752,RET:M010:512130,Slinge,512130,,0,,1639073,0,1
152915,3346,378783753,RET:M010:512132,Slinge,512132,,0,,1639073,0,1
152915,3346,378783754,RET:M010:512134,Slinge,512134,,0,,1639073,0,1
152915,3346,378783755,RET:M010:512136,Slinge,512136,,0,,1639073,0,1
152915,3346,378783756,RET:M010:512138,Slinge,512138,,0,,1639073,0,1
152915,3346,378783757,RET:M010:512140,Slinge,512140,,0,,1639073,0,1
152915,3346,378783758,RET:M010:512142,Slinge,512142,,0,,1639073,0,1
152915,3346,378783759,RET:M010:512148,Slinge,512148,,0,,1639073,0,1
152915,3346,378783760,RET:M010:512150,Slinge,512150,,0,,1639073,0,1
152915,3346,378783761,RET:M010:512152,Slinge,512152,,0,,1639073,0,1
152915,3346,378783762,RET:M010:512154,Slinge,512154,,0,,1639073,0,1
152915,3346,378783763,RET:M010:512156,Slinge,512156,,0,,1639073,0,1
152915,3346,378783764,RET:M010:512158,Slinge,512158,,0,,1639073,0,1
152915,3346,378783765,RET:M010:512160,Slinge,512160,,0,,1639073,0,1
152915,3346,378783766,RET:M010:512162,Slinge,512162,,0,,1639073,0,1
152915,3346,378783767,RET:M010:512164,Slinge,512164,,0,,1639073,0,1
152915,3346,378783768,RET:M010:512170,Slinge,512170,,0,,1639073,0,1
152915,3346,378783769,RET:M010:512172,Slinge,512172,,0,,1639073,0,1
152915,3346,378783770,RET:M010:512174,Slinge,512174,,0,,1639073,0,1
152915,3346,378783771,RET:M010:512176,Slinge,512176,,0,,1639073,0,1
152915,3346,378783772,RET:M010:512178,Slinge,512178,,0,,1639073,0,1
152915,3346,378783773,RET:M010:512180,Slinge,512180,,0,,1639073,0,1
152915,3346,378783774,RET:M010:512182,Slinge,512182,,0,,1639073,0,1
152915,3346,378783775,RET:M010:512184,Slinge,512184,,0,,1639073,0,1
152915,3346,378783776,RET:M010:512186,Slinge,512186,,0,,1639073,0,1
152915,3346,378783777,RET:M010:512194,Slinge,512194,,0,,1639073,0,1
152915,3346,378783778,RET:M010:512196,Slinge,512196,,0,,1639073,0,1
152915,3346,378783779,RET:M010:512198,Slinge,512198,,0,,1639073,0,1
152915,3346,378783780,RET:M010:512200,Slinge,512200,,0,,1639073,0,1
152915,3346,378783781,RET:M010:512202,Slinge,512202,,0,,1639073,0,1
152915,3346,378783782,RET:M010:512204,Slinge,512204,,0,,1639073,0,1
152915,3346,378783783,RET:M010:512206,Slinge,512206,,0,,1639073,0,1
152915,3346,378783784,RET:M010:512208,Slinge,512208,,0,,1639073,0,1
152915,3346,378783785,RET:M010:512210,Slinge,512210,,0,,1639073,0,1
152915,3346,378783786,RET:M010:512218,Slinge,512218,,0,,1639073,0,1
152915,3346,378783787,RET:M010:512220,Slinge,512220,,0,,1639073,0,1
152915,3346,378783788,RET:M010:512222,Slinge,512222,,0,,1639073,0,1
152915,3346,378783789,RET:M010:512224,Slinge,512224,,0,,1639073,0,1
152915,3346,378783790,RET:M010:512226,Slinge,512226,,0,,1639073,0,1
152915,3346,378783791,RET:M010:512228,Slinge,512228,,0,,1639073,0,1
152915,3346,378783792,RET:M010:512230,Slinge,512230,,0,,1639073,0,1
152915,3346,378783793,RET:M010:512232,Slinge,512232,,0,,1639073,0,1
152915,3346,378783794,RET:M010:512083,Den Haag Centraal,512083,,1,,1638840,0,1
152915,3346,378783795,RET:M010:512085,Den Haag Centraal,512085,,1,,1638840,0,1
152915,3346,378783796,RET:M010:512087,Den Haag Centraal,512087,,1,,1638840,0,1
152915,3346,378783797,RET:M010:512089,Den Haag Centraal,512089,,1,,1638840,0,1
152915,3346,378783798,RET:M010:512091,Den Haag Centraal,512091,,1,,1638840,0,1
152915,3346,378783799,RET:M010:512093,Den Haag Centraal,512093,,1,,1638840,0,1
152915,3346,378783800,RET:M010:512095,Den Haag Centraal,512095,,1,,1638840,0,1
152915,3346,378783801,RET:M010:512097,Den Haag Centraal,512097,,1,,1638840,0,1
152915,3346,378783802,RET:M010:512099,Den Haag Centraal,512099,,1,,1638840,0,1
152915,3346,378783803,RET:M010:512105,Den Haag Centraal,512105,,1,,1638840,0,1
152915,3346,378783804,RET:M010:512107,Den Haag Centraal,512107,,1,,1638840,0,1
152915,3346,378783805,RET:M010:512109,Den Haag Centraal,512109,,1,,1638840,0,1
152915,3346,378783806,RET:M010:512111,Den Haag Centraal,512111,,1,,1638840,0,1
152915,3346,378783807,RET:M010:512113,Den Haag Centraal,512113,,1,,1638840,0,1
152915,3346,378783808,RET:M010:512115,Den Haag Centraal,512115,,1,,1638840,0,1
152915,3346,378783809,RET:M010:512117,Den Haag Centraal,512117,,1,,1638840,0,1
152915,3346,378783810,RET:M010:512119,Den Haag Centraal,512119,,1,,1638840,0,1
152915,3346,378783811,RET:M010:512121,Den Haag Centraal,512121,,1,,1638840,0,1
152915,3346,378783812,RET:M010:512127,Den Haag Centraal,512127,,1,,1638840,0,1
152915,3346,378783813,RET:M010:512129,Den Haag Centraal,512129,,1,,1638840,0,1
152915,3346,378783814,RET:M010:512131,Den Haag Centraal,512131,,1,,1638840,0,1
152915,3346,378783815,RET:M010:512133,Den Haag Centraal,512133,,1,,1638840,0,1
152915,3346,378783816,RET:M010:512135,Den Haag Centraal,512135,,1,,1638840,0,1
152915,3346,378783817,RET:M010:512137,Den Haag Centraal,512137,,1,,1638840,0,1
152915,3346,378783818,RET:M010:512139,Den Haag Centraal,512139,,1,,1638840,0,1
152915,3346,378783819,RET:M010:512141,Den Haag Centraal,512141,,1,,1638840,0,1
152915,3346,378783820,RET:M010:512143,Den Haag Centraal,512143,,1,,1638840,0,1
152915,3346,378783821,RET:M010:512149,Den Haag Centraal,512149,,1,,1638840,0,1
152915,3346,378783822,RET:M010:512151,Den Haag Centraal,512151,,1,,1638840,0,1
152915,3346,378783823,RET:M010:512153,Den Haag Centraal,512153,,1,,1638840,0,1
152915,3346,378783824,RET:M010:512155,Den Haag Centraal,512155,,1,,1638840,0,1
152915,3346,378783825,RET:M010:512157,Den Haag Centraal,512157,,1,,1638840,0,1
152915,3346,378783826,RET:M010:512159,Den Haag Centraal,512159,,1,,1638840,0,1
152915,3346,378783827,RET:M010:512161,Den Haag Centraal,512161,,1,,1638840,0,1
152915,3346,378783828,RET:M010:512163,Den Haag Centraal,512163,,1,,1638840,0,1
152915,3346,378783829,RET:M010:512165,Den Haag Centraal,512165,,1,,1638840,0,1
152915,3346,378783830,RET:M010:512171,Den Haag Centraal,512171,,1,,1638840,0,1
152915,3346,378783831,RET:M010:512173,Den Haag Centraal,512173,,1,,1638840,0,1
152915,3346,378783832,RET:M010:512175,Den Haag Centraal,512175,,1,,1638840,0,1
152915,3346,378783833,RET:M010:512177,Den Haag Centraal,512177,,1,,1638840,0,1
152915,3346,378783834,RET:M010:512179,Den Haag Centraal,512179,,1,,1638840,0,1
152915,3346,378783835,RET:M010:512181,Den Haag Centraal,512181,,1,,1638840,0,1
152915,3346,378783836,RET:M010:512183,Den Haag Centraal,512183,,1,,1638840,0,1
152915,3346,378783837,RET:M010:512185,Den Haag Centraal,512185,,1,,1638840,0,1
152915,3346,378783838,RET:M010:512195,Den Haag Centraal,512195,,1,,1638840,0,1
152915,3346,378783839,RET:M010:512197,Den Haag Centraal,512197,,1,,1638840,0,1
152915,3346,378783840,RET:M010:512199,Den Haag Centraal,512199,,1,,1638840,0,1
152915,3346,378783841,RET:M010:512201,Den Haag Centraal,512201,,1,,1638840,0,1
152915,3346,378783842,RET:M010:512203,Den Haag Centraal,512203,,1,,1638840,0,1
152915,3346,378783843,RET:M010:512205,Den Haag Centraal,512205,,1,,1638840,0,1
152915,3346,378783844,RET:M010:512207,Den Haag Centraal,512207,,1,,1638840,0,1
152915,3346,378783845,RET:M010:512209,Den Haag Centraal,512209,,1,,1638840,0,1
152915,3346,378783846,RET:M010:512219,Den Haag Centraal,512219,,1,,1638840,0,1
152915,3346,378783847,RET:M010:512221,Den Haag Centraal,512221,,1,,1638840,0,1
152915,3346,378783848,RET:M010:512223,Den Haag Centraal,512223,,1,,1638840,0,1
152915,3346,378783849,RET:M010:512225,Den Haag Centraal,512225,,1,,1638840,0,1
152915,3346,378783850,RET:M010:512227,Den Haag Centraal,512227,,1,,1638840,0,1
152915,3346,378783851,RET:M010:512229,Den Haag Centraal,512229,,1,,1638840,0,1
152915,3346,378783852,RET:M010:512231,Den Haag Centraal,512231,,1,,1638840,0,1
152915,3346,378783853,RET:M010:512233,Den Haag Centraal,512233,,1,,1638840,0,1
152915,3346,378783854,RET:M010:512100,Slinge,512100,,0,,1638732,0,1
152915,3346,378783855,RET:M010:512122,Slinge,512122,,0,,1638732,0,1
152915,3346,378783856,RET:M010:512144,Slinge,512144,,0,,1638732,0,1
152915,3346,378783857,RET:M010:512166,Slinge,512166,,0,,1638732,0,1
152915,3346,378783858,RET:M010:512234,Slinge,512234,,0,,1638732,0,1
152915,3346,378783859,RET:M010:512103,Den Haag Centraal,512103,,1,,1639113,0,1
152915,3346,378783860,RET:M010:512125,Den Haag Centraal,512125,,1,,1639113,0,1
152915,3346,378783861,RET:M010:512147,Den Haag Centraal,512147,,1,,1639113,0,1
152915,3346,378783862,RET:M010:512169,Den Haag Centraal,512169,,1,,1639113,0,1
152915,3346,378783863,RET:M010:512193,Den Haag Centraal,512193,,1,,1639113,0,1
152915,3346,378783864,RET:M010:512217,Den Haag Centraal,512217,,1,,1639113,0,1
152915,3346,378783865,RET:M010:512187,Leidschenveen,512187,,1,,1639086,0,1
152915,3346,378783866,RET:M010:512211,Leidschenveen,512211,,1,,1639086,0,1
152915,3346,378783867,RET:M010:512190,Slinge,512190,,0,,1638823,0,1
152915,3346,378783868,RET:M010:512237,Rotterdam Centraal,512237,,1,,1639212,0,1
152915,3346,378783869,RET:M010:512285,Rotterdam Centraal,512285,,1,,1639212,0,1
152915,3346,378783870,RET:M010:512333,Rotterdam Centraal,512333,,1,,1639212,0,1
152915,3346,378783871,RET:M010:512238,Slinge,512238,,0,,1638678,0,1
152915,3346,378783872,RET:M010:512242,Slinge,512242,,0,,1638678,0,1
152915,3346,378783873,RET:M010:512246,Slinge,512246,,0,,1638678,0,1
152915,3346,378783874,RET:M010:512250,Slinge,512250,,0,,1638678,0,1
152915,3346,378783875,RET:M010:512254,Slinge,512254,,0,,1638678,0,1
152915,3346,378783876,RET:M010:512258,Slinge,512258,,0,,1638678,0,1
152915,3346,378783877,RET:M010:512262,Slinge,512262,,0,,1638678,0,1
152915,3346,378783878,RET:M010:512266,Slinge,512266,,0,,1638678,0,1
152915,3346,378783879,RET:M010:512270,Slinge,512270,,0,,1638678,0,1
152915,3346,378783880,RET:M010:512274,Slinge,512274,,0,,1638678,0,1
152915,3346,378783881,RET:M010:512278,Slinge,512278,,0,,1638678,0,1
152915,3346,378783882,RET:M010:512282,Slinge,512282,,0,,1638678,0,1
152915,3346,378783883,RET:M010:512286,Slinge,512286,,0,,1638678,0,1
152915,3346,378783884,RET:M010:512290,Slinge,512290,,0,,1638678,0,1
152915,3346,378783885,RET:M010:512294,Slinge,512294,,0,,1638678,0,1
152915,3346,378783886,RET:M010:512298,Slinge,512298,,0,,1638678,0,1
152915,3346,378783887,RET:M010:512302,Slinge,512302,,0,,1638678,0,1
152915,3346,378783888,RET:M010:512306,Slinge,512306,,0,,1638678,0,1
152915,3346,378783889,RET:M010:512310,Slinge,512310,,0,,1638678,0,1
152915,3346,378783890,RET:M010:512314,Slinge,512314,,0,,1638678,0,1
152915,3346,378783891,RET:M010:512318,Slinge,512318,,0,,1638678,0,1
152915,3346,378783892,RET:M010:512322,Slinge,512322,,0,,1638678,0,1
152915,3346,378783893,RET:M010:512326,Slinge,512326,,0,,1638678,0,1
152915,3346,378783894,RET:M010:512330,Slinge,512330,,0,,1638678,0,1
152915,3346,378783895,RET:M010:512334,Slinge,512334,,0,,1638678,0,1
152915,3346,378783896,RET:M010:512338,Slinge,512338,,0,,1638678,0,1
152915,3346,378783897,RET:M010:512342,Slinge,512342,,0,,1638678,0,1
152915,3346,378783898,RET:M010:512346,Slinge,512346,,0,,1638678,0,1
152915,3346,378783899,RET:M010:512350,Slinge,512350,,0,,1638678,0,1
152915,3346,378783900,RET:M010:512354,Slinge,512354,,0,,1638678,0,1
152915,3346,378783901,RET:M010:512358,Slinge,512358,,0,,1638678,0,1
152915,3346,378783902,RET:M010:512362,Slinge,512362,,0,,1638678,0,1
152915,3346,378783903,RET:M010:512366,Slinge,512366,,0,,1638678,0,1
152915,3346,378783904,RET:M010:512370,Slinge,512370,,0,,1638678,0,1
152915,3346,378783905,RET:M010:512374,Slinge,512374,,0,,1638678,0,1
152915,3346,378783906,RET:M010:512241,Rotterdam Centraal,512241,,1,,1638685,0,1
152915,3346,378783907,RET:M010:512245,Rotterdam Centraal,512245,,1,,1638685,0,1
152915,3346,378783908,RET:M010:512249,Rotterdam Centraal,512249,,1,,1638685,0,1
152915,3346,378783909,RET:M010:512253,Rotterdam Centraal,512253,,1,,1638685,0,1
152915,3346,378783910,RET:M010:512257,Rotterdam Centraal,512257,,1,,1638685,0,1
152915,3346,378783911,RET:M010:512261,Rotterdam Centraal,512261,,1,,1638685,0,1
152915,3346,378783912,RET:M010:512265,Rotterdam Centraal,512265,,1,,1638685,0,1
152915,3346,378783913,RET:M010:512269,Rotterdam Centraal,512269,,1,,1638685,0,1
152915,3346,378783914,RET:M010:512273,Rotterdam Centraal,512273,,1,,1638685,0,1
152915,3346,378783915,RET:M010:512277,Rotterdam Centraal,512277,,1,,1638685,0,1
152915,3346,378783916,RET:M010:512281,Rotterdam Centraal,512281,,1,,1638685,0,1
152915,3346,378783917,RET:M010:512289,Rotterdam Centraal,512289,,1,,1638685,0,1
152915,3346,378783918,RET:M010:512293,Rotterdam Centraal,512293,,1,,1638685,0,1
152915,3346,378783919,RET:M010:512297,Rotterdam Centraal,512297,,1,,1638685,0,1
152915,3346,378783920,RET:M010:512301,Rotterdam Centraal,512301,,1,,1638685,0,1
152915,3346,378783921,RET:M010:512305,Rotterdam Centraal,512305,,1,,1638685,0,1
152915,3346,378783922,RET:M010:512309,Rotterdam Centraal,512309,,1,,1638685,0,1
152915,3346,378783923,RET:M010:512313,Rotterdam Centraal,512313,,1,,1638685,0,1
152915,3346,378783924,RET:M010:512317,Rotterdam Centraal,512317,,1,,1638685,0,1
152915,3346,378783925,RET:M010:512321,Rotterdam Centraal,512321,,1,,1638685,0,1
152915,3346,378783926,RET:M010:512325,Rotterdam Centraal,512325,,1,,1638685,0,1
152915,3346,378783927,RET:M010:512329,Rotterdam Centraal,512329,,1,,1638685,0,1
152915,3346,378783928,RET:M010:512337,Rotterdam Centraal,512337,,1,,1638685,0,1
152915,3346,378783929,RET:M010:512341,Rotterdam Centraal,512341,,1,,1638685,0,1
152915,3346,378783930,RET:M010:512345,Rotterdam Centraal,512345,,1,,1638685,0,1
152915,3346,378783931,RET:M010:512349,Rotterdam Centraal,512349,,1,,1638685,0,1
152915,3346,378783932,RET:M010:512353,Rotterdam Centraal,512353,,1,,1638685,0,1
152915,3346,378783933,RET:M010:512357,Rotterdam Centraal,512357,,1,,1638685,0,1
152915,3346,378783934,RET:M010:512361,Rotterdam Centraal,512361,,1,,1638685,0,1
152915,3346,378783935,RET:M010:512365,Rotterdam Centraal,512365,,1,,1638685,0,1
152915,3346,378783936,RET:M010:512369,Rotterdam Centraal,512369,,1,,1638685,0,1
152915,3346,378783937,RET:M010:512373,Rotterdam Centraal,512373,,1,,1638685,0,1
152915,2988,378784706,RET:M010:515209,Slinge,515209,,0,,1639073,0,1
152915,2988,378784707,RET:M010:515211,Slinge,515211,,0,,1639073,0,1
152915,2988,378784708,RET:M010:515213,Slinge,515213,,0,,1639073,0,1
152915,2988,378784709,RET:M010:515215,Slinge,515215,,0,,1639073,0,1
152915,2988,378784710,RET:M010:515217,Slinge,515217,,0,,1639073,0,1
152915,2988,378784711,RET:M010:515219,Slinge,515219,,0,,1639073,0,1
152915,2988,378784712,RET:M010:515221,Slinge,515221,,0,,1639073,0,1
152915,2988,378784713,RET:M010:515223,Slinge,515223,,0,,1639073,0,1
152915,2988,378784714,RET:M010:515225,Slinge,515225,,0,,1639073,0,1
152915,2988,378784715,RET:M010:515227,Slinge,515227,,0,,1639073,0,1
152915,2988,378784716,RET:M010:515229,Slinge,515229,,0,,1639073,0,1
152915,2988,378784717,RET:M010:515237,Slinge,515237,,0,,1639073,0,1
152915,2988,378784718,RET:M010:515239,Slinge,515239,,0,,1639073,0,1
152915,2988,378784719,RET:M010:515241,Slinge,515241,,0,,1639073,0,1
152915,2988,378784720,RET:M010:515243,Slinge,515243,,0,,1639073,0,1
152915,2988,378784721,RET:M010:515245,Slinge,515245,,0,,1639073,0,1
152915,2988,378784722,RET:M010:515247,Slinge,515247,,0,,1639073,0,1
152915,2988,378784723,RET:M010:515249,Slinge,515249,,0,,1639073,0,1
152915,2988,378784724,RET:M010:515251,Slinge,515251,,0,,1639073,0,1
152915,2988,378784725,RET:M010:515253,Slinge,515253,,0,,1639073,0,1
152915,2988,378784726,RET:M010:515255,Slinge,515255,,0,,1639073,0,1
152915,2988,378784727,RET:M010:515261,Slinge,515261,,0,,1639073,0,1
152915,2988,378784728,RET:M010:515263,Slinge,515263,,0,,1639073,0,1
152915,2988,378784729,RET:M010:515265,Slinge,515265,,0,,1639073,0,1
152915,2988,378784730,RET:M010:515267,Slinge,515267,,0,,1639073,0,1
152915,2988,378784731,RET:M010:515269,Slinge,515269,,0,,1639073,0,1
152915,2988,378784732,RET:M010:515271,Slinge,515271,,0,,1639073,0,1
152915,2988,378784733,RET:M010:515273,Slinge,515273,,0,,1639073,0,1
152915,2988,378784734,RET:M010:515279,Slinge,515279,,0,,1639073,0,1
152915,2988,378784735,RET:M010:515281,Slinge,515281,,0,,1639073,0,1
152915,2988,378784736,RET:M010:515283,Slinge,515283,,0,,1639073,0,1
152915,2988,378784737,RET:M010:515285,Slinge,515285,,0,,1639073,0,1
152915,2988,378784738,RET:M010:515287,Slinge,515287,,0,,1639073,0,1
152915,2988,378784739,RET:M010:515289,Slinge,515289,,0,,1639073,0,1
152915,2988,378784740,RET:M010:515291,Slinge,515291,,0,,1639073,0,1
152915,2988,378784741,RET:M010:515293,Slinge,515293,,0,,1639073,0,1
152915,2988,378784742,RET:M010:515295,Slinge,515295,,0,,1639073,0,1
152915,2988,378784743,RET:M010:515297,Slinge,515297,,0,,1639073,0,1
152915,2988,378784744,RET:M010:515303,Slinge,515303,,0,,1639073,0,1
152915,2988,378784745,RET:M010:515305,Slinge,515305,,0,,1639073,0,1
152915,2988,378784746,RET:M010:515307,Slinge,515307,,0,,1639073,0,1
152915,2988,378784747,RET:M010:515309,Slinge,515309,,0,,1639073,0,1
152915,2988,378784748,RET:M010:515311,Slinge,515311,,0,,1639073,0,1
152915,2988,378784749,RET:M010:515313,Slinge,515313,,0,,1639073,0,1
152915,2988,378784750,RET:M010:515315,Slinge,515315,,0,,1639073,0,1
152915,2988,378784751,RET:M010:515317,Slinge,515317,,0,,1639073,0,1
152915,2988,378784752,RET:M010:515319,Slinge,515319,,0,,1639073,0,1
152915,2988,378784753,RET:M010:515321,Slinge,515321,,0,,1639073,0,1
152915,2988,378784754,RET:M010:515327,Slinge,515327,,0,,1639073,0,1
152915,2988,378784755,RET:M010:515329,Slinge,515329,,0,,1639073,0,1
152915,2988,378784756,RET:M010:515331,Slinge,515331,,0,,1639073,0,1
152915,2988,378784757,RET:M010:515333,Slinge,515333,,0,,1639073,0,1
152915,2988,378784758,RET:M010:515335,Slinge,515335,,0,,1639073,0,1
152915,2988,378784759,RET:M010:515337,Slinge,515337,,0,,1639073,0,1
152915,2988,378784760,RET:M010:515343,Slinge,515343,,0,,1639073,0,1
152915,2988,378784761,RET:M010:515345,Slinge,515345,,0,,1639073,0,1
152915,2988,378784762,RET:M010:515347,Slinge,515347,,0,,1639073,0,1
152915,2988,378784763,RET:M010:515349,Slinge,515349,,0,,1639073,0,1
152915,2988,378784764,RET:M010:515351,Slinge,515351,,0,,1639073,0,1
152915,2988,378784765,RET:M010:515353,Slinge,515353,,0,,1639073,0,1
152915,2988,378784766,RET:M010:515355,Slinge,515355,,0,,1639073,0,1
152915,2988,378784767,RET:M010:515357,Slinge,515357,,0,,1639073,0,1
152915,2988,378784768,RET:M010:515359,Slinge,515359,,0,,1639073,0,1
152915,2988,378784769,RET:M010:515365,Slinge,515365,,0,,1639073,0,1
152915,2988,378784770,RET:M010:515367,Slinge,515367,,0,,1639073,0,1
152915,2988,378784771,RET:M010:515369,Slinge,515369,,0,,1639073,0,1
152915,2988,378784772,RET:M010:515371,Slinge,515371,,0,,1639073,0,1
152915,2988,378784773,RET:M010:515373,Slinge,515373,,0,,1639073,0,1
152915,2988,378784774,RET:M010:515379,Slinge,515379,,0,,1639073,0,1
152915,2988,378784775,RET:M010:515381,Slinge,515381,,0,,1639073,0,1
152915,2988,378784776,RET:M010:515383,Slinge,515383,,0,,1639073,0,1
152915,2988,378784777,RET:M010:515385,Slinge,515385,,0,,1639073,0,1
152915,2988,378784778,RET:M010:515387,Slinge,515387,,0,,1639073,0,1
152915,2988,378784779,RET:M010:515389,Slinge,515389,,0,,1639073,0,1
152915,2988,378784780,RET:M010:515391,Slinge,515391,,0,,1639073,0,1
152915,2988,378784781,RET:M010:515393,Slinge,515393,,0,,1639073,0,1
152915,2988,378784782,RET:M010:515395,Slinge,515395,,0,,1639073,0,1
152915,2988,378784783,RET:M010:515403,Slinge,515403,,0,,1639073,0,1
152915,2988,378784784,RET:M010:515405,Slinge,515405,,0,,1639073,0,1
152915,2988,378784785,RET:M010:515407,Slinge,515407,,0,,1639073,0,1
152915,2988,378784786,RET:M010:515409,Slinge,515409,,0,,1639073,0,1
152915,2988,378784787,RET:M010:515411,Slinge,515411,,0,,1639073,0,1
152915,2988,378784788,RET:M010:515413,Slinge,515413,,0,,1639073,0,1
152915,2988,378784789,RET:M010:515415,Slinge,515415,,0,,1639073,0,1
152915,2988,378784790,RET:M010:515417,Slinge,515417,,0,,1639073,0,1
152915,2988,378784791,RET:M010:515210,Den Haag Centraal,515210,,1,,1638840,0,1
152915,2988,378784792,RET:M010:515212,Den Haag Centraal,515212,,1,,1638840,0,1
152915,2988,378784793,RET:M010:515214,Den Haag Centraal,515214,,1,,1638840,0,1
152915,2988,378784794,RET:M010:515216,Den Haag Centraal,515216,,1,,1638840,0,1
152915,2988,378784795,RET:M010:515218,Den Haag Centraal,515218,,1,,1638840,0,1
152915,2988,378784796,RET:M010:515220,Den Haag Centraal,515220,,1,,1638840,0,1
152915,2988,378784797,RET:M010:515222,Den Haag Centraal,515222,,1,,1638840,0,1
152915,2988,378784798,RET:M010:515224,Den Haag Centraal,515224,,1,,1638840,0,1
152915,2988,378784799,RET:M010:515226,Den Haag Centraal,515226,,1,,1638840,0,1
152915,2988,378784800,RET:M010:515228,Den Haag Centraal,515228,,1,,1638840,0,1
152915,2988,378784801,RET:M010:515238,Den Haag Centraal,515238,,1,,1638840,0,1
152915,2988,378784802,RET:M010:515240,Den Haag Centraal,515240,,1,,1638840,0,1
152915,2988,378784803,RET:M010:515242,Den Haag Centraal,515242,,1,,1638840,0,1
152915,2988,378784804,RET:M010:515244,Den Haag Centraal,515244,,1,,1638840,0,1
152915,2988,378784805,RET:M010:515246,Den Haag Centraal,515246,,1,,1638840,0,1
152915,2988,378784806,RET:M010:515248,Den Haag Centraal,515248,,1,,1638840,0,1
152915,2988,378784807,RET:M010:515250,Den Haag Centraal,515250,,1,,1638840,0,1
152915,2988,378784808,RET:M010:515252,Den Haag Centraal,515252,,1,,1638840,0,1
152915,2988,378784809,RET:M010:515254,Den Haag Centraal,515254,,1,,1638840,0,1
152915,2988,378784810,RET:M010:515256,Den Haag Centraal,515256,,1,,1638840,0,1
152915,2988,378784811,RET:M010:515262,Den Haag Centraal,515262,,1,,1638840,0,1
152915,2988,378784812,RET:M010:515264,Den Haag Centraal,515264,,1,,1638840,0,1
152915,2988,378784813,RET:M010:515266,Den Haag Centraal,515266,,1,,1638840,0,1
152915,2988,378784814,RET:M010:515268,Den Haag Centraal,515268,,1,,1638840,0,1
152915,2988,378784815,RET:M010:515270,Den Haag Centraal,515270,,1,,1638840,0,1
152915,2988,378784816,RET:M010:515272,Den Haag Centraal,515272,,1,,1638840,0,1
152915,2988,378784817,RET:M010:515274,Den Haag Centraal,515274,,1,,1638840,0,1
152915,2988,378784818,RET:M010:515280,Den Haag Centraal,515280,,1,,1638840,0,1
152915,2988,378784819,RET:M010:515282,Den Haag Centraal,515282,,1,,1638840,0,1
152915,2988,378784820,RET:M010:515284,Den Haag Centraal,515284,,1,,1638840,0,1
152915,2988,378784821,RET:M010:515286,Den Haag Centraal,515286,,1,,1638840,0,1
152915,2988,378784822,RET:M010:515288,Den Haag Centraal,515288,,1,,1638840,0,1
152915,2988,378784823,RET:M010:515290,Den Haag Centraal,515290,,1,,1638840,0,1
152915,2988,378784824,RET:M010:515292,Den Haag Centraal,515292,,1,,1638840,0,1
152915,2988,378784825,RET:M010:515294,Den Haag Centraal,515294,,1,,1638840,0,1
152915,2988,378784826,RET:M010:515296,Den Haag Centraal,515296,,1,,1638840,0,1
152915,2988,378784827,RET:M010:515298,Den Haag Centraal,515298,,1,,1638840,0,1
152915,2988,378784828,RET:M010:515304,Den Haag Centraal,515304,,1,,1638840,0,1
152915,2988,378784829,RET:M010:515306,Den Haag Centraal,515306,,1,,1638840,0,1
152915,2988,378784830,RET:M010:515308,Den Haag Centraal,515308,,1,,1638840,0,1
152915,2988,378784831,RET:M010:515310,Den Haag Centraal,515310,,1,,1638840,0,1
152915,2988,378784832,RET:M010:515312,Den Haag Centraal,515312,,1,,1638840,0,1
152915,2988,378784833,RET:M010:515314,Den Haag Centraal,515314,,1,,1638840,0,1
152915,2988,378784834,RET:M010:515316,Den Haag Centraal,515316,,1,,1638840,0,1
152915,2988,378784835,RET:M010:515318,Den Haag Centraal,515318,,1,,1638840,0,1
152915,2988,378784836,RET:M010:515320,Den Haag Centraal,515320,,1,,1638840,0,1
152915,2988,378784837,RET:M010:515322,Den Haag Centraal,515322,,1,,1638840,0,1
152915,2988,378784838,RET:M010:515328,Den Haag Centraal,515328,,1,,1638840,0,1
152915,2988,378784839,RET:M010:515330,Den Haag Centraal,515330,,1,,1638840,0,1
152915,2988,378784840,RET:M010:515332,Den Haag Centraal,515332,,1,,1638840,0,1
152915,2988,378784841,RET:M010:515334,Den Haag Centraal,515334,,1,,1638840,0,1
152915,2988,378784842,RET:M010:515336,Den Haag Centraal,515336,,1,,1638840,0,1
152915,2988,378784843,RET:M010:515338,Den Haag Centraal,515338,,1,,1638840,0,1
152915,2988,378784844,RET:M010:515344,Den Haag Centraal,515344,,1,,1638840,0,1
152915,2988,378784845,RET:M010:515346,Den Haag Centraal,515346,,1,,1638840,0,1
152915,2988,378784846,RET:M010:515348,Den Haag Centraal,515348,,1,,1638840,0,1
152915,2988,378784847,RET:M010:515350,Den Haag Centraal,515350,,1,,1638840,0,1
152915,2988,378784848,RET:M010:515352,Den Haag Centraal,515352,,1,,1638840,0,1
152915,2988,378784849,RET:M010:515354,Den Haag Centraal,515354,,1,,1638840,0,1
152915,2988,378784850,RET:M010:515356,Den Haag Centraal,515356,,1,,1638840,0,1
152915,2988,378784851,RET:M010:515358,Den Haag Centraal,515358,,1,,1638840,0,1
152915,2988,378784852,RET:M010:515360,Den Haag Centraal,515360,,1,,1638840,0,1
152915,2988,378784853,RET:M010:515366,Den Haag Centraal,515366,,1,,1638840,0,1
152915,2988,378784854,RET:M010:515368,Den Haag Centraal,515368,,1,,1638840,0,1
152915,2988,378784855,RET:M010:515370,Den Haag Centraal,515370,,1,,1638840,0,1
152915,2988,378784856,RET:M010:515372,Den Haag Centraal,515372,,1,,1638840,0,1
152915,2988,378784857,RET:M010:515374,Den Haag Centraal,515374,,1,,1638840,0,1
152915,2988,378784858,RET:M010:515380,Den Haag Centraal,515380,,1,,1638840,0,1
152915,2988,378784859,RET:M010:515382,Den Haag Centraal,515382,,1,,1638840,0,1
152915,2988,378784860,RET:M010:515384,Den Haag Centraal,515384,,1,,1638840,0,1
152915,2988,378784861,RET:M010:515386,Den Haag Centraal,515386,,1,,1638840,0,1
152915,2988,378784862,RET:M010:515388,Den Haag Centraal,515388,,1,,1638840,0,1
152915,2988,378784863,RET:M010:515390,Den Haag Centraal,515390,,1,,1638840,0,1
152915,2988,378784864,RET:M010:515392,Den Haag Centraal,515392,,1,,1638840,0,1
152915,2988,378784865,RET:M010:515394,Den Haag Centraal,515394,,1,,1638840,0,1
152915,2988,378784866,RET:M010:515404,Den Haag Centraal,515404,,1,,1638840,0,1
152915,2988,378784867,RET:M010:515406,Den Haag Centraal,515406,,1,,1638840,0,1
152915,2988,378784868,RET:M010:515408,Den Haag Centraal,515408,,1,,1638840,0,1
152915,2988,378784869,RET:M010:515410,Den Haag Centraal,515410,,1,,1638840,0,1
152915,2988,378784870,RET:M010:515412,Den Haag Centraal,515412,,1,,1638840,0,1
152915,2988,378784871,RET:M010:515414,Den Haag Centraal,515414,,1,,1638840,0,1
152915,2988,378784872,RET:M010:515416,Den Haag Centraal,515416,,1,,1638840,0,1
152915,2988,378784873,RET:M010:515418,Den Haag Centraal,515418,,1,,1638840,0,1
152915,2988,378784874,RET:M010:515230,Pijnacker Zuid,515230,,1,,1638640,0,1
152915,2988,378784875,RET:M010:515396,Pijnacker Zuid,515396,,1,,1638640,0,1
152915,2988,378784876,RET:M010:515233,Slinge,515233,,0,,1638637,0,1
152915,2988,378784877,RET:M010:515399,Slinge,515399,,0,,1638637,0,1
152915,2988,378784878,RET:M010:515236,Den Haag Centraal,515236,,1,,1639113,0,1
152915,2988,378784879,RET:M010:515260,Den Haag Centraal,515260,,1,,1639113,0,1
152915,2988,378784880,RET:M010:515278,Den Haag Centraal,515278,,1,,1639113,0,1
152915,2988,378784881,RET:M010:515302,Den Haag Centraal,515302,,1,,1639113,0,1
152915,2988,378784882,RET:M010:515326,Den Haag Centraal,515326,,1,,1639113,0,1
152915,2988,378784883,RET:M010:515342,Den Haag Centraal,515342,,1,,1639113,0,1
152915,2988,378784884,RET:M010:515364,Den Haag Centraal,515364,,1,,1639113,0,1
152915,2988,378784885,RET:M010:515378,Den Haag Centraal,515378,,1,,1639113,0,1
152915,2988,378784886,RET:M010:515402,Den Haag Centraal,515402,,1,,1639113,0,1
152915,2988,378784887,RET:M010:515257,Slinge,515257,,0,,1638732,0,1
152915,2988,378784888,RET:M010:515275,Slinge,515275,,0,,1638732,0,1
152915,2988,378784889,RET:M010:515299,Slinge,515299,,0,,1638732,0,1
152915,2988,378784890,RET:M010:515323,Slinge,515323,,0,,1638732,0,1
152915,2988,378784891,RET:M010:515339,Slinge,515339,,0,,1638732,0,1
152915,2988,378784892,RET:M010:515361,Slinge,515361,,0,,1638732,0,1
152915,2988,378784893,RET:M010:515375,Slinge,515375,,0,,1638732,0,1
152915,2988,378784894,RET:M010:515419,Slinge,515419,,0,,1638732,0,1
152915,3030,378785456,RET:M010:516131,Slinge,516131,,0,,1639073,0,1
152915,3030,378785457,RET:M010:516133,Slinge,516133,,0,,1639073,0,1
152915,3030,378785458,RET:M010:516135,Slinge,516135,,0,,1639073,0,1
152915,3030,378785459,RET:M010:516137,Slinge,516137,,0,,1639073,0,1
152915,3030,378785460,RET:M010:516139,Slinge,516139,,0,,1639073,0,1
152915,3030,378785461,RET:M010:516141,Slinge,516141,,0,,1639073,0,1
152915,3030,378785462,RET:M010:516143,Slinge,516143,,0,,1639073,0,1
152915,3030,378785463,RET:M010:516145,Slinge,516145,,0,,1639073,0,1
152915,3030,378785464,RET:M010:516147,Slinge,516147,,0,,1639073,0,1
152915,3030,378785465,RET:M010:516153,Slinge,516153,,0,,1639073,0,1
152915,3030,378785466,RET:M010:516155,Slinge,516155,,0,,1639073,0,1
152915,3030,378785467,RET:M010:516157,Slinge,516157,,0,,1639073,0,1
152915,3030,378785468,RET:M010:516159,Slinge,516159,,0,,1639073,0,1
152915,3030,378785469,RET:M010:516161,Slinge,516161,,0,,1639073,0,1
152915,3030,378785470,RET:M010:516163,Slinge,516163,,0,,1639073,0,1
152915,3030,378785471,RET:M010:516165,Slinge,516165,,0,,1639073,0,1
152915,3030,378785472,RET:M010:516167,Slinge,516167,,0,,1639073,0,1
152915,3030,378785473,RET:M010:516169,Slinge,516169,,0,,1639073,0,1
152915,3030,378785474,RET:M010:516175,Slinge,516175,,0,,1639073,0,1
152915,3030,378785475,RET:M010:516177,Slinge,516177,,0,,1639073,0,1
152915,3030,378785476,RET:M010:516179,Slinge,516179,,0,,1639073,0,1
152915,3030,378785477,RET:M010:516181,Slinge,516181,,0,,1639073,0,1
152915,3030,378785478,RET:M010:516183,Slinge,516183,,0,,1639073,0,1
152915,3030,378785479,RET:M010:516185,Slinge,516185,,0,,1639073,0,1
152915,3030,378785480,RET:M010:516187,Slinge,516187,,0,,1639073,0,1
152915,3030,378785481,RET:M010:516189,Slinge,516189,,0,,1639073,0,1
152915,3030,378785482,RET:M010:516191,Slinge,516191,,0,,1639073,0,1
152915,3030,378785483,RET:M010:516197,Slinge,516197,,0,,1639073,0,1
152915,3030,378785484,RET:M010:516199,Slinge,516199,,0,,1639073,0,1
152915,3030,378785485,RET:M010:516201,Slinge,516201,,0,,1639073,0,1
152915,3030,378785486,RET:M010:516203,Slinge,516203,,0,,1639073,0,1
152915,3030,378785487,RET:M010:516205,Slinge,516205,,0,,1639073,0,1
152915,3030,378785488,RET:M010:516207,Slinge,516207,,0,,1639073,0,1
152915,3030,378785489,RET:M010:516209,Slinge,516209,,0,,1639073,0,1
152915,3030,378785490,RET:M010:516211,Slinge,516211,,0,,1639073,0,1
152915,3030,378785491,RET:M010:516213,Slinge,516213,,0,,1639073,0,1
152915,3030,378785492,RET:M010:516219,Slinge,516219,,0,,1639073,0,1
152915,3030,378785493,RET:M010:516221,Slinge,516221,,0,,1639073,0,1
152915,3030,378785494,RET:M010:516223,Slinge,516223,,0,,1639073,0,1
152915,3030,378785495,RET:M010:516225,Slinge,516225,,0,,1639073,0,1
152915,3030,378785496,RET:M010:516227,Slinge,516227,,0,,1639073,0,1
152915,3030,378785497,RET:M010:516229,Slinge,516229,,0,,1639073,0,1
152915,3030,378785498,RET:M010:516231,Slinge,516231,,0,,1639073,0,1
152915,3030,378785499,RET:M010:516233,Slinge,516233,,0,,1639073,0,1
152915,3030,378785500,RET:M010:516235,Slinge,516235,,0,,1639073,0,1
152915,3030,378785501,RET:M010:516243,Slinge,516243,,0,,1639073,0,1
152915,3030,378785502,RET:M010:516245,Slinge,516245,,0,,1639073,0,1
152915,3030,378785503,RET:M010:516247,Slinge,516247,,0,,1639073,0,1
152915,3030,378785504,RET:M010:516249,Slinge,516249,,0,,1639073,0,1
152915,3030,378785505,RET:M010:516251,Slinge,516251,,0,,1639073,0,1
152915,3030,378785506,RET:M010:516253,Slinge,516253,,0,,1639073,0,1
152915,3030,378785507,RET:M010:516255,Slinge,516255,,0,,1639073,0,1
152915,3030,378785508,RET:M010:516257,Slinge,516257,,0,,1639073,0,1
152915,3030,378785509,RET:M010:516259,Slinge,516259,,0,,1639073,0,1
152915,3030,378785510,RET:M010:516267,Slinge,516267,,0,,1639073,0,1
152915,3030,378785511,RET:M010:516269,Slinge,516269,,0,,1639073,0,1
152915,3030,378785512,RET:M010:516271,Slinge,516271,,0,,1639073,0,1
152915,3030,378785513,RET:M010:516273,Slinge,516273,,0,,1639073,0,1
152915,3030,378785514,RET:M010:516275,Slinge,516275,,0,,1639073,0,1
152915,3030,378785515,RET:M010:516277,Slinge,516277,,0,,1639073,0,1
152915,3030,378785516,RET:M010:516279,Slinge,516279,,0,,1639073,0,1
152915,3030,378785517,RET:M010:516281,Slinge,516281,,0,,1639073,0,1
152915,3030,378785518,RET:M010:516132,Den Haag Centraal,516132,,1,,1638840,0,1
152915,3030,378785519,RET:M010:516134,Den Haag Centraal,516134,,1,,1638840,0,1
152915,3030,378785520,RET:M010:516136,Den Haag Centraal,516136,,1,,1638840,0,1
152915,3030,378785521,RET:M010:516138,Den Haag Centraal,516138,,1,,1638840,0,1
152915,3030,378785522,RET:M010:516140,Den Haag Centraal,516140,,1,,1638840,0,1
152915,3030,378785523,RET:M010:516142,Den Haag Centraal,516142,,1,,1638840,0,1
152915,3030,378785524,RET:M010:516144,Den Haag Centraal,516144,,1,,1638840,0,1
152915,3030,378785525,RET:M010:516146,Den Haag Centraal,516146,,1,,1638840,0,1
152915,3030,378785526,RET:M010:516148,Den Haag Centraal,516148,,1,,1638840,0,1
152915,3030,378785527,RET:M010:516154,Den Haag Centraal,516154,,1,,1638840,0,1
152915,3030,378785528,RET:M010:516156,Den Haag Centraal,516156,,1,,1638840,0,1
152915,3030,378785529,RET:M010:516158,Den Haag Centraal,516158,,1,,1638840,0,1
152915,3030,378785530,RET:M010:516160,Den Haag Centraal,516160,,1,,1638840,0,1
152915,3030,378785531,RET:M010:516162,Den Haag Centraal,516162,,1,,1638840,0,1
152915,3030,378785532,RET:M010:516164,Den Haag Centraal,516164,,1,,1638840,0,1
152915,3030,378785533,RET:M010:516166,Den Haag Centraal,516166,,1,,1638840,0,1
152915,3030,378785534,RET:M010:516168,Den Haag Centraal,516168,,1,,1638840,0,1
152915,3030,378785535,RET:M010:516170,Den Haag Centraal,516170,,1,,1638840,0,1
152915,3030,378785536,RET:M010:516176,Den Haag Centraal,516176,,1,,1638840,0,1
152915,3030,378785537,RET:M010:516178,Den Haag Centraal,516178,,1,,1638840,0,1
152915,3030,378785538,RET:M010:516180,Den Haag Centraal,516180,,1,,1638840,0,1
152915,3030,378785539,RET:M010:516182,Den Haag Centraal,516182,,1,,1638840,0,1
152915,3030,378785540,RET:M010:516184,Den Haag Centraal,516184,,1,,1638840,0,1
152915,3030,378785541,RET:M010:516186,Den Haag Centraal,516186,,1,,1638840,0,1
152915,3030,378785542,RET:M010:516188,Den Haag Centraal,516188,,1,,1638840,0,1
152915,3030,378785543,RET:M010:516190,Den Haag Centraal,516190,,1,,1638840,0,1
152915,3030,378785544,RET:M010:516192,Den Haag Centraal,516192,,1,,1638840,0,1
152915,3030,378785545,RET:M010:516198,Den Haag Centraal,516198,,1,,1638840,0,1
152915,3030,378785546,RET:M010:516200,Den Haag Centraal,516200,,1,,1638840,0,1
152915,3030,378785547,RET:M010:516202,Den Haag Centraal,516202,,1,,1638840,0,1
152915,3030,378785548,RET:M010:516204,Den Haag Centraal,516204,,1,,1638840,0,1
152915,3030,378785549,RET:M010:516206,Den Haag Centraal,516206,,1,,1638840,0,1
152915,3030,378785550,RET:M010:516208,Den Haag Centraal,516208,,1,,1638840,0,1
152915,3030,378785551,RET:M010:516210,Den Haag Centraal,516210,,1,,1638840,0,1
152915,3030,378785552,RET:M010:516212,Den Haag Centraal,516212,,1,,1638840,0,1
152915,3030,378785553,RET:M010:516214,Den Haag Centraal,516214,,1,,1638840,0,1
152915,3030,378785554,RET:M010:516220,Den Haag Centraal,516220,,1,,1638840,0,1
152915,3030,378785555,RET:M010:516222,Den Haag Centraal,516222,,1,,1638840,0,1
152915,3030,378785556,RET:M010:516224,Den Haag Centraal,516224,,1,,1638840,0,1
152915,3030,378785557,RET:M010:516226,Den Haag Centraal,516226,,1,,1638840,0,1
152915,3030,378785558,RET:M010:516228,Den Haag Centraal,516228,,1,,1638840,0,1
152915,3030,378785559,RET:M010:516230,Den Haag Centraal,516230,,1,,1638840,0,1
152915,3030,378785560,RET:M010:516232,Den Haag Centraal,516232,,1,,1638840,0,1
152915,3030,378785561,RET:M010:516234,Den Haag Centraal,516234,,1,,1638840,0,1
152915,3030,378785562,RET:M010:516244,Den Haag Centraal,516244,,1,,1638840,0,1
152915,3030,378785563,RET:M010:516246,Den Haag Centraal,516246,,1,,1638840,0,1
152915,3030,378785564,RET:M010:516248,Den Haag Centraal,516248,,1,,1638840,0,1
152915,3030,378785565,RET:M010:516250,Den Haag Centraal,516250,,1,,1638840,0,1
152915,3030,378785566,RET:M010:516252,Den Haag Centraal,516252,,1,,1638840,0,1
152915,3030,378785567,RET:M010:516254,Den Haag Centraal,516254,,1,,1638840,0,1
152915,3030,378785568,RET:M010:516256,Den Haag Centraal,516256,,1,,1638840,0,1
152915,3030,378785569,RET:M010:516258,Den Haag Centraal,516258,,1,,1638840,0,1
152915,3030,378785570,RET:M010:516268,Den Haag Centraal,516268,,1,,1638840,0,1
152915,3030,378785571,RET:M010:516270,Den Haag Centraal,516270,,1,,1638840,0,1
152915,3030,378785572,RET:M010:516272,Den Haag Centraal,516272,,1,,1638840,0,1
152915,3030,378785573,RET:M010:516274,Den Haag Centraal,516274,,1,,1638840,0,1
152915,3030,378785574,RET:M010:516276,Den Haag Centraal,516276,,1,,1638840,0,1
152915,3030,378785575,RET:M010:516278,Den Haag Centraal,516278,,1,,1638840,0,1
152915,3030,378785576,RET:M010:516280,Den Haag Centraal,516280,,1,,1638840,0,1
152915,3030,378785577,RET:M010:516282,Den Haag Centraal,516282,,1,,1638840,0,1
152915,3030,378785578,RET:M010:516149,Slinge,516149,,0,,1638732,0,1
152915,3030,378785579,RET:M010:516171,Slinge,516171,,0,,1638732,0,1
152915,3030,378785580,RET:M010:516193,Slinge,516193,,0,,1638732,0,1
152915,3030,378785581,RET:M010:516215,Slinge,516215,,0,,1638732,0,1
152915,3030,378785582,RET:M010:516283,Slinge,516283,,0,,1638732,0,1
152915,3030,378785583,RET:M010:516152,Den Haag Centraal,516152,,1,,1639113,0,1
152915,3030,378785584,RET:M010:516174,Den Haag Centraal,516174,,1,,1639113,0,1
152915,3030,378785585,RET:M010:516196,Den Haag Centraal,516196,,1,,1639113,0,1
152915,3030,378785586,RET:M010:516218,Den Haag Centraal,516218,,1,,1639113,0,1
152915,3030,378785587,RET:M010:516242,Den Haag Centraal,516242,,1,,1639113,0,1
152915,3030,378785588,RET:M010:516266,Den Haag Centraal,516266,,1,,1639113,0,1
152915,3030,378785589,RET:M010:516236,Leidschenveen,516236,,1,,1639086,0,1
152915,3030,378785590,RET:M010:516260,Leidschenveen,516260,,1,,1639086,0,1
152915,3030,378785591,RET:M010:516239,Slinge,516239,,0,,1638823,0,1
152915,3030,378785592,RET:M010:516286,Rotterdam Centraal,516286,,1,,1639212,0,1
152915,3030,378785593,RET:M010:516334,Rotterdam Centraal,516334,,1,,1639212,0,1
152915,3030,378785594,RET:M010:516382,Rotterdam Centraal,516382,,1,,1639212,0,1
152915,3030,378785595,RET:M010:516287,Slinge,516287,,0,,1638678,0,1
152915,3030,378785596,RET:M010:516291,Slinge,516291,,0,,1638678,0,1
152915,3030,378785597,RET:M010:516295,Slinge,516295,,0,,1638678,0,1
152915,3030,378785598,RET:M010:516299,Slinge,516299,,0,,1638678,0,1
152915,3030,378785599,RET:M010:516303,Slinge,516303,,0,,1638678,0,1
152915,3030,378785600,RET:M010:516307,Slinge,516307,,0,,1638678,0,1
152915,3030,378785601,RET:M010:516311,Slinge,516311,,0,,1638678,0,1
152915,3030,378785602,RET:M010:516315,Slinge,516315,,0,,1638678,0,1
152915,3030,378785603,RET:M010:516319,Slinge,516319,,0,,1638678,0,1
152915,3030,378785604,RET:M010:516323,Slinge,516323,,0,,1638678,0,1
152915,3030,378785605,RET:M010:516327,Slinge,516327,,0,,1638678,0,1
152915,3030,378785606,RET:M010:516331,Slinge,516331,,0,,1638678,0,1
152915,3030,378785607,RET:M010:516335,Slinge,516335,,0,,1638678,0,1
152915,3030,378785608,RET:M010:516339,Slinge,516339,,0,,1638678,0,1
152915,3030,378785609,RET:M010:516343,Slinge,516343,,0,,1638678,0,1
152915,3030,378785610,RET:M010:516347,Slinge,516347,,0,,1638678,0,1
152915,3030,378785611,RET:M010:516351,Slinge,516351,,0,,1638678,0,1
152915,3030,378785612,RET:M010:516355,Slinge,516355,,0,,1638678,0,1
152915,3030,378785613,RET:M010:516359,Slinge,516359,,0,,1638678,0,1
152915,3030,378785614,RET:M010:516363,Slinge,516363,,0,,1638678,0,1
152915,3030,378785615,RET:M010:516367,Slinge,516367,,0,,1638678,0,1
152915,3030,378785616,RET:M010:516371,Slinge,516371,,0,,1638678,0,1
152915,3030,378785617,RET:M010:516375,Slinge,516375,,0,,1638678,0,1
152915,3030,378785618,RET:M010:516379,Slinge,516379,,0,,1638678,0,1
152915,3030,378785619,RET:M010:516383,Slinge,516383,,0,,1638678,0,1
152915,3030,378785620,RET:M010:516387,Slinge,516387,,0,,1638678,0,1
152915,3030,378785621,RET:M010:516391,Slinge,516391,,0,,1638678,0,1
152915,3030,378785622,RET:M010:516395,Slinge,516395,,0,,1638678,0,1
152915,3030,378785623,RET:M010:516399,Slinge,516399,,0,,1638678,0,1
152915,3030,378785624,RET:M010:516403,Slinge,516403,,0,,1638678,0,1
152915,3030,378785625,RET:M010:516407,Slinge,516407,,0,,1638678,0,1
152915,3030,378785626,RET:M010:516411,Slinge,516411,,0,,1638678,0,1
152915,3030,378785627,RET:M010:516415,Slinge,516415,,0,,1638678,0,1
152915,3030,378785628,RET:M010:516419,Slinge,516419,,0,,1638678,0,1
152915,3030,378785629,RET:M010:516423,Slinge,516423,,0,,1638678,0,1
152915,3030,378785630,RET:M010:516290,Rotterdam Centraal,516290,,1,,1638685,0,1
152915,3030,378785631,RET:M010:516294,Rotterdam Centraal,516294,,1,,1638685,0,1
152915,3030,378785632,RET:M010:516298,Rotterdam Centraal,516298,,1,,1638685,0,1
152915,3030,378785633,RET:M010:516302,Rotterdam Centraal,516302,,1,,1638685,0,1
152915,3030,378785634,RET:M010:516306,Rotterdam Centraal,516306,,1,,1638685,0,1
152915,3030,378785635,RET:M010:516310,Rotterdam Centraal,516310,,1,,1638685,0,1
152915,3030,378785636,RET:M010:516314,Rotterdam Centraal,516314,,1,,1638685,0,1
152915,3030,378785637,RET:M010:516318,Rotterdam Centraal,516318,,1,,1638685,0,1
152915,3030,378785638,RET:M010:516322,Rotterdam Centraal,516322,,1,,1638685,0,1
152915,3030,378785639,RET:M010:516326,Rotterdam Centraal,516326,,1,,1638685,0,1
152915,3030,378785640,RET:M010:516330,Rotterdam Centraal,516330,,1,,1638685,0,1
152915,3030,378785641,RET:M010:516338,Rotterdam Centraal,516338,,1,,1638685,0,1
152915,3030,378785642,RET:M010:516342,Rotterdam Centraal,516342,,1,,1638685,0,1
152915,3030,378785643,RET:M010:516346,Rotterdam Centraal,516346,,1,,1638685,0,1
152915,3030,378785644,RET:M010:516350,Rotterdam Centraal,516350,,1,,1638685,0,1
152915,3030,378785645,RET:M010:516354,Rotterdam Centraal,516354,,1,,1638685,0,1
152915,3030,378785646,RET:M010:516358,Rotterdam Centraal,516358,,1,,1638685,0,1
152915,3030,378785647,RET:M010:516362,Rotterdam Centraal,516362,,1,,1638685,0,1
152915,3030,378785648,RET:M010:516366,Rotterdam Centraal,516366,,1,,1638685,0,1
152915,3030,378785649,RET:M010:516370,Rotterdam Centraal,516370,,1,,1638685,0,1
152915,3030,378785650,RET:M010:516374,Rotterdam Centraal,516374,,1,,1638685,0,1
152915,3030,378785651,RET:M010:516378,Rotterdam Centraal,516378,,1,,1638685,0,1
152915,3030,378785652,RET:M010:516386,Rotterdam Centraal,516386,,1,,1638685,0,1
152915,3030,378785653,RET:M010:516390,Rotterdam Centraal,516390,,1,,1638685,0,1
152915,3030,378785654,RET:M010:516394,Rotterdam Centraal,516394,,1,,1638685,0,1
152915,3030,378785655,RET:M010:516398,Rotterdam Centraal,516398,,1,,1638685,0,1
152915,3030,378785656,RET:M010:516402,Rotterdam Centraal,516402,,1,,1638685,0,1
152915,3030,378785657,RET:M010:516406,Rotterdam Centraal,516406,,1,,1638685,0,1
152915,3030,378785658,RET:M010:516410,Rotterdam Centraal,516410,,1,,1638685,0,1
152915,3030,378785659,RET:M010:516414,Rotterdam Centraal,516414,,1,,1638685,0,1
152915,3030,378785660,RET:M010:516418,Rotterdam Centraal,516418,,1,,1638685,0,1
152915,3030,378785661,RET:M010:516422,Rotterdam Centraal,516422,,1,,1638685,0,1
