route_id,service_id,trip_id,realtime_trip_id,trip_headsign,trip_short_name,trip_long_name,direction_id,block_id,shape_id,wheelchair_accessible,bikes_allowed
152361,1874,379396508,GVB:50:61606,Gein,61606,,0,,1624809,0,1
152361,1874,379396509,GVB:50:61732,Gein,61732,,0,,1584511,0,1
152361,1874,379396510,GVB:50:61705,Isolatorweg,61705,,1,,1584533,0,1
152361,1874,379396511,GVB:50:61757,Gein,61757,,0,,1624809,0,1
152361,1874,379396512,GVB:50:61786,Gein,61786,,0,,1584511,0,1
152361,1874,379396513,GVB:50:61733,Isolatorweg,61733,,1,,1624811,0,1
152361,1874,379396514,GVB:50:61638,Isolatorweg,61638,,1,,1584529,0,1
152361,1874,379396515,GVB:50:61706,Gein,61706,,0,,1624809,0,1
152361,1874,379396516,GVB:50:61787,Isolatorweg,61787,,1,,1624811,0,1
152361,1874,379396517,GVB:50:61639,Gein,61639,,0,,1624809,0,1
152361,1874,379396518,GVB:50:61607,Isolatorweg,61607,,1,,1624811,0,1
152361,1874,379396519,GVB:50:61734,Gein,61734,,0,,1624809,0,1
152361,1874,379396520,GVB:50:61758,Isolatorweg,61758,,1,,1624811,0,1
152361,1874,379396521,GVB:50:61788,Gein,61788,,0,,1624809,0,1
152361,1874,379396522,GVB:50:61707,Isolatorweg,61707,,1,,1624811,0,1
152361,1874,379396523,GVB:50:61608,Gein,61608,,0,,1624809,0,1
152361,1874,379396524,GVB:50:61640,Isolatorweg,61640,,1,,1624811,0,1
152361,1874,379396525,GVB:50:61759,Gein,61759,,0,,1624809,0,1
152361,1874,379396526,GVB:50:61735,Isolatorweg,61735,,1,,1624811,0,1
152361,1874,379396527,GVB:50:61708,Gein,61708,,0,,1624809,0,1
152361,1874,379396528,GVB:50:61789,Isolatorweg,61789,,1,,1624811,0,1
152361,1874,379396529,GVB:50:61641,Gein,61641,,0,,1624809,0,1
152361,1874,379396530,GVB:50:61609,Isolatorweg,61609,,1,,1624811,0,1
152361,1874,379396531,GVB:50:61736,Gein,61736,,0,,1624809,0,1
152361,1874,379396532,GVB:50:61760,Isolatorweg,61760,,1,,1624811,0,1
152361,1874,379396533,GVB:50:61790,Gein,61790,,0,,1624809,0,1
152361,1874,379396534,GVB:50:61709,Isolatorweg,61709,,1,,1624811,0,1
152361,1874,379396535,GVB:50:61610,Gein,61610,,0,,1624809,0,1
152361,1874,379396536,GVB:50:61642,Isolatorweg,61642,,1,,1624811,0,1
152361,1874,379396537,GVB:50:61761,Gein,61761,,0,,1624809,0,1
152361,1874,379396538,GVB:50:61737,Isolatorweg,61737,,1,,1624814,0,1
152361,1874,379396539,GVB:50:61710,Gein,61710,,0,,1624810,0,1
152361,1874,379396540,GVB:50:61791,Isolatorweg,61791,,1,,1624811,0,1
152361,1874,379396541,GVB:50:61643,Gein,61643,,0,,1624810,0,1
152361,1874,379396542,GVB:50:61611,Isolatorweg,61611,,1,,1624814,0,1
152361,1874,379396543,GVB:50:61691,Gein,61691,,0,,1584511,0,1
152361,1874,379396544,GVB:50:61667,Gein,61667,,0,,1624810,0,1
152361,1874,379396545,GVB:50:61762,Isolatorweg,61762,,1,,1624811,0,1
152361,1874,379396546,GVB:50:61740,Gein,61740,,0,,1624809,0,1
152361,1874,379396547,GVB:50:61692,Isolatorweg,61692,,1,,1624811,0,1
152361,1874,379396548,GVB:50:61792,Gein,61792,,0,,1624810,0,1
152361,1874,379396549,GVB:50:61711,Isolatorweg,61711,,1,,1624813,0,1
152361,1874,379396550,GVB:50:61584,Gein,61584,,0,,1624809,0,1
152361,1874,379396551,GVB:50:61644,Isolatorweg,61644,,1,,1624813,0,1
152361,1874,379396552,GVB:50:61614,Gein,61614,,0,,1624810,0,1
152361,1874,379396553,GVB:50:61668,Isolatorweg,61668,,1,,1624813,0,1
152361,1874,379396554,GVB:50:61763,Gein,61763,,0,,1624809,0,1
152361,1874,379396555,GVB:50:61741,Isolatorweg,61741,,1,,1624811,0,1
152361,1874,379396556,GVB:50:61693,Gein,61693,,0,,1624810,0,1
152361,1874,379396557,GVB:50:61793,Isolatorweg,61793,,1,,1624813,0,1
152361,1874,379396558,GVB:50:61712,Gein,61712,,0,,1624809,0,1
152361,1874,379396559,GVB:50:61585,Isolatorweg,61585,,1,,1624811,0,1
152361,1874,379396560,GVB:50:61645,Gein,61645,,0,,1624810,0,1
152361,1874,379396561,GVB:50:61615,Isolatorweg,61615,,1,,1624813,0,1
152361,1874,379396562,GVB:50:61669,Gein,61669,,0,,1624809,0,1
152361,1874,379396563,GVB:50:61764,Isolatorweg,61764,,1,,1624811,0,1
152361,1874,379396564,GVB:50:61742,Gein,61742,,0,,1624810,0,1
152361,1874,379396565,GVB:50:61694,Isolatorweg,61694,,1,,1624813,0,1
152361,1874,379396566,GVB:50:61794,Gein,61794,,0,,1624809,0,1
152361,1874,379396567,GVB:50:61713,Isolatorweg,61713,,1,,1624811,0,1
152361,1874,379396568,GVB:50:61586,Gein,61586,,0,,1624810,0,1
152361,1874,379396569,GVB:50:61646,Isolatorweg,61646,,1,,1624813,0,1
152361,1874,379396570,GVB:50:61616,Gein,61616,,0,,1624809,0,1
152361,1874,379396571,GVB:50:61670,Isolatorweg,61670,,1,,1624811,0,1
152361,1874,379396572,GVB:50:61765,Gein,61765,,0,,1624810,0,1
152361,1874,379396573,GVB:50:61743,Isolatorweg,61743,,1,,1624813,0,1
152361,1874,379396574,GVB:50:61695,Gein,61695,,0,,1624809,0,1
152361,1874,379396575,GVB:50:61795,Isolatorweg,61795,,1,,1624811,0,1
152361,1874,379396576,GVB:50:61714,Gein,61714,,0,,1624810,0,1
152361,1874,379396577,GVB:50:61587,Isolatorweg,61587,,1,,1624813,0,1
152361,1874,379396578,GVB:50:61647,Gein,61647,,0,,1624809,0,1
152361,1874,379396579,GVB:50:61617,Isolatorweg,61617,,1,,1624811,0,1
152361,1874,379396580,GVB:50:61671,Gein,61671,,0,,1624810,0,1
152361,1874,379396581,GVB:50:61766,Isolatorweg,61766,,1,,1624813,0,1
152361,1874,379396582,GVB:50:61744,Gein,61744,,0,,1624809,0,1
152361,1874,379396583,GVB:50:61696,Isolatorweg,61696,,1,,1624811,0,1
152361,1874,379396584,GVB:50:61796,Gein,61796,,0,,1624810,0,1
152361,1874,379396585,GVB:50:61715,Isolatorweg,61715,,1,,1624813,0,1
152361,1874,379396586,GVB:50:61588,Gein,61588,,0,,1624809,0,1
152361,1874,379396587,GVB:50:61648,Isolatorweg,61648,,1,,1624811,0,1
152361,1874,379396588,GVB:50:61618,Gein,61618,,0,,1624810,0,1
152361,1874,379396589,GVB:50:61672,Isolatorweg,61672,,1,,1624813,0,1
152361,1874,379396590,GVB:50:61767,Gein,61767,,0,,1624809,0,1
152361,1874,379396591,GVB:50:61745,Isolatorweg,61745,,1,,1624811,0,1
152361,1874,379396592,GVB:50:61697,Gein,61697,,0,,1624810,0,1
152361,1874,379396593,GVB:50:61797,Isolatorweg,61797,,1,,1624813,0,1
152361,1874,379396594,GVB:50:61716,Gein,61716,,0,,1624809,0,1
152361,1874,379396595,GVB:50:61589,Isolatorweg,61589,,1,,1624811,0,1
152361,1874,379396596,GVB:50:61649,Gein,61649,,0,,1624810,0,1
152361,1874,379396597,GVB:50:61619,Isolatorweg,61619,,1,,1624813,0,1
152361,1874,379396598,GVB:50:61673,Gein,61673,,0,,1624809,0,1
152361,1874,379396599,GVB:50:61768,Isolatorweg,61768,,1,,1624811,0,1
152361,1874,379396600,GVB:50:61746,Gein,61746,,0,,1624810,0,1
152361,1874,379396601,GVB:50:61698,Isolatorweg,61698,,1,,1624813,0,1
152361,1874,379396602,GVB:50:61798,Gein,61798,,0,,1624809,0,1
152361,1874,379396603,GVB:50:61717,Isolatorweg,61717,,1,,1624811,0,1
152361,1874,379396604,GVB:50:61590,Gein,61590,,0,,1624810,0,1
152361,1874,379396605,GVB:50:61650,Isolatorweg,61650,,1,,1624813,0,1
152361,1874,379396606,GVB:50:61620,Gein,61620,,0,,1624809,0,1
152361,1874,379396607,GVB:50:61674,Isolatorweg,61674,,1,,1624811,0,1
152361,1874,379396608,GVB:50:61769,Gein,61769,,0,,1624810,0,1
152361,1874,379396609,GVB:50:61747,Isolatorweg,61747,,1,,1624813,0,1
152361,1874,379396610,GVB:50:61699,Gein,61699,,0,,1624809,0,1
152361,1874,379396611,GVB:50:61799,Isolatorweg,61799,,1,,1624811,0,1
152361,1874,379396612,GVB:50:61718,Gein,61718,,0,,1624810,0,1
152361,1874,379396613,GVB:50:61591,Isolatorweg,61591,,1,,1624813,0,1
152361,1874,379396614,GVB:50:61651,Gein,61651,,0,,1624809,0,1
152361,1874,379396615,GVB:50:61621,Isolatorweg,61621,,1,,1624811,0,1
152361,1874,379396616,GVB:50:61675,Gein,61675,,0,,1624810,0,1
152361,1874,379396617,GVB:50:61770,Isolatorweg,61770,,1,,1624813,0,1
152361,1874,379396618,GVB:50:61748,Gein,61748,,0,,1624809,0,1
152361,1874,379396619,GVB:50:61700,Isolatorweg,61700,,1,,1624811,0,1
152361,1874,379396620,GVB:50:61800,Gein,61800,,0,,1624810,0,1
152361,1874,379396621,GVB:50:61719,Isolatorweg,61719,,1,,1624813,0,1
152361,1874,379396622,GVB:50:61592,Gein,61592,,0,,1624809,0,1
152361,1874,379396623,GVB:50:61652,Isolatorweg,61652,,1,,1624811,0,1
152361,1874,379396624,GVB:50:61622,Gein,61622,,0,,1624810,0,1
152361,1874,379396625,GVB:50:61676,Isolatorweg,61676,,1,,1624813,0,1
152361,1874,379396626,GVB:50:61771,Gein,61771,,0,,1624809,0,1
152361,1874,379396627,GVB:50:61749,Isolatorweg,61749,,1,,1624811,0,1
152361,1874,379396628,GVB:50:61701,Gein,61701,,0,,1624810,0,1
152361,1874,379396629,GVB:50:61801,Isolatorweg,61801,,1,,1624813,0,1
152361,1874,379396630,GVB:50:61720,Gein,61720,,0,,1624809,0,1
152361,1874,379396631,GVB:50:61593,Isolatorweg,61593,,1,,1624811,0,1
152361,1874,379396632,GVB:50:61653,Gein,61653,,0,,1624810,0,1
152361,1874,379396633,GVB:50:61623,Isolatorweg,61623,,1,,1624812,0,1
152361,1874,379396634,GVB:50:61677,Gein,61677,,0,,1624809,0,1
152361,1874,379396635,GVB:50:61772,Isolatorweg,61772,,1,,1624814,0,1
152361,1874,379396636,GVB:50:61750,Gein,61750,,0,,1624809,0,1
152361,1874,379396637,GVB:50:61702,Isolatorweg,61702,,1,,1624812,0,1
152361,1874,379396638,GVB:50:61802,Gein,61802,,0,,1624810,0,1
152361,1874,379396639,GVB:50:61721,Isolatorweg,61721,,1,,1624814,0,1
152361,1874,379396640,GVB:50:61594,Gein,61594,,0,,1624809,0,1
152361,1874,379396641,GVB:50:61656,Isolatorweg,61656,,1,,1624814,0,1
152361,1874,379396642,GVB:50:61626,Gein,61626,,0,,1624810,0,1
152361,1874,379396643,GVB:50:61678,Isolatorweg,61678,,1,,1624814,0,1
152361,1874,379396644,GVB:50:61775,Gein,61775,,0,,1624809,0,1
152361,1874,379396645,GVB:50:61751,Isolatorweg,61751,,1,,1624814,0,1
152361,1874,379396646,GVB:50:61722,Gein,61722,,0,,1624816,0,1
152361,1874,379396647,GVB:50:61595,Isolatorweg,61595,,1,,1624814,0,1
152361,1874,379396648,GVB:50:61657,Gein,61657,,0,,1624815,0,1
152361,1874,379396649,GVB:50:61627,Isolatorweg,61627,,1,,1624812,0,1
152361,1874,379396650,GVB:50:61679,Gein,61679,,0,,1624816,0,1
152361,1874,379396651,GVB:50:61776,Isolatorweg,61776,,1,,1624814,0,1
152361,1874,379396652,GVB:50:61752,Gein,61752,,0,,1624815,0,1
152361,1874,379396653,GVB:50:61723,Isolatorweg,61723,,1,,1624812,0,1
152361,1874,379396654,GVB:50:61596,Gein,61596,,0,,1624816,0,1
152361,1874,379396655,GVB:50:61658,Isolatorweg,61658,,1,,1624814,0,1
152361,1874,379396656,GVB:50:61628,Gein,61628,,0,,1624816,0,1
152361,1874,379396657,GVB:50:61680,Isolatorweg,61680,,1,,1624812,0,1
152361,1874,379396658,GVB:50:61777,Gein,61777,,0,,1624815,0,1
152361,1874,379396659,GVB:50:61753,Isolatorweg,61753,,1,,1624814,0,1
152361,1874,379396660,GVB:50:61724,Gein,61724,,0,,1624815,0,1
152361,1874,379396661,GVB:50:61597,Isolatorweg,61597,,1,,1624813,0,1
152361,1874,379396662,GVB:50:61659,Gein,61659,,0,,1624815,0,1
152361,1874,379396663,GVB:50:61629,Isolatorweg,61629,,1,,1624813,0,1
152361,1874,379396664,GVB:50:61683,Gein,61683,,0,,1624809,0,1
152361,1874,379396665,GVB:50:61778,Isolatorweg,61778,,1,,1624811,0,1
152361,1874,379396666,GVB:50:61598,Gein,61598,,0,,1624809,0,1
152361,1874,379396667,GVB:50:61725,Isolatorweg,61725,,1,,1624811,0,1
152361,1874,379396668,GVB:50:61630,Gein,61630,,0,,1624809,0,1
152361,1874,379396669,GVB:50:61660,Isolatorweg,61660,,1,,1624811,0,1
152361,1874,379396670,GVB:50:61779,Gein,61779,,0,,1624809,0,1
152361,1874,379396671,GVB:50:61684,Isolatorweg,61684,,1,,1624811,0,1
152361,1874,379396672,GVB:50:61726,Gein,61726,,0,,1624809,0,1
152361,1874,379396673,GVB:50:61599,Isolatorweg,61599,,1,,1624811,0,1
152361,1874,379396674,GVB:50:61661,Gein,61661,,0,,1624809,0,1
152361,1874,379396675,GVB:50:61631,Isolatorweg,61631,,1,,1624811,0,1
152361,1874,379396676,GVB:50:61685,Gein,61685,,0,,1624809,0,1
152361,1874,379396677,GVB:50:61780,Isolatorweg,61780,,1,,1624811,0,1
152361,1874,379396678,GVB:50:61600,Gein,61600,,0,,1624809,0,1
152361,1874,379396679,GVB:50:61727,Isolatorweg,61727,,1,,1624811,0,1
152361,1874,379396680,GVB:50:61632,Gein,61632,,0,,1624809,0,1
152361,1874,379396681,GVB:50:61662,Isolatorweg,61662,,1,,1624811,0,1
152361,1874,379396682,GVB:50:61781,Gein,61781,,0,,1624809,0,1
152361,1874,379396683,GVB:50:61686,Isolatorweg,61686,,1,,1624811,0,1
152361,1874,379396684,GVB:50:61728,Gein,61728,,0,,1624809,0,1
152361,1874,379396685,GVB:50:61601,Isolatorweg,61601,,1,,1624811,0,1
152361,1874,379396686,GVB:50:61663,Gein,61663,,0,,1624809,0,1
152361,1874,379396687,GVB:50:61633,Isolatorweg,61633,,1,,1624811,0,1
152361,1874,379396688,GVB:50:61687,Gein,61687,,0,,1624809,0,1
152361,1874,379396689,GVB:50:61782,Isolatorweg,61782,,1,,1624811,0,1
152361,1874,379396690,GVB:50:61602,Gein,61602,,0,,1624809,0,1
152361,1874,379396691,GVB:50:61729,Isolatorweg,61729,,1,,1624811,0,1
152361,1874,379396692,GVB:50:61634,Gein,61634,,0,,1624809,0,1
152361,1874,379396693,GVB:50:61688,Isolatorweg,61688,,1,,1624814,0,1
152361,446,379396882,GVB:50:63570,Gein,63570,,0,,1624809,0,2
152361,446,379396883,GVB:50:63538,Gein,63538,,0,,1584511,0,2
152361,446,379396884,GVB:50:63697,Isolatorweg,63697,,1,,1584529,0,2
152361,446,379396885,GVB:50:63506,Gein,63506,,0,,1624809,0,2
152361,446,379396886,GVB:50:63674,Gein,63674,,0,,1584511,0,2
152361,446,379396887,GVB:50:63539,Isolatorweg,63539,,1,,1624811,0,2
152361,446,379396888,GVB:50:63727,Isolatorweg,63727,,1,,1584529,0,2
152361,446,379396889,GVB:50:63698,Gein,63698,,0,,1624809,0,2
152361,446,379396890,GVB:50:63675,Isolatorweg,63675,,1,,1624811,0,2
152361,446,379396891,GVB:50:63728,Gein,63728,,0,,1624809,0,2
152361,446,379396892,GVB:50:63571,Isolatorweg,63571,,1,,1624811,0,2
152361,446,379396893,GVB:50:63540,Gein,63540,,0,,1624809,0,2
152361,446,379396894,GVB:50:63507,Isolatorweg,63507,,1,,1624814,0,2
152361,446,379396895,GVB:50:63676,Gein,63676,,0,,1624810,0,2
152361,446,379396896,GVB:50:63699,Isolatorweg,63699,,1,,1624811,0,2
152361,446,379396897,GVB:50:63572,Gein,63572,,0,,1624810,0,2
152361,446,379396898,GVB:50:63729,Isolatorweg,63729,,1,,1624814,0,2
152361,446,379396899,GVB:50:63644,Gein,63644,,0,,1584511,0,2
152361,446,379396900,GVB:50:63590,Gein,63590,,0,,1624809,0,2
152361,446,379396901,GVB:50:63541,Isolatorweg,63541,,1,,1624811,0,2
152361,446,379396902,GVB:50:63510,Gein,63510,,0,,1624810,0,2
152361,446,379396903,GVB:50:63616,Isolatorweg,63616,,1,,1584529,0,2
152361,446,379396904,GVB:50:63645,Isolatorweg,63645,,1,,1624811,0,2
152361,446,379396905,GVB:50:63700,Gein,63700,,0,,1624809,0,2
152361,446,379396906,GVB:50:63677,Isolatorweg,63677,,1,,1624813,0,2
152361,446,379396907,GVB:50:63617,Gein,63617,,0,,1624810,0,2
152361,446,379396908,GVB:50:63573,Isolatorweg,63573,,1,,1624813,0,2
152361,446,379396909,GVB:50:63732,Gein,63732,,0,,1624809,0,2
152361,446,379396910,GVB:50:63591,Isolatorweg,63591,,1,,1624811,0,2
152361,446,379396911,GVB:50:63542,Gein,63542,,0,,1624810,0,2
152361,446,379396912,GVB:50:63511,Isolatorweg,63511,,1,,1624813,0,2
152361,446,379396913,GVB:50:63646,Gein,63646,,0,,1624809,0,2
152361,446,379396914,GVB:50:63701,Isolatorweg,63701,,1,,1624814,0,2
152361,446,379396915,GVB:50:63678,Gein,63678,,0,,1624810,0,2
152361,446,379396916,GVB:50:63618,Isolatorweg,63618,,1,,1624812,0,2
152361,446,379396917,GVB:50:63574,Gein,63574,,0,,1624809,0,2
152361,446,379396918,GVB:50:63733,Isolatorweg,63733,,1,,1624814,0,2
152361,446,379396919,GVB:50:63592,Gein,63592,,0,,1624810,0,2
152361,446,379396920,GVB:50:63543,Isolatorweg,63543,,1,,1624813,0,2
152361,446,379396921,GVB:50:63512,Gein,63512,,0,,1624809,0,2
152361,446,379396922,GVB:50:63647,Isolatorweg,63647,,1,,1624811,0,2
152361,446,379396923,GVB:50:63704,Gein,63704,,0,,1624810,0,2
152361,446,379396924,GVB:50:63679,Isolatorweg,63679,,1,,1624813,0,2
152361,446,379396925,GVB:50:63621,Gein,63621,,0,,1624809,0,2
152361,446,379396926,GVB:50:63575,Isolatorweg,63575,,1,,1624811,0,2
152361,446,379396927,GVB:50:63736,Gein,63736,,0,,1624810,0,2
152361,446,379396928,GVB:50:63593,Isolatorweg,63593,,1,,1624813,0,2
152361,446,379396929,GVB:50:63544,Gein,63544,,0,,1624809,0,2
152361,446,379396930,GVB:50:63513,Isolatorweg,63513,,1,,1624811,0,2
152361,446,379396931,GVB:50:63648,Gein,63648,,0,,1624810,0,2
152361,446,379396932,GVB:50:63705,Isolatorweg,63705,,1,,1624813,0,2
152361,446,379396933,GVB:50:63680,Gein,63680,,0,,1624809,0,2
152361,446,379396934,GVB:50:63622,Isolatorweg,63622,,1,,1624811,0,2
152361,446,379396935,GVB:50:63576,Gein,63576,,0,,1624810,0,2
152361,446,379396936,GVB:50:63737,Isolatorweg,63737,,1,,1624813,0,2
152361,446,379396937,GVB:50:63594,Gein,63594,,0,,1624809,0,2
152361,446,379396938,GVB:50:63545,Isolatorweg,63545,,1,,1624811,0,2
152361,446,379396939,GVB:50:63514,Gein,63514,,0,,1624810,0,2
152361,446,379396940,GVB:50:63649,Isolatorweg,63649,,1,,1624813,0,2
152361,446,379396941,GVB:50:63706,Gein,63706,,0,,1624809,0,2
152361,446,379396942,GVB:50:63681,Isolatorweg,63681,,1,,1624811,0,2
152361,446,379396943,GVB:50:63623,Gein,63623,,0,,1624810,0,2
152361,446,379396944,GVB:50:63577,Isolatorweg,63577,,1,,1624813,0,2
152361,446,379396945,GVB:50:63738,Gein,63738,,0,,1624809,0,2
152361,446,379396946,GVB:50:63595,Isolatorweg,63595,,1,,1624811,0,2
152361,446,379396947,GVB:50:63546,Gein,63546,,0,,1624810,0,2
152361,446,379396948,GVB:50:63515,Isolatorweg,63515,,1,,1624813,0,2
152361,446,379396949,GVB:50:63650,Gein,63650,,0,,1624809,0,2
152361,446,379396950,GVB:50:63707,Isolatorweg,63707,,1,,1624811,0,2
152361,446,379396951,GVB:50:63682,Gein,63682,,0,,1624810,0,2
152361,446,379396952,GVB:50:63624,Isolatorweg,63624,,1,,1624813,0,2
152361,446,379396953,GVB:50:63578,Gein,63578,,0,,1624809,0,2
152361,446,379396954,GVB:50:63739,Isolatorweg,63739,,1,,1624811,0,2
152361,446,379396955,GVB:50:63596,Gein,63596,,0,,1624810,0,2
152361,446,379396956,GVB:50:63547,Isolatorweg,63547,,1,,1624813,0,2
152361,446,379396957,GVB:50:63516,Gein,63516,,0,,1624809,0,2
152361,446,379396958,GVB:50:63651,Isolatorweg,63651,,1,,1624811,0,2
152361,446,379396959,GVB:50:63708,Gein,63708,,0,,1624810,0,2
152361,446,379396960,GVB:50:63683,Isolatorweg,63683,,1,,1624813,0,2
152361,446,379396961,GVB:50:63625,Gein,63625,,0,,1624809,0,2
152361,446,379396962,GVB:50:63579,Isolatorweg,63579,,1,,1624811,0,2
152361,446,379396963,GVB:50:63740,Gein,63740,,0,,1624810,0,2
152361,446,379396964,GVB:50:63597,Isolatorweg,63597,,1,,1624813,0,2
152361,446,379396965,GVB:50:63548,Gein,63548,,0,,1624809,0,2
152361,446,379396966,GVB:50:63517,Isolatorweg,63517,,1,,1624811,0,2
152361,446,379396967,GVB:50:63652,Gein,63652,,0,,1624810,0,2
152361,446,379396968,GVB:50:63709,Isolatorweg,63709,,1,,1624813,0,2
152361,446,379396969,GVB:50:63684,Gein,63684,,0,,1624809,0,2
152361,446,379396970,GVB:50:63626,Isolatorweg,63626,,1,,1624811,0,2
152361,446,379396971,GVB:50:63580,Gein,63580,,0,,1624810,0,2
152361,446,379396972,GVB:50:63741,Isolatorweg,63741,,1,,1624813,0,2
152361,446,379396973,GVB:50:63598,Gein,63598,,0,,1624809,0,2
152361,446,379396974,GVB:50:63549,Isolatorweg,63549,,1,,1624811,0,2
152361,446,379396975,GVB:50:63518,Gein,63518,,0,,1624810,0,2
152361,446,379396976,GVB:50:63653,Isolatorweg,63653,,1,,1624813,0,2
152361,446,379396977,GVB:50:63710,Gein,63710,,0,,1624809,0,2
152361,446,379396978,GVB:50:63685,Isolatorweg,63685,,1,,1624811,0,2
152361,446,379396979,GVB:50:63627,Gein,63627,,0,,1624810,0,2
152361,446,379396980,GVB:50:63581,Isolatorweg,63581,,1,,1624813,0,2
152361,446,379396981,GVB:50:63742,Gein,63742,,0,,1624809,0,2
152361,446,379396982,GVB:50:63599,Isolatorweg,63599,,1,,1624811,0,2
152361,446,379396983,GVB:50:63550,Gein,63550,,0,,1624810,0,2
152361,446,379396984,GVB:50:63519,Isolatorweg,63519,,1,,1624813,0,2
152361,446,379396985,GVB:50:63654,Gein,63654,,0,,1624809,0,2
152361,446,379396986,GVB:50:63711,Isolatorweg,63711,,1,,1624811,0,2
152361,446,379396987,GVB:50:63686,Gein,63686,,0,,1624810,0,2
152361,446,379396988,GVB:50:63628,Isolatorweg,63628,,1,,1624813,0,2
152361,446,379396989,GVB:50:63582,Gein,63582,,0,,1624809,0,2
152361,446,379396990,GVB:50:63743,Isolatorweg,63743,,1,,1624811,0,2
152361,446,379396991,GVB:50:63600,Gein,63600,,0,,1624810,0,2
152361,446,379396992,GVB:50:63551,Isolatorweg,63551,,1,,1624813,0,2
152361,446,379396993,GVB:50:63520,Gein,63520,,0,,1624809,0,2
152361,446,379396994,GVB:50:63655,Isolatorweg,63655,,1,,1624811,0,2
152361,446,379396995,GVB:50:63712,Gein,63712,,0,,1624810,0,2
152361,446,379396996,GVB:50:63687,Isolatorweg,63687,,1,,1624813,0,2
152361,446,379396997,GVB:50:63629,Gein,63629,,0,,1624809,0,2
152361,446,379396998,GVB:50:63583,Isolatorweg,63583,,1,,1624811,0,2
152361,446,379396999,GVB:50:63744,Gein,63744,,0,,1624810,0,2
152361,446,379397000,GVB:50:63601,Isolatorweg,63601,,1,,1624813,0,2
152361,446,379397001,GVB:50:63552,Gein,63552,,0,,1624809,0,2
152361,446,379397002,GVB:50:63521,Isolatorweg,63521,,1,,1624811,0,2
152361,446,379397003,GVB:50:63656,Gein,63656,,0,,1624810,0,2
152361,446,379397004,GVB:50:63713,Isolatorweg,63713,,1,,1624813,0,2
152361,446,379397005,GVB:50:63688,Gein,63688,,0,,1624809,0,2
152361,446,379397006,GVB:50:63630,Isolatorweg,63630,,1,,1624811,0,2
152361,446,379397007,GVB:50:63584,Gein,63584,,0,,1624810,0,2
152361,446,379397008,GVB:50:63745,Isolatorweg,63745,,1,,1624813,0,2
152361,446,379397009,GVB:50:63602,Gein,63602,,0,,1624809,0,2
152361,446,379397010,GVB:50:63553,Isolatorweg,63553,,1,,1624811,0,2
152361,446,379397011,GVB:50:63522,Gein,63522,,0,,1624810,0,2
152361,446,379397012,GVB:50:63657,Isolatorweg,63657,,1,,1624813,0,2
152361,446,379397013,GVB:50:63714,Gein,63714,,0,,1624809,0,2
152361,446,379397014,GVB:50:63689,Isolatorweg,63689,,1,,1624811,0,2
152361,446,379397015,GVB:50:63631,Gein,63631,,0,,1624810,0,2
152361,446,379397016,GVB:50:63585,Isolatorweg,63585,,1,,1624813,0,2
152361,446,379397017,GVB:50:63746,Gein,63746,,0,,1624809,0,2
152361,446,379397018,GVB:50:63603,Isolatorweg,63603,,1,,1624811,0,2
152361,446,379397019,GVB:50:63554,Gein,63554,,0,,1624810,0,2
152361,446,379397020,GVB:50:63523,Isolatorweg,63523,,1,,1624812,0,2
152361,446,379397021,GVB:50:63658,Gein,63658,,0,,1624809,0,2
152361,446,379397022,GVB:50:63715,Isolatorweg,63715,,1,,1624814,0,2
152361,446,379397023,GVB:50:63690,Gein,63690,,0,,1624809,0,2
152361,446,379397024,GVB:50:63632,Isolatorweg,63632,,1,,1624813,0,2
152361,446,379397025,GVB:50:63586,Gein,63586,,0,,1624810,0,2
152361,446,379397026,GVB:50:63747,Isolatorweg,63747,,1,,1624811,0,2
152361,446,379397027,GVB:50:63604,Gein,63604,,0,,1624809,0,2
152361,446,379397028,GVB:50:63557,Isolatorweg,63557,,1,,1624814,0,2
152361,446,379397029,GVB:50:63526,Gein,63526,,0,,1624810,0,2
152361,446,379397030,GVB:50:63659,Isolatorweg,63659,,1,,1624814,0,2
152361,446,379397031,GVB:50:63633,Gein,63633,,0,,1624809,0,2
152361,446,379397032,GVB:50:63691,Isolatorweg,63691,,1,,1624811,0,2
152361,446,379397033,GVB:50:63748,Gein,63748,,0,,1624810,0,2
152361,446,379397034,GVB:50:63605,Isolatorweg,63605,,1,,1624811,0,2
152361,446,379397035,GVB:50:63560,Gein,63560,,0,,1624809,0,2
152361,446,379397036,GVB:50:63527,Isolatorweg,63527,,1,,1624813,0,2
152361,446,379397037,GVB:50:63662,Gein,63662,,0,,1624810,0,2
152361,446,379397038,GVB:50:63634,Isolatorweg,63634,,1,,1624811,0,2
152361,446,379397039,GVB:50:63692,Gein,63692,,0,,1624809,0,2
152361,446,379397040,GVB:50:63749,Isolatorweg,63749,,1,,1624813,0,2
152361,446,379397041,GVB:50:63606,Gein,63606,,0,,1624810,0,2
152361,446,379397042,GVB:50:63561,Isolatorweg,63561,,1,,1624811,0,2
152361,446,379397043,GVB:50:63528,Gein,63528,,0,,1624810,0,2
152361,446,379397044,GVB:50:63663,Isolatorweg,63663,,1,,1624812,0,2
152361,446,379397045,GVB:50:63635,Gein,63635,,0,,1624809,0,2
152361,446,379397046,GVB:50:63693,Isolatorweg,63693,,1,,1624814,0,2
152361,446,379397047,GVB:50:63719,Gein,63719,,0,,1624809,0,2
152361,446,379397048,GVB:50:63607,Isolatorweg,63607,,1,,1624813,0,2
152361,446,379397049,GVB:50:63562,Gein,63562,,0,,1624809,0,2
152361,446,379397050,GVB:50:63529,Isolatorweg,63529,,1,,1624813,0,2
152361,446,379397051,GVB:50:63666,Gein,63666,,0,,1624809,0,2
152361,446,379397052,GVB:50:63636,Isolatorweg,63636,,1,,1624811,0,2
152361,446,379397053,GVB:50:63608,Gein,63608,,0,,1624809,0,2
152361,446,379397054,GVB:50:63720,Isolatorweg,63720,,1,,1624811,0,2
152361,446,379397055,GVB:50:63530,Gein,63530,,0,,1624809,0,2
152361,446,379397056,GVB:50:63563,Isolatorweg,63563,,1,,1624811,0,2
152361,446,379397057,GVB:50:63637,Gein,63637,,0,,1624809,0,2
152361,446,379397058,GVB:50:63667,Isolatorweg,63667,,1,,1624811,0,2
152361,446,379397059,GVB:50:63721,Gein,63721,,0,,1624809,0,2
152361,446,379397060,GVB:50:63609,Isolatorweg,63609,,1,,1624811,0,2
152361,446,379397061,GVB:50:63564,Gein,63564,,0,,1624809,0,2
152361,446,379397062,GVB:50:63531,Isolatorweg,63531,,1,,1624811,0,2
152361,446,379397063,GVB:50:63668,Gein,63668,,0,,1624809,0,2
152361,446,379397064,GVB:50:63638,Isolatorweg,63638,,1,,1624811,0,2
152361,446,379397065,GVB:50:63610,Gein,63610,,0,,1624809,0,2
152361,446,379397066,GVB:50:63722,Isolatorweg,63722,,1,,1624811,0,2
152361,446,379397067,GVB:50:63532,Gein,63532,,0,,1624809,0,2
152361,446,379397068,GVB:50:63565,Isolatorweg,63565,,1,,1624811,0,2
152361,446,379397069,GVB:50:63639,Gein,63639,,0,,1624809,0,2
152361,446,379397070,GVB:50:63669,Isolatorweg,63669,,1,,1624811,0,2
152361,446,379397071,GVB:50:63723,Gein,63723,,0,,1624809,0,2
152361,446,379397072,GVB:50:63611,Isolatorweg,63611,,1,,1624811,0,2
152361,446,379397073,GVB:50:63566,Gein,63566,,0,,1624809,0,2
152361,446,379397074,GVB:50:63533,Isolatorweg,63533,,1,,1624811,0,2
152361,446,379397075,GVB:50:63670,Gein,63670,,0,,1624809,0,2
152361,446,379397076,GVB:50:63640,Isolatorweg,63640,,1,,1624811,0,2
152361,446,379397077,GVB:50:63612,Gein,63612,,0,,1624809,0,2
152361,446,379397078,GVB:50:63724,Isolatorweg,63724,,1,,1624811,0,2
152361,446,379397079,GVB:50:63534,Gein,63534,,0,,1624809,0,2
152361,446,379397080,GVB:50:63671,Isolatorweg,63671,,1,,1624811,0,2
152361,2199,379397261,GVB:50:62606,Gein,62606,,0,,1624809,0,1
152361,2199,379397262,GVB:50:62580,Gein,62580,,0,,1584511,0,1
152361,2199,379397263,GVB:50:62629,Isolatorweg,62629,,1,,1584529,0,1
152361,2199,379397264,GVB:50:62446,Gein,62446,,0,,1624809,0,1
152361,2199,379397265,GVB:50:62464,Gein,62464,,0,,1584511,0,1
152361,2199,379397266,GVB:50:62581,Isolatorweg,62581,,1,,1624811,0,1
152361,2199,379397267,GVB:50:62492,Isolatorweg,62492,,1,,1584533,0,1
152361,2199,379397268,GVB:50:62630,Gein,62630,,0,,1624809,0,1
152361,2199,379397269,GVB:50:62465,Isolatorweg,62465,,1,,1624811,0,1
152361,2199,379397270,GVB:50:62493,Gein,62493,,0,,1624809,0,1
152361,2199,379397271,GVB:50:62607,Isolatorweg,62607,,1,,1624811,0,1
152361,2199,379397272,GVB:50:62582,Gein,62582,,0,,1624809,0,1
152361,2199,379397273,GVB:50:62447,Isolatorweg,62447,,1,,1624811,0,1
152361,2199,379397274,GVB:50:62466,Gein,62466,,0,,1624809,0,1
152361,2199,379397275,GVB:50:62631,Isolatorweg,62631,,1,,1624811,0,1
152361,2199,379397276,GVB:50:62608,Gein,62608,,0,,1624809,0,1
152361,2199,379397277,GVB:50:62494,Isolatorweg,62494,,1,,1624811,0,1
152361,2199,379397278,GVB:50:62448,Gein,62448,,0,,1624809,0,1
152361,2199,379397279,GVB:50:62583,Isolatorweg,62583,,1,,1624811,0,1
152361,2199,379397280,GVB:50:62632,Gein,62632,,0,,1624809,0,1
152361,2199,379397281,GVB:50:62467,Isolatorweg,62467,,1,,1624811,0,1
152361,2199,379397282,GVB:50:62495,Gein,62495,,0,,1624809,0,1
152361,2199,379397283,GVB:50:62609,Isolatorweg,62609,,1,,1624814,0,1
152361,2199,379397284,GVB:50:62584,Gein,62584,,0,,1624810,0,1
152361,2199,379397285,GVB:50:62449,Isolatorweg,62449,,1,,1624811,0,1
152361,2199,379397286,GVB:50:62468,Gein,62468,,0,,1624810,0,1
152361,2199,379397287,GVB:50:62633,Isolatorweg,62633,,1,,1624814,0,1
152361,2199,379397288,GVB:50:62544,Gein,62544,,0,,1584511,0,1
152361,2199,379397289,GVB:50:62520,Gein,62520,,0,,1624810,0,1
152361,2199,379397290,GVB:50:62496,Isolatorweg,62496,,1,,1624811,0,1
152361,2199,379397291,GVB:50:62612,Gein,62612,,0,,1624809,0,1
152361,2199,379397292,GVB:50:62545,Isolatorweg,62545,,1,,1624811,0,1
152361,2199,379397293,GVB:50:62450,Gein,62450,,0,,1624810,0,1
152361,2199,379397294,GVB:50:62585,Isolatorweg,62585,,1,,1624813,0,1
152361,2199,379397295,GVB:50:62558,Gein,62558,,0,,1624809,0,1
152361,2199,379397296,GVB:50:62469,Isolatorweg,62469,,1,,1624813,0,1
152361,2199,379397297,GVB:50:62636,Gein,62636,,0,,1624810,0,1
152361,2199,379397298,GVB:50:62521,Isolatorweg,62521,,1,,1624813,0,1
152361,2199,379397299,GVB:50:62497,Gein,62497,,0,,1624809,0,1
152361,2199,379397300,GVB:50:62613,Isolatorweg,62613,,1,,1624811,0,1
152361,2199,379397301,GVB:50:62546,Gein,62546,,0,,1624810,0,1
152361,2199,379397302,GVB:50:62451,Isolatorweg,62451,,1,,1624813,0,1
152361,2199,379397303,GVB:50:62586,Gein,62586,,0,,1624809,0,1
152361,2199,379397304,GVB:50:62559,Isolatorweg,62559,,1,,1624811,0,1
152361,2199,379397305,GVB:50:62470,Gein,62470,,0,,1624810,0,1
152361,2199,379397306,GVB:50:62637,Isolatorweg,62637,,1,,1624813,0,1
152361,2199,379397307,GVB:50:62522,Gein,62522,,0,,1624809,0,1
152361,2199,379397308,GVB:50:62498,Isolatorweg,62498,,1,,1624811,0,1
152361,2199,379397309,GVB:50:62614,Gein,62614,,0,,1624810,0,1
152361,2199,379397310,GVB:50:62547,Isolatorweg,62547,,1,,1624813,0,1
152361,2199,379397311,GVB:50:62452,Gein,62452,,0,,1624809,0,1
152361,2199,379397312,GVB:50:62587,Isolatorweg,62587,,1,,1624811,0,1
152361,2199,379397313,GVB:50:62560,Gein,62560,,0,,1624810,0,1
152361,2199,379397314,GVB:50:62471,Isolatorweg,62471,,1,,1624813,0,1
152361,2199,379397315,GVB:50:62638,Gein,62638,,0,,1624809,0,1
152361,2199,379397316,GVB:50:62523,Isolatorweg,62523,,1,,1624811,0,1
152361,2199,379397317,GVB:50:62499,Gein,62499,,0,,1624810,0,1
152361,2199,379397318,GVB:50:62615,Isolatorweg,62615,,1,,1624813,0,1
152361,2199,379397319,GVB:50:62548,Gein,62548,,0,,1624809,0,1
152361,2199,379397320,GVB:50:62453,Isolatorweg,62453,,1,,1624811,0,1
152361,2199,379397321,GVB:50:62588,Gein,62588,,0,,1624810,0,1
152361,2199,379397322,GVB:50:62561,Isolatorweg,62561,,1,,1624813,0,1
152361,2199,379397323,GVB:50:62472,Gein,62472,,0,,1624809,0,1
152361,2199,379397324,GVB:50:62639,Isolatorweg,62639,,1,,1624811,0,1
152361,2199,379397325,GVB:50:62524,Gein,62524,,0,,1624810,0,1
152361,2199,379397326,GVB:50:62500,Isolatorweg,62500,,1,,1624813,0,1
152361,2199,379397327,GVB:50:62616,Gein,62616,,0,,1624809,0,1
152361,2199,379397328,GVB:50:62549,Isolatorweg,62549,,1,,1624811,0,1
152361,2199,379397329,GVB:50:62454,Gein,62454,,0,,1624810,0,1
152361,2199,379397330,GVB:50:62589,Isolatorweg,62589,,1,,1624813,0,1
152361,2199,379397331,GVB:50:62562,Gein,62562,,0,,1624809,0,1
152361,2199,379397332,GVB:50:62473,Isolatorweg,62473,,1,,1624811,0,1
152361,2199,379397333,GVB:50:62640,Gein,62640,,0,,1624810,0,1
152361,2199,379397334,GVB:50:62525,Isolatorweg,62525,,1,,1624813,0,1
152361,2199,379397335,GVB:50:62501,Gein,62501,,0,,1624809,0,1
152361,2199,379397336,GVB:50:62617,Isolatorweg,62617,,1,,1624811,0,1
152361,2199,379397337,GVB:50:62550,Gein,62550,,0,,1624810,0,1
152361,2199,379397338,GVB:50:62455,Isolatorweg,62455,,1,,1624813,0,1
152361,2199,379397339,GVB:50:62590,Gein,62590,,0,,1624809,0,1
152361,2199,379397340,GVB:50:62563,Isolatorweg,62563,,1,,1624811,0,1
152361,2199,379397341,GVB:50:62474,Gein,62474,,0,,1624810,0,1
152361,2199,379397342,GVB:50:62641,Isolatorweg,62641,,1,,1624813,0,1
152361,2199,379397343,GVB:50:62526,Gein,62526,,0,,1624809,0,1
152361,2199,379397344,GVB:50:62502,Isolatorweg,62502,,1,,1624811,0,1
152361,2199,379397345,GVB:50:62618,Gein,62618,,0,,1624810,0,1
152361,2199,379397346,GVB:50:62551,Isolatorweg,62551,,1,,1624813,0,1
152361,2199,379397347,GVB:50:62456,Gein,62456,,0,,1624809,0,1
152361,2199,379397348,GVB:50:62591,Isolatorweg,62591,,1,,1624811,0,1
152361,2199,379397349,GVB:50:62564,Gein,62564,,0,,1624810,0,1
152361,2199,379397350,GVB:50:62475,Isolatorweg,62475,,1,,1624813,0,1
152361,2199,379397351,GVB:50:62642,Gein,62642,,0,,1624809,0,1
152361,2199,379397352,GVB:50:62527,Isolatorweg,62527,,1,,1624811,0,1
152361,2199,379397353,GVB:50:62503,Gein,62503,,0,,1624810,0,1
152361,2199,379397354,GVB:50:62619,Isolatorweg,62619,,1,,1624813,0,1
152361,2199,379397355,GVB:50:62552,Gein,62552,,0,,1624809,0,1
152361,2199,379397356,GVB:50:62457,Isolatorweg,62457,,1,,1624811,0,1
152361,2199,379397357,GVB:50:62592,Gein,62592,,0,,1624810,0,1
152361,2199,379397358,GVB:50:62565,Isolatorweg,62565,,1,,1624813,0,1
152361,2199,379397359,GVB:50:62476,Gein,62476,,0,,1624809,0,1
152361,2199,379397360,GVB:50:62643,Isolatorweg,62643,,1,,1624811,0,1
152361,2199,379397361,GVB:50:62528,Gein,62528,,0,,1624810,0,1
152361,2199,379397362,GVB:50:62504,Isolatorweg,62504,,1,,1624813,0,1
152361,2199,379397363,GVB:50:62620,Gein,62620,,0,,1624809,0,1
152361,2199,379397364,GVB:50:62553,Isolatorweg,62553,,1,,1624811,0,1
152361,2199,379397365,GVB:50:62458,Gein,62458,,0,,1624810,0,1
152361,2199,379397366,GVB:50:62593,Isolatorweg,62593,,1,,1624813,0,1
152361,2199,379397367,GVB:50:62566,Gein,62566,,0,,1624809,0,1
152361,2199,379397368,GVB:50:62477,Isolatorweg,62477,,1,,1624811,0,1
152361,2199,379397369,GVB:50:62644,Gein,62644,,0,,1624810,0,1
152361,2199,379397370,GVB:50:62529,Isolatorweg,62529,,1,,1624813,0,1
152361,2199,379397371,GVB:50:62505,Gein,62505,,0,,1624809,0,1
152361,2199,379397372,GVB:50:62621,Isolatorweg,62621,,1,,1624811,0,1
152361,2199,379397373,GVB:50:62554,Gein,62554,,0,,1624810,0,1
152361,2199,379397374,GVB:50:62459,Isolatorweg,62459,,1,,1624813,0,1
152361,2199,379397375,GVB:50:62594,Gein,62594,,0,,1624809,0,1
152361,2199,379397376,GVB:50:62567,Isolatorweg,62567,,1,,1624811,0,1
152361,2199,379397377,GVB:50:62478,Gein,62478,,0,,1624810,0,1
152361,2199,379397378,GVB:50:62645,Isolatorweg,62645,,1,,1624812,0,1
152361,2199,379397379,GVB:50:62530,Gein,62530,,0,,1624809,0,1
152361,2199,379397380,GVB:50:62506,Isolatorweg,62506,,1,,1624814,0,1
152361,2199,379397381,GVB:50:62622,Gein,62622,,0,,1624809,0,1
152361,2199,379397382,GVB:50:62555,Isolatorweg,62555,,1,,1624812,0,1
152361,2199,379397383,GVB:50:62460,Gein,62460,,0,,1624810,0,1
152361,2199,379397384,GVB:50:62595,Isolatorweg,62595,,1,,1624814,0,1
152361,2199,379397385,GVB:50:62568,Gein,62568,,0,,1624809,0,1
152361,2199,379397386,GVB:50:62481,Isolatorweg,62481,,1,,1624814,0,1
152361,2199,379397387,GVB:50:62648,Gein,62648,,0,,1624810,0,1
152361,2199,379397388,GVB:50:62531,Isolatorweg,62531,,1,,1624814,0,1
152361,2199,379397389,GVB:50:62509,Gein,62509,,0,,1624809,0,1
152361,2199,379397390,GVB:50:62623,Isolatorweg,62623,,1,,1624814,0,1
152361,2199,379397391,GVB:50:62596,Gein,62596,,0,,1624816,0,1
152361,2199,379397392,GVB:50:62569,Isolatorweg,62569,,1,,1624814,0,1
152361,2199,379397393,GVB:50:62482,Gein,62482,,0,,1624815,0,1
152361,2199,379397394,GVB:50:62649,Isolatorweg,62649,,1,,1624812,0,1
152361,2199,379397395,GVB:50:62532,Gein,62532,,0,,1624816,0,1
152361,2199,379397396,GVB:50:62510,Isolatorweg,62510,,1,,1624814,0,1
152361,2199,379397397,GVB:50:62624,Gein,62624,,0,,1624815,0,1
152361,2199,379397398,GVB:50:62597,Isolatorweg,62597,,1,,1624812,0,1
152361,2199,379397399,GVB:50:62570,Gein,62570,,0,,1624816,0,1
152361,2199,379397400,GVB:50:62483,Isolatorweg,62483,,1,,1624814,0,1
152361,2199,379397401,GVB:50:62650,Gein,62650,,0,,1624816,0,1
152361,2199,379397402,GVB:50:62533,Isolatorweg,62533,,1,,1624812,0,1
152361,2199,379397403,GVB:50:62511,Gein,62511,,0,,1624815,0,1
152361,2199,379397404,GVB:50:62625,Isolatorweg,62625,,1,,1624814,0,1
152361,2199,379397405,GVB:50:62598,Gein,62598,,0,,1624815,0,1
152361,2199,379397406,GVB:50:62571,Isolatorweg,62571,,1,,1624813,0,1
152361,2199,379397407,GVB:50:62484,Gein,62484,,0,,1624815,0,1
152361,2199,379397408,GVB:50:62651,Isolatorweg,62651,,1,,1624813,0,1
152361,2199,379397409,GVB:50:62536,Gein,62536,,0,,1624809,0,1
152361,2199,379397410,GVB:50:62512,Isolatorweg,62512,,1,,1624811,0,1
152361,2199,379397411,GVB:50:62572,Gein,62572,,0,,1624809,0,1
152361,2199,379397412,GVB:50:62599,Isolatorweg,62599,,1,,1624811,0,1
152361,2199,379397413,GVB:50:62652,Gein,62652,,0,,1624809,0,1
152361,2199,379397414,GVB:50:62485,Isolatorweg,62485,,1,,1624811,0,1
152361,2199,379397415,GVB:50:62513,Gein,62513,,0,,1624809,0,1
152361,2199,379397416,GVB:50:62537,Isolatorweg,62537,,1,,1624811,0,1
152361,2199,379397417,GVB:50:62600,Gein,62600,,0,,1624809,0,1
152361,2199,379397418,GVB:50:62573,Isolatorweg,62573,,1,,1624811,0,1
152361,2199,379397419,GVB:50:62486,Gein,62486,,0,,1624809,0,1
152361,2199,379397420,GVB:50:62653,Isolatorweg,62653,,1,,1624811,0,1
152361,2199,379397421,GVB:50:62538,Gein,62538,,0,,1624809,0,1
152361,2199,379397422,GVB:50:62514,Isolatorweg,62514,,1,,1624811,0,1
152361,2199,379397423,GVB:50:62574,Gein,62574,,0,,1624809,0,1
152361,2199,379397424,GVB:50:62601,Isolatorweg,62601,,1,,1624811,0,1
152361,2199,379397425,GVB:50:62654,Gein,62654,,0,,1624809,0,1
152361,2199,379397426,GVB:50:62487,Isolatorweg,62487,,1,,1624811,0,1
152361,2199,379397427,GVB:50:62515,Gein,62515,,0,,1624809,0,1
152361,2199,379397428,GVB:50:62539,Isolatorweg,62539,,1,,1624811,0,1
152361,2199,379397429,GVB:50:62602,Gein,62602,,0,,1624809,0,1
152361,2199,379397430,GVB:50:62575,Isolatorweg,62575,,1,,1624811,0,1
152361,2199,379397431,GVB:50:62488,Gein,62488,,0,,1624809,0,1
152361,2199,379397432,GVB:50:62655,Isolatorweg,62655,,1,,1624811,0,1
152361,2199,379397433,GVB:50:62540,Gein,62540,,0,,1624809,0,1
152361,2199,379397434,GVB:50:62516,Isolatorweg,62516,,1,,1624811,0,1
152361,2199,379397435,GVB:50:62576,Gein,62576,,0,,1624809,0,1
152361,2199,379397436,GVB:50:62603,Isolatorweg,62603,,1,,1624811,0,1
152361,2199,379397437,GVB:50:62656,Gein,62656,,0,,1624809,0,1
152361,2199,379397438,GVB:50:62541,Isolatorweg,62541,,1,,1624814,0,1
152361,1468,379397985,GVB:50:61164,Gein,61164,,0,,1624809,0,2
152361,1468,379397986,GVB:50:61132,Gein,61132,,0,,1584511,0,2
152361,1468,379397987,GVB:50:61291,Isolatorweg,61291,,1,,1584529,0,2
152361,1468,379397988,GVB:50:61100,Gein,61100,,0,,1624809,0,2
152361,1468,379397989,GVB:50:61268,Gein,61268,,0,,1584511,0,2
152361,1468,379397990,GVB:50:61133,Isolatorweg,61133,,1,,1624811,0,2
152361,1468,379397991,GVB:50:61321,Isolatorweg,61321,,1,,1584529,0,2
152361,1468,379397992,GVB:50:61292,Gein,61292,,0,,1624809,0,2
152361,1468,379397993,GVB:50:61269,Isolatorweg,61269,,1,,1624811,0,2
152361,1468,379397994,GVB:50:61322,Gein,61322,,0,,1624809,0,2
152361,1468,379397995,GVB:50:61165,Isolatorweg,61165,,1,,1624811,0,2
152361,1468,379397996,GVB:50:61134,Gein,61134,,0,,1624809,0,2
152361,1468,379397997,GVB:50:61101,Isolatorweg,61101,,1,,1624814,0,2
152361,1468,379397998,GVB:50:61270,Gein,61270,,0,,1624810,0,2
152361,1468,379397999,GVB:50:61293,Isolatorweg,61293,,1,,1624811,0,2
152361,1468,379398000,GVB:50:61166,Gein,61166,,0,,1624810,0,2
152361,1468,379398001,GVB:50:61323,Isolatorweg,61323,,1,,1624814,0,2
152361,1468,379398002,GVB:50:61238,Gein,61238,,0,,1584511,0,2
152361,1468,379398003,GVB:50:61184,Gein,61184,,0,,1624809,0,2
152361,1468,379398004,GVB:50:61135,Isolatorweg,61135,,1,,1624811,0,2
152361,1468,379398005,GVB:50:61104,Gein,61104,,0,,1624810,0,2
152361,1468,379398006,GVB:50:61210,Isolatorweg,61210,,1,,1584529,0,2
152361,1468,379398007,GVB:50:61239,Isolatorweg,61239,,1,,1624811,0,2
152361,1468,379398008,GVB:50:61294,Gein,61294,,0,,1624809,0,2
152361,1468,379398009,GVB:50:61271,Isolatorweg,61271,,1,,1624813,0,2
152361,1468,379398010,GVB:50:61211,Gein,61211,,0,,1624810,0,2
152361,1468,379398011,GVB:50:61167,Isolatorweg,61167,,1,,1624813,0,2
152361,1468,379398012,GVB:50:61326,Gein,61326,,0,,1624809,0,2
152361,1468,379398013,GVB:50:61185,Isolatorweg,61185,,1,,1624811,0,2
152361,1468,379398014,GVB:50:61136,Gein,61136,,0,,1624810,0,2
152361,1468,379398015,GVB:50:61105,Isolatorweg,61105,,1,,1624813,0,2
152361,1468,379398016,GVB:50:61240,Gein,61240,,0,,1624809,0,2
152361,1468,379398017,GVB:50:61295,Isolatorweg,61295,,1,,1624814,0,2
152361,1468,379398018,GVB:50:61272,Gein,61272,,0,,1624810,0,2
152361,1468,379398019,GVB:50:61212,Isolatorweg,61212,,1,,1624812,0,2
152361,1468,379398020,GVB:50:61168,Gein,61168,,0,,1624809,0,2
152361,1468,379398021,GVB:50:61327,Isolatorweg,61327,,1,,1624814,0,2
152361,1468,379398022,GVB:50:61186,Gein,61186,,0,,1624810,0,2
152361,1468,379398023,GVB:50:61137,Isolatorweg,61137,,1,,1624813,0,2
152361,1468,379398024,GVB:50:61106,Gein,61106,,0,,1624809,0,2
152361,1468,379398025,GVB:50:61241,Isolatorweg,61241,,1,,1624811,0,2
152361,1468,379398026,GVB:50:61298,Gein,61298,,0,,1624810,0,2
152361,1468,379398027,GVB:50:61273,Isolatorweg,61273,,1,,1624813,0,2
152361,1468,379398028,GVB:50:61215,Gein,61215,,0,,1624809,0,2
152361,1468,379398029,GVB:50:61169,Isolatorweg,61169,,1,,1624811,0,2
152361,1468,379398030,GVB:50:61330,Gein,61330,,0,,1624810,0,2
152361,1468,379398031,GVB:50:61187,Isolatorweg,61187,,1,,1624813,0,2
152361,1468,379398032,GVB:50:61138,Gein,61138,,0,,1624809,0,2
152361,1468,379398033,GVB:50:61107,Isolatorweg,61107,,1,,1624811,0,2
152361,1468,379398034,GVB:50:61242,Gein,61242,,0,,1624810,0,2
152361,1468,379398035,GVB:50:61299,Isolatorweg,61299,,1,,1624813,0,2
152361,1468,379398036,GVB:50:61274,Gein,61274,,0,,1624809,0,2
152361,1468,379398037,GVB:50:61216,Isolatorweg,61216,,1,,1624811,0,2
152361,1468,379398038,GVB:50:61170,Gein,61170,,0,,1624810,0,2
152361,1468,379398039,GVB:50:61331,Isolatorweg,61331,,1,,1624813,0,2
152361,1468,379398040,GVB:50:61188,Gein,61188,,0,,1624809,0,2
152361,1468,379398041,GVB:50:61139,Isolatorweg,61139,,1,,1624811,0,2
152361,1468,379398042,GVB:50:61108,Gein,61108,,0,,1624810,0,2
152361,1468,379398043,GVB:50:61243,Isolatorweg,61243,,1,,1624813,0,2
152361,1468,379398044,GVB:50:61300,Gein,61300,,0,,1624809,0,2
152361,1468,379398045,GVB:50:61275,Isolatorweg,61275,,1,,1624811,0,2
152361,1468,379398046,GVB:50:61217,Gein,61217,,0,,1624810,0,2
152361,1468,379398047,GVB:50:61171,Isolatorweg,61171,,1,,1624813,0,2
152361,1468,379398048,GVB:50:61332,Gein,61332,,0,,1624809,0,2
152361,1468,379398049,GVB:50:61189,Isolatorweg,61189,,1,,1624811,0,2
152361,1468,379398050,GVB:50:61140,Gein,61140,,0,,1624810,0,2
152361,1468,379398051,GVB:50:61109,Isolatorweg,61109,,1,,1624813,0,2
152361,1468,379398052,GVB:50:61244,Gein,61244,,0,,1624809,0,2
152361,1468,379398053,GVB:50:61301,Isolatorweg,61301,,1,,1624811,0,2
152361,1468,379398054,GVB:50:61276,Gein,61276,,0,,1624810,0,2
152361,1468,379398055,GVB:50:61218,Isolatorweg,61218,,1,,1624813,0,2
152361,1468,379398056,GVB:50:61172,Gein,61172,,0,,1624809,0,2
152361,1468,379398057,GVB:50:61333,Isolatorweg,61333,,1,,1624811,0,2
152361,1468,379398058,GVB:50:61190,Gein,61190,,0,,1624810,0,2
152361,1468,379398059,GVB:50:61141,Isolatorweg,61141,,1,,1624813,0,2
152361,1468,379398060,GVB:50:61110,Gein,61110,,0,,1624809,0,2
152361,1468,379398061,GVB:50:61245,Isolatorweg,61245,,1,,1624811,0,2
152361,1468,379398062,GVB:50:61302,Gein,61302,,0,,1624810,0,2
152361,1468,379398063,GVB:50:61277,Isolatorweg,61277,,1,,1624813,0,2
152361,1468,379398064,GVB:50:61219,Gein,61219,,0,,1624809,0,2
152361,1468,379398065,GVB:50:61173,Isolatorweg,61173,,1,,1624811,0,2
152361,1468,379398066,GVB:50:61334,Gein,61334,,0,,1624810,0,2
152361,1468,379398067,GVB:50:61191,Isolatorweg,61191,,1,,1624813,0,2
152361,1468,379398068,GVB:50:61142,Gein,61142,,0,,1624809,0,2
152361,1468,379398069,GVB:50:61111,Isolatorweg,61111,,1,,1624811,0,2
152361,1468,379398070,GVB:50:61246,Gein,61246,,0,,1624810,0,2
152361,1468,379398071,GVB:50:61303,Isolatorweg,61303,,1,,1624813,0,2
152361,1468,379398072,GVB:50:61278,Gein,61278,,0,,1624809,0,2
152361,1468,379398073,GVB:50:61220,Isolatorweg,61220,,1,,1624811,0,2
152361,1468,379398074,GVB:50:61174,Gein,61174,,0,,1624810,0,2
152361,1468,379398075,GVB:50:61335,Isolatorweg,61335,,1,,1624813,0,2
152361,1468,379398076,GVB:50:61192,Gein,61192,,0,,1624809,0,2
152361,1468,379398077,GVB:50:61143,Isolatorweg,61143,,1,,1624811,0,2
152361,1468,379398078,GVB:50:61112,Gein,61112,,0,,1624810,0,2
152361,1468,379398079,GVB:50:61247,Isolatorweg,61247,,1,,1624813,0,2
152361,1468,379398080,GVB:50:61304,Gein,61304,,0,,1624809,0,2
152361,1468,379398081,GVB:50:61279,Isolatorweg,61279,,1,,1624811,0,2
152361,1468,379398082,GVB:50:61221,Gein,61221,,0,,1624810,0,2
152361,1468,379398083,GVB:50:61175,Isolatorweg,61175,,1,,1624813,0,2
152361,1468,379398084,GVB:50:61336,Gein,61336,,0,,1624809,0,2
152361,1468,379398085,GVB:50:61193,Isolatorweg,61193,,1,,1624811,0,2
152361,1468,379398086,GVB:50:61144,Gein,61144,,0,,1624810,0,2
152361,1468,379398087,GVB:50:61113,Isolatorweg,61113,,1,,1624813,0,2
152361,1468,379398088,GVB:50:61248,Gein,61248,,0,,1624809,0,2
152361,1468,379398089,GVB:50:61305,Isolatorweg,61305,,1,,1624811,0,2
152361,1468,379398090,GVB:50:61280,Gein,61280,,0,,1624810,0,2
152361,1468,379398091,GVB:50:61222,Isolatorweg,61222,,1,,1624813,0,2
152361,1468,379398092,GVB:50:61176,Gein,61176,,0,,1624809,0,2
152361,1468,379398093,GVB:50:61337,Isolatorweg,61337,,1,,1624811,0,2
152361,1468,379398094,GVB:50:61194,Gein,61194,,0,,1624810,0,2
152361,1468,379398095,GVB:50:61145,Isolatorweg,61145,,1,,1624813,0,2
152361,1468,379398096,GVB:50:61114,Gein,61114,,0,,1624809,0,2
152361,1468,379398097,GVB:50:61249,Isolatorweg,61249,,1,,1624811,0,2
152361,1468,379398098,GVB:50:61306,Gein,61306,,0,,1624810,0,2
152361,1468,379398099,GVB:50:61281,Isolatorweg,61281,,1,,1624813,0,2
152361,1468,379398100,GVB:50:61223,Gein,61223,,0,,1624809,0,2
152361,1468,379398101,GVB:50:61177,Isolatorweg,61177,,1,,1624811,0,2
152361,1468,379398102,GVB:50:61338,Gein,61338,,0,,1624810,0,2
152361,1468,379398103,GVB:50:61195,Isolatorweg,61195,,1,,1624813,0,2
152361,1468,379398104,GVB:50:61146,Gein,61146,,0,,1624809,0,2
152361,1468,379398105,GVB:50:61115,Isolatorweg,61115,,1,,1624811,0,2
152361,1468,379398106,GVB:50:61250,Gein,61250,,0,,1624810,0,2
152361,1468,379398107,GVB:50:61307,Isolatorweg,61307,,1,,1624813,0,2
152361,1468,379398108,GVB:50:61282,Gein,61282,,0,,1624809,0,2
152361,1468,379398109,GVB:50:61224,Isolatorweg,61224,,1,,1624811,0,2
152361,1468,379398110,GVB:50:61178,Gein,61178,,0,,1624810,0,2
152361,1468,379398111,GVB:50:61339,Isolatorweg,61339,,1,,1624813,0,2
152361,1468,379398112,GVB:50:61196,Gein,61196,,0,,1624809,0,2
152361,1468,379398113,GVB:50:61147,Isolatorweg,61147,,1,,1624811,0,2
152361,1468,379398114,GVB:50:61116,Gein,61116,,0,,1624810,0,2
152361,1468,379398115,GVB:50:61251,Isolatorweg,61251,,1,,1624813,0,2
152361,1468,379398116,GVB:50:61308,Gein,61308,,0,,1624809,0,2
152361,1468,379398117,GVB:50:61283,Isolatorweg,61283,,1,,1624811,0,2
152361,1468,379398118,GVB:50:61225,Gein,61225,,0,,1624810,0,2
152361,1468,379398119,GVB:50:61179,Isolatorweg,61179,,1,,1624813,0,2
152361,1468,379398120,GVB:50:61340,Gein,61340,,0,,1624809,0,2
152361,1468,379398121,GVB:50:61197,Isolatorweg,61197,,1,,1624811,0,2
152361,1468,379398122,GVB:50:61148,Gein,61148,,0,,1624810,0,2
152361,1468,379398123,GVB:50:61117,Isolatorweg,61117,,1,,1624812,0,2
152361,1468,379398124,GVB:50:61252,Gein,61252,,0,,1624809,0,2
152361,1468,379398125,GVB:50:61309,Isolatorweg,61309,,1,,1624814,0,2
152361,1468,379398126,GVB:50:61284,Gein,61284,,0,,1624809,0,2
152361,1468,379398127,GVB:50:61226,Isolatorweg,61226,,1,,1624813,0,2
152361,1468,379398128,GVB:50:61180,Gein,61180,,0,,1624810,0,2
152361,1468,379398129,GVB:50:61341,Isolatorweg,61341,,1,,1624811,0,2
152361,1468,379398130,GVB:50:61198,Gein,61198,,0,,1624809,0,2
152361,1468,379398131,GVB:50:61151,Isolatorweg,61151,,1,,1624814,0,2
152361,1468,379398132,GVB:50:61120,Gein,61120,,0,,1624810,0,2
152361,1468,379398133,GVB:50:61253,Isolatorweg,61253,,1,,1624814,0,2
152361,1468,379398134,GVB:50:61227,Gein,61227,,0,,1624809,0,2
152361,1468,379398135,GVB:50:61285,Isolatorweg,61285,,1,,1624811,0,2
152361,1468,379398136,GVB:50:61342,Gein,61342,,0,,1624810,0,2
152361,1468,379398137,GVB:50:61199,Isolatorweg,61199,,1,,1624811,0,2
152361,1468,379398138,GVB:50:61154,Gein,61154,,0,,1624809,0,2
152361,1468,379398139,GVB:50:61121,Isolatorweg,61121,,1,,1624813,0,2
152361,1468,379398140,GVB:50:61256,Gein,61256,,0,,1624810,0,2
152361,1468,379398141,GVB:50:61228,Isolatorweg,61228,,1,,1624811,0,2
152361,1468,379398142,GVB:50:61286,Gein,61286,,0,,1624809,0,2
152361,1468,379398143,GVB:50:61343,Isolatorweg,61343,,1,,1624813,0,2
152361,1468,379398144,GVB:50:61200,Gein,61200,,0,,1624810,0,2
152361,1468,379398145,GVB:50:61155,Isolatorweg,61155,,1,,1624811,0,2
152361,1468,379398146,GVB:50:61122,Gein,61122,,0,,1624810,0,2
152361,1468,379398147,GVB:50:61257,Isolatorweg,61257,,1,,1624812,0,2
152361,1468,379398148,GVB:50:61229,Gein,61229,,0,,1624809,0,2
152361,1468,379398149,GVB:50:61287,Isolatorweg,61287,,1,,1624814,0,2
152361,1468,379398150,GVB:50:61313,Gein,61313,,0,,1624809,0,2
152361,1468,379398151,GVB:50:61201,Isolatorweg,61201,,1,,1624813,0,2
152361,1468,379398152,GVB:50:61156,Gein,61156,,0,,1624809,0,2
152361,1468,379398153,GVB:50:61123,Isolatorweg,61123,,1,,1624813,0,2
152361,1468,379398154,GVB:50:61260,Gein,61260,,0,,1624809,0,2
152361,1468,379398155,GVB:50:61230,Isolatorweg,61230,,1,,1624811,0,2
152361,1468,379398156,GVB:50:61202,Gein,61202,,0,,1624809,0,2
152361,1468,379398157,GVB:50:61314,Isolatorweg,61314,,1,,1624811,0,2
152361,1468,379398158,GVB:50:61124,Gein,61124,,0,,1624809,0,2
152361,1468,379398159,GVB:50:61157,Isolatorweg,61157,,1,,1624811,0,2
152361,1468,379398160,GVB:50:61231,Gein,61231,,0,,1624809,0,2
152361,1468,379398161,GVB:50:61261,Isolatorweg,61261,,1,,1624811,0,2
152361,1468,379398162,GVB:50:61315,Gein,61315,,0,,1624809,0,2
152361,1468,379398163,GVB:50:61203,Isolatorweg,61203,,1,,1624811,0,2
152361,1468,379398164,GVB:50:61158,Gein,61158,,0,,1624809,0,2
152361,1468,379398165,GVB:50:61125,Isolatorweg,61125,,1,,1624811,0,2
152361,1468,379398166,GVB:50:61262,Gein,61262,,0,,1624809,0,2
152361,1468,379398167,GVB:50:61232,Isolatorweg,61232,,1,,1624811,0,2
152361,1468,379398168,GVB:50:61204,Gein,61204,,0,,1624809,0,2
152361,1468,379398169,GVB:50:61316,Isolatorweg,61316,,1,,1624811,0,2
152361,1468,379398170,GVB:50:61126,Gein,61126,,0,,1624809,0,2
152361,1468,379398171,GVB:50:61159,Isolatorweg,61159,,1,,1624811,0,2
152361,1468,379398172,GVB:50:61233,Gein,61233,,0,,1624809,0,2
152361,1468,379398173,GVB:50:61263,Isolatorweg,61263,,1,,1624811,0,2
152361,1468,379398174,GVB:50:61317,Gein,61317,,0,,1624809,0,2
152361,1468,379398175,GVB:50:61205,Isolatorweg,61205,,1,,1624811,0,2
152361,1468,379398176,GVB:50:61160,Gein,61160,,0,,1624809,0,2
152361,1468,379398177,GVB:50:61127,Isolatorweg,61127,,1,,1624811,0,2
152361,1468,379398178,GVB:50:61264,Gein,61264,,0,,1624809,0,2
152361,1468,379398179,GVB:50:61234,Isolatorweg,61234,,1,,1624811,0,2
152361,1468,379398180,GVB:50:61206,Gein,61206,,0,,1624809,0,2
152361,1468,379398181,GVB:50:61318,Isolatorweg,61318,,1,,1624811,0,2
152361,1468,379398182,GVB:50:61128,Gein,61128,,0,,1624809,0,2
152361,1468,379398183,GVB:50:61265,Isolatorweg,61265,,1,,1624811,0,2
152361,3862,379418436,GVB:50:60844,Gaasperplas,60844,,0,,1624826,0,2
152361,3862,379418437,GVB:50:60767,Isolatorweg,60767,,1,,1584529,0,2
152361,3862,379418438,GVB:50:60870,Gaasperplas,60870,,0,,1624824,0,2
152361,3862,379418439,GVB:50:60690,Isolatorweg,60690,,1,,1584529,0,2
152361,3862,379418440,GVB:50:60741,Isolatorweg,60741,,1,,1624829,0,2
152361,3862,379418441,GVB:50:60768,Gaasperplas,60768,,0,,1624826,0,2
152361,3862,379418442,GVB:50:60818,Isolatorweg,60818,,1,,1584529,0,2
152361,3862,379418443,GVB:50:60793,Isolatorweg,60793,,1,,1624829,0,2
152361,3862,379418444,GVB:50:60691,Gaasperplas,60691,,0,,1624824,0,2
152361,3862,379418445,GVB:50:60716,Isolatorweg,60716,,1,,1624829,0,2
152361,3862,379418446,GVB:50:60819,Gaasperplas,60819,,0,,1624826,0,2
152361,3862,379418447,GVB:50:60845,Isolatorweg,60845,,1,,1624830,0,2
152361,3862,379418448,GVB:50:60742,Gaasperplas,60742,,0,,1624824,0,2
152361,3862,379418449,GVB:50:60871,Isolatorweg,60871,,1,,1624829,0,2
152361,3862,379418450,GVB:50:60794,Gaasperplas,60794,,0,,1624826,0,2
152361,3862,379418451,GVB:50:60769,Isolatorweg,60769,,1,,1624830,0,2
152361,3862,379418452,GVB:50:60717,Gaasperplas,60717,,0,,1624824,0,2
152361,3862,379418453,GVB:50:60692,Isolatorweg,60692,,1,,1624829,0,2
152361,3862,379418454,GVB:50:60846,Gaasperplas,60846,,0,,1624826,0,2
152361,3862,379418455,GVB:50:60820,Isolatorweg,60820,,1,,1624830,0,2
152361,3862,379418456,GVB:50:60872,Gaasperplas,60872,,0,,1624824,0,2
152361,3862,379418457,GVB:50:60743,Isolatorweg,60743,,1,,1624829,0,2
152361,3862,379418458,GVB:50:60770,Gaasperplas,60770,,0,,1624826,0,2
152361,3862,379418459,GVB:50:60795,Isolatorweg,60795,,1,,1624830,0,2
152361,3862,379418460,GVB:50:60693,Gaasperplas,60693,,0,,1624824,0,2
152361,3862,379418461,GVB:50:60718,Isolatorweg,60718,,1,,1624829,0,2
152361,3862,379418462,GVB:50:60821,Gaasperplas,60821,,0,,1624826,0,2
152361,3862,379418463,GVB:50:60847,Isolatorweg,60847,,1,,1624830,0,2
152361,3862,379418464,GVB:50:60744,Gaasperplas,60744,,0,,1624824,0,2
152361,3862,379418465,GVB:50:60873,Isolatorweg,60873,,1,,1624829,0,2
152361,3862,379418466,GVB:50:60796,Gaasperplas,60796,,0,,1624826,0,2
152361,3862,379418467,GVB:50:60771,Isolatorweg,60771,,1,,1624830,0,2
152361,3862,379418468,GVB:50:60719,Gaasperplas,60719,,0,,1624824,0,2
152361,3862,379418469,GVB:50:60694,Isolatorweg,60694,,1,,1624829,0,2
152361,3862,379418470,GVB:50:60848,Gaasperplas,60848,,0,,1624826,0,2
152361,3862,379418471,GVB:50:60822,Isolatorweg,60822,,1,,1624830,0,2
152361,3862,379418472,GVB:50:60874,Gaasperplas,60874,,0,,1624824,0,2
152361,3862,379418473,GVB:50:60745,Isolatorweg,60745,,1,,1624829,0,2
152361,3862,379418474,GVB:50:60772,Gaasperplas,60772,,0,,1624826,0,2
152361,3862,379418475,GVB:50:60797,Isolatorweg,60797,,1,,1624830,0,2
152361,3862,379418476,GVB:50:60695,Gaasperplas,60695,,0,,1624824,0,2
152361,3862,379418477,GVB:50:60720,Isolatorweg,60720,,1,,1624829,0,2
152361,3862,379418478,GVB:50:60823,Gaasperplas,60823,,0,,1624826,0,2
152361,3862,379418479,GVB:50:60849,Isolatorweg,60849,,1,,1624830,0,2
152361,3862,379418480,GVB:50:60746,Gaasperplas,60746,,0,,1624824,0,2
152361,3862,379418481,GVB:50:60875,Isolatorweg,60875,,1,,1624829,0,2
152361,3862,379418482,GVB:50:60798,Gaasperplas,60798,,0,,1624826,0,2
152361,3862,379418483,GVB:50:60773,Isolatorweg,60773,,1,,1624830,0,2
152361,3862,379418484,GVB:50:60721,Gaasperplas,60721,,0,,1624824,0,2
152361,3862,379418485,GVB:50:60696,Isolatorweg,60696,,1,,1624829,0,2
152361,3862,379418486,GVB:50:60850,Gaasperplas,60850,,0,,1624826,0,2
152361,3862,379418487,GVB:50:60824,Isolatorweg,60824,,1,,1624830,0,2
152361,3862,379418488,GVB:50:60876,Gaasperplas,60876,,0,,1624824,0,2
152361,3862,379418489,GVB:50:60747,Isolatorweg,60747,,1,,1624829,0,2
152361,3862,379418490,GVB:50:60774,Gaasperplas,60774,,0,,1624826,0,2
152361,3862,379418491,GVB:50:60799,Isolatorweg,60799,,1,,1624830,0,2
152361,3862,379418492,GVB:50:60697,Gaasperplas,60697,,0,,1624824,0,2
152361,3862,379418493,GVB:50:60722,Isolatorweg,60722,,1,,1624829,0,2
152361,3862,379418494,GVB:50:60825,Gaasperplas,60825,,0,,1624826,0,2
152361,3862,379418495,GVB:50:60851,Isolatorweg,60851,,1,,1624830,0,2
152361,3862,379418496,GVB:50:60748,Gaasperplas,60748,,0,,1624824,0,2
152361,3862,379418497,GVB:50:60877,Isolatorweg,60877,,1,,1624829,0,2
152361,3862,379418498,GVB:50:60800,Gaasperplas,60800,,0,,1624826,0,2
152361,3862,379418499,GVB:50:60775,Isolatorweg,60775,,1,,1624830,0,2
152361,3862,379418500,GVB:50:60723,Gaasperplas,60723,,0,,1624824,0,2
152361,3862,379418501,GVB:50:60698,Isolatorweg,60698,,1,,1624829,0,2
152361,3862,379418502,GVB:50:60852,Gaasperplas,60852,,0,,1624826,0,2
152361,3862,379418503,GVB:50:60826,Isolatorweg,60826,,1,,1624830,0,2
152361,3862,379418504,GVB:50:60878,Gaasperplas,60878,,0,,1624824,0,2
152361,3862,379418505,GVB:50:60749,Isolatorweg,60749,,1,,1624829,0,2
152361,3862,379418506,GVB:50:60776,Gaasperplas,60776,,0,,1624826,0,2
152361,3862,379418507,GVB:50:60801,Isolatorweg,60801,,1,,1624830,0,2
152361,3862,379418508,GVB:50:60699,Gaasperplas,60699,,0,,1624824,0,2
152361,3862,379418509,GVB:50:60724,Isolatorweg,60724,,1,,1624829,0,2
152361,3862,379418510,GVB:50:60827,Gaasperplas,60827,,0,,1624826,0,2
152361,3862,379418511,GVB:50:60853,Isolatorweg,60853,,1,,1624830,0,2
152361,3862,379418512,GVB:50:60750,Gaasperplas,60750,,0,,1624824,0,2
152361,3862,379418513,GVB:50:60879,Isolatorweg,60879,,1,,1624829,0,2
152361,3862,379418514,GVB:50:60802,Gaasperplas,60802,,0,,1624826,0,2
152361,3862,379418515,GVB:50:60777,Isolatorweg,60777,,1,,1624830,0,2
152361,3862,379418516,GVB:50:60725,Gaasperplas,60725,,0,,1624824,0,2
152361,3862,379418517,GVB:50:60700,Isolatorweg,60700,,1,,1624829,0,2
152361,3862,379418518,GVB:50:60854,Gaasperplas,60854,,0,,1624826,0,2
152361,3862,379418519,GVB:50:60828,Isolatorweg,60828,,1,,1624830,0,2
152361,3862,379418520,GVB:50:60880,Gaasperplas,60880,,0,,1624824,0,2
152361,3862,379418521,GVB:50:60751,Isolatorweg,60751,,1,,1624829,0,2
152361,3862,379418522,GVB:50:60778,Gaasperplas,60778,,0,,1624826,0,2
152361,3862,379418523,GVB:50:60803,Isolatorweg,60803,,1,,1624830,0,2
152361,3862,379418524,GVB:50:60701,Gaasperplas,60701,,0,,1624824,0,2
152361,3862,379418525,GVB:50:60726,Isolatorweg,60726,,1,,1624829,0,2
152361,3862,379418526,GVB:50:60829,Gaasperplas,60829,,0,,1624826,0,2
152361,3862,379418527,GVB:50:60855,Isolatorweg,60855,,1,,1624830,0,2
152361,3862,379418528,GVB:50:60752,Gaasperplas,60752,,0,,1624824,0,2
152361,3862,379418529,GVB:50:60881,Isolatorweg,60881,,1,,1624829,0,2
152361,3862,379418530,GVB:50:60804,Gaasperplas,60804,,0,,1624826,0,2
152361,3862,379418531,GVB:50:60779,Isolatorweg,60779,,1,,1624830,0,2
152361,3862,379418532,GVB:50:60727,Gaasperplas,60727,,0,,1624824,0,2
152361,3862,379418533,GVB:50:60702,Isolatorweg,60702,,1,,1624829,0,2
152361,3862,379418534,GVB:50:60856,Gaasperplas,60856,,0,,1624826,0,2
152361,3862,379418535,GVB:50:60830,Isolatorweg,60830,,1,,1624830,0,2
152361,3862,379418536,GVB:50:60882,Gaasperplas,60882,,0,,1624824,0,2
152361,3862,379418537,GVB:50:60753,Isolatorweg,60753,,1,,1624829,0,2
152361,3862,379418538,GVB:50:60780,Gaasperplas,60780,,0,,1624826,0,2
152361,3862,379418539,GVB:50:60805,Isolatorweg,60805,,1,,1624830,0,2
152361,3862,379418540,GVB:50:60703,Gaasperplas,60703,,0,,1624824,0,2
152361,3862,379418541,GVB:50:60728,Isolatorweg,60728,,1,,1624829,0,2
152361,3862,379418542,GVB:50:60831,Gaasperplas,60831,,0,,1624826,0,2
152361,3862,379418543,GVB:50:60857,Isolatorweg,60857,,1,,1624830,0,2
152361,3862,379418544,GVB:50:60754,Gaasperplas,60754,,0,,1624824,0,2
152361,3862,379418545,GVB:50:60883,Isolatorweg,60883,,1,,1624829,0,2
152361,3862,379418546,GVB:50:60806,Gaasperplas,60806,,0,,1624826,0,2
152361,3862,379418547,GVB:50:60781,Isolatorweg,60781,,1,,1624830,0,2
152361,3862,379418548,GVB:50:60729,Gaasperplas,60729,,0,,1624824,0,2
152361,3862,379418549,GVB:50:60704,Isolatorweg,60704,,1,,1624829,0,2
152361,3862,379418550,GVB:50:60858,Gaasperplas,60858,,0,,1624826,0,2
152361,3862,379418551,GVB:50:60832,Isolatorweg,60832,,1,,1624830,0,2
152361,3862,379418552,GVB:50:60884,Gaasperplas,60884,,0,,1624824,0,2
152361,3862,379418553,GVB:50:60755,Isolatorweg,60755,,1,,1624829,0,2
152361,3862,379418554,GVB:50:60782,Gaasperplas,60782,,0,,1624826,0,2
152361,3862,379418555,GVB:50:60807,Isolatorweg,60807,,1,,1624830,0,2
152361,3862,379418556,GVB:50:60705,Gaasperplas,60705,,0,,1624824,0,2
152361,3862,379418557,GVB:50:60730,Isolatorweg,60730,,1,,1624829,0,2
152361,3862,379418558,GVB:50:60833,Gaasperplas,60833,,0,,1624826,0,2
152361,3862,379418559,GVB:50:60859,Isolatorweg,60859,,1,,1624830,0,2
152361,3862,379418560,GVB:50:60756,Gaasperplas,60756,,0,,1624824,0,2
152361,3862,379418561,GVB:50:60885,Isolatorweg,60885,,1,,1624829,0,2
152361,3862,379418562,GVB:50:60808,Gaasperplas,60808,,0,,1624826,0,2
152361,3862,379418563,GVB:50:60783,Isolatorweg,60783,,1,,1624830,0,2
152361,3862,379418564,GVB:50:60731,Gaasperplas,60731,,0,,1624824,0,2
152361,3862,379418565,GVB:50:60706,Isolatorweg,60706,,1,,1624829,0,2
152361,3862,379418566,GVB:50:60860,Gaasperplas,60860,,0,,1624826,0,2
152361,3862,379418567,GVB:50:60834,Isolatorweg,60834,,1,,1624830,0,2
152361,3862,379418568,GVB:50:60886,Gaasperplas,60886,,0,,1624824,0,2
152361,3862,379418569,GVB:50:60757,Isolatorweg,60757,,1,,1624829,0,2
152361,3862,379418570,GVB:50:60784,Gaasperplas,60784,,0,,1624826,0,2
152361,3862,379418571,GVB:50:60809,Isolatorweg,60809,,1,,1624830,0,2
152361,3862,379418572,GVB:50:60707,Gaasperplas,60707,,0,,1624824,0,2
152361,3862,379418573,GVB:50:60732,Isolatorweg,60732,,1,,1624829,0,2
152361,3862,379418574,GVB:50:60835,Gaasperplas,60835,,0,,1624826,0,2
152361,3862,379418575,GVB:50:60861,Isolatorweg,60861,,1,,1624830,0,2
152361,3862,379418576,GVB:50:60758,Gaasperplas,60758,,0,,1624824,0,2
152361,3862,379418577,GVB:50:60887,Isolatorweg,60887,,1,,1624829,0,2
152361,3862,379418578,GVB:50:60810,Gaasperplas,60810,,0,,1624826,0,2
152361,3862,379418579,GVB:50:60785,Isolatorweg,60785,,1,,1624830,0,2
152361,3862,379418580,GVB:50:60733,Gaasperplas,60733,,0,,1624824,0,2
152361,3862,379418581,GVB:50:60708,Isolatorweg,60708,,1,,1624829,0,2
152361,3862,379418582,GVB:50:60862,Gaasperplas,60862,,0,,1624826,0,2
152361,3862,379418583,GVB:50:60836,Isolatorweg,60836,,1,,1624830,0,2
152361,3862,379418584,GVB:50:60888,Gaasperplas,60888,,0,,1624824,0,2
152361,3862,379418585,GVB:50:60759,Isolatorweg,60759,,1,,1624829,0,2
152361,3862,379418586,GVB:50:60786,Gaasperplas,60786,,0,,1624826,0,2
152361,3862,379418587,GVB:50:60811,Isolatorweg,60811,,1,,1624830,0,2
152361,3862,379418588,GVB:50:60709,Gaasperplas,60709,,0,,1624824,0,2
152361,3862,379418589,GVB:50:60734,Isolatorweg,60734,,1,,1624829,0,2
152361,3862,379418590,GVB:50:60837,Gaasperplas,60837,,0,,1624826,0,2
152361,3862,379418591,GVB:50:60863,Isolatorweg,60863,,1,,1624830,0,2
152361,3862,379418592,GVB:50:60760,Gaasperplas,60760,,0,,1624824,0,2
152361,3862,379418593,GVB:50:60889,Isolatorweg,60889,,1,,1624829,0,2
152361,3862,379418594,GVB:50:60812,Gaasperplas,60812,,0,,1624826,0,2
152361,3862,379418595,GVB:50:60787,Isolatorweg,60787,,1,,1624830,0,2
152361,3862,379418596,GVB:50:60735,Gaasperplas,60735,,0,,1624824,0,2
152361,3862,379418597,GVB:50:60710,Isolatorweg,60710,,1,,1624829,0,2
152361,3862,379418598,GVB:50:60864,Gaasperplas,60864,,0,,1624826,0,2
152361,3862,379418599,GVB:50:60838,Isolatorweg,60838,,1,,1624830,0,2
152361,3862,379418600,GVB:50:60890,Gaasperplas,60890,,0,,1624824,0,2
152361,3862,379418601,GVB:50:60761,Isolatorweg,60761,,1,,1624829,0,2
152361,3862,379418602,GVB:50:60788,Gaasperplas,60788,,0,,1624826,0,2
152361,3862,379418603,GVB:50:60813,Isolatorweg,60813,,1,,1624830,0,2
152361,3862,379418604,GVB:50:60711,Gaasperplas,60711,,0,,1624824,0,2
152361,3862,379418605,GVB:50:60736,Isolatorweg,60736,,1,,1624829,0,2
152361,3862,379418606,GVB:50:60839,Gaasperplas,60839,,0,,1624826,0,2
152361,3862,379418607,GVB:50:60865,Isolatorweg,60865,,1,,1624830,0,2
152361,3862,379418608,GVB:50:60762,Gaasperplas,60762,,0,,1624824,0,2
152361,3862,379418609,GVB:50:60891,Isolatorweg,60891,,1,,1624829,0,2
152361,3862,379418610,GVB:50:60814,Gaasperplas,60814,,0,,1624826,0,2
152361,3862,379418611,GVB:50:60789,Isolatorweg,60789,,1,,1624830,0,2
152361,3862,379418612,GVB:50:60737,Gaasperplas,60737,,0,,1624824,0,2
152361,3862,379418613,GVB:50:60712,Isolatorweg,60712,,1,,1624829,0,2
152361,3862,379418614,GVB:50:60866,Gaasperplas,60866,,0,,1624826,0,2
152361,3862,379418615,GVB:50:60840,Isolatorweg,60840,,1,,1624830,0,2
152361,3862,379418616,GVB:50:60892,Gaasperplas,60892,,0,,1624824,0,2
152361,3862,379418617,GVB:50:60763,Isolatorweg,60763,,1,,1624829,0,2
152361,3862,379418618,GVB:50:60790,Gaasperplas,60790,,0,,1624826,0,2
152361,3862,379418619,GVB:50:60815,Isolatorweg,60815,,1,,1624830,0,2
152361,3862,379418620,GVB:50:60713,Gaasperplas,60713,,0,,1624826,0,2
152361,3862,379418621,GVB:50:60738,Isolatorweg,60738,,1,,1624829,0,2
152361,3862,379418622,GVB:50:60867,Isolatorweg,60867,,1,,1624830,0,2
152361,3877,379424122,GVB:50:62142,Gaasperplas,62142,,0,,1624824,0,1
152361,3877,379424123,GVB:50:62040,Isolatorweg,62040,,1,,1584529,0,1
152361,3877,379424124,GVB:50:62193,Gaasperplas,62193,,0,,1624826,0,1
152361,3877,379424125,GVB:50:62116,Isolatorweg,62116,,1,,1584529,0,1
152361,3877,379424126,GVB:50:62091,Isolatorweg,62091,,1,,1624829,0,1
152361,3877,379424127,GVB:50:62041,Gaasperplas,62041,,0,,1624824,0,1
152361,3877,379424128,GVB:50:62167,Isolatorweg,62167,,1,,1584529,0,1
152361,3877,379424129,GVB:50:62066,Isolatorweg,62066,,1,,1624829,0,1
152361,3877,379424130,GVB:50:62117,Gaasperplas,62117,,0,,1624826,0,1
152361,3877,379424131,GVB:50:62218,Isolatorweg,62218,,1,,1624830,0,1
152361,3877,379424132,GVB:50:62168,Gaasperplas,62168,,0,,1624824,0,1
152361,3877,379424133,GVB:50:62143,Isolatorweg,62143,,1,,1624829,0,1
152361,3877,379424134,GVB:50:62092,Gaasperplas,62092,,0,,1624826,0,1
152361,3877,379424135,GVB:50:62194,Isolatorweg,62194,,1,,1624830,0,1
152361,3877,379424136,GVB:50:62067,Gaasperplas,62067,,0,,1624824,0,1
152361,3877,379424137,GVB:50:62042,Isolatorweg,62042,,1,,1624829,0,1
152361,3877,379424138,GVB:50:62219,Gaasperplas,62219,,0,,1624826,0,1
152361,3877,379424139,GVB:50:62118,Isolatorweg,62118,,1,,1624830,0,1
152361,3877,379424140,GVB:50:62144,Gaasperplas,62144,,0,,1624824,0,1
152361,3877,379424141,GVB:50:62169,Isolatorweg,62169,,1,,1624829,0,1
152361,3877,379424142,GVB:50:62195,Gaasperplas,62195,,0,,1624826,0,1
152361,3877,379424143,GVB:50:62093,Isolatorweg,62093,,1,,1624830,0,1
152361,3877,379424144,GVB:50:62043,Gaasperplas,62043,,0,,1624824,0,1
152361,3877,379424145,GVB:50:62068,Isolatorweg,62068,,1,,1624829,0,1
152361,3877,379424146,GVB:50:62119,Gaasperplas,62119,,0,,1624826,0,1
152361,3877,379424147,GVB:50:62220,Isolatorweg,62220,,1,,1624830,0,1
152361,3877,379424148,GVB:50:62170,Gaasperplas,62170,,0,,1624824,0,1
152361,3877,379424149,GVB:50:62145,Isolatorweg,62145,,1,,1624829,0,1
152361,3877,379424150,GVB:50:62094,Gaasperplas,62094,,0,,1624826,0,1
152361,3877,379424151,GVB:50:62196,Isolatorweg,62196,,1,,1624830,0,1
152361,3877,379424152,GVB:50:62069,Gaasperplas,62069,,0,,1624824,0,1
152361,3877,379424153,GVB:50:62044,Isolatorweg,62044,,1,,1624829,0,1
152361,3877,379424154,GVB:50:62221,Gaasperplas,62221,,0,,1624826,0,1
152361,3877,379424155,GVB:50:62120,Isolatorweg,62120,,1,,1624830,0,1
152361,3877,379424156,GVB:50:62146,Gaasperplas,62146,,0,,1624824,0,1
152361,3877,379424157,GVB:50:62171,Isolatorweg,62171,,1,,1624829,0,1
152361,3877,379424158,GVB:50:62197,Gaasperplas,62197,,0,,1624826,0,1
152361,3877,379424159,GVB:50:62095,Isolatorweg,62095,,1,,1624830,0,1
152361,3877,379424160,GVB:50:62045,Gaasperplas,62045,,0,,1624824,0,1
152361,3877,379424161,GVB:50:62070,Isolatorweg,62070,,1,,1624829,0,1
152361,3877,379424162,GVB:50:62121,Gaasperplas,62121,,0,,1624826,0,1
152361,3877,379424163,GVB:50:62222,Isolatorweg,62222,,1,,1624830,0,1
152361,3877,379424164,GVB:50:62172,Gaasperplas,62172,,0,,1624824,0,1
152361,3877,379424165,GVB:50:62147,Isolatorweg,62147,,1,,1624829,0,1
152361,3877,379424166,GVB:50:62096,Gaasperplas,62096,,0,,1624826,0,1
152361,3877,379424167,GVB:50:62198,Isolatorweg,62198,,1,,1624830,0,1
152361,3877,379424168,GVB:50:62071,Gaasperplas,62071,,0,,1624824,0,1
152361,3877,379424169,GVB:50:62046,Isolatorweg,62046,,1,,1624829,0,1
152361,3877,379424170,GVB:50:62223,Gaasperplas,62223,,0,,1624826,0,1
152361,3877,379424171,GVB:50:62122,Isolatorweg,62122,,1,,1624830,0,1
152361,3877,379424172,GVB:50:62148,Gaasperplas,62148,,0,,1624824,0,1
152361,3877,379424173,GVB:50:62173,Isolatorweg,62173,,1,,1624829,0,1
152361,3877,379424174,GVB:50:62199,Gaasperplas,62199,,0,,1624826,0,1
152361,3877,379424175,GVB:50:62097,Isolatorweg,62097,,1,,1624830,0,1
152361,3877,379424176,GVB:50:62047,Gaasperplas,62047,,0,,1624824,0,1
152361,3877,379424177,GVB:50:62072,Isolatorweg,62072,,1,,1624829,0,1
152361,3877,379424178,GVB:50:62123,Gaasperplas,62123,,0,,1624826,0,1
152361,3877,379424179,GVB:50:62224,Isolatorweg,62224,,1,,1624830,0,1
152361,3877,379424180,GVB:50:62174,Gaasperplas,62174,,0,,1624824,0,1
152361,3877,379424181,GVB:50:62149,Isolatorweg,62149,,1,,1624829,0,1
152361,3877,379424182,GVB:50:62098,Gaasperplas,62098,,0,,1624826,0,1
152361,3877,379424183,GVB:50:62200,Isolatorweg,62200,,1,,1624830,0,1
152361,3877,379424184,GVB:50:62073,Gaasperplas,62073,,0,,1624824,0,1
152361,3877,379424185,GVB:50:62048,Isolatorweg,62048,,1,,1624829,0,1
152361,3877,379424186,GVB:50:62225,Gaasperplas,62225,,0,,1624826,0,1
152361,3877,379424187,GVB:50:62124,Isolatorweg,62124,,1,,1624830,0,1
152361,3877,379424188,GVB:50:62150,Gaasperplas,62150,,0,,1624824,0,1
152361,3877,379424189,GVB:50:62175,Isolatorweg,62175,,1,,1624829,0,1
152361,3877,379424190,GVB:50:62201,Gaasperplas,62201,,0,,1624826,0,1
152361,3877,379424191,GVB:50:62099,Isolatorweg,62099,,1,,1624830,0,1
152361,3877,379424192,GVB:50:62049,Gaasperplas,62049,,0,,1624824,0,1
152361,3877,379424193,GVB:50:62074,Isolatorweg,62074,,1,,1624829,0,1
152361,3877,379424194,GVB:50:62125,Gaasperplas,62125,,0,,1624826,0,1
152361,3877,379424195,GVB:50:62226,Isolatorweg,62226,,1,,1624830,0,1
152361,3877,379424196,GVB:50:62176,Gaasperplas,62176,,0,,1624824,0,1
152361,3877,379424197,GVB:50:62151,Isolatorweg,62151,,1,,1624829,0,1
152361,3877,379424198,GVB:50:62100,Gaasperplas,62100,,0,,1624826,0,1
152361,3877,379424199,GVB:50:62202,Isolatorweg,62202,,1,,1624830,0,1
152361,3877,379424200,GVB:50:62075,Gaasperplas,62075,,0,,1624824,0,1
152361,3877,379424201,GVB:50:62050,Isolatorweg,62050,,1,,1624829,0,1
152361,3877,379424202,GVB:50:62227,Gaasperplas,62227,,0,,1624826,0,1
152361,3877,379424203,GVB:50:62126,Isolatorweg,62126,,1,,1624830,0,1
152361,3877,379424204,GVB:50:62152,Gaasperplas,62152,,0,,1624824,0,1
152361,3877,379424205,GVB:50:62177,Isolatorweg,62177,,1,,1624829,0,1
152361,3877,379424206,GVB:50:62203,Gaasperplas,62203,,0,,1624826,0,1
152361,3877,379424207,GVB:50:62101,Isolatorweg,62101,,1,,1624830,0,1
152361,3877,379424208,GVB:50:62051,Gaasperplas,62051,,0,,1624824,0,1
152361,3877,379424209,GVB:50:62076,Isolatorweg,62076,,1,,1624829,0,1
152361,3877,379424210,GVB:50:62127,Gaasperplas,62127,,0,,1624826,0,1
152361,3877,379424211,GVB:50:62228,Isolatorweg,62228,,1,,1624830,0,1
152361,3877,379424212,GVB:50:62178,Gaasperplas,62178,,0,,1624824,0,1
152361,3877,379424213,GVB:50:62153,Isolatorweg,62153,,1,,1624829,0,1
152361,3877,379424214,GVB:50:62102,Gaasperplas,62102,,0,,1624826,0,1
152361,3877,379424215,GVB:50:62204,Isolatorweg,62204,,1,,1624830,0,1
152361,3877,379424216,GVB:50:62077,Gaasperplas,62077,,0,,1624824,0,1
152361,3877,379424217,GVB:50:62052,Isolatorweg,62052,,1,,1624829,0,1
152361,3877,379424218,GVB:50:62229,Gaasperplas,62229,,0,,1624826,0,1
152361,3877,379424219,GVB:50:62128,Isolatorweg,62128,,1,,1624830,0,1
152361,3877,379424220,GVB:50:62154,Gaasperplas,62154,,0,,1624824,0,1
152361,3877,379424221,GVB:50:62179,Isolatorweg,62179,,1,,1624829,0,1
152361,3877,379424222,GVB:50:62205,Gaasperplas,62205,,0,,1624826,0,1
152361,3877,379424223,GVB:50:62103,Isolatorweg,62103,,1,,1624830,0,1
152361,3877,379424224,GVB:50:62053,Gaasperplas,62053,,0,,1624824,0,1
152361,3877,379424225,GVB:50:62078,Isolatorweg,62078,,1,,1624829,0,1
152361,3877,379424226,GVB:50:62129,Gaasperplas,62129,,0,,1624826,0,1
152361,3877,379424227,GVB:50:62230,Isolatorweg,62230,,1,,1624830,0,1
152361,3877,379424228,GVB:50:62180,Gaasperplas,62180,,0,,1624824,0,1
152361,3877,379424229,GVB:50:62155,Isolatorweg,62155,,1,,1624829,0,1
152361,3877,379424230,GVB:50:62104,Gaasperplas,62104,,0,,1624826,0,1
152361,3877,379424231,GVB:50:62206,Isolatorweg,62206,,1,,1624830,0,1
152361,3877,379424232,GVB:50:62079,Gaasperplas,62079,,0,,1624824,0,1
152361,3877,379424233,GVB:50:62054,Isolatorweg,62054,,1,,1624829,0,1
152361,3877,379424234,GVB:50:62231,Gaasperplas,62231,,0,,1624826,0,1
152361,3877,379424235,GVB:50:62130,Isolatorweg,62130,,1,,1624830,0,1
152361,3877,379424236,GVB:50:62156,Gaasperplas,62156,,0,,1624824,0,1
152361,3877,379424237,GVB:50:62181,Isolatorweg,62181,,1,,1624829,0,1
152361,3877,379424238,GVB:50:62207,Gaasperplas,62207,,0,,1624826,0,1
152361,3877,379424239,GVB:50:62105,Isolatorweg,62105,,1,,1624830,0,1
152361,3877,379424240,GVB:50:62055,Gaasperplas,62055,,0,,1624824,0,1
152361,3877,379424241,GVB:50:62080,Isolatorweg,62080,,1,,1624829,0,1
152361,3877,379424242,GVB:50:62131,Gaasperplas,62131,,0,,1624826,0,1
152361,3877,379424243,GVB:50:62232,Isolatorweg,62232,,1,,1624830,0,1
152361,3877,379424244,GVB:50:62182,Gaasperplas,62182,,0,,1624824,0,1
152361,3877,379424245,GVB:50:62157,Isolatorweg,62157,,1,,1624829,0,1
152361,3877,379424246,GVB:50:62106,Gaasperplas,62106,,0,,1624826,0,1
152361,3877,379424247,GVB:50:62208,Isolatorweg,62208,,1,,1624830,0,1
152361,3877,379424248,GVB:50:62081,Gaasperplas,62081,,0,,1624824,0,1
152361,3877,379424249,GVB:50:62056,Isolatorweg,62056,,1,,1624829,0,1
152361,3877,379424250,GVB:50:62233,Gaasperplas,62233,,0,,1624826,0,1
152361,3877,379424251,GVB:50:62132,Isolatorweg,62132,,1,,1624830,0,1
152361,3877,379424252,GVB:50:62158,Gaasperplas,62158,,0,,1624824,0,1
152361,3877,379424253,GVB:50:62183,Isolatorweg,62183,,1,,1624829,0,1
152361,3877,379424254,GVB:50:62209,Gaasperplas,62209,,0,,1624826,0,1
152361,3877,379424255,GVB:50:62107,Isolatorweg,62107,,1,,1624830,0,1
152361,3877,379424256,GVB:50:62057,Gaasperplas,62057,,0,,1624824,0,1
152361,3877,379424257,GVB:50:62082,Isolatorweg,62082,,1,,1624829,0,1
152361,3877,379424258,GVB:50:62133,Gaasperplas,62133,,0,,1624826,0,1
152361,3877,379424259,GVB:50:62234,Isolatorweg,62234,,1,,1624830,0,1
152361,3877,379424260,GVB:50:62184,Gaasperplas,62184,,0,,1624824,0,1
152361,3877,379424261,GVB:50:62159,Isolatorweg,62159,,1,,1624829,0,1
152361,3877,379424262,GVB:50:62108,Gaasperplas,62108,,0,,1624826,0,1
152361,3877,379424263,GVB:50:62210,Isolatorweg,62210,,1,,1624830,0,1
152361,3877,379424264,GVB:50:62083,Gaasperplas,62083,,0,,1624824,0,1
152361,3877,379424265,GVB:50:62058,Isolatorweg,62058,,1,,1624829,0,1
152361,3877,379424266,GVB:50:62235,Gaasperplas,62235,,0,,1624826,0,1
152361,3877,379424267,GVB:50:62134,Isolatorweg,62134,,1,,1624830,0,1
152361,3877,379424268,GVB:50:62160,Gaasperplas,62160,,0,,1624824,0,1
152361,3877,379424269,GVB:50:62185,Isolatorweg,62185,,1,,1624829,0,1
152361,3877,379424270,GVB:50:62211,Gaasperplas,62211,,0,,1624826,0,1
152361,3877,379424271,GVB:50:62109,Isolatorweg,62109,,1,,1624830,0,1
152361,3877,379424272,GVB:50:62059,Gaasperplas,62059,,0,,1624824,0,1
152361,3877,379424273,GVB:50:62084,Isolatorweg,62084,,1,,1624829,0,1
152361,3877,379424274,GVB:50:62135,Gaasperplas,62135,,0,,1624826,0,1
152361,3877,379424275,GVB:50:62236,Isolatorweg,62236,,1,,1624830,0,1
152361,3877,379424276,GVB:50:62186,Gaasperplas,62186,,0,,1624824,0,1
152361,3877,379424277,GVB:50:62161,Isolatorweg,62161,,1,,1624829,0,1
152361,3877,379424278,GVB:50:62110,Gaasperplas,62110,,0,,1624826,0,1
152361,3877,379424279,GVB:50:62212,Isolatorweg,62212,,1,,1624830,0,1
152361,3877,379424280,GVB:50:62085,Gaasperplas,62085,,0,,1624824,0,1
152361,3877,379424281,GVB:50:62060,Isolatorweg,62060,,1,,1624829,0,1
152361,3877,379424282,GVB:50:62237,Gaasperplas,62237,,0,,1624826,0,1
152361,3877,379424283,GVB:50:62136,Isolatorweg,62136,,1,,1624830,0,1
152361,3877,379424284,GVB:50:62162,Gaasperplas,62162,,0,,1624824,0,1
152361,3877,379424285,GVB:50:62187,Isolatorweg,62187,,1,,1624829,0,1
152361,3877,379424286,GVB:50:62213,Gaasperplas,62213,,0,,1624826,0,1
152361,3877,379424287,GVB:50:62111,Isolatorweg,62111,,1,,1624830,0,1
152361,3877,379424288,GVB:50:62061,Gaasperplas,62061,,0,,1624824,0,1
152361,3877,379424289,GVB:50:62086,Isolatorweg,62086,,1,,1624829,0,1
152361,3877,379424290,GVB:50:62137,Gaasperplas,62137,,0,,1624826,0,1
152361,3877,379424291,GVB:50:62238,Isolatorweg,62238,,1,,1624830,0,1
152361,3877,379424292,GVB:50:62188,Gaasperplas,62188,,0,,1624824,0,1
152361,3877,379424293,GVB:50:62163,Isolatorweg,62163,,1,,1624829,0,1
152361,3877,379424294,GVB:50:62112,Gaasperplas,62112,,0,,1624826,0,1
152361,3877,379424295,GVB:50:62214,Isolatorweg,62214,,1,,1624830,0,1
152361,3877,379424296,GVB:50:62087,Gaasperplas,62087,,0,,1624824,0,1
152361,3877,379424297,GVB:50:62062,Isolatorweg,62062,,1,,1624829,0,1
152361,3877,379424298,GVB:50:62239,Gaasperplas,62239,,0,,1624826,0,1
152361,3877,379424299,GVB:50:62138,Isolatorweg,62138,,1,,1624830,0,1
152361,3877,379424300,GVB:50:62164,Gaasperplas,62164,,0,,1624824,0,1
152361,3877,379424301,GVB:50:62189,Isolatorweg,62189,,1,,1624829,0,1
152361,3877,379424302,GVB:50:62215,Gaasperplas,62215,,0,,1624826,0,1
152361,3877,379424303,GVB:50:62113,Isolatorweg,62113,,1,,1624830,0,1
152361,3877,379424304,GVB:50:62063,Gaasperplas,62063,,0,,1624826,0,1
152361,3877,379424305,GVB:50:62088,Isolatorweg,62088,,1,,1624829,0,1
152361,3877,379424306,GVB:50:62240,Isolatorweg,62240,,1,,1624830,0,1
152361,3890,379424307,GVB:50:62804,Isolatorweg,62804,,1,,1584529,0,1
152361,3890,379424308,GVB:50:62732,Isolatorweg,62732,,1,,1584529,0,1
152361,3890,379424309,GVB:50:62829,Isolatorweg,62829,,1,,1584529,0,1
152361,3890,379424310,GVB:50:62756,Gaasperplas,62756,,0,,1624826,0,1
152361,3890,379424311,GVB:50:62684,Gaasperplas,62684,,0,,1624824,0,1
152361,3890,379424312,GVB:50:62660,Isolatorweg,62660,,1,,1624829,0,1
152361,3890,379424313,GVB:50:62805,Gaasperplas,62805,,0,,1624826,0,1
152361,3890,379424314,GVB:50:62780,Isolatorweg,62780,,1,,1624830,0,1
152361,3890,379424315,GVB:50:62733,Gaasperplas,62733,,0,,1624824,0,1
152361,3890,379424316,GVB:50:62708,Isolatorweg,62708,,1,,1624829,0,1
152361,3890,379424317,GVB:50:62830,Gaasperplas,62830,,0,,1624826,0,1
152361,3890,379424318,GVB:50:62757,Isolatorweg,62757,,1,,1624830,0,1
152361,3890,379424319,GVB:50:62661,Gaasperplas,62661,,0,,1624824,0,1
152361,3890,379424320,GVB:50:62685,Isolatorweg,62685,,1,,1624829,0,1
152361,3890,379424321,GVB:50:62781,Gaasperplas,62781,,0,,1624826,0,1
152361,3890,379424322,GVB:50:62806,Isolatorweg,62806,,1,,1624830,0,1
152361,3890,379424323,GVB:50:62709,Gaasperplas,62709,,0,,1624824,0,1
152361,3890,379424324,GVB:50:62734,Isolatorweg,62734,,1,,1624829,0,1
152361,3890,379424325,GVB:50:62758,Gaasperplas,62758,,0,,1624826,0,1
152361,3890,379424326,GVB:50:62831,Isolatorweg,62831,,1,,1624830,0,1
152361,3890,379424327,GVB:50:62686,Gaasperplas,62686,,0,,1624824,0,1
152361,3890,379424328,GVB:50:62662,Isolatorweg,62662,,1,,1624829,0,1
152361,3890,379424329,GVB:50:62807,Gaasperplas,62807,,0,,1624826,0,1
152361,3890,379424330,GVB:50:62782,Isolatorweg,62782,,1,,1624830,0,1
152361,3890,379424331,GVB:50:62735,Gaasperplas,62735,,0,,1624824,0,1
152361,3890,379424332,GVB:50:62710,Isolatorweg,62710,,1,,1624829,0,1
152361,3890,379424333,GVB:50:62832,Gaasperplas,62832,,0,,1624826,0,1
152361,3890,379424334,GVB:50:62759,Isolatorweg,62759,,1,,1624830,0,1
152361,3890,379424335,GVB:50:62663,Gaasperplas,62663,,0,,1624824,0,1
152361,3890,379424336,GVB:50:62687,Isolatorweg,62687,,1,,1624829,0,1
152361,3890,379424337,GVB:50:62783,Gaasperplas,62783,,0,,1624826,0,1
152361,3890,379424338,GVB:50:62808,Isolatorweg,62808,,1,,1624830,0,1
152361,3890,379424339,GVB:50:62711,Gaasperplas,62711,,0,,1624824,0,1
152361,3890,379424340,GVB:50:62736,Isolatorweg,62736,,1,,1624829,0,1
152361,3890,379424341,GVB:50:62760,Gaasperplas,62760,,0,,1624826,0,1
152361,3890,379424342,GVB:50:62833,Isolatorweg,62833,,1,,1624830,0,1
152361,3890,379424343,GVB:50:62688,Gaasperplas,62688,,0,,1624824,0,1
152361,3890,379424344,GVB:50:62664,Isolatorweg,62664,,1,,1624829,0,1
152361,3890,379424345,GVB:50:62809,Gaasperplas,62809,,0,,1624826,0,1
152361,3890,379424346,GVB:50:62784,Isolatorweg,62784,,1,,1624830,0,1
152361,3890,379424347,GVB:50:62737,Gaasperplas,62737,,0,,1624824,0,1
152361,3890,379424348,GVB:50:62712,Isolatorweg,62712,,1,,1624829,0,1
152361,3890,379424349,GVB:50:62834,Gaasperplas,62834,,0,,1624826,0,1
152361,3890,379424350,GVB:50:62761,Isolatorweg,62761,,1,,1624830,0,1
152361,3890,379424351,GVB:50:62665,Gaasperplas,62665,,0,,1624824,0,1
152361,3890,379424352,GVB:50:62689,Isolatorweg,62689,,1,,1624829,0,1
152361,3890,379424353,GVB:50:62785,Gaasperplas,62785,,0,,1624826,0,1
152361,3890,379424354,GVB:50:62810,Isolatorweg,62810,,1,,1624830,0,1
152361,3890,379424355,GVB:50:62713,Gaasperplas,62713,,0,,1624824,0,1
152361,3890,379424356,GVB:50:62738,Isolatorweg,62738,,1,,1624829,0,1
152361,3890,379424357,GVB:50:62762,Gaasperplas,62762,,0,,1624826,0,1
152361,3890,379424358,GVB:50:62835,Isolatorweg,62835,,1,,1624830,0,1
152361,3890,379424359,GVB:50:62690,Gaasperplas,62690,,0,,1624824,0,1
152361,3890,379424360,GVB:50:62666,Isolatorweg,62666,,1,,1624829,0,1
152361,3890,379424361,GVB:50:62811,Gaasperplas,62811,,0,,1624826,0,1
152361,3890,379424362,GVB:50:62786,Isolatorweg,62786,,1,,1624830,0,1
152361,3890,379424363,GVB:50:62739,Gaasperplas,62739,,0,,1624824,0,1
152361,3890,379424364,GVB:50:62714,Isolatorweg,62714,,1,,1624829,0,1
152361,3890,379424365,GVB:50:62836,Gaasperplas,62836,,0,,1624826,0,1
152361,3890,379424366,GVB:50:62763,Isolatorweg,62763,,1,,1624830,0,1
152361,3890,379424367,GVB:50:62667,Gaasperplas,62667,,0,,1624824,0,1
152361,3890,379424368,GVB:50:62691,Isolatorweg,62691,,1,,1624829,0,1
152361,3890,379424369,GVB:50:62787,Gaasperplas,62787,,0,,1624826,0,1
152361,3890,379424370,GVB:50:62812,Isolatorweg,62812,,1,,1624830,0,1
152361,3890,379424371,GVB:50:62715,Gaasperplas,62715,,0,,1624824,0,1
152361,3890,379424372,GVB:50:62740,Isolatorweg,62740,,1,,1624829,0,1
152361,3890,379424373,GVB:50:62764,Gaasperplas,62764,,0,,1624826,0,1
152361,3890,379424374,GVB:50:62837,Isolatorweg,62837,,1,,1624830,0,1
152361,3890,379424375,GVB:50:62692,Gaasperplas,62692,,0,,1624824,0,1
152361,3890,379424376,GVB:50:62668,Isolatorweg,62668,,1,,1624829,0,1
152361,3890,379424377,GVB:50:62813,Gaasperplas,62813,,0,,1624826,0,1
152361,3890,379424378,GVB:50:62788,Isolatorweg,62788,,1,,1624830,0,1
152361,3890,379424379,GVB:50:62741,Gaasperplas,62741,,0,,1624824,0,1
152361,3890,379424380,GVB:50:62716,Isolatorweg,62716,,1,,1624829,0,1
152361,3890,379424381,GVB:50:62838,Gaasperplas,62838,,0,,1624826,0,1
152361,3890,379424382,GVB:50:62765,Isolatorweg,62765,,1,,1624830,0,1
152361,3890,379424383,GVB:50:62669,Gaasperplas,62669,,0,,1624824,0,1
152361,3890,379424384,GVB:50:62693,Isolatorweg,62693,,1,,1624829,0,1
152361,3890,379424385,GVB:50:62789,Gaasperplas,62789,,0,,1624826,0,1
152361,3890,379424386,GVB:50:62814,Isolatorweg,62814,,1,,1624830,0,1
152361,3890,379424387,GVB:50:62717,Gaasperplas,62717,,0,,1624824,0,1
152361,3890,379424388,GVB:50:62742,Isolatorweg,62742,,1,,1624829,0,1
152361,3890,379424389,GVB:50:62766,Gaasperplas,62766,,0,,1624826,0,1
152361,3890,379424390,GVB:50:62839,Isolatorweg,62839,,1,,1624830,0,1
152361,3890,379424391,GVB:50:62694,Gaasperplas,62694,,0,,1624824,0,1
152361,3890,379424392,GVB:50:62670,Isolatorweg,62670,,1,,1624829,0,1
152361,3890,379424393,GVB:50:62815,Gaasperplas,62815,,0,,1624826,0,1
152361,3890,379424394,GVB:50:62790,Isolatorweg,62790,,1,,1624830,0,1
152361,3890,379424395,GVB:50:62743,Gaasperplas,62743,,0,,1624824,0,1
152361,3890,379424396,GVB:50:62718,Isolatorweg,62718,,1,,1624829,0,1
152361,3890,379424397,GVB:50:62840,Gaasperplas,62840,,0,,1624826,0,1
152361,3890,379424398,GVB:50:62767,Isolatorweg,62767,,1,,1624830,0,1
152361,3890,379424399,GVB:50:62671,Gaasperplas,62671,,0,,1624824,0,1
152361,3890,379424400,GVB:50:62695,Isolatorweg,62695,,1,,1624829,0,1
152361,3890,379424401,GVB:50:62791,Gaasperplas,62791,,0,,1624826,0,1
152361,3890,379424402,GVB:50:62816,Isolatorweg,62816,,1,,1624830,0,1
152361,3890,379424403,GVB:50:62719,Gaasperplas,62719,,0,,1624824,0,1
152361,3890,379424404,GVB:50:62744,Isolatorweg,62744,,1,,1624829,0,1
152361,3890,379424405,GVB:50:62768,Gaasperplas,62768,,0,,1624826,0,1
152361,3890,379424406,GVB:50:62841,Isolatorweg,62841,,1,,1624830,0,1
152361,3890,379424407,GVB:50:62696,Gaasperplas,62696,,0,,1624824,0,1
152361,3890,379424408,GVB:50:62672,Isolatorweg,62672,,1,,1624829,0,1
152361,3890,379424409,GVB:50:62817,Gaasperplas,62817,,0,,1624826,0,1
152361,3890,379424410,GVB:50:62792,Isolatorweg,62792,,1,,1624830,0,1
152361,3890,379424411,GVB:50:62745,Gaasperplas,62745,,0,,1624824,0,1
152361,3890,379424412,GVB:50:62720,Isolatorweg,62720,,1,,1624829,0,1
152361,3890,379424413,GVB:50:62842,Gaasperplas,62842,,0,,1624826,0,1
152361,3890,379424414,GVB:50:62769,Isolatorweg,62769,,1,,1624830,0,1
152361,3890,379424415,GVB:50:62673,Gaasperplas,62673,,0,,1624824,0,1
152361,3890,379424416,GVB:50:62697,Isolatorweg,62697,,1,,1624829,0,1
152361,3890,379424417,GVB:50:62793,Gaasperplas,62793,,0,,1624826,0,1
152361,3890,379424418,GVB:50:62818,Isolatorweg,62818,,1,,1624830,0,1
152361,3890,379424419,GVB:50:62721,Gaasperplas,62721,,0,,1624824,0,1
152361,3890,379424420,GVB:50:62746,Isolatorweg,62746,,1,,1624829,0,1
152361,3890,379424421,GVB:50:62770,Gaasperplas,62770,,0,,1624826,0,1
152361,3890,379424422,GVB:50:62843,Isolatorweg,62843,,1,,1624830,0,1
152361,3890,379424423,GVB:50:62698,Gaasperplas,62698,,0,,1624824,0,1
152361,3890,379424424,GVB:50:62674,Isolatorweg,62674,,1,,1624829,0,1
152361,3890,379424425,GVB:50:62819,Gaasperplas,62819,,0,,1624826,0,1
152361,3890,379424426,GVB:50:62794,Isolatorweg,62794,,1,,1624830,0,1
152361,3890,379424427,GVB:50:62747,Gaasperplas,62747,,0,,1624824,0,1
152361,3890,379424428,GVB:50:62722,Isolatorweg,62722,,1,,1624829,0,1
152361,3890,379424429,GVB:50:62844,Gaasperplas,62844,,0,,1624826,0,1
152361,3890,379424430,GVB:50:62771,Isolatorweg,62771,,1,,1624830,0,1
152361,3890,379424431,GVB:50:62675,Gaasperplas,62675,,0,,1624824,0,1
152361,3890,379424432,GVB:50:62699,Isolatorweg,62699,,1,,1624829,0,1
152361,3890,379424433,GVB:50:62795,Gaasperplas,62795,,0,,1624826,0,1
152361,3890,379424434,GVB:50:62820,Isolatorweg,62820,,1,,1624830,0,1
152361,3890,379424435,GVB:50:62723,Gaasperplas,62723,,0,,1624824,0,1
152361,3890,379424436,GVB:50:62748,Isolatorweg,62748,,1,,1624829,0,1
152361,3890,379424437,GVB:50:62772,Gaasperplas,62772,,0,,1624826,0,1
152361,3890,379424438,GVB:50:62845,Isolatorweg,62845,,1,,1624830,0,1
152361,3890,379424439,GVB:50:62700,Gaasperplas,62700,,0,,1624824,0,1
152361,3890,379424440,GVB:50:62676,Isolatorweg,62676,,1,,1624829,0,1
152361,3890,379424441,GVB:50:62821,Gaasperplas,62821,,0,,1624826,0,1
152361,3890,379424442,GVB:50:62796,Isolatorweg,62796,,1,,1624830,0,1
152361,3890,379424443,GVB:50:62749,Gaasperplas,62749,,0,,1624824,0,1
152361,3890,379424444,GVB:50:62724,Isolatorweg,62724,,1,,1624829,0,1
152361,3890,379424445,GVB:50:62846,Gaasperplas,62846,,0,,1624826,0,1
152361,3890,379424446,GVB:50:62773,Isolatorweg,62773,,1,,1624830,0,1
152361,3890,379424447,GVB:50:62677,Gaasperplas,62677,,0,,1624824,0,1
152361,3890,379424448,GVB:50:62701,Isolatorweg,62701,,1,,1624829,0,1
152361,3890,379424449,GVB:50:62797,Gaasperplas,62797,,0,,1624826,0,1
152361,3890,379424450,GVB:50:62822,Isolatorweg,62822,,1,,1624830,0,1
152361,3890,379424451,GVB:50:62725,Gaasperplas,62725,,0,,1624824,0,1
152361,3890,379424452,GVB:50:62750,Isolatorweg,62750,,1,,1624829,0,1
152361,3890,379424453,GVB:50:62774,Gaasperplas,62774,,0,,1624826,0,1
152361,3890,379424454,GVB:50:62847,Isolatorweg,62847,,1,,1624830,0,1
152361,3890,379424455,GVB:50:62702,Gaasperplas,62702,,0,,1624824,0,1
152361,3890,379424456,GVB:50:62678,Isolatorweg,62678,,1,,1624829,0,1
152361,3890,379424457,GVB:50:62823,Gaasperplas,62823,,0,,1624826,0,1
152361,3890,379424458,GVB:50:62798,Isolatorweg,62798,,1,,1624830,0,1
152361,3890,379424459,GVB:50:62751,Gaasperplas,62751,,0,,1624824,0,1
152361,3890,379424460,GVB:50:62726,Isolatorweg,62726,,1,,1624829,0,1
152361,3890,379424461,GVB:50:62848,Gaasperplas,62848,,0,,1624826,0,1
152361,3890,379424462,GVB:50:62775,Isolatorweg,62775,,1,,1624830,0,1
152361,3890,379424463,GVB:50:62679,Gaasperplas,62679,,0,,1624824,0,1
152361,3890,379424464,GVB:50:62703,Isolatorweg,62703,,1,,1624829,0,1
152361,3890,379424465,GVB:50:62799,Gaasperplas,62799,,0,,1624826,0,1
152361,3890,379424466,GVB:50:62824,Isolatorweg,62824,,1,,1624830,0,1
152361,3890,379424467,GVB:50:62727,Gaasperplas,62727,,0,,1624824,0,1
152361,3890,379424468,GVB:50:62752,Isolatorweg,62752,,1,,1624829,0,1
152361,3890,379424469,GVB:50:62776,Gaasperplas,62776,,0,,1624826,0,1
152361,3890,379424470,GVB:50:62849,Isolatorweg,62849,,1,,1624830,0,1
152361,3890,379424471,GVB:50:62704,Gaasperplas,62704,,0,,1624824,0,1
152361,3890,379424472,GVB:50:62680,Isolatorweg,62680,,1,,1624829,0,1
152361,3890,379424473,GVB:50:62825,Gaasperplas,62825,,0,,1624826,0,1
152361,3890,379424474,GVB:50:62800,Isolatorweg,62800,,1,,1624830,0,1
152361,3890,379424475,GVB:50:62753,Gaasperplas,62753,,0,,1624824,0,1
152361,3890,379424476,GVB:50:62728,Isolatorweg,62728,,1,,1624829,0,1
152361,3890,379424477,GVB:50:62850,Gaasperplas,62850,,0,,1624826,0,1
152361,3890,379424478,GVB:50:62777,Isolatorweg,62777,,1,,1624830,0,1
152361,3890,379424479,GVB:50:62681,Gaasperplas,62681,,0,,1624826,0,1
152361,3890,379424480,GVB:50:62705,Isolatorweg,62705,,1,,1624829,0,1
152361,3890,379424481,GVB:50:62826,Isolatorweg,62826,,1,,1624830,0,1
152361,3922,379424831,GVB:50:61049,Gaasperplas,61049,,0,,1624833,0,2
152361,3922,379424832,GVB:50:60972,Isolatorweg,60972,,1,,1584529,0,2
152361,3922,379424833,GVB:50:61075,Gaasperplas,61075,,0,,1624834,0,2
152361,3922,379424834,GVB:50:60895,Isolatorweg,60895,,1,,1584529,0,2
152361,3922,379424835,GVB:50:60946,Isolatorweg,60946,,1,,1624832,0,2
152361,3922,379424836,GVB:50:60973,Gaasperplas,60973,,0,,1624833,0,2
152361,3922,379424837,GVB:50:61023,Isolatorweg,61023,,1,,1584529,0,2
152361,3922,379424838,GVB:50:60998,Isolatorweg,60998,,1,,1624832,0,2
152361,3922,379424839,GVB:50:60896,Gaasperplas,60896,,0,,1624834,0,2
152361,3922,379424840,GVB:50:60921,Isolatorweg,60921,,1,,1624832,0,2
152361,3922,379424841,GVB:50:61024,Gaasperplas,61024,,0,,1624833,0,2
152361,3922,379424842,GVB:50:61050,Isolatorweg,61050,,1,,1624831,0,2
152361,3922,379424843,GVB:50:60947,Gaasperplas,60947,,0,,1624834,0,2
152361,3922,379424844,GVB:50:61076,Isolatorweg,61076,,1,,1624832,0,2
152361,3922,379424845,GVB:50:60999,Gaasperplas,60999,,0,,1624833,0,2
152361,3922,379424846,GVB:50:60974,Isolatorweg,60974,,1,,1624831,0,2
152361,3922,379424847,GVB:50:60922,Gaasperplas,60922,,0,,1624834,0,2
152361,3922,379424848,GVB:50:60897,Isolatorweg,60897,,1,,1624832,0,2
152361,3922,379424849,GVB:50:61051,Gaasperplas,61051,,0,,1624833,0,2
152361,3922,379424850,GVB:50:61025,Isolatorweg,61025,,1,,1624831,0,2
152361,3922,379424851,GVB:50:61077,Gaasperplas,61077,,0,,1624834,0,2
152361,3922,379424852,GVB:50:60948,Isolatorweg,60948,,1,,1624832,0,2
152361,3922,379424853,GVB:50:60975,Gaasperplas,60975,,0,,1624833,0,2
152361,3922,379424854,GVB:50:61000,Isolatorweg,61000,,1,,1624831,0,2
152361,3922,379424855,GVB:50:60898,Gaasperplas,60898,,0,,1624834,0,2
152361,3922,379424856,GVB:50:60923,Isolatorweg,60923,,1,,1624832,0,2
152361,3922,379424857,GVB:50:61026,Gaasperplas,61026,,0,,1624833,0,2
152361,3922,379424858,GVB:50:61052,Isolatorweg,61052,,1,,1624831,0,2
152361,3922,379424859,GVB:50:60949,Gaasperplas,60949,,0,,1624834,0,2
152361,3922,379424860,GVB:50:61078,Isolatorweg,61078,,1,,1624832,0,2
152361,3922,379424861,GVB:50:61001,Gaasperplas,61001,,0,,1624833,0,2
152361,3922,379424862,GVB:50:60976,Isolatorweg,60976,,1,,1624831,0,2
152361,3922,379424863,GVB:50:60924,Gaasperplas,60924,,0,,1624834,0,2
152361,3922,379424864,GVB:50:60899,Isolatorweg,60899,,1,,1624832,0,2
152361,3922,379424865,GVB:50:61053,Gaasperplas,61053,,0,,1624833,0,2
152361,3922,379424866,GVB:50:61027,Isolatorweg,61027,,1,,1624831,0,2
152361,3922,379424867,GVB:50:61079,Gaasperplas,61079,,0,,1624834,0,2
152361,3922,379424868,GVB:50:60950,Isolatorweg,60950,,1,,1624832,0,2
152361,3922,379424869,GVB:50:60977,Gaasperplas,60977,,0,,1624833,0,2
152361,3922,379424870,GVB:50:61002,Isolatorweg,61002,,1,,1624831,0,2
152361,3922,379424871,GVB:50:60900,Gaasperplas,60900,,0,,1624834,0,2
152361,3922,379424872,GVB:50:60925,Isolatorweg,60925,,1,,1624832,0,2
152361,3922,379424873,GVB:50:61028,Gaasperplas,61028,,0,,1624833,0,2
152361,3922,379424874,GVB:50:61054,Isolatorweg,61054,,1,,1624831,0,2
152361,3922,379424875,GVB:50:60951,Gaasperplas,60951,,0,,1624834,0,2
152361,3922,379424876,GVB:50:61080,Isolatorweg,61080,,1,,1624832,0,2
152361,3922,379424877,GVB:50:61003,Gaasperplas,61003,,0,,1624833,0,2
152361,3922,379424878,GVB:50:60978,Isolatorweg,60978,,1,,1624831,0,2
152361,3922,379424879,GVB:50:60926,Gaasperplas,60926,,0,,1624834,0,2
152361,3922,379424880,GVB:50:60901,Isolatorweg,60901,,1,,1624832,0,2
152361,3922,379424881,GVB:50:61055,Gaasperplas,61055,,0,,1624833,0,2
152361,3922,379424882,GVB:50:61029,Isolatorweg,61029,,1,,1624831,0,2
152361,3922,379424883,GVB:50:61081,Gaasperplas,61081,,0,,1624834,0,2
152361,3922,379424884,GVB:50:60952,Isolatorweg,60952,,1,,1624832,0,2
152361,3922,379424885,GVB:50:60979,Gaasperplas,60979,,0,,1624833,0,2
152361,3922,379424886,GVB:50:61004,Isolatorweg,61004,,1,,1624831,0,2
152361,3922,379424887,GVB:50:60902,Gaasperplas,60902,,0,,1624834,0,2
152361,3922,379424888,GVB:50:60927,Isolatorweg,60927,,1,,1624832,0,2
152361,3922,379424889,GVB:50:61030,Gaasperplas,61030,,0,,1624833,0,2
152361,3922,379424890,GVB:50:61056,Isolatorweg,61056,,1,,1624831,0,2
152361,3922,379424891,GVB:50:60953,Gaasperplas,60953,,0,,1624834,0,2
152361,3922,379424892,GVB:50:61082,Isolatorweg,61082,,1,,1624832,0,2
152361,3922,379424893,GVB:50:61005,Gaasperplas,61005,,0,,1624833,0,2
152361,3922,379424894,GVB:50:60980,Isolatorweg,60980,,1,,1624831,0,2
152361,3922,379424895,GVB:50:60928,Gaasperplas,60928,,0,,1624834,0,2
152361,3922,379424896,GVB:50:60903,Isolatorweg,60903,,1,,1624832,0,2
152361,3922,379424897,GVB:50:61057,Gaasperplas,61057,,0,,1624833,0,2
152361,3922,379424898,GVB:50:61031,Isolatorweg,61031,,1,,1624831,0,2
152361,3922,379424899,GVB:50:61083,Gaasperplas,61083,,0,,1624834,0,2
152361,3922,379424900,GVB:50:60954,Isolatorweg,60954,,1,,1624832,0,2
152361,3922,379424901,GVB:50:60981,Gaasperplas,60981,,0,,1624833,0,2
152361,3922,379424902,GVB:50:61006,Isolatorweg,61006,,1,,1624831,0,2
152361,3922,379424903,GVB:50:60904,Gaasperplas,60904,,0,,1624834,0,2
152361,3922,379424904,GVB:50:60929,Isolatorweg,60929,,1,,1624832,0,2
152361,3922,379424905,GVB:50:61032,Gaasperplas,61032,,0,,1624833,0,2
152361,3922,379424906,GVB:50:61058,Isolatorweg,61058,,1,,1624831,0,2
152361,3922,379424907,GVB:50:60955,Gaasperplas,60955,,0,,1624834,0,2
152361,3922,379424908,GVB:50:61084,Isolatorweg,61084,,1,,1624832,0,2
152361,3922,379424909,GVB:50:61007,Gaasperplas,61007,,0,,1624833,0,2
152361,3922,379424910,GVB:50:60982,Isolatorweg,60982,,1,,1624831,0,2
152361,3922,379424911,GVB:50:60930,Gaasperplas,60930,,0,,1624834,0,2
152361,3922,379424912,GVB:50:60905,Isolatorweg,60905,,1,,1624832,0,2
152361,3922,379424913,GVB:50:61059,Gaasperplas,61059,,0,,1624833,0,2
152361,3922,379424914,GVB:50:61033,Isolatorweg,61033,,1,,1624831,0,2
152361,3922,379424915,GVB:50:61085,Gaasperplas,61085,,0,,1624834,0,2
152361,3922,379424916,GVB:50:60956,Isolatorweg,60956,,1,,1624832,0,2
152361,3922,379424917,GVB:50:60983,Gaasperplas,60983,,0,,1624833,0,2
152361,3922,379424918,GVB:50:61008,Isolatorweg,61008,,1,,1624831,0,2
152361,3922,379424919,GVB:50:60906,Gaasperplas,60906,,0,,1624834,0,2
152361,3922,379424920,GVB:50:60931,Isolatorweg,60931,,1,,1624832,0,2
152361,3922,379424921,GVB:50:61034,Gaasperplas,61034,,0,,1624833,0,2
152361,3922,379424922,GVB:50:61060,Isolatorweg,61060,,1,,1624831,0,2
152361,3922,379424923,GVB:50:60957,Gaasperplas,60957,,0,,1624834,0,2
152361,3922,379424924,GVB:50:61086,Isolatorweg,61086,,1,,1624832,0,2
152361,3922,379424925,GVB:50:61009,Gaasperplas,61009,,0,,1624833,0,2
152361,3922,379424926,GVB:50:60984,Isolatorweg,60984,,1,,1624831,0,2
152361,3922,379424927,GVB:50:60932,Gaasperplas,60932,,0,,1624834,0,2
152361,3922,379424928,GVB:50:60907,Isolatorweg,60907,,1,,1624832,0,2
152361,3922,379424929,GVB:50:61061,Gaasperplas,61061,,0,,1624833,0,2
152361,3922,379424930,GVB:50:61035,Isolatorweg,61035,,1,,1624831,0,2
152361,3922,379424931,GVB:50:61087,Gaasperplas,61087,,0,,1624834,0,2
152361,3922,379424932,GVB:50:60958,Isolatorweg,60958,,1,,1624832,0,2
152361,3922,379424933,GVB:50:60985,Gaasperplas,60985,,0,,1624833,0,2
152361,3922,379424934,GVB:50:61010,Isolatorweg,61010,,1,,1624831,0,2
152361,3922,379424935,GVB:50:60908,Gaasperplas,60908,,0,,1624834,0,2
152361,3922,379424936,GVB:50:60933,Isolatorweg,60933,,1,,1624832,0,2
152361,3922,379424937,GVB:50:61036,Gaasperplas,61036,,0,,1624833,0,2
152361,3922,379424938,GVB:50:61062,Isolatorweg,61062,,1,,1624831,0,2
152361,3922,379424939,GVB:50:60959,Gaasperplas,60959,,0,,1624834,0,2
152361,3922,379424940,GVB:50:61088,Isolatorweg,61088,,1,,1624832,0,2
152361,3922,379424941,GVB:50:61011,Gaasperplas,61011,,0,,1624833,0,2
152361,3922,379424942,GVB:50:60986,Isolatorweg,60986,,1,,1624831,0,2
152361,3922,379424943,GVB:50:60934,Gaasperplas,60934,,0,,1624834,0,2
152361,3922,379424944,GVB:50:60909,Isolatorweg,60909,,1,,1624832,0,2
152361,3922,379424945,GVB:50:61063,Gaasperplas,61063,,0,,1624833,0,2
152361,3922,379424946,GVB:50:61037,Isolatorweg,61037,,1,,1624831,0,2
152361,3922,379424947,GVB:50:61089,Gaasperplas,61089,,0,,1624834,0,2
152361,3922,379424948,GVB:50:60960,Isolatorweg,60960,,1,,1624832,0,2
152361,3922,379424949,GVB:50:60987,Gaasperplas,60987,,0,,1624833,0,2
152361,3922,379424950,GVB:50:61012,Isolatorweg,61012,,1,,1624831,0,2
152361,3922,379424951,GVB:50:60910,Gaasperplas,60910,,0,,1624834,0,2
152361,3922,379424952,GVB:50:60935,Isolatorweg,60935,,1,,1624832,0,2
152361,3922,379424953,GVB:50:61038,Gaasperplas,61038,,0,,1624833,0,2
152361,3922,379424954,GVB:50:61064,Isolatorweg,61064,,1,,1624831,0,2
152361,3922,379424955,GVB:50:60961,Gaasperplas,60961,,0,,1624834,0,2
152361,3922,379424956,GVB:50:61090,Isolatorweg,61090,,1,,1624832,0,2
152361,3922,379424957,GVB:50:61013,Gaasperplas,61013,,0,,1624833,0,2
152361,3922,379424958,GVB:50:60988,Isolatorweg,60988,,1,,1624831,0,2
152361,3922,379424959,GVB:50:60936,Gaasperplas,60936,,0,,1624834,0,2
152361,3922,379424960,GVB:50:60911,Isolatorweg,60911,,1,,1624832,0,2
152361,3922,379424961,GVB:50:61065,Gaasperplas,61065,,0,,1624833,0,2
152361,3922,379424962,GVB:50:61039,Isolatorweg,61039,,1,,1624831,0,2
152361,3922,379424963,GVB:50:61091,Gaasperplas,61091,,0,,1624834,0,2
152361,3922,379424964,GVB:50:60962,Isolatorweg,60962,,1,,1624832,0,2
152361,3922,379424965,GVB:50:60989,Gaasperplas,60989,,0,,1624833,0,2
152361,3922,379424966,GVB:50:61014,Isolatorweg,61014,,1,,1624831,0,2
152361,3922,379424967,GVB:50:60912,Gaasperplas,60912,,0,,1624834,0,2
152361,3922,379424968,GVB:50:60937,Isolatorweg,60937,,1,,1624832,0,2
152361,3922,379424969,GVB:50:61040,Gaasperplas,61040,,0,,1624833,0,2
152361,3922,379424970,GVB:50:61066,Isolatorweg,61066,,1,,1624831,0,2
152361,3922,379424971,GVB:50:60963,Gaasperplas,60963,,0,,1624834,0,2
152361,3922,379424972,GVB:50:61092,Isolatorweg,61092,,1,,1624832,0,2
152361,3922,379424973,GVB:50:61015,Gaasperplas,61015,,0,,1624833,0,2
152361,3922,379424974,GVB:50:60990,Isolatorweg,60990,,1,,1624831,0,2
152361,3922,379424975,GVB:50:60938,Gaasperplas,60938,,0,,1624834,0,2
152361,3922,379424976,GVB:50:60913,Isolatorweg,60913,,1,,1624832,0,2
152361,3922,379424977,GVB:50:61067,Gaasperplas,61067,,0,,1624833,0,2
152361,3922,379424978,GVB:50:61041,Isolatorweg,61041,,1,,1624831,0,2
152361,3922,379424979,GVB:50:61093,Gaasperplas,61093,,0,,1624834,0,2
152361,3922,379424980,GVB:50:60964,Isolatorweg,60964,,1,,1624832,0,2
152361,3922,379424981,GVB:50:60991,Gaasperplas,60991,,0,,1624833,0,2
152361,3922,379424982,GVB:50:61016,Isolatorweg,61016,,1,,1624831,0,2
152361,3922,379424983,GVB:50:60914,Gaasperplas,60914,,0,,1624834,0,2
152361,3922,379424984,GVB:50:60939,Isolatorweg,60939,,1,,1624832,0,2
152361,3922,379424985,GVB:50:61042,Gaasperplas,61042,,0,,1624833,0,2
152361,3922,379424986,GVB:50:61068,Isolatorweg,61068,,1,,1624831,0,2
152361,3922,379424987,GVB:50:60965,Gaasperplas,60965,,0,,1624834,0,2
152361,3922,379424988,GVB:50:61094,Isolatorweg,61094,,1,,1624832,0,2
152361,3922,379424989,GVB:50:61017,Gaasperplas,61017,,0,,1624833,0,2
152361,3922,379424990,GVB:50:60992,Isolatorweg,60992,,1,,1624831,0,2
152361,3922,379424991,GVB:50:60940,Gaasperplas,60940,,0,,1624834,0,2
152361,3922,379424992,GVB:50:60915,Isolatorweg,60915,,1,,1624832,0,2
152361,3922,379424993,GVB:50:61069,Gaasperplas,61069,,0,,1624833,0,2
152361,3922,379424994,GVB:50:61043,Isolatorweg,61043,,1,,1624831,0,2
152361,3922,379424995,GVB:50:61095,Gaasperplas,61095,,0,,1624834,0,2
152361,3922,379424996,GVB:50:60966,Isolatorweg,60966,,1,,1624832,0,2
152361,3922,379424997,GVB:50:60993,Gaasperplas,60993,,0,,1624833,0,2
152361,3922,379424998,GVB:50:61018,Isolatorweg,61018,,1,,1624831,0,2
152361,3922,379424999,GVB:50:60916,Gaasperplas,60916,,0,,1624834,0,2
152361,3922,379425000,GVB:50:60941,Isolatorweg,60941,,1,,1624832,0,2
152361,3922,379425001,GVB:50:61044,Gaasperplas,61044,,0,,1624833,0,2
152361,3922,379425002,GVB:50:61070,Isolatorweg,61070,,1,,1624831,0,2
152361,3922,379425003,GVB:50:60967,Gaasperplas,60967,,0,,1624834,0,2
152361,3922,379425004,GVB:50:61096,Isolatorweg,61096,,1,,1624832,0,2
152361,3922,379425005,GVB:50:61019,Gaasperplas,61019,,0,,1624833,0,2
152361,3922,379425006,GVB:50:60994,Isolatorweg,60994,,1,,1624831,0,2
152361,3922,379425007,GVB:50:60942,Gaasperplas,60942,,0,,1624834,0,2
152361,3922,379425008,GVB:50:60917,Isolatorweg,60917,,1,,1624832,0,2
152361,3922,379425009,GVB:50:61071,Gaasperplas,61071,,0,,1624833,0,2
152361,3922,379425010,GVB:50:61045,Isolatorweg,61045,,1,,1624831,0,2
152361,3922,379425011,GVB:50:61097,Gaasperplas,61097,,0,,1624834,0,2
152361,3922,379425012,GVB:50:60968,Isolatorweg,60968,,1,,1624832,0,2
152361,3922,379425013,GVB:50:60995,Gaasperplas,60995,,0,,1624833,0,2
152361,3922,379425014,GVB:50:61020,Isolatorweg,61020,,1,,1624831,0,2
152361,3922,379425015,GVB:50:60918,Gaasperplas,60918,,0,,1624833,0,2
152361,3922,379425016,GVB:50:60943,Isolatorweg,60943,,1,,1624832,0,2
152361,3922,379425017,GVB:50:61072,Isolatorweg,61072,,1,,1624831,0,2
152361,3923,379425018,GVB:50:62345,Gaasperplas,62345,,0,,1624834,0,1
152361,3923,379425019,GVB:50:62243,Isolatorweg,62243,,1,,1584529,0,1
152361,3923,379425020,GVB:50:62396,Gaasperplas,62396,,0,,1624833,0,1
152361,3923,379425021,GVB:50:62319,Isolatorweg,62319,,1,,1584529,0,1
152361,3923,379425022,GVB:50:62294,Isolatorweg,62294,,1,,1624832,0,1
152361,3923,379425023,GVB:50:62244,Gaasperplas,62244,,0,,1624834,0,1
152361,3923,379425024,GVB:50:62370,Isolatorweg,62370,,1,,1584529,0,1
152361,3923,379425025,GVB:50:62269,Isolatorweg,62269,,1,,1624832,0,1
152361,3923,379425026,GVB:50:62320,Gaasperplas,62320,,0,,1624833,0,1
152361,3923,379425027,GVB:50:62421,Isolatorweg,62421,,1,,1624831,0,1
152361,3923,379425028,GVB:50:62371,Gaasperplas,62371,,0,,1624834,0,1
152361,3923,379425029,GVB:50:62346,Isolatorweg,62346,,1,,1624832,0,1
152361,3923,379425030,GVB:50:62295,Gaasperplas,62295,,0,,1624833,0,1
152361,3923,379425031,GVB:50:62397,Isolatorweg,62397,,1,,1624831,0,1
152361,3923,379425032,GVB:50:62270,Gaasperplas,62270,,0,,1624834,0,1
152361,3923,379425033,GVB:50:62245,Isolatorweg,62245,,1,,1624832,0,1
152361,3923,379425034,GVB:50:62422,Gaasperplas,62422,,0,,1624833,0,1
152361,3923,379425035,GVB:50:62321,Isolatorweg,62321,,1,,1624831,0,1
152361,3923,379425036,GVB:50:62347,Gaasperplas,62347,,0,,1624834,0,1
152361,3923,379425037,GVB:50:62372,Isolatorweg,62372,,1,,1624832,0,1
152361,3923,379425038,GVB:50:62398,Gaasperplas,62398,,0,,1624833,0,1
152361,3923,379425039,GVB:50:62296,Isolatorweg,62296,,1,,1624831,0,1
152361,3923,379425040,GVB:50:62246,Gaasperplas,62246,,0,,1624834,0,1
152361,3923,379425041,GVB:50:62271,Isolatorweg,62271,,1,,1624832,0,1
152361,3923,379425042,GVB:50:62322,Gaasperplas,62322,,0,,1624833,0,1
152361,3923,379425043,GVB:50:62423,Isolatorweg,62423,,1,,1624831,0,1
152361,3923,379425044,GVB:50:62373,Gaasperplas,62373,,0,,1624834,0,1
152361,3923,379425045,GVB:50:62348,Isolatorweg,62348,,1,,1624832,0,1
152361,3923,379425046,GVB:50:62297,Gaasperplas,62297,,0,,1624833,0,1
152361,3923,379425047,GVB:50:62399,Isolatorweg,62399,,1,,1624831,0,1
152361,3923,379425048,GVB:50:62272,Gaasperplas,62272,,0,,1624834,0,1
152361,3923,379425049,GVB:50:62247,Isolatorweg,62247,,1,,1624832,0,1
152361,3923,379425050,GVB:50:62424,Gaasperplas,62424,,0,,1624833,0,1
152361,3923,379425051,GVB:50:62323,Isolatorweg,62323,,1,,1624831,0,1
152361,3923,379425052,GVB:50:62349,Gaasperplas,62349,,0,,1624834,0,1
152361,3923,379425053,GVB:50:62374,Isolatorweg,62374,,1,,1624832,0,1
152361,3923,379425054,GVB:50:62400,Gaasperplas,62400,,0,,1624833,0,1
152361,3923,379425055,GVB:50:62298,Isolatorweg,62298,,1,,1624831,0,1
152361,3923,379425056,GVB:50:62248,Gaasperplas,62248,,0,,1624834,0,1
152361,3923,379425057,GVB:50:62273,Isolatorweg,62273,,1,,1624832,0,1
152361,3923,379425058,GVB:50:62324,Gaasperplas,62324,,0,,1624833,0,1
152361,3923,379425059,GVB:50:62425,Isolatorweg,62425,,1,,1624831,0,1
152361,3923,379425060,GVB:50:62375,Gaasperplas,62375,,0,,1624834,0,1
152361,3923,379425061,GVB:50:62350,Isolatorweg,62350,,1,,1624832,0,1
152361,3923,379425062,GVB:50:62299,Gaasperplas,62299,,0,,1624833,0,1
152361,3923,379425063,GVB:50:62401,Isolatorweg,62401,,1,,1624831,0,1
152361,3923,379425064,GVB:50:62274,Gaasperplas,62274,,0,,1624834,0,1
152361,3923,379425065,GVB:50:62249,Isolatorweg,62249,,1,,1624832,0,1
152361,3923,379425066,GVB:50:62426,Gaasperplas,62426,,0,,1624833,0,1
152361,3923,379425067,GVB:50:62325,Isolatorweg,62325,,1,,1624831,0,1
152361,3923,379425068,GVB:50:62351,Gaasperplas,62351,,0,,1624834,0,1
152361,3923,379425069,GVB:50:62376,Isolatorweg,62376,,1,,1624832,0,1
152361,3923,379425070,GVB:50:62402,Gaasperplas,62402,,0,,1624833,0,1
152361,3923,379425071,GVB:50:62300,Isolatorweg,62300,,1,,1624831,0,1
152361,3923,379425072,GVB:50:62250,Gaasperplas,62250,,0,,1624834,0,1
152361,3923,379425073,GVB:50:62275,Isolatorweg,62275,,1,,1624832,0,1
152361,3923,379425074,GVB:50:62326,Gaasperplas,62326,,0,,1624833,0,1
152361,3923,379425075,GVB:50:62427,Isolatorweg,62427,,1,,1624831,0,1
152361,3923,379425076,GVB:50:62377,Gaasperplas,62377,,0,,1624834,0,1
152361,3923,379425077,GVB:50:62352,Isolatorweg,62352,,1,,1624832,0,1
152361,3923,379425078,GVB:50:62301,Gaasperplas,62301,,0,,1624833,0,1
152361,3923,379425079,GVB:50:62403,Isolatorweg,62403,,1,,1624831,0,1
152361,3923,379425080,GVB:50:62276,Gaasperplas,62276,,0,,1624834,0,1
152361,3923,379425081,GVB:50:62251,Isolatorweg,62251,,1,,1624832,0,1
152361,3923,379425082,GVB:50:62428,Gaasperplas,62428,,0,,1624833,0,1
152361,3923,379425083,GVB:50:62327,Isolatorweg,62327,,1,,1624831,0,1
152361,3923,379425084,GVB:50:62353,Gaasperplas,62353,,0,,1624834,0,1
152361,3923,379425085,GVB:50:62378,Isolatorweg,62378,,1,,1624832,0,1
152361,3923,379425086,GVB:50:62404,Gaasperplas,62404,,0,,1624833,0,1
152361,3923,379425087,GVB:50:62302,Isolatorweg,62302,,1,,1624831,0,1
152361,3923,379425088,GVB:50:62252,Gaasperplas,62252,,0,,1624834,0,1
152361,3923,379425089,GVB:50:62277,Isolatorweg,62277,,1,,1624832,0,1
152361,3923,379425090,GVB:50:62328,Gaasperplas,62328,,0,,1624833,0,1
152361,3923,379425091,GVB:50:62429,Isolatorweg,62429,,1,,1624831,0,1
152361,3923,379425092,GVB:50:62379,Gaasperplas,62379,,0,,1624834,0,1
152361,3923,379425093,GVB:50:62354,Isolatorweg,62354,,1,,1624832,0,1
152361,3923,379425094,GVB:50:62303,Gaasperplas,62303,,0,,1624833,0,1
152361,3923,379425095,GVB:50:62405,Isolatorweg,62405,,1,,1624831,0,1
152361,3923,379425096,GVB:50:62278,Gaasperplas,62278,,0,,1624834,0,1
152361,3923,379425097,GVB:50:62253,Isolatorweg,62253,,1,,1624832,0,1
152361,3923,379425098,GVB:50:62430,Gaasperplas,62430,,0,,1624833,0,1
152361,3923,379425099,GVB:50:62329,Isolatorweg,62329,,1,,1624831,0,1
152361,3923,379425100,GVB:50:62355,Gaasperplas,62355,,0,,1624834,0,1
152361,3923,379425101,GVB:50:62380,Isolatorweg,62380,,1,,1624832,0,1
152361,3923,379425102,GVB:50:62406,Gaasperplas,62406,,0,,1624833,0,1
152361,3923,379425103,GVB:50:62304,Isolatorweg,62304,,1,,1624831,0,1
152361,3923,379425104,GVB:50:62254,Gaasperplas,62254,,0,,1624834,0,1
152361,3923,379425105,GVB:50:62279,Isolatorweg,62279,,1,,1624832,0,1
152361,3923,379425106,GVB:50:62330,Gaasperplas,62330,,0,,1624833,0,1
152361,3923,379425107,GVB:50:62431,Isolatorweg,62431,,1,,1624831,0,1
152361,3923,379425108,GVB:50:62381,Gaasperplas,62381,,0,,1624834,0,1
152361,3923,379425109,GVB:50:62356,Isolatorweg,62356,,1,,1624832,0,1
152361,3923,379425110,GVB:50:62305,Gaasperplas,62305,,0,,1624833,0,1
152361,3923,379425111,GVB:50:62407,Isolatorweg,62407,,1,,1624831,0,1
152361,3923,379425112,GVB:50:62280,Gaasperplas,62280,,0,,1624834,0,1
152361,3923,379425113,GVB:50:62255,Isolatorweg,62255,,1,,1624832,0,1
152361,3923,379425114,GVB:50:62432,Gaasperplas,62432,,0,,1624833,0,1
152361,3923,379425115,GVB:50:62331,Isolatorweg,62331,,1,,1624831,0,1
152361,3923,379425116,GVB:50:62357,Gaasperplas,62357,,0,,1624834,0,1
152361,3923,379425117,GVB:50:62382,Isolatorweg,62382,,1,,1624832,0,1
152361,3923,379425118,GVB:50:62408,Gaasperplas,62408,,0,,1624833,0,1
152361,3923,379425119,GVB:50:62306,Isolatorweg,62306,,1,,1624831,0,1
152361,3923,379425120,GVB:50:62256,Gaasperplas,62256,,0,,1624834,0,1
152361,3923,379425121,GVB:50:62281,Isolatorweg,62281,,1,,1624832,0,1
152361,3923,379425122,GVB:50:62332,Gaasperplas,62332,,0,,1624833,0,1
152361,3923,379425123,GVB:50:62433,Isolatorweg,62433,,1,,1624831,0,1
152361,3923,379425124,GVB:50:62383,Gaasperplas,62383,,0,,1624834,0,1
152361,3923,379425125,GVB:50:62358,Isolatorweg,62358,,1,,1624832,0,1
152361,3923,379425126,GVB:50:62307,Gaasperplas,62307,,0,,1624833,0,1
152361,3923,379425127,GVB:50:62409,Isolatorweg,62409,,1,,1624831,0,1
152361,3923,379425128,GVB:50:62282,Gaasperplas,62282,,0,,1624834,0,1
152361,3923,379425129,GVB:50:62257,Isolatorweg,62257,,1,,1624832,0,1
152361,3923,379425130,GVB:50:62434,Gaasperplas,62434,,0,,1624833,0,1
152361,3923,379425131,GVB:50:62333,Isolatorweg,62333,,1,,1624831,0,1
152361,3923,379425132,GVB:50:62359,Gaasperplas,62359,,0,,1624834,0,1
152361,3923,379425133,GVB:50:62384,Isolatorweg,62384,,1,,1624832,0,1
152361,3923,379425134,GVB:50:62410,Gaasperplas,62410,,0,,1624833,0,1
152361,3923,379425135,GVB:50:62308,Isolatorweg,62308,,1,,1624831,0,1
152361,3923,379425136,GVB:50:62258,Gaasperplas,62258,,0,,1624834,0,1
152361,3923,379425137,GVB:50:62283,Isolatorweg,62283,,1,,1624832,0,1
152361,3923,379425138,GVB:50:62334,Gaasperplas,62334,,0,,1624833,0,1
152361,3923,379425139,GVB:50:62435,Isolatorweg,62435,,1,,1624831,0,1
152361,3923,379425140,GVB:50:62385,Gaasperplas,62385,,0,,1624834,0,1
152361,3923,379425141,GVB:50:62360,Isolatorweg,62360,,1,,1624832,0,1
152361,3923,379425142,GVB:50:62309,Gaasperplas,62309,,0,,1624833,0,1
152361,3923,379425143,GVB:50:62411,Isolatorweg,62411,,1,,1624831,0,1
152361,3923,379425144,GVB:50:62284,Gaasperplas,62284,,0,,1624834,0,1
152361,3923,379425145,GVB:50:62259,Isolatorweg,62259,,1,,1624832,0,1
152361,3923,379425146,GVB:50:62436,Gaasperplas,62436,,0,,1624833,0,1
152361,3923,379425147,GVB:50:62335,Isolatorweg,62335,,1,,1624831,0,1
152361,3923,379425148,GVB:50:62361,Gaasperplas,62361,,0,,1624834,0,1
152361,3923,379425149,GVB:50:62386,Isolatorweg,62386,,1,,1624832,0,1
152361,3923,379425150,GVB:50:62412,Gaasperplas,62412,,0,,1624833,0,1
152361,3923,379425151,GVB:50:62310,Isolatorweg,62310,,1,,1624831,0,1
152361,3923,379425152,GVB:50:62260,Gaasperplas,62260,,0,,1624834,0,1
152361,3923,379425153,GVB:50:62285,Isolatorweg,62285,,1,,1624832,0,1
152361,3923,379425154,GVB:50:62336,Gaasperplas,62336,,0,,1624833,0,1
152361,3923,379425155,GVB:50:62437,Isolatorweg,62437,,1,,1624831,0,1
152361,3923,379425156,GVB:50:62387,Gaasperplas,62387,,0,,1624834,0,1
152361,3923,379425157,GVB:50:62362,Isolatorweg,62362,,1,,1624832,0,1
152361,3923,379425158,GVB:50:62311,Gaasperplas,62311,,0,,1624833,0,1
152361,3923,379425159,GVB:50:62413,Isolatorweg,62413,,1,,1624831,0,1
152361,3923,379425160,GVB:50:62286,Gaasperplas,62286,,0,,1624834,0,1
152361,3923,379425161,GVB:50:62261,Isolatorweg,62261,,1,,1624832,0,1
152361,3923,379425162,GVB:50:62438,Gaasperplas,62438,,0,,1624833,0,1
152361,3923,379425163,GVB:50:62337,Isolatorweg,62337,,1,,1624831,0,1
152361,3923,379425164,GVB:50:62363,Gaasperplas,62363,,0,,1624834,0,1
152361,3923,379425165,GVB:50:62388,Isolatorweg,62388,,1,,1624832,0,1
152361,3923,379425166,GVB:50:62414,Gaasperplas,62414,,0,,1624833,0,1
152361,3923,379425167,GVB:50:62312,Isolatorweg,62312,,1,,1624831,0,1
152361,3923,379425168,GVB:50:62262,Gaasperplas,62262,,0,,1624834,0,1
152361,3923,379425169,GVB:50:62287,Isolatorweg,62287,,1,,1624832,0,1
152361,3923,379425170,GVB:50:62338,Gaasperplas,62338,,0,,1624833,0,1
152361,3923,379425171,GVB:50:62439,Isolatorweg,62439,,1,,1624831,0,1
152361,3923,379425172,GVB:50:62389,Gaasperplas,62389,,0,,1624834,0,1
152361,3923,379425173,GVB:50:62364,Isolatorweg,62364,,1,,1624832,0,1
152361,3923,379425174,GVB:50:62313,Gaasperplas,62313,,0,,1624833,0,1
152361,3923,379425175,GVB:50:62415,Isolatorweg,62415,,1,,1624831,0,1
152361,3923,379425176,GVB:50:62288,Gaasperplas,62288,,0,,1624834,0,1
152361,3923,379425177,GVB:50:62263,Isolatorweg,62263,,1,,1624832,0,1
152361,3923,379425178,GVB:50:62440,Gaasperplas,62440,,0,,1624833,0,1
152361,3923,379425179,GVB:50:62339,Isolatorweg,62339,,1,,1624831,0,1
152361,3923,379425180,GVB:50:62365,Gaasperplas,62365,,0,,1624834,0,1
152361,3923,379425181,GVB:50:62390,Isolatorweg,62390,,1,,1624832,0,1
152361,3923,379425182,GVB:50:62416,Gaasperplas,62416,,0,,1624833,0,1
152361,3923,379425183,GVB:50:62314,Isolatorweg,62314,,1,,1624831,0,1
152361,3923,379425184,GVB:50:62264,Gaasperplas,62264,,0,,1624834,0,1
152361,3923,379425185,GVB:50:62289,Isolatorweg,62289,,1,,1624832,0,1
152361,3923,379425186,GVB:50:62340,Gaasperplas,62340,,0,,1624833,0,1
152361,3923,379425187,GVB:50:62441,Isolatorweg,62441,,1,,1624831,0,1
152361,3923,379425188,GVB:50:62391,Gaasperplas,62391,,0,,1624834,0,1
152361,3923,379425189,GVB:50:62366,Isolatorweg,62366,,1,,1624832,0,1
152361,3923,379425190,GVB:50:62315,Gaasperplas,62315,,0,,1624833,0,1
152361,3923,379425191,GVB:50:62417,Isolatorweg,62417,,1,,1624831,0,1
152361,3923,379425192,GVB:50:62290,Gaasperplas,62290,,0,,1624834,0,1
152361,3923,379425193,GVB:50:62265,Isolatorweg,62265,,1,,1624832,0,1
152361,3923,379425194,GVB:50:62442,Gaasperplas,62442,,0,,1624833,0,1
152361,3923,379425195,GVB:50:62341,Isolatorweg,62341,,1,,1624831,0,1
152361,3923,379425196,GVB:50:62367,Gaasperplas,62367,,0,,1624834,0,1
152361,3923,379425197,GVB:50:62392,Isolatorweg,62392,,1,,1624832,0,1
152361,3923,379425198,GVB:50:62418,Gaasperplas,62418,,0,,1624833,0,1
152361,3923,379425199,GVB:50:62316,Isolatorweg,62316,,1,,1624831,0,1
152361,3923,379425200,GVB:50:62266,Gaasperplas,62266,,0,,1624833,0,1
152361,3923,379425201,GVB:50:62291,Isolatorweg,62291,,1,,1624832,0,1
152361,3923,379425202,GVB:50:62443,Isolatorweg,62443,,1,,1624831,0,1
152361,3927,379425203,GVB:50:62997,Isolatorweg,62997,,1,,1584529,0,1
152361,3927,379425204,GVB:50:62925,Isolatorweg,62925,,1,,1584529,0,1
152361,3927,379425205,GVB:50:63022,Isolatorweg,63022,,1,,1584529,0,1
152361,3927,379425206,GVB:50:62949,Gaasperplas,62949,,0,,1624833,0,1
152361,3927,379425207,GVB:50:62877,Gaasperplas,62877,,0,,1624834,0,1
152361,3927,379425208,GVB:50:62853,Isolatorweg,62853,,1,,1624832,0,1
152361,3927,379425209,GVB:50:62998,Gaasperplas,62998,,0,,1624833,0,1
152361,3927,379425210,GVB:50:62973,Isolatorweg,62973,,1,,1624831,0,1
152361,3927,379425211,GVB:50:62926,Gaasperplas,62926,,0,,1624834,0,1
152361,3927,379425212,GVB:50:62901,Isolatorweg,62901,,1,,1624832,0,1
152361,3927,379425213,GVB:50:63023,Gaasperplas,63023,,0,,1624833,0,1
152361,3927,379425214,GVB:50:62950,Isolatorweg,62950,,1,,1624831,0,1
152361,3927,379425215,GVB:50:62854,Gaasperplas,62854,,0,,1624834,0,1
152361,3927,379425216,GVB:50:62878,Isolatorweg,62878,,1,,1624832,0,1
152361,3927,379425217,GVB:50:62974,Gaasperplas,62974,,0,,1624833,0,1
152361,3927,379425218,GVB:50:62999,Isolatorweg,62999,,1,,1624831,0,1
152361,3927,379425219,GVB:50:62902,Gaasperplas,62902,,0,,1624834,0,1
152361,3927,379425220,GVB:50:62927,Isolatorweg,62927,,1,,1624832,0,1
152361,3927,379425221,GVB:50:62951,Gaasperplas,62951,,0,,1624833,0,1
152361,3927,379425222,GVB:50:63024,Isolatorweg,63024,,1,,1624831,0,1
152361,3927,379425223,GVB:50:62879,Gaasperplas,62879,,0,,1624834,0,1
152361,3927,379425224,GVB:50:62855,Isolatorweg,62855,,1,,1624832,0,1
152361,3927,379425225,GVB:50:63000,Gaasperplas,63000,,0,,1624833,0,1
152361,3927,379425226,GVB:50:62975,Isolatorweg,62975,,1,,1624831,0,1
152361,3927,379425227,GVB:50:62928,Gaasperplas,62928,,0,,1624834,0,1
152361,3927,379425228,GVB:50:62903,Isolatorweg,62903,,1,,1624832,0,1
152361,3927,379425229,GVB:50:63025,Gaasperplas,63025,,0,,1624833,0,1
152361,3927,379425230,GVB:50:62952,Isolatorweg,62952,,1,,1624831,0,1
152361,3927,379425231,GVB:50:62856,Gaasperplas,62856,,0,,1624834,0,1
152361,3927,379425232,GVB:50:62880,Isolatorweg,62880,,1,,1624832,0,1
152361,3927,379425233,GVB:50:62976,Gaasperplas,62976,,0,,1624833,0,1
152361,3927,379425234,GVB:50:63001,Isolatorweg,63001,,1,,1624831,0,1
152361,3927,379425235,GVB:50:62904,Gaasperplas,62904,,0,,1624834,0,1
152361,3927,379425236,GVB:50:62929,Isolatorweg,62929,,1,,1624832,0,1
152361,3927,379425237,GVB:50:62953,Gaasperplas,62953,,0,,1624833,0,1
152361,3927,379425238,GVB:50:63026,Isolatorweg,63026,,1,,1624831,0,1
152361,3927,379425239,GVB:50:62881,Gaasperplas,62881,,0,,1624834,0,1
152361,3927,379425240,GVB:50:62857,Isolatorweg,62857,,1,,1624832,0,1
152361,3927,379425241,GVB:50:63002,Gaasperplas,63002,,0,,1624833,0,1
152361,3927,379425242,GVB:50:62977,Isolatorweg,62977,,1,,1624831,0,1
152361,3927,379425243,GVB:50:62930,Gaasperplas,62930,,0,,1624834,0,1
152361,3927,379425244,GVB:50:62905,Isolatorweg,62905,,1,,1624832,0,1
152361,3927,379425245,GVB:50:63027,Gaasperplas,63027,,0,,1624833,0,1
152361,3927,379425246,GVB:50:62954,Isolatorweg,62954,,1,,1624831,0,1
152361,3927,379425247,GVB:50:62858,Gaasperplas,62858,,0,,1624834,0,1
152361,3927,379425248,GVB:50:62882,Isolatorweg,62882,,1,,1624832,0,1
152361,3927,379425249,GVB:50:62978,Gaasperplas,62978,,0,,1624833,0,1
152361,3927,379425250,GVB:50:63003,Isolatorweg,63003,,1,,1624831,0,1
152361,3927,379425251,GVB:50:62906,Gaasperplas,62906,,0,,1624834,0,1
152361,3927,379425252,GVB:50:62931,Isolatorweg,62931,,1,,1624832,0,1
152361,3927,379425253,GVB:50:62955,Gaasperplas,62955,,0,,1624833,0,1
152361,3927,379425254,GVB:50:63028,Isolatorweg,63028,,1,,1624831,0,1
152361,3927,379425255,GVB:50:62883,Gaasperplas,62883,,0,,1624834,0,1
152361,3927,379425256,GVB:50:62859,Isolatorweg,62859,,1,,1624832,0,1
152361,3927,379425257,GVB:50:63004,Gaasperplas,63004,,0,,1624833,0,1
152361,3927,379425258,GVB:50:62979,Isolatorweg,62979,,1,,1624831,0,1
152361,3927,379425259,GVB:50:62932,Gaasperplas,62932,,0,,1624834,0,1
152361,3927,379425260,GVB:50:62907,Isolatorweg,62907,,1,,1624832,0,1
152361,3927,379425261,GVB:50:63029,Gaasperplas,63029,,0,,1624833,0,1
152361,3927,379425262,GVB:50:62956,Isolatorweg,62956,,1,,1624831,0,1
152361,3927,379425263,GVB:50:62860,Gaasperplas,62860,,0,,1624834,0,1
152361,3927,379425264,GVB:50:62884,Isolatorweg,62884,,1,,1624832,0,1
152361,3927,379425265,GVB:50:62980,Gaasperplas,62980,,0,,1624833,0,1
152361,3927,379425266,GVB:50:63005,Isolatorweg,63005,,1,,1624831,0,1
152361,3927,379425267,GVB:50:62908,Gaasperplas,62908,,0,,1624834,0,1
152361,3927,379425268,GVB:50:62933,Isolatorweg,62933,,1,,1624832,0,1
152361,3927,379425269,GVB:50:62957,Gaasperplas,62957,,0,,1624833,0,1
152361,3927,379425270,GVB:50:63030,Isolatorweg,63030,,1,,1624831,0,1
152361,3927,379425271,GVB:50:62885,Gaasperplas,62885,,0,,1624834,0,1
152361,3927,379425272,GVB:50:62861,Isolatorweg,62861,,1,,1624832,0,1
152361,3927,379425273,GVB:50:63006,Gaasperplas,63006,,0,,1624833,0,1
152361,3927,379425274,GVB:50:62981,Isolatorweg,62981,,1,,1624831,0,1
152361,3927,379425275,GVB:50:62934,Gaasperplas,62934,,0,,1624834,0,1
152361,3927,379425276,GVB:50:62909,Isolatorweg,62909,,1,,1624832,0,1
152361,3927,379425277,GVB:50:63031,Gaasperplas,63031,,0,,1624833,0,1
152361,3927,379425278,GVB:50:62958,Isolatorweg,62958,,1,,1624831,0,1
152361,3927,379425279,GVB:50:62862,Gaasperplas,62862,,0,,1624834,0,1
152361,3927,379425280,GVB:50:62886,Isolatorweg,62886,,1,,1624832,0,1
152361,3927,379425281,GVB:50:62982,Gaasperplas,62982,,0,,1624833,0,1
152361,3927,379425282,GVB:50:63007,Isolatorweg,63007,,1,,1624831,0,1
152361,3927,379425283,GVB:50:62910,Gaasperplas,62910,,0,,1624834,0,1
152361,3927,379425284,GVB:50:62935,Isolatorweg,62935,,1,,1624832,0,1
152361,3927,379425285,GVB:50:62959,Gaasperplas,62959,,0,,1624833,0,1
152361,3927,379425286,GVB:50:63032,Isolatorweg,63032,,1,,1624831,0,1
152361,3927,379425287,GVB:50:62887,Gaasperplas,62887,,0,,1624834,0,1
152361,3927,379425288,GVB:50:62863,Isolatorweg,62863,,1,,1624832,0,1
152361,3927,379425289,GVB:50:63008,Gaasperplas,63008,,0,,1624833,0,1
152361,3927,379425290,GVB:50:62983,Isolatorweg,62983,,1,,1624831,0,1
152361,3927,379425291,GVB:50:62936,Gaasperplas,62936,,0,,1624834,0,1
152361,3927,379425292,GVB:50:62911,Isolatorweg,62911,,1,,1624832,0,1
152361,3927,379425293,GVB:50:63033,Gaasperplas,63033,,0,,1624833,0,1
152361,3927,379425294,GVB:50:62960,Isolatorweg,62960,,1,,1624831,0,1
152361,3927,379425295,GVB:50:62864,Gaasperplas,62864,,0,,1624834,0,1
152361,3927,379425296,GVB:50:62888,Isolatorweg,62888,,1,,1624832,0,1
152361,3927,379425297,GVB:50:62984,Gaasperplas,62984,,0,,1624833,0,1
152361,3927,379425298,GVB:50:63009,Isolatorweg,63009,,1,,1624831,0,1
152361,3927,379425299,GVB:50:62912,Gaasperplas,62912,,0,,1624834,0,1
152361,3927,379425300,GVB:50:62937,Isolatorweg,62937,,1,,1624832,0,1
152361,3927,379425301,GVB:50:62961,Gaasperplas,62961,,0,,1624833,0,1
152361,3927,379425302,GVB:50:63034,Isolatorweg,63034,,1,,1624831,0,1
152361,3927,379425303,GVB:50:62889,Gaasperplas,62889,,0,,1624834,0,1
152361,3927,379425304,GVB:50:62865,Isolatorweg,62865,,1,,1624832,0,1
152361,3927,379425305,GVB:50:63010,Gaasperplas,63010,,0,,1624833,0,1
152361,3927,379425306,GVB:50:62985,Isolatorweg,62985,,1,,1624831,0,1
152361,3927,379425307,GVB:50:62938,Gaasperplas,62938,,0,,1624834,0,1
152361,3927,379425308,GVB:50:62913,Isolatorweg,62913,,1,,1624832,0,1
152361,3927,379425309,GVB:50:63035,Gaasperplas,63035,,0,,1624833,0,1
152361,3927,379425310,GVB:50:62962,Isolatorweg,62962,,1,,1624831,0,1
152361,3927,379425311,GVB:50:62866,Gaasperplas,62866,,0,,1624834,0,1
152361,3927,379425312,GVB:50:62890,Isolatorweg,62890,,1,,1624832,0,1
152361,3927,379425313,GVB:50:62986,Gaasperplas,62986,,0,,1624833,0,1
152361,3927,379425314,GVB:50:63011,Isolatorweg,63011,,1,,1624831,0,1
152361,3927,379425315,GVB:50:62914,Gaasperplas,62914,,0,,1624834,0,1
152361,3927,379425316,GVB:50:62939,Isolatorweg,62939,,1,,1624832,0,1
152361,3927,379425317,GVB:50:62963,Gaasperplas,62963,,0,,1624833,0,1
152361,3927,379425318,GVB:50:63036,Isolatorweg,63036,,1,,1624831,0,1
152361,3927,379425319,GVB:50:62891,Gaasperplas,62891,,0,,1624834,0,1
152361,3927,379425320,GVB:50:62867,Isolatorweg,62867,,1,,1624832,0,1
152361,3927,379425321,GVB:50:63012,Gaasperplas,63012,,0,,1624833,0,1
152361,3927,379425322,GVB:50:62987,Isolatorweg,62987,,1,,1624831,0,1
152361,3927,379425323,GVB:50:62940,Gaasperplas,62940,,0,,1624834,0,1
152361,3927,379425324,GVB:50:62915,Isolatorweg,62915,,1,,1624832,0,1
152361,3927,379425325,GVB:50:63037,Gaasperplas,63037,,0,,1624833,0,1
152361,3927,379425326,GVB:50:62964,Isolatorweg,62964,,1,,1624831,0,1
152361,3927,379425327,GVB:50:62868,Gaasperplas,62868,,0,,1624834,0,1
152361,3927,379425328,GVB:50:62892,Isolatorweg,62892,,1,,1624832,0,1
152361,3927,379425329,GVB:50:62988,Gaasperplas,62988,,0,,1624833,0,1
152361,3927,379425330,GVB:50:63013,Isolatorweg,63013,,1,,1624831,0,1
152361,3927,379425331,GVB:50:62916,Gaasperplas,62916,,0,,1624834,0,1
152361,3927,379425332,GVB:50:62941,Isolatorweg,62941,,1,,1624832,0,1
152361,3927,379425333,GVB:50:62965,Gaasperplas,62965,,0,,1624833,0,1
152361,3927,379425334,GVB:50:63038,Isolatorweg,63038,,1,,1624831,0,1
152361,3927,379425335,GVB:50:62893,Gaasperplas,62893,,0,,1624834,0,1
152361,3927,379425336,GVB:50:62869,Isolatorweg,62869,,1,,1624832,0,1
152361,3927,379425337,GVB:50:63014,Gaasperplas,63014,,0,,1624833,0,1
152361,3927,379425338,GVB:50:62989,Isolatorweg,62989,,1,,1624831,0,1
152361,3927,379425339,GVB:50:62942,Gaasperplas,62942,,0,,1624834,0,1
152361,3927,379425340,GVB:50:62917,Isolatorweg,62917,,1,,1624832,0,1
152361,3927,379425341,GVB:50:63039,Gaasperplas,63039,,0,,1624833,0,1
152361,3927,379425342,GVB:50:62966,Isolatorweg,62966,,1,,1624831,0,1
152361,3927,379425343,GVB:50:62870,Gaasperplas,62870,,0,,1624834,0,1
152361,3927,379425344,GVB:50:62894,Isolatorweg,62894,,1,,1624832,0,1
152361,3927,379425345,GVB:50:62990,Gaasperplas,62990,,0,,1624833,0,1
152361,3927,379425346,GVB:50:63015,Isolatorweg,63015,,1,,1624831,0,1
152361,3927,379425347,GVB:50:62918,Gaasperplas,62918,,0,,1624834,0,1
152361,3927,379425348,GVB:50:62943,Isolatorweg,62943,,1,,1624832,0,1
152361,3927,379425349,GVB:50:62967,Gaasperplas,62967,,0,,1624833,0,1
152361,3927,379425350,GVB:50:63040,Isolatorweg,63040,,1,,1624831,0,1
152361,3927,379425351,GVB:50:62895,Gaasperplas,62895,,0,,1624834,0,1
152361,3927,379425352,GVB:50:62871,Isolatorweg,62871,,1,,1624832,0,1
152361,3927,379425353,GVB:50:63016,Gaasperplas,63016,,0,,1624833,0,1
152361,3927,379425354,GVB:50:62991,Isolatorweg,62991,,1,,1624831,0,1
152361,3927,379425355,GVB:50:62944,Gaasperplas,62944,,0,,1624834,0,1
152361,3927,379425356,GVB:50:62919,Isolatorweg,62919,,1,,1624832,0,1
152361,3927,379425357,GVB:50:63041,Gaasperplas,63041,,0,,1624833,0,1
152361,3927,379425358,GVB:50:62968,Isolatorweg,62968,,1,,1624831,0,1
152361,3927,379425359,GVB:50:62872,Gaasperplas,62872,,0,,1624834,0,1
152361,3927,379425360,GVB:50:62896,Isolatorweg,62896,,1,,1624832,0,1
152361,3927,379425361,GVB:50:62992,Gaasperplas,62992,,0,,1624833,0,1
152361,3927,379425362,GVB:50:63017,Isolatorweg,63017,,1,,1624831,0,1
152361,3927,379425363,GVB:50:62920,Gaasperplas,62920,,0,,1624834,0,1
152361,3927,379425364,GVB:50:62945,Isolatorweg,62945,,1,,1624832,0,1
152361,3927,379425365,GVB:50:62969,Gaasperplas,62969,,0,,1624833,0,1
152361,3927,379425366,GVB:50:63042,Isolatorweg,63042,,1,,1624831,0,1
152361,3927,379425367,GVB:50:62897,Gaasperplas,62897,,0,,1624834,0,1
152361,3927,379425368,GVB:50:62873,Isolatorweg,62873,,1,,1624832,0,1
152361,3927,379425369,GVB:50:63018,Gaasperplas,63018,,0,,1624833,0,1
152361,3927,379425370,GVB:50:62993,Isolatorweg,62993,,1,,1624831,0,1
152361,3927,379425371,GVB:50:62946,Gaasperplas,62946,,0,,1624834,0,1
152361,3927,379425372,GVB:50:62921,Isolatorweg,62921,,1,,1624832,0,1
152361,3927,379425373,GVB:50:63043,Gaasperplas,63043,,0,,1624833,0,1
152361,3927,379425374,GVB:50:62970,Isolatorweg,62970,,1,,1624831,0,1
152361,3927,379425375,GVB:50:62874,Gaasperplas,62874,,0,,1624833,0,1
152361,3927,379425376,GVB:50:62898,Isolatorweg,62898,,1,,1624832,0,1
152361,3927,379425377,GVB:50:63019,Isolatorweg,63019,,1,,1624831,0,1
152361,3656,379436015,GVB:50:61489,Zuid,61489,,0,,1650730,0,2
152361,3656,379436016,GVB:50:61346,Gein,61346,,0,,1584511,0,2
152361,3656,379436017,GVB:50:61537,Zuid,61537,,0,,1650730,0,2
152361,3656,379436018,GVB:50:61394,Gein,61394,,0,,1584511,0,2
152361,3656,379436019,GVB:50:61347,Zuid,61347,,0,,1650730,0,2
152361,3656,379436020,GVB:50:61442,Gein,61442,,0,,1584511,0,2
152361,3656,379436021,GVB:50:61490,Gein,61490,,1,,1650731,0,2
152361,3656,379436022,GVB:50:61395,Zuid,61395,,0,,1650730,0,2
152361,3656,379436023,GVB:50:61538,Gein,61538,,1,,1650731,0,2
152361,3656,379436024,GVB:50:61443,Zuid,61443,,0,,1650730,0,2
152361,3656,379436025,GVB:50:61348,Gein,61348,,1,,1650731,0,2
152361,3656,379436026,GVB:50:61491,Zuid,61491,,0,,1650730,0,2
152361,3656,379436027,GVB:50:61396,Gein,61396,,1,,1650731,0,2
152361,3656,379436028,GVB:50:61539,Zuid,61539,,0,,1650730,0,2
152361,3656,379436029,GVB:50:61444,Gein,61444,,1,,1650731,0,2
152361,3656,379436030,GVB:50:61349,Zuid,61349,,0,,1650730,0,2
152361,3656,379436031,GVB:50:61492,Gein,61492,,1,,1650731,0,2
152361,3656,379436032,GVB:50:61397,Zuid,61397,,0,,1650730,0,2
152361,3656,379436033,GVB:50:61540,Gein,61540,,1,,1650731,0,2
152361,3656,379436034,GVB:50:61445,Zuid,61445,,0,,1650730,0,2
152361,3656,379436035,GVB:50:61350,Gein,61350,,1,,1650731,0,2
152361,3656,379436036,GVB:50:61493,Zuid,61493,,0,,1650730,0,2
152361,3656,379436037,GVB:50:61398,Gein,61398,,1,,1650731,0,2
152361,3656,379436038,GVB:50:61541,Zuid,61541,,0,,1650730,0,2
152361,3656,379436039,GVB:50:61446,Gein,61446,,1,,1650731,0,2
152361,3656,379436040,GVB:50:61351,Zuid,61351,,0,,1650730,0,2
152361,3656,379436041,GVB:50:61494,Gein,61494,,1,,1650731,0,2
152361,3656,379436042,GVB:50:61399,Zuid,61399,,0,,1650730,0,2
152361,3656,379436043,GVB:50:61542,Gein,61542,,1,,1650731,0,2
152361,3656,379436044,GVB:50:61447,Zuid,61447,,0,,1650730,0,2
152361,3656,379436045,GVB:50:61352,Gein,61352,,1,,1650731,0,2
152361,3656,379436046,GVB:50:61495,Zuid,61495,,0,,1650730,0,2
152361,3656,379436047,GVB:50:61400,Gein,61400,,1,,1650731,0,2
152361,3656,379436048,GVB:50:61543,Zuid,61543,,0,,1650730,0,2
152361,3656,379436049,GVB:50:61448,Gein,61448,,1,,1650731,0,2
152361,3656,379436050,GVB:50:61353,Zuid,61353,,0,,1650730,0,2
152361,3656,379436051,GVB:50:61496,Gein,61496,,1,,1650731,0,2
152361,3656,379436052,GVB:50:61401,Zuid,61401,,0,,1650730,0,2
152361,3656,379436053,GVB:50:61544,Gein,61544,,1,,1650731,0,2
152361,3656,379436054,GVB:50:61449,Zuid,61449,,0,,1650730,0,2
152361,3656,379436055,GVB:50:61354,Gein,61354,,1,,1650731,0,2
152361,3656,379436056,GVB:50:61497,Zuid,61497,,0,,1650730,0,2
152361,3656,379436057,GVB:50:61402,Gein,61402,,1,,1650731,0,2
152361,3656,379436058,GVB:50:61545,Zuid,61545,,0,,1650730,0,2
152361,3656,379436059,GVB:50:61450,Gein,61450,,1,,1650731,0,2
152361,3656,379436060,GVB:50:61355,Zuid,61355,,0,,1650730,0,2
152361,3656,379436061,GVB:50:61498,Gein,61498,,1,,1650731,0,2
152361,3656,379436062,GVB:50:61403,Zuid,61403,,0,,1650730,0,2
152361,3656,379436063,GVB:50:61546,Gein,61546,,1,,1650731,0,2
152361,3656,379436064,GVB:50:61451,Zuid,61451,,0,,1650730,0,2
152361,3656,379436065,GVB:50:61356,Gein,61356,,1,,1650731,0,2
152361,3656,379436066,GVB:50:61499,Zuid,61499,,0,,1650730,0,2
152361,3656,379436067,GVB:50:61404,Gein,61404,,1,,1650731,0,2
152361,3656,379436068,GVB:50:61547,Zuid,61547,,0,,1650730,0,2
152361,3656,379436069,GVB:50:61452,Gein,61452,,1,,1650731,0,2
152361,3656,379436070,GVB:50:61357,Zuid,61357,,0,,1650730,0,2
152361,3656,379436071,GVB:50:61500,Gein,61500,,1,,1650731,0,2
152361,3656,379436072,GVB:50:61405,Zuid,61405,,0,,1650730,0,2
152361,3656,379436073,GVB:50:61548,Gein,61548,,1,,1650731,0,2
152361,3656,379436074,GVB:50:61453,Zuid,61453,,0,,1650730,0,2
152361,3656,379436075,GVB:50:61358,Gein,61358,,1,,1650731,0,2
152361,3656,379436076,GVB:50:61501,Zuid,61501,,0,,1650730,0,2
152361,3656,379436077,GVB:50:61406,Gein,61406,,1,,1650731,0,2
152361,3656,379436078,GVB:50:61549,Zuid,61549,,0,,1650730,0,2
152361,3656,379436079,GVB:50:61454,Gein,61454,,1,,1650731,0,2
152361,3656,379436080,GVB:50:61359,Zuid,61359,,0,,1650730,0,2
152361,3656,379436081,GVB:50:61502,Gein,61502,,1,,1650731,0,2
152361,3656,379436082,GVB:50:61407,Zuid,61407,,0,,1650730,0,2
152361,3656,379436083,GVB:50:61550,Gein,61550,,1,,1650731,0,2
152361,3656,379436084,GVB:50:61455,Zuid,61455,,0,,1650730,0,2
152361,3656,379436085,GVB:50:61360,Gein,61360,,1,,1650731,0,2
152361,3656,379436086,GVB:50:61503,Zuid,61503,,0,,1650730,0,2
152361,3656,379436087,GVB:50:61408,Gein,61408,,1,,1650731,0,2
152361,3656,379436088,GVB:50:61551,Zuid,61551,,0,,1650730,0,2
152361,3656,379436089,GVB:50:61456,Gein,61456,,1,,1650731,0,2
152361,3656,379436090,GVB:50:61361,Zuid,61361,,0,,1650730,0,2
152361,3656,379436091,GVB:50:61504,Gein,61504,,1,,1650731,0,2
152361,3656,379436092,GVB:50:61409,Zuid,61409,,0,,1650730,0,2
152361,3656,379436093,GVB:50:61552,Gein,61552,,1,,1650731,0,2
152361,3656,379436094,GVB:50:61457,Zuid,61457,,0,,1650730,0,2
152361,3656,379436095,GVB:50:61362,Gein,61362,,1,,1650731,0,2
152361,3656,379436096,GVB:50:61505,Zuid,61505,,0,,1650730,0,2
152361,3656,379436097,GVB:50:61410,Gein,61410,,1,,1650731,0,2
152361,3656,379436098,GVB:50:61553,Zuid,61553,,0,,1650730,0,2
152361,3656,379436099,GVB:50:61458,Gein,61458,,1,,1650731,0,2
152361,3656,379436100,GVB:50:61363,Zuid,61363,,0,,1650730,0,2
152361,3656,379436101,GVB:50:61506,Gein,61506,,1,,1650731,0,2
152361,3656,379436102,GVB:50:61411,Zuid,61411,,0,,1650730,0,2
152361,3656,379436103,GVB:50:61554,Gein,61554,,1,,1650731,0,2
152361,3656,379436104,GVB:50:61459,Zuid,61459,,0,,1650730,0,2
152361,3656,379436105,GVB:50:61364,Gein,61364,,1,,1650731,0,2
152361,3656,379436106,GVB:50:61507,Zuid,61507,,0,,1650730,0,2
152361,3656,379436107,GVB:50:61412,Gein,61412,,1,,1650731,0,2
152361,3656,379436108,GVB:50:61555,Zuid,61555,,0,,1650730,0,2
152361,3656,379436109,GVB:50:61460,Gein,61460,,1,,1650731,0,2
152361,3656,379436110,GVB:50:61365,Zuid,61365,,0,,1650730,0,2
152361,3656,379436111,GVB:50:61508,Gein,61508,,1,,1650731,0,2
152361,3656,379436112,GVB:50:61413,Zuid,61413,,0,,1650730,0,2
152361,3656,379436113,GVB:50:61556,Gein,61556,,1,,1650731,0,2
152361,3656,379436114,GVB:50:61461,Zuid,61461,,0,,1650730,0,2
152361,3656,379436115,GVB:50:61366,Gein,61366,,1,,1650731,0,2
152361,3656,379436116,GVB:50:61509,Zuid,61509,,0,,1650730,0,2
152361,3656,379436117,GVB:50:61414,Gein,61414,,1,,1650731,0,2
152361,3656,379436118,GVB:50:61557,Zuid,61557,,0,,1650730,0,2
152361,3656,379436119,GVB:50:61462,Gein,61462,,1,,1650731,0,2
152361,3656,379436120,GVB:50:61367,Zuid,61367,,0,,1650730,0,2
152361,3656,379436121,GVB:50:61510,Gein,61510,,1,,1650731,0,2
152361,3656,379436122,GVB:50:61415,Zuid,61415,,0,,1650730,0,2
152361,3656,379436123,GVB:50:61558,Gein,61558,,1,,1650731,0,2
152361,3656,379436124,GVB:50:61463,Zuid,61463,,0,,1650730,0,2
152361,3656,379436125,GVB:50:61368,Gein,61368,,1,,1650731,0,2
152361,3656,379436126,GVB:50:61511,Zuid,61511,,0,,1650730,0,2
152361,3656,379436127,GVB:50:61416,Gein,61416,,1,,1650731,0,2
152361,3656,379436128,GVB:50:61559,Zuid,61559,,0,,1650730,0,2
152361,3656,379436129,GVB:50:61464,Gein,61464,,1,,1650731,0,2
152361,3656,379436130,GVB:50:61369,Zuid,61369,,0,,1650730,0,2
152361,3656,379436131,GVB:50:61512,Gein,61512,,1,,1650731,0,2
152361,3656,379436132,GVB:50:61417,Zuid,61417,,0,,1650730,0,2
152361,3656,379436133,GVB:50:61560,Gein,61560,,1,,1650731,0,2
152361,3656,379436134,GVB:50:61465,Zuid,61465,,0,,1650730,0,2
152361,3656,379436135,GVB:50:61370,Gein,61370,,1,,1650731,0,2
152361,3656,379436136,GVB:50:61513,Zuid,61513,,0,,1650730,0,2
152361,3656,379436137,GVB:50:61418,Gein,61418,,1,,1650731,0,2
152361,3656,379436138,GVB:50:61561,Zuid,61561,,0,,1650730,0,2
152361,3656,379436139,GVB:50:61466,Gein,61466,,1,,1650731,0,2
152361,3656,379436140,GVB:50:61371,Zuid,61371,,0,,1650730,0,2
152361,3656,379436141,GVB:50:61514,Gein,61514,,1,,1650731,0,2
152361,3656,379436142,GVB:50:61419,Zuid,61419,,0,,1650730,0,2
152361,3656,379436143,GVB:50:61562,Gein,61562,,1,,1650731,0,2
152361,3656,379436144,GVB:50:61467,Zuid,61467,,0,,1650730,0,2
152361,3656,379436145,GVB:50:61372,Gein,61372,,1,,1650731,0,2
152361,3656,379436146,GVB:50:61515,Zuid,61515,,0,,1650730,0,2
152361,3656,379436147,GVB:50:61420,Gein,61420,,1,,1650731,0,2
152361,3656,379436148,GVB:50:61563,Zuid,61563,,0,,1650730,0,2
152361,3656,379436149,GVB:50:61468,Gein,61468,,1,,1650731,0,2
152361,3656,379436150,GVB:50:61373,Zuid,61373,,0,,1650730,0,2
152361,3656,379436151,GVB:50:61516,Gein,61516,,1,,1650731,0,2
152361,3656,379436152,GVB:50:61421,Zuid,61421,,0,,1650730,0,2
152361,3656,379436153,GVB:50:61564,Gein,61564,,1,,1650731,0,2
152361,3656,379436154,GVB:50:61469,Zuid,61469,,0,,1650730,0,2
152361,3656,379436155,GVB:50:61374,Gein,61374,,1,,1650731,0,2
152361,3656,379436156,GVB:50:61517,Zuid,61517,,0,,1650730,0,2
152361,3656,379436157,GVB:50:61422,Gein,61422,,1,,1650731,0,2
152361,3656,379436158,GVB:50:61565,Zuid,61565,,0,,1650730,0,2
152361,3656,379436159,GVB:50:61470,Gein,61470,,1,,1650731,0,2
152361,3656,379436160,GVB:50:61375,Zuid,61375,,0,,1650730,0,2
152361,3656,379436161,GVB:50:61518,Gein,61518,,1,,1650731,0,2
152361,3656,379436162,GVB:50:61423,Zuid,61423,,0,,1650730,0,2
152361,3656,379436163,GVB:50:61566,Gein,61566,,1,,1650731,0,2
152361,3656,379436164,GVB:50:61471,Zuid,61471,,0,,1650730,0,2
152361,3656,379436165,GVB:50:61376,Gein,61376,,1,,1650731,0,2
152361,3656,379436166,GVB:50:61519,Zuid,61519,,0,,1650730,0,2
152361,3656,379436167,GVB:50:61424,Gein,61424,,1,,1650731,0,2
152361,3656,379436168,GVB:50:61567,Zuid,61567,,0,,1650730,0,2
152361,3656,379436169,GVB:50:61472,Gein,61472,,1,,1650731,0,2
152361,3656,379436170,GVB:50:61377,Zuid,61377,,0,,1650730,0,2
152361,3656,379436171,GVB:50:61520,Gein,61520,,1,,1650731,0,2
152361,3656,379436172,GVB:50:61425,Zuid,61425,,0,,1650730,0,2
152361,3656,379436173,GVB:50:61568,Gein,61568,,1,,1650731,0,2
152361,3656,379436174,GVB:50:61473,Zuid,61473,,0,,1650730,0,2
152361,3656,379436175,GVB:50:61378,Gein,61378,,1,,1650731,0,2
152361,3656,379436176,GVB:50:61521,Zuid,61521,,0,,1650730,0,2
152361,3656,379436177,GVB:50:61426,Gein,61426,,1,,1650731,0,2
152361,3656,379436178,GVB:50:61569,Zuid,61569,,0,,1650730,0,2
152361,3656,379436179,GVB:50:61474,Gein,61474,,1,,1650731,0,2
152361,3656,379436180,GVB:50:61379,Zuid,61379,,0,,1650730,0,2
152361,3656,379436181,GVB:50:61522,Gein,61522,,1,,1650731,0,2
152361,3656,379436182,GVB:50:61427,Zuid,61427,,0,,1650730,0,2
152361,3656,379436183,GVB:50:61570,Gein,61570,,1,,1650731,0,2
152361,3656,379436184,GVB:50:61475,Zuid,61475,,0,,1650730,0,2
152361,3656,379436185,GVB:50:61380,Gein,61380,,1,,1650731,0,2
152361,3656,379436186,GVB:50:61523,Zuid,61523,,0,,1650730,0,2
152361,3656,379436187,GVB:50:61428,Gein,61428,,1,,1650731,0,2
152361,3656,379436188,GVB:50:61571,Zuid,61571,,0,,1650730,0,2
152361,3656,379436189,GVB:50:61476,Gein,61476,,1,,1650731,0,2
152361,3656,379436190,GVB:50:61381,Zuid,61381,,0,,1650730,0,2
152361,3656,379436191,GVB:50:61524,Gein,61524,,1,,1650731,0,2
152361,3656,379436192,GVB:50:61429,Zuid,61429,,0,,1650730,0,2
152361,3656,379436193,GVB:50:61572,Gein,61572,,1,,1650731,0,2
152361,3656,379436194,GVB:50:61477,Zuid,61477,,0,,1650730,0,2
152361,3656,379436195,GVB:50:61382,Gein,61382,,1,,1650731,0,2
152361,3656,379436196,GVB:50:61525,Zuid,61525,,0,,1650730,0,2
152361,3656,379436197,GVB:50:61430,Gein,61430,,1,,1650731,0,2
152361,3656,379436198,GVB:50:61573,Zuid,61573,,0,,1650730,0,2
152361,3656,379436199,GVB:50:61478,Gein,61478,,1,,1650731,0,2
152361,3656,379436200,GVB:50:61383,Zuid,61383,,0,,1650730,0,2
152361,3656,379436201,GVB:50:61526,Gein,61526,,1,,1650731,0,2
152361,3656,379436202,GVB:50:61431,Zuid,61431,,0,,1650730,0,2
152361,3656,379436203,GVB:50:61574,Gein,61574,,1,,1650731,0,2
152361,3656,379436204,GVB:50:61479,Zuid,61479,,0,,1650730,0,2
152361,3656,379436205,GVB:50:61384,Gein,61384,,1,,1650731,0,2
152361,3656,379436206,GVB:50:61527,Zuid,61527,,0,,1650730,0,2
152361,3656,379436207,GVB:50:61432,Gein,61432,,1,,1650731,0,2
152361,3656,379436208,GVB:50:61575,Zuid,61575,,0,,1650730,0,2
152361,3656,379436209,GVB:50:61480,Gein,61480,,1,,1650731,0,2
152361,3656,379436210,GVB:50:61385,Zuid,61385,,0,,1650730,0,2
152361,3656,379436211,GVB:50:61528,Gein,61528,,1,,1650731,0,2
152361,3656,379436212,GVB:50:61433,Zuid,61433,,0,,1650730,0,2
152361,3656,379436213,GVB:50:61576,Gein,61576,,1,,1650731,0,2
152361,3656,379436214,GVB:50:61481,Zuid,61481,,0,,1650730,0,2
152361,3656,379436215,GVB:50:61386,Gein,61386,,1,,1650731,0,2
152361,3656,379436216,GVB:50:61529,Zuid,61529,,0,,1650730,0,2
152361,3656,379436217,GVB:50:61434,Gein,61434,,1,,1650731,0,2
152361,3656,379436218,GVB:50:61577,Zuid,61577,,0,,1650730,0,2
152361,3656,379436219,GVB:50:61482,Gein,61482,,1,,1650731,0,2
152361,3656,379436220,GVB:50:61387,Zuid,61387,,0,,1650730,0,2
152361,3656,379436221,GVB:50:61530,Gein,61530,,1,,1650731,0,2
152361,3656,379436222,GVB:50:61435,Zuid,61435,,0,,1650730,0,2
152361,3656,379436223,GVB:50:61578,Gein,61578,,1,,1650731,0,2
152361,3656,379436224,GVB:50:61483,Zuid,61483,,0,,1650730,0,2
152361,3656,379436225,GVB:50:61388,Gein,61388,,1,,1650731,0,2
152361,3656,379436226,GVB:50:61531,Zuid,61531,,0,,1650730,0,2
152361,3656,379436227,GVB:50:61436,Gein,61436,,1,,1650731,0,2
152361,3656,379436228,GVB:50:61579,Zuid,61579,,0,,1650730,0,2
152361,3656,379436229,GVB:50:61484,Gein,61484,,1,,1650731,0,2
152361,3656,379436230,GVB:50:61389,Zuid,61389,,0,,1650730,0,2
152361,3656,379436231,GVB:50:61532,Gein,61532,,1,,1650731,0,2
152361,3656,379436232,GVB:50:61437,Zuid,61437,,0,,1650730,0,2
152361,3656,379436233,GVB:50:61580,Gein,61580,,1,,1650731,0,2
152361,3656,379436234,GVB:50:61485,Zuid,61485,,0,,1650730,0,2
152361,3656,379436235,GVB:50:61390,Gein,61390,,1,,1650731,0,2
152361,3656,379436236,GVB:50:61533,Zuid,61533,,0,,1650730,0,2
152361,3656,379436237,GVB:50:61438,Gein,61438,,1,,1650731,0,2
152361,3656,379436238,GVB:50:61486,Gein,61486,,1,,1650731,0,2
152361,3656,379436239,GVB:50:61534,Gein,61534,,1,,1650731,0,2
152361,3666,379437624,GVB:50:61993,Zuid,61993,,0,,1650730,0,1
152361,3666,379437625,GVB:50:61899,Gein,61899,,0,,1584511,0,1
152361,3666,379437626,GVB:50:61946,Zuid,61946,,0,,1650730,0,1
152361,3666,379437627,GVB:50:61806,Gein,61806,,0,,1584511,0,1
152361,3666,379437628,GVB:50:61900,Zuid,61900,,0,,1650730,0,1
152361,3666,379437629,GVB:50:61853,Gein,61853,,0,,1584511,0,1
152361,3666,379437630,GVB:50:61994,Gein,61994,,1,,1650731,0,1
152361,3666,379437631,GVB:50:61807,Zuid,61807,,0,,1650730,0,1
152361,3666,379437632,GVB:50:61947,Gein,61947,,1,,1650731,0,1
152361,3666,379437633,GVB:50:61854,Zuid,61854,,0,,1650730,0,1
152361,3666,379437634,GVB:50:61901,Gein,61901,,1,,1650731,0,1
152361,3666,379437635,GVB:50:61995,Zuid,61995,,0,,1650730,0,1
152361,3666,379437636,GVB:50:61808,Gein,61808,,1,,1650731,0,1
152361,3666,379437637,GVB:50:61948,Zuid,61948,,0,,1650730,0,1
152361,3666,379437638,GVB:50:61855,Gein,61855,,1,,1650731,0,1
152361,3666,379437639,GVB:50:61902,Zuid,61902,,0,,1650730,0,1
152361,3666,379437640,GVB:50:61996,Gein,61996,,1,,1650731,0,1
152361,3666,379437641,GVB:50:61809,Zuid,61809,,0,,1650730,0,1
152361,3666,379437642,GVB:50:61949,Gein,61949,,1,,1650731,0,1
152361,3666,379437643,GVB:50:61856,Zuid,61856,,0,,1650730,0,1
152361,3666,379437644,GVB:50:61903,Gein,61903,,1,,1650731,0,1
152361,3666,379437645,GVB:50:61997,Zuid,61997,,0,,1650730,0,1
152361,3666,379437646,GVB:50:61810,Gein,61810,,1,,1650731,0,1
152361,3666,379437647,GVB:50:61950,Zuid,61950,,0,,1650730,0,1
152361,3666,379437648,GVB:50:61857,Gein,61857,,1,,1650731,0,1
152361,3666,379437649,GVB:50:61904,Zuid,61904,,0,,1650730,0,1
152361,3666,379437650,GVB:50:61998,Gein,61998,,1,,1650731,0,1
152361,3666,379437651,GVB:50:61811,Zuid,61811,,0,,1650730,0,1
152361,3666,379437652,GVB:50:61951,Gein,61951,,1,,1650731,0,1
152361,3666,379437653,GVB:50:61858,Zuid,61858,,0,,1650730,0,1
152361,3666,379437654,GVB:50:61905,Gein,61905,,1,,1650731,0,1
152361,3666,379437655,GVB:50:61999,Zuid,61999,,0,,1650730,0,1
152361,3666,379437656,GVB:50:61812,Gein,61812,,1,,1650731,0,1
152361,3666,379437657,GVB:50:61952,Zuid,61952,,0,,1650730,0,1
152361,3666,379437658,GVB:50:61859,Gein,61859,,1,,1650731,0,1
152361,3666,379437659,GVB:50:61906,Zuid,61906,,0,,1650730,0,1
152361,3666,379437660,GVB:50:62000,Gein,62000,,1,,1650731,0,1
152361,3666,379437661,GVB:50:61813,Zuid,61813,,0,,1650730,0,1
152361,3666,379437662,GVB:50:61953,Gein,61953,,1,,1650731,0,1
152361,3666,379437663,GVB:50:61860,Zuid,61860,,0,,1650730,0,1
152361,3666,379437664,GVB:50:61907,Gein,61907,,1,,1650731,0,1
152361,3666,379437665,GVB:50:62001,Zuid,62001,,0,,1650730,0,1
152361,3666,379437666,GVB:50:61814,Gein,61814,,1,,1650731,0,1
152361,3666,379437667,GVB:50:61954,Zuid,61954,,0,,1650730,0,1
152361,3666,379437668,GVB:50:61861,Gein,61861,,1,,1650731,0,1
152361,3666,379437669,GVB:50:61908,Zuid,61908,,0,,1650730,0,1
152361,3666,379437670,GVB:50:62002,Gein,62002,,1,,1650731,0,1
152361,3666,379437671,GVB:50:61815,Zuid,61815,,0,,1650730,0,1
152361,3666,379437672,GVB:50:61955,Gein,61955,,1,,1650731,0,1
152361,3666,379437673,GVB:50:61862,Zuid,61862,,0,,1650730,0,1
152361,3666,379437674,GVB:50:61909,Gein,61909,,1,,1650731,0,1
152361,3666,379437675,GVB:50:62003,Zuid,62003,,0,,1650730,0,1
152361,3666,379437676,GVB:50:61816,Gein,61816,,1,,1650731,0,1
152361,3666,379437677,GVB:50:61956,Zuid,61956,,0,,1650730,0,1
152361,3666,379437678,GVB:50:61863,Gein,61863,,1,,1650731,0,1
152361,3666,379437679,GVB:50:61910,Zuid,61910,,0,,1650730,0,1
152361,3666,379437680,GVB:50:62004,Gein,62004,,1,,1650731,0,1
152361,3666,379437681,GVB:50:61817,Zuid,61817,,0,,1650730,0,1
152361,3666,379437682,GVB:50:61957,Gein,61957,,1,,1650731,0,1
152361,3666,379437683,GVB:50:61864,Zuid,61864,,0,,1650730,0,1
152361,3666,379437684,GVB:50:61911,Gein,61911,,1,,1650731,0,1
152361,3666,379437685,GVB:50:62005,Zuid,62005,,0,,1650730,0,1
152361,3666,379437686,GVB:50:61818,Gein,61818,,1,,1650731,0,1
152361,3666,379437687,GVB:50:61958,Zuid,61958,,0,,1650730,0,1
152361,3666,379437688,GVB:50:61865,Gein,61865,,1,,1650731,0,1
152361,3666,379437689,GVB:50:61912,Zuid,61912,,0,,1650730,0,1
152361,3666,379437690,GVB:50:62006,Gein,62006,,1,,1650731,0,1
152361,3666,379437691,GVB:50:61819,Zuid,61819,,0,,1650730,0,1
152361,3666,379437692,GVB:50:61959,Gein,61959,,1,,1650731,0,1
152361,3666,379437693,GVB:50:61866,Zuid,61866,,0,,1650730,0,1
152361,3666,379437694,GVB:50:61913,Gein,61913,,1,,1650731,0,1
152361,3666,379437695,GVB:50:62007,Zuid,62007,,0,,1650730,0,1
152361,3666,379437696,GVB:50:61820,Gein,61820,,1,,1650731,0,1
152361,3666,379437697,GVB:50:61960,Zuid,61960,,0,,1650730,0,1
152361,3666,379437698,GVB:50:61867,Gein,61867,,1,,1650731,0,1
152361,3666,379437699,GVB:50:61914,Zuid,61914,,0,,1650730,0,1
152361,3666,379437700,GVB:50:62008,Gein,62008,,1,,1650731,0,1
152361,3666,379437701,GVB:50:61821,Zuid,61821,,0,,1650730,0,1
152361,3666,379437702,GVB:50:61961,Gein,61961,,1,,1650731,0,1
152361,3666,379437703,GVB:50:61868,Zuid,61868,,0,,1650730,0,1
152361,3666,379437704,GVB:50:61915,Gein,61915,,1,,1650731,0,1
152361,3666,379437705,GVB:50:62009,Zuid,62009,,0,,1650730,0,1
152361,3666,379437706,GVB:50:61822,Gein,61822,,1,,1650731,0,1
152361,3666,379437707,GVB:50:61962,Zuid,61962,,0,,1650730,0,1
152361,3666,379437708,GVB:50:61869,Gein,61869,,1,,1650731,0,1
152361,3666,379437709,GVB:50:61916,Zuid,61916,,0,,1650730,0,1
152361,3666,379437710,GVB:50:62010,Gein,62010,,1,,1650731,0,1
152361,3666,379437711,GVB:50:61823,Zuid,61823,,0,,1650730,0,1
152361,3666,379437712,GVB:50:61963,Gein,61963,,1,,1650731,0,1
152361,3666,379437713,GVB:50:61870,Zuid,61870,,0,,1650730,0,1
152361,3666,379437714,GVB:50:61917,Gein,61917,,1,,1650731,0,1
152361,3666,379437715,GVB:50:62011,Zuid,62011,,0,,1650730,0,1
152361,3666,379437716,GVB:50:61824,Gein,61824,,1,,1650731,0,1
152361,3666,379437717,GVB:50:61964,Zuid,61964,,0,,1650730,0,1
152361,3666,379437718,GVB:50:61871,Gein,61871,,1,,1650731,0,1
152361,3666,379437719,GVB:50:61918,Zuid,61918,,0,,1650730,0,1
152361,3666,379437720,GVB:50:62012,Gein,62012,,1,,1650731,0,1
152361,3666,379437721,GVB:50:61825,Zuid,61825,,0,,1650730,0,1
152361,3666,379437722,GVB:50:61965,Gein,61965,,1,,1650731,0,1
152361,3666,379437723,GVB:50:61872,Zuid,61872,,0,,1650730,0,1
152361,3666,379437724,GVB:50:61919,Gein,61919,,1,,1650731,0,1
152361,3666,379437725,GVB:50:62013,Zuid,62013,,0,,1650730,0,1
152361,3666,379437726,GVB:50:61826,Gein,61826,,1,,1650731,0,1
152361,3666,379437727,GVB:50:61966,Zuid,61966,,0,,1650730,0,1
152361,3666,379437728,GVB:50:61873,Gein,61873,,1,,1650731,0,1
152361,3666,379437729,GVB:50:61920,Zuid,61920,,0,,1650730,0,1
152361,3666,379437730,GVB:50:62014,Gein,62014,,1,,1650731,0,1
152361,3666,379437731,GVB:50:61827,Zuid,61827,,0,,1650730,0,1
152361,3666,379437732,GVB:50:61967,Gein,61967,,1,,1650731,0,1
152361,3666,379437733,GVB:50:61874,Zuid,61874,,0,,1650730,0,1
152361,3666,379437734,GVB:50:61921,Gein,61921,,1,,1650731,0,1
152361,3666,379437735,GVB:50:62015,Zuid,62015,,0,,1650730,0,1
152361,3666,379437736,GVB:50:61828,Gein,61828,,1,,1650731,0,1
152361,3666,379437737,GVB:50:61968,Zuid,61968,,0,,1650730,0,1
152361,3666,379437738,GVB:50:61875,Gein,61875,,1,,1650731,0,1
152361,3666,379437739,GVB:50:61922,Zuid,61922,,0,,1650730,0,1
152361,3666,379437740,GVB:50:62016,Gein,62016,,1,,1650731,0,1
152361,3666,379437741,GVB:50:61829,Zuid,61829,,0,,1650730,0,1
152361,3666,379437742,GVB:50:61969,Gein,61969,,1,,1650731,0,1
152361,3666,379437743,GVB:50:61876,Zuid,61876,,0,,1650730,0,1
152361,3666,379437744,GVB:50:61923,Gein,61923,,1,,1650731,0,1
152361,3666,379437745,GVB:50:62017,Zuid,62017,,0,,1650730,0,1
152361,3666,379437746,GVB:50:61830,Gein,61830,,1,,1650731,0,1
152361,3666,379437747,GVB:50:61970,Zuid,61970,,0,,1650730,0,1
152361,3666,379437748,GVB:50:61877,Gein,61877,,1,,1650731,0,1
152361,3666,379437749,GVB:50:61924,Zuid,61924,,0,,1650730,0,1
152361,3666,379437750,GVB:50:62018,Gein,62018,,1,,1650731,0,1
152361,3666,379437751,GVB:50:61831,Zuid,61831,,0,,1650730,0,1
152361,3666,379437752,GVB:50:61971,Gein,61971,,1,,1650731,0,1
152361,3666,379437753,GVB:50:61878,Zuid,61878,,0,,1650730,0,1
152361,3666,379437754,GVB:50:61925,Gein,61925,,1,,1650731,0,1
152361,3666,379437755,GVB:50:62019,Zuid,62019,,0,,1650730,0,1
152361,3666,379437756,GVB:50:61832,Gein,61832,,1,,1650731,0,1
152361,3666,379437757,GVB:50:61972,Zuid,61972,,0,,1650730,0,1
152361,3666,379437758,GVB:50:61879,Gein,61879,,1,,1650731,0,1
152361,3666,379437759,GVB:50:61926,Zuid,61926,,0,,1650730,0,1
152361,3666,379437760,GVB:50:62020,Gein,62020,,1,,1650731,0,1
152361,3666,379437761,GVB:50:61833,Zuid,61833,,0,,1650730,0,1
152361,3666,379437762,GVB:50:61973,Gein,61973,,1,,1650731,0,1
152361,3666,379437763,GVB:50:61880,Zuid,61880,,0,,1650730,0,1
152361,3666,379437764,GVB:50:61927,Gein,61927,,1,,1650731,0,1
152361,3666,379437765,GVB:50:62021,Zuid,62021,,0,,1650730,0,1
152361,3666,379437766,GVB:50:61834,Gein,61834,,1,,1650731,0,1
152361,3666,379437767,GVB:50:61974,Zuid,61974,,0,,1650730,0,1
152361,3666,379437768,GVB:50:61881,Gein,61881,,1,,1650731,0,1
152361,3666,379437769,GVB:50:61928,Zuid,61928,,0,,1650730,0,1
152361,3666,379437770,GVB:50:62022,Gein,62022,,1,,1650731,0,1
152361,3666,379437771,GVB:50:61835,Zuid,61835,,0,,1650730,0,1
152361,3666,379437772,GVB:50:61975,Gein,61975,,1,,1650731,0,1
152361,3666,379437773,GVB:50:61882,Zuid,61882,,0,,1650730,0,1
152361,3666,379437774,GVB:50:61929,Gein,61929,,1,,1650731,0,1
152361,3666,379437775,GVB:50:62023,Zuid,62023,,0,,1650730,0,1
152361,3666,379437776,GVB:50:61836,Gein,61836,,1,,1650731,0,1
152361,3666,379437777,GVB:50:61976,Zuid,61976,,0,,1650730,0,1
152361,3666,379437778,GVB:50:61883,Gein,61883,,1,,1650731,0,1
152361,3666,379437779,GVB:50:61930,Zuid,61930,,0,,1650730,0,1
152361,3666,379437780,GVB:50:62024,Gein,62024,,1,,1650731,0,1
152361,3666,379437781,GVB:50:61837,Zuid,61837,,0,,1650730,0,1
152361,3666,379437782,GVB:50:61977,Gein,61977,,1,,1650731,0,1
152361,3666,379437783,GVB:50:61884,Zuid,61884,,0,,1650730,0,1
152361,3666,379437784,GVB:50:61931,Gein,61931,,1,,1650731,0,1
152361,3666,379437785,GVB:50:62025,Zuid,62025,,0,,1650730,0,1
152361,3666,379437786,GVB:50:61838,Gein,61838,,1,,1650731,0,1
152361,3666,379437787,GVB:50:61978,Zuid,61978,,0,,1650730,0,1
152361,3666,379437788,GVB:50:61885,Gein,61885,,1,,1650731,0,1
152361,3666,379437789,GVB:50:61932,Zuid,61932,,0,,1650730,0,1
152361,3666,379437790,GVB:50:62026,Gein,62026,,1,,1650731,0,1
152361,3666,379437791,GVB:50:61839,Zuid,61839,,0,,1650730,0,1
152361,3666,379437792,GVB:50:61979,Gein,61979,,1,,1650731,0,1
152361,3666,379437793,GVB:50:61886,Zuid,61886,,0,,1650730,0,1
152361,3666,379437794,GVB:50:61933,Gein,61933,,1,,1650731,0,1
152361,3666,379437795,GVB:50:62027,Zuid,62027,,0,,1650730,0,1
152361,3666,379437796,GVB:50:61840,Gein,61840,,1,,1650731,0,1
152361,3666,379437797,GVB:50:61980,Zuid,61980,,0,,1650730,0,1
152361,3666,379437798,GVB:50:61887,Gein,61887,,1,,1650731,0,1
152361,3666,379437799,GVB:50:61934,Zuid,61934,,0,,1650730,0,1
152361,3666,379437800,GVB:50:62028,Gein,62028,,1,,1650731,0,1
152361,3666,379437801,GVB:50:61841,Zuid,61841,,0,,1650730,0,1
152361,3666,379437802,GVB:50:61981,Gein,61981,,1,,1650731,0,1
152361,3666,379437803,GVB:50:61888,Zuid,61888,,0,,1650730,0,1
152361,3666,379437804,GVB:50:61935,Gein,61935,,1,,1650731,0,1
152361,3666,379437805,GVB:50:62029,Zuid,62029,,0,,1650730,0,1
152361,3666,379437806,GVB:50:61842,Gein,61842,,1,,1650731,0,1
152361,3666,379437807,GVB:50:61982,Zuid,61982,,0,,1650730,0,1
152361,3666,379437808,GVB:50:61889,Gein,61889,,1,,1650731,0,1
152361,3666,379437809,GVB:50:61936,Zuid,61936,,0,,1650730,0,1
152361,3666,379437810,GVB:50:62030,Gein,62030,,1,,1650731,0,1
152361,3666,379437811,GVB:50:61843,Zuid,61843,,0,,1650730,0,1
152361,3666,379437812,GVB:50:61983,Gein,61983,,1,,1650731,0,1
152361,3666,379437813,GVB:50:61890,Zuid,61890,,0,,1650730,0,1
152361,3666,379437814,GVB:50:61937,Gein,61937,,1,,1650731,0,1
152361,3666,379437815,GVB:50:62031,Zuid,62031,,0,,1650730,0,1
152361,3666,379437816,GVB:50:61844,Gein,61844,,1,,1650731,0,1
152361,3666,379437817,GVB:50:61984,Zuid,61984,,0,,1650730,0,1
152361,3666,379437818,GVB:50:61891,Gein,61891,,1,,1650731,0,1
152361,3666,379437819,GVB:50:61938,Zuid,61938,,0,,1650730,0,1
152361,3666,379437820,GVB:50:62032,Gein,62032,,1,,1650731,0,1
152361,3666,379437821,GVB:50:61845,Zuid,61845,,0,,1650730,0,1
152361,3666,379437822,GVB:50:61985,Gein,61985,,1,,1650731,0,1
152361,3666,379437823,GVB:50:61892,Zuid,61892,,0,,1650730,0,1
152361,3666,379437824,GVB:50:61939,Gein,61939,,1,,1650731,0,1
152361,3666,379437825,GVB:50:62033,Zuid,62033,,0,,1650730,0,1
152361,3666,379437826,GVB:50:61846,Gein,61846,,1,,1650731,0,1
152361,3666,379437827,GVB:50:61986,Zuid,61986,,0,,1650730,0,1
152361,3666,379437828,GVB:50:61893,Gein,61893,,1,,1650731,0,1
152361,3666,379437829,GVB:50:61940,Zuid,61940,,0,,1650730,0,1
152361,3666,379437830,GVB:50:62034,Gein,62034,,1,,1650731,0,1
152361,3666,379437831,GVB:50:61847,Zuid,61847,,0,,1650730,0,1
152361,3666,379437832,GVB:50:61987,Gein,61987,,1,,1650731,0,1
152361,3666,379437833,GVB:50:61894,Zuid,61894,,0,,1650730,0,1
152361,3666,379437834,GVB:50:61941,Gein,61941,,1,,1650731,0,1
152361,3666,379437835,GVB:50:62035,Zuid,62035,,0,,1650730,0,1
152361,3666,379437836,GVB:50:61848,Gein,61848,,1,,1650731,0,1
152361,3666,379437837,GVB:50:61988,Zuid,61988,,0,,1650730,0,1
152361,3666,379437838,GVB:50:61895,Gein,61895,,1,,1650731,0,1
152361,3666,379437839,GVB:50:61942,Zuid,61942,,0,,1650730,0,1
152361,3666,379437840,GVB:50:62036,Gein,62036,,1,,1650731,0,1
152361,3666,379437841,GVB:50:61849,Zuid,61849,,0,,1650730,0,1
152361,3666,379437842,GVB:50:61989,Gein,61989,,1,,1650731,0,1
152361,3666,379437843,GVB:50:61943,Gein,61943,,1,,1650731,0,1
152361,3666,379437844,GVB:50:61850,Gein,61850,,1,,1650731,0,1
152361,3689,379438927,GVB:50:63134,Zuid,63134,,0,,1650730,0,1
152361,3689,379438928,GVB:50:63223,Gein,63223,,0,,1584511,0,1
152361,3689,379438929,GVB:50:63090,Zuid,63090,,0,,1650730,0,1
152361,3689,379438930,GVB:50:63179,Gein,63179,,0,,1584511,0,1
152361,3689,379438931,GVB:50:63224,Zuid,63224,,0,,1650730,0,1
152361,3689,379438932,GVB:50:63046,Gein,63046,,0,,1584511,0,1
152361,3689,379438933,GVB:50:63135,Gein,63135,,1,,1650731,0,1
152361,3689,379438934,GVB:50:63180,Zuid,63180,,0,,1650730,0,1
152361,3689,379438935,GVB:50:63091,Gein,63091,,1,,1650731,0,1
152361,3689,379438936,GVB:50:63047,Zuid,63047,,0,,1650730,0,1
152361,3689,379438937,GVB:50:63225,Gein,63225,,1,,1650731,0,1
152361,3689,379438938,GVB:50:63136,Zuid,63136,,0,,1650730,0,1
152361,3689,379438939,GVB:50:63181,Gein,63181,,1,,1650731,0,1
152361,3689,379438940,GVB:50:63092,Zuid,63092,,0,,1650730,0,1
152361,3689,379438941,GVB:50:63048,Gein,63048,,1,,1650731,0,1
152361,3689,379438942,GVB:50:63226,Zuid,63226,,0,,1650730,0,1
152361,3689,379438943,GVB:50:63137,Gein,63137,,1,,1650731,0,1
152361,3689,379438944,GVB:50:63182,Zuid,63182,,0,,1650730,0,1
152361,3689,379438945,GVB:50:63093,Gein,63093,,1,,1650731,0,1
152361,3689,379438946,GVB:50:63049,Zuid,63049,,0,,1650730,0,1
152361,3689,379438947,GVB:50:63227,Gein,63227,,1,,1650731,0,1
152361,3689,379438948,GVB:50:63138,Zuid,63138,,0,,1650730,0,1
152361,3689,379438949,GVB:50:63183,Gein,63183,,1,,1650731,0,1
152361,3689,379438950,GVB:50:63094,Zuid,63094,,0,,1650730,0,1
152361,3689,379438951,GVB:50:63050,Gein,63050,,1,,1650731,0,1
152361,3689,379438952,GVB:50:63228,Zuid,63228,,0,,1650730,0,1
152361,3689,379438953,GVB:50:63139,Gein,63139,,1,,1650731,0,1
152361,3689,379438954,GVB:50:63184,Zuid,63184,,0,,1650730,0,1
152361,3689,379438955,GVB:50:63095,Gein,63095,,1,,1650731,0,1
152361,3689,379438956,GVB:50:63051,Zuid,63051,,0,,1650730,0,1
152361,3689,379438957,GVB:50:63229,Gein,63229,,1,,1650731,0,1
152361,3689,379438958,GVB:50:63140,Zuid,63140,,0,,1650730,0,1
152361,3689,379438959,GVB:50:63185,Gein,63185,,1,,1650731,0,1
152361,3689,379438960,GVB:50:63096,Zuid,63096,,0,,1650730,0,1
152361,3689,379438961,GVB:50:63052,Gein,63052,,1,,1650731,0,1
152361,3689,379438962,GVB:50:63230,Zuid,63230,,0,,1650730,0,1
152361,3689,379438963,GVB:50:63141,Gein,63141,,1,,1650731,0,1
152361,3689,379438964,GVB:50:63186,Zuid,63186,,0,,1650730,0,1
152361,3689,379438965,GVB:50:63097,Gein,63097,,1,,1650731,0,1
152361,3689,379438966,GVB:50:63053,Zuid,63053,,0,,1650730,0,1
152361,3689,379438967,GVB:50:63231,Gein,63231,,1,,1650731,0,1
152361,3689,379438968,GVB:50:63142,Zuid,63142,,0,,1650730,0,1
152361,3689,379438969,GVB:50:63187,Gein,63187,,1,,1650731,0,1
152361,3689,379438970,GVB:50:63098,Zuid,63098,,0,,1650730,0,1
152361,3689,379438971,GVB:50:63054,Gein,63054,,1,,1650731,0,1
152361,3689,379438972,GVB:50:63232,Zuid,63232,,0,,1650730,0,1
152361,3689,379438973,GVB:50:63143,Gein,63143,,1,,1650731,0,1
152361,3689,379438974,GVB:50:63188,Zuid,63188,,0,,1650730,0,1
152361,3689,379438975,GVB:50:63099,Gein,63099,,1,,1650731,0,1
152361,3689,379438976,GVB:50:63055,Zuid,63055,,0,,1650730,0,1
152361,3689,379438977,GVB:50:63233,Gein,63233,,1,,1650731,0,1
152361,3689,379438978,GVB:50:63144,Zuid,63144,,0,,1650730,0,1
152361,3689,379438979,GVB:50:63189,Gein,63189,,1,,1650731,0,1
152361,3689,379438980,GVB:50:63100,Zuid,63100,,0,,1650730,0,1
152361,3689,379438981,GVB:50:63056,Gein,63056,,1,,1650731,0,1
152361,3689,379438982,GVB:50:63234,Zuid,63234,,0,,1650730,0,1
152361,3689,379438983,GVB:50:63145,Gein,63145,,1,,1650731,0,1
152361,3689,379438984,GVB:50:63190,Zuid,63190,,0,,1650730,0,1
152361,3689,379438985,GVB:50:63101,Gein,63101,,1,,1650731,0,1
152361,3689,379438986,GVB:50:63057,Zuid,63057,,0,,1650730,0,1
152361,3689,379438987,GVB:50:63235,Gein,63235,,1,,1650731,0,1
152361,3689,379438988,GVB:50:63146,Zuid,63146,,0,,1650730,0,1
152361,3689,379438989,GVB:50:63191,Gein,63191,,1,,1650731,0,1
152361,3689,379438990,GVB:50:63102,Zuid,63102,,0,,1650730,0,1
152361,3689,379438991,GVB:50:63058,Gein,63058,,1,,1650731,0,1
152361,3689,379438992,GVB:50:63236,Zuid,63236,,0,,1650730,0,1
152361,3689,379438993,GVB:50:63147,Gein,63147,,1,,1650731,0,1
152361,3689,379438994,GVB:50:63192,Zuid,63192,,0,,1650730,0,1
152361,3689,379438995,GVB:50:63103,Gein,63103,,1,,1650731,0,1
152361,3689,379438996,GVB:50:63059,Zuid,63059,,0,,1650730,0,1
152361,3689,379438997,GVB:50:63237,Gein,63237,,1,,1650731,0,1
152361,3689,379438998,GVB:50:63148,Zuid,63148,,0,,1650730,0,1
152361,3689,379438999,GVB:50:63193,Gein,63193,,1,,1650731,0,1
152361,3689,379439000,GVB:50:63104,Zuid,63104,,0,,1650730,0,1
152361,3689,379439001,GVB:50:63060,Gein,63060,,1,,1650731,0,1
152361,3689,379439002,GVB:50:63238,Zuid,63238,,0,,1650730,0,1
152361,3689,379439003,GVB:50:63149,Gein,63149,,1,,1650731,0,1
152361,3689,379439004,GVB:50:63194,Zuid,63194,,0,,1650730,0,1
152361,3689,379439005,GVB:50:63105,Gein,63105,,1,,1650731,0,1
152361,3689,379439006,GVB:50:63061,Zuid,63061,,0,,1650730,0,1
152361,3689,379439007,GVB:50:63239,Gein,63239,,1,,1650731,0,1
152361,3689,379439008,GVB:50:63150,Zuid,63150,,0,,1650730,0,1
152361,3689,379439009,GVB:50:63195,Gein,63195,,1,,1650731,0,1
152361,3689,379439010,GVB:50:63106,Zuid,63106,,0,,1650730,0,1
152361,3689,379439011,GVB:50:63062,Gein,63062,,1,,1650731,0,1
152361,3689,379439012,GVB:50:63240,Zuid,63240,,0,,1650730,0,1
152361,3689,379439013,GVB:50:63151,Gein,63151,,1,,1650731,0,1
152361,3689,379439014,GVB:50:63196,Zuid,63196,,0,,1650730,0,1
152361,3689,379439015,GVB:50:63107,Gein,63107,,1,,1650731,0,1
152361,3689,379439016,GVB:50:63063,Zuid,63063,,0,,1650730,0,1
152361,3689,379439017,GVB:50:63241,Gein,63241,,1,,1650731,0,1
152361,3689,379439018,GVB:50:63152,Zuid,63152,,0,,1650730,0,1
152361,3689,379439019,GVB:50:63197,Gein,63197,,1,,1650731,0,1
152361,3689,379439020,GVB:50:63108,Zuid,63108,,0,,1650730,0,1
152361,3689,379439021,GVB:50:63064,Gein,63064,,1,,1650731,0,1
152361,3689,379439022,GVB:50:63242,Zuid,63242,,0,,1650730,0,1
152361,3689,379439023,GVB:50:63153,Gein,63153,,1,,1650731,0,1
152361,3689,379439024,GVB:50:63198,Zuid,63198,,0,,1650730,0,1
152361,3689,379439025,GVB:50:63109,Gein,63109,,1,,1650731,0,1
152361,3689,379439026,GVB:50:63065,Zuid,63065,,0,,1650730,0,1
152361,3689,379439027,GVB:50:63243,Gein,63243,,1,,1650731,0,1
152361,3689,379439028,GVB:50:63154,Zuid,63154,,0,,1650730,0,1
152361,3689,379439029,GVB:50:63199,Gein,63199,,1,,1650731,0,1
152361,3689,379439030,GVB:50:63110,Zuid,63110,,0,,1650730,0,1
152361,3689,379439031,GVB:50:63066,Gein,63066,,1,,1650731,0,1
152361,3689,379439032,GVB:50:63244,Zuid,63244,,0,,1650730,0,1
152361,3689,379439033,GVB:50:63155,Gein,63155,,1,,1650731,0,1
152361,3689,379439034,GVB:50:63200,Zuid,63200,,0,,1650730,0,1
152361,3689,379439035,GVB:50:63111,Gein,63111,,1,,1650731,0,1
152361,3689,379439036,GVB:50:63067,Zuid,63067,,0,,1650730,0,1
152361,3689,379439037,GVB:50:63245,Gein,63245,,1,,1650731,0,1
152361,3689,379439038,GVB:50:63156,Zuid,63156,,0,,1650730,0,1
152361,3689,379439039,GVB:50:63201,Gein,63201,,1,,1650731,0,1
152361,3689,379439040,GVB:50:63112,Zuid,63112,,0,,1650730,0,1
152361,3689,379439041,GVB:50:63068,Gein,63068,,1,,1650731,0,1
152361,3689,379439042,GVB:50:63246,Zuid,63246,,0,,1650730,0,1
152361,3689,379439043,GVB:50:63157,Gein,63157,,1,,1650731,0,1
152361,3689,379439044,GVB:50:63202,Zuid,63202,,0,,1650730,0,1
152361,3689,379439045,GVB:50:63113,Gein,63113,,1,,1650731,0,1
152361,3689,379439046,GVB:50:63069,Zuid,63069,,0,,1650730,0,1
152361,3689,379439047,GVB:50:63247,Gein,63247,,1,,1650731,0,1
152361,3689,379439048,GVB:50:63158,Zuid,63158,,0,,1650730,0,1
152361,3689,379439049,GVB:50:63203,Gein,63203,,1,,1650731,0,1
152361,3689,379439050,GVB:50:63114,Zuid,63114,,0,,1650730,0,1
152361,3689,379439051,GVB:50:63070,Gein,63070,,1,,1650731,0,1
152361,3689,379439052,GVB:50:63248,Zuid,63248,,0,,1650730,0,1
152361,3689,379439053,GVB:50:63159,Gein,63159,,1,,1650731,0,1
152361,3689,379439054,GVB:50:63204,Zuid,63204,,0,,1650730,0,1
152361,3689,379439055,GVB:50:63115,Gein,63115,,1,,1650731,0,1
152361,3689,379439056,GVB:50:63071,Zuid,63071,,0,,1650730,0,1
152361,3689,379439057,GVB:50:63249,Gein,63249,,1,,1650731,0,1
152361,3689,379439058,GVB:50:63160,Zuid,63160,,0,,1650730,0,1
152361,3689,379439059,GVB:50:63205,Gein,63205,,1,,1650731,0,1
152361,3689,379439060,GVB:50:63116,Zuid,63116,,0,,1650730,0,1
152361,3689,379439061,GVB:50:63072,Gein,63072,,1,,1650731,0,1
152361,3689,379439062,GVB:50:63250,Zuid,63250,,0,,1650730,0,1
152361,3689,379439063,GVB:50:63161,Gein,63161,,1,,1650731,0,1
152361,3689,379439064,GVB:50:63206,Zuid,63206,,0,,1650730,0,1
152361,3689,379439065,GVB:50:63117,Gein,63117,,1,,1650731,0,1
152361,3689,379439066,GVB:50:63073,Zuid,63073,,0,,1650730,0,1
152361,3689,379439067,GVB:50:63251,Gein,63251,,1,,1650731,0,1
152361,3689,379439068,GVB:50:63162,Zuid,63162,,0,,1650730,0,1
152361,3689,379439069,GVB:50:63207,Gein,63207,,1,,1650731,0,1
152361,3689,379439070,GVB:50:63118,Zuid,63118,,0,,1650730,0,1
152361,3689,379439071,GVB:50:63074,Gein,63074,,1,,1650731,0,1
152361,3689,379439072,GVB:50:63252,Zuid,63252,,0,,1650730,0,1
152361,3689,379439073,GVB:50:63163,Gein,63163,,1,,1650731,0,1
152361,3689,379439074,GVB:50:63208,Zuid,63208,,0,,1650730,0,1
152361,3689,379439075,GVB:50:63119,Gein,63119,,1,,1650731,0,1
152361,3689,379439076,GVB:50:63075,Zuid,63075,,0,,1650730,0,1
152361,3689,379439077,GVB:50:63253,Gein,63253,,1,,1650731,0,1
152361,3689,379439078,GVB:50:63164,Zuid,63164,,0,,1650730,0,1
152361,3689,379439079,GVB:50:63209,Gein,63209,,1,,1650731,0,1
152361,3689,379439080,GVB:50:63120,Zuid,63120,,0,,1650730,0,1
152361,3689,379439081,GVB:50:63076,Gein,63076,,1,,1650731,0,1
152361,3689,379439082,GVB:50:63254,Zuid,63254,,0,,1650730,0,1
152361,3689,379439083,GVB:50:63165,Gein,63165,,1,,1650731,0,1
152361,3689,379439084,GVB:50:63210,Zuid,63210,,0,,1650730,0,1
152361,3689,379439085,GVB:50:63121,Gein,63121,,1,,1650731,0,1
152361,3689,379439086,GVB:50:63077,Zuid,63077,,0,,1650730,0,1
152361,3689,379439087,GVB:50:63255,Gein,63255,,1,,1650731,0,1
152361,3689,379439088,GVB:50:63166,Zuid,63166,,0,,1650730,0,1
152361,3689,379439089,GVB:50:63211,Gein,63211,,1,,1650731,0,1
152361,3689,379439090,GVB:50:63122,Zuid,63122,,0,,1650730,0,1
152361,3689,379439091,GVB:50:63078,Gein,63078,,1,,1650731,0,1
152361,3689,379439092,GVB:50:63256,Zuid,63256,,0,,1650730,0,1
152361,3689,379439093,GVB:50:63167,Gein,63167,,1,,1650731,0,1
152361,3689,379439094,GVB:50:63212,Zuid,63212,,0,,1650730,0,1
152361,3689,379439095,GVB:50:63123,Gein,63123,,1,,1650731,0,1
152361,3689,379439096,GVB:50:63079,Zuid,63079,,0,,1650730,0,1
152361,3689,379439097,GVB:50:63257,Gein,63257,,1,,1650731,0,1
152361,3689,379439098,GVB:50:63168,Zuid,63168,,0,,1650730,0,1
152361,3689,379439099,GVB:50:63213,Gein,63213,,1,,1650731,0,1
152361,3689,379439100,GVB:50:63124,Zuid,63124,,0,,1650730,0,1
152361,3689,379439101,GVB:50:63080,Gein,63080,,1,,1650731,0,1
152361,3689,379439102,GVB:50:63258,Zuid,63258,,0,,1650730,0,1
152361,3689,379439103,GVB:50:63169,Gein,63169,,1,,1650731,0,1
152361,3689,379439104,GVB:50:63214,Zuid,63214,,0,,1650730,0,1
152361,3689,379439105,GVB:50:63125,Gein,63125,,1,,1650731,0,1
152361,3689,379439106,GVB:50:63081,Zuid,63081,,0,,1650730,0,1
152361,3689,379439107,GVB:50:63259,Gein,63259,,1,,1650731,0,1
152361,3689,379439108,GVB:50:63170,Zuid,63170,,0,,1650730,0,1
152361,3689,379439109,GVB:50:63215,Gein,63215,,1,,1650731,0,1
152361,3689,379439110,GVB:50:63126,Zuid,63126,,0,,1650730,0,1
152361,3689,379439111,GVB:50:63082,Gein,63082,,1,,1650731,0,1
152361,3689,379439112,GVB:50:63260,Zuid,63260,,0,,1650730,0,1
152361,3689,379439113,GVB:50:63171,Gein,63171,,1,,1650731,0,1
152361,3689,379439114,GVB:50:63216,Zuid,63216,,0,,1650730,0,1
152361,3689,379439115,GVB:50:63127,Gein,63127,,1,,1650731,0,1
152361,3689,379439116,GVB:50:63083,Zuid,63083,,0,,1650730,0,1
152361,3689,379439117,GVB:50:63261,Gein,63261,,1,,1650731,0,1
152361,3689,379439118,GVB:50:63172,Zuid,63172,,0,,1650730,0,1
152361,3689,379439119,GVB:50:63217,Gein,63217,,1,,1650731,0,1
152361,3689,379439120,GVB:50:63128,Zuid,63128,,0,,1650730,0,1
152361,3689,379439121,GVB:50:63084,Gein,63084,,1,,1650731,0,1
152361,3689,379439122,GVB:50:63262,Zuid,63262,,0,,1650730,0,1
152361,3689,379439123,GVB:50:63173,Gein,63173,,1,,1650731,0,1
152361,3689,379439124,GVB:50:63218,Zuid,63218,,0,,1650730,0,1
152361,3689,379439125,GVB:50:63129,Gein,63129,,1,,1650731,0,1
152361,3689,379439126,GVB:50:63085,Zuid,63085,,0,,1650730,0,1
152361,3689,379439127,GVB:50:63263,Gein,63263,,1,,1650731,0,1
152361,3689,379439128,GVB:50:63174,Zuid,63174,,0,,1650730,0,1
152361,3689,379439129,GVB:50:63219,Gein,63219,,1,,1650731,0,1
152361,3689,379439130,GVB:50:63130,Zuid,63130,,0,,1650730,0,1
152361,3689,379439131,GVB:50:63086,Gein,63086,,1,,1650731,0,1
152361,3689,379439132,GVB:50:63264,Zuid,63264,,0,,1650730,0,1
152361,3689,379439133,GVB:50:63175,Gein,63175,,1,,1650731,0,1
152361,3689,379439134,GVB:50:63131,Gein,63131,,1,,1650731,0,1
152361,3689,379439135,GVB:50:63265,Gein,63265,,1,,1650731,0,1
152361,3700,379440883,GVB:50:63411,Zuid,63411,,0,,1650730,0,2
152361,3700,379440884,GVB:50:63268,Gein,63268,,0,,1584511,0,2
152361,3700,379440885,GVB:50:63459,Zuid,63459,,0,,1650730,0,2
152361,3700,379440886,GVB:50:63316,Gein,63316,,0,,1584511,0,2
152361,3700,379440887,GVB:50:63269,Zuid,63269,,0,,1650730,0,2
152361,3700,379440888,GVB:50:63364,Gein,63364,,0,,1584511,0,2
152361,3700,379440889,GVB:50:63412,Gein,63412,,1,,1650731,0,2
152361,3700,379440890,GVB:50:63317,Zuid,63317,,0,,1650730,0,2
152361,3700,379440891,GVB:50:63460,Gein,63460,,1,,1650731,0,2
152361,3700,379440892,GVB:50:63365,Zuid,63365,,0,,1650730,0,2
152361,3700,379440893,GVB:50:63270,Gein,63270,,1,,1650731,0,2
152361,3700,379440894,GVB:50:63413,Zuid,63413,,0,,1650730,0,2
152361,3700,379440895,GVB:50:63318,Gein,63318,,1,,1650731,0,2
152361,3700,379440896,GVB:50:63461,Zuid,63461,,0,,1650730,0,2
152361,3700,379440897,GVB:50:63366,Gein,63366,,1,,1650731,0,2
152361,3700,379440898,GVB:50:63271,Zuid,63271,,0,,1650730,0,2
152361,3700,379440899,GVB:50:63414,Gein,63414,,1,,1650731,0,2
152361,3700,379440900,GVB:50:63319,Zuid,63319,,0,,1650730,0,2
152361,3700,379440901,GVB:50:63462,Gein,63462,,1,,1650731,0,2
152361,3700,379440902,GVB:50:63367,Zuid,63367,,0,,1650730,0,2
152361,3700,379440903,GVB:50:63272,Gein,63272,,1,,1650731,0,2
152361,3700,379440904,GVB:50:63415,Zuid,63415,,0,,1650730,0,2
152361,3700,379440905,GVB:50:63320,Gein,63320,,1,,1650731,0,2
152361,3700,379440906,GVB:50:63463,Zuid,63463,,0,,1650730,0,2
152361,3700,379440907,GVB:50:63368,Gein,63368,,1,,1650731,0,2
152361,3700,379440908,GVB:50:63273,Zuid,63273,,0,,1650730,0,2
152361,3700,379440909,GVB:50:63416,Gein,63416,,1,,1650731,0,2
152361,3700,379440910,GVB:50:63321,Zuid,63321,,0,,1650730,0,2
152361,3700,379440911,GVB:50:63464,Gein,63464,,1,,1650731,0,2
152361,3700,379440912,GVB:50:63369,Zuid,63369,,0,,1650730,0,2
152361,3700,379440913,GVB:50:63274,Gein,63274,,1,,1650731,0,2
152361,3700,379440914,GVB:50:63417,Zuid,63417,,0,,1650730,0,2
152361,3700,379440915,GVB:50:63322,Gein,63322,,1,,1650731,0,2
152361,3700,379440916,GVB:50:63465,Zuid,63465,,0,,1650730,0,2
152361,3700,379440917,GVB:50:63370,Gein,63370,,1,,1650731,0,2
152361,3700,379440918,GVB:50:63275,Zuid,63275,,0,,1650730,0,2
152361,3700,379440919,GVB:50:63418,Gein,63418,,1,,1650731,0,2
152361,3700,379440920,GVB:50:63323,Zuid,63323,,0,,1650730,0,2
152361,3700,379440921,GVB:50:63466,Gein,63466,,1,,1650731,0,2
152361,3700,379440922,GVB:50:63371,Zuid,63371,,0,,1650730,0,2
152361,3700,379440923,GVB:50:63276,Gein,63276,,1,,1650731,0,2
152361,3700,379440924,GVB:50:63419,Zuid,63419,,0,,1650730,0,2
152361,3700,379440925,GVB:50:63324,Gein,63324,,1,,1650731,0,2
152361,3700,379440926,GVB:50:63467,Zuid,63467,,0,,1650730,0,2
152361,3700,379440927,GVB:50:63372,Gein,63372,,1,,1650731,0,2
152361,3700,379440928,GVB:50:63277,Zuid,63277,,0,,1650730,0,2
152361,3700,379440929,GVB:50:63420,Gein,63420,,1,,1650731,0,2
152361,3700,379440930,GVB:50:63325,Zuid,63325,,0,,1650730,0,2
152361,3700,379440931,GVB:50:63468,Gein,63468,,1,,1650731,0,2
152361,3700,379440932,GVB:50:63373,Zuid,63373,,0,,1650730,0,2
152361,3700,379440933,GVB:50:63278,Gein,63278,,1,,1650731,0,2
152361,3700,379440934,GVB:50:63421,Zuid,63421,,0,,1650730,0,2
152361,3700,379440935,GVB:50:63326,Gein,63326,,1,,1650731,0,2
152361,3700,379440936,GVB:50:63469,Zuid,63469,,0,,1650730,0,2
152361,3700,379440937,GVB:50:63374,Gein,63374,,1,,1650731,0,2
152361,3700,379440938,GVB:50:63279,Zuid,63279,,0,,1650730,0,2
152361,3700,379440939,GVB:50:63422,Gein,63422,,1,,1650731,0,2
152361,3700,379440940,GVB:50:63327,Zuid,63327,,0,,1650730,0,2
152361,3700,379440941,GVB:50:63470,Gein,63470,,1,,1650731,0,2
152361,3700,379440942,GVB:50:63375,Zuid,63375,,0,,1650730,0,2
152361,3700,379440943,GVB:50:63280,Gein,63280,,1,,1650731,0,2
152361,3700,379440944,GVB:50:63423,Zuid,63423,,0,,1650730,0,2
152361,3700,379440945,GVB:50:63328,Gein,63328,,1,,1650731,0,2
152361,3700,379440946,GVB:50:63471,Zuid,63471,,0,,1650730,0,2
152361,3700,379440947,GVB:50:63376,Gein,63376,,1,,1650731,0,2
152361,3700,379440948,GVB:50:63281,Zuid,63281,,0,,1650730,0,2
152361,3700,379440949,GVB:50:63424,Gein,63424,,1,,1650731,0,2
152361,3700,379440950,GVB:50:63329,Zuid,63329,,0,,1650730,0,2
152361,3700,379440951,GVB:50:63472,Gein,63472,,1,,1650731,0,2
152361,3700,379440952,GVB:50:63377,Zuid,63377,,0,,1650730,0,2
152361,3700,379440953,GVB:50:63282,Gein,63282,,1,,1650731,0,2
152361,3700,379440954,GVB:50:63425,Zuid,63425,,0,,1650730,0,2
152361,3700,379440955,GVB:50:63330,Gein,63330,,1,,1650731,0,2
152361,3700,379440956,GVB:50:63473,Zuid,63473,,0,,1650730,0,2
152361,3700,379440957,GVB:50:63378,Gein,63378,,1,,1650731,0,2
152361,3700,379440958,GVB:50:63283,Zuid,63283,,0,,1650730,0,2
152361,3700,379440959,GVB:50:63426,Gein,63426,,1,,1650731,0,2
152361,3700,379440960,GVB:50:63331,Zuid,63331,,0,,1650730,0,2
152361,3700,379440961,GVB:50:63474,Gein,63474,,1,,1650731,0,2
152361,3700,379440962,GVB:50:63379,Zuid,63379,,0,,1650730,0,2
152361,3700,379440963,GVB:50:63284,Gein,63284,,1,,1650731,0,2
152361,3700,379440964,GVB:50:63427,Zuid,63427,,0,,1650730,0,2
152361,3700,379440965,GVB:50:63332,Gein,63332,,1,,1650731,0,2
152361,3700,379440966,GVB:50:63475,Zuid,63475,,0,,1650730,0,2
152361,3700,379440967,GVB:50:63380,Gein,63380,,1,,1650731,0,2
152361,3700,379440968,GVB:50:63285,Zuid,63285,,0,,1650730,0,2
152361,3700,379440969,GVB:50:63428,Gein,63428,,1,,1650731,0,2
152361,3700,379440970,GVB:50:63333,Zuid,63333,,0,,1650730,0,2
152361,3700,379440971,GVB:50:63476,Gein,63476,,1,,1650731,0,2
152361,3700,379440972,GVB:50:63381,Zuid,63381,,0,,1650730,0,2
152361,3700,379440973,GVB:50:63286,Gein,63286,,1,,1650731,0,2
152361,3700,379440974,GVB:50:63429,Zuid,63429,,0,,1650730,0,2
152361,3700,379440975,GVB:50:63334,Gein,63334,,1,,1650731,0,2
152361,3700,379440976,GVB:50:63477,Zuid,63477,,0,,1650730,0,2
152361,3700,379440977,GVB:50:63382,Gein,63382,,1,,1650731,0,2
152361,3700,379440978,GVB:50:63287,Zuid,63287,,0,,1650730,0,2
152361,3700,379440979,GVB:50:63430,Gein,63430,,1,,1650731,0,2
152361,3700,379440980,GVB:50:63335,Zuid,63335,,0,,1650730,0,2
152361,3700,379440981,GVB:50:63478,Gein,63478,,1,,1650731,0,2
152361,3700,379440982,GVB:50:63383,Zuid,63383,,0,,1650730,0,2
152361,3700,379440983,GVB:50:63288,Gein,63288,,1,,1650731,0,2
152361,3700,379440984,GVB:50:63431,Zuid,63431,,0,,1650730,0,2
152361,3700,379440985,GVB:50:63336,Gein,63336,,1,,1650731,0,2
152361,3700,379440986,GVB:50:63479,Zuid,63479,,0,,1650730,0,2
152361,3700,379440987,GVB:50:63384,Gein,63384,,1,,1650731,0,2
152361,3700,379440988,GVB:50:63289,Zuid,63289,,0,,1650730,0,2
152361,3700,379440989,GVB:50:63432,Gein,63432,,1,,1650731,0,2
152361,3700,379440990,GVB:50:63337,Zuid,63337,,0,,1650730,0,2
152361,3700,379440991,GVB:50:63480,Gein,63480,,1,,1650731,0,2
152361,3700,379440992,GVB:50:63385,Zuid,63385,,0,,1650730,0,2
152361,3700,379440993,GVB:50:63290,Gein,63290,,1,,1650731,0,2
152361,3700,379440994,GVB:50:63433,Zuid,63433,,0,,1650730,0,2
152361,3700,379440995,GVB:50:63338,Gein,63338,,1,,1650731,0,2
152361,3700,379440996,GVB:50:63481,Zuid,63481,,0,,1650730,0,2
152361,3700,379440997,GVB:50:63386,Gein,63386,,1,,1650731,0,2
152361,3700,379440998,GVB:50:63291,Zuid,63291,,0,,1650730,0,2
152361,3700,379440999,GVB:50:63434,Gein,63434,,1,,1650731,0,2
152361,3700,379441000,GVB:50:63339,Zuid,63339,,0,,1650730,0,2
152361,3700,379441001,GVB:50:63482,Gein,63482,,1,,1650731,0,2
152361,3700,379441002,GVB:50:63387,Zuid,63387,,0,,1650730,0,2
152361,3700,379441003,GVB:50:63292,Gein,63292,,1,,1650731,0,2
152361,3700,379441004,GVB:50:63435,Zuid,63435,,0,,1650730,0,2
152361,3700,379441005,GVB:50:63340,Gein,63340,,1,,1650731,0,2
152361,3700,379441006,GVB:50:63483,Zuid,63483,,0,,1650730,0,2
152361,3700,379441007,GVB:50:63388,Gein,63388,,1,,1650731,0,2
152361,3700,379441008,GVB:50:63293,Zuid,63293,,0,,1650730,0,2
152361,3700,379441009,GVB:50:63436,Gein,63436,,1,,1650731,0,2
152361,3700,379441010,GVB:50:63341,Zuid,63341,,0,,1650730,0,2
152361,3700,379441011,GVB:50:63484,Gein,63484,,1,,1650731,0,2
152361,3700,379441012,GVB:50:63389,Zuid,63389,,0,,1650730,0,2
152361,3700,379441013,GVB:50:63294,Gein,63294,,1,,1650731,0,2
152361,3700,379441014,GVB:50:63437,Zuid,63437,,0,,1650730,0,2
152361,3700,379441015,GVB:50:63342,Gein,63342,,1,,1650731,0,2
152361,3700,379441016,GVB:50:63485,Zuid,63485,,0,,1650730,0,2
152361,3700,379441017,GVB:50:63390,Gein,63390,,1,,1650731,0,2
152361,3700,379441018,GVB:50:63295,Zuid,63295,,0,,1650730,0,2
152361,3700,379441019,GVB:50:63438,Gein,63438,,1,,1650731,0,2
152361,3700,379441020,GVB:50:63343,Zuid,63343,,0,,1650730,0,2
152361,3700,379441021,GVB:50:63486,Gein,63486,,1,,1650731,0,2
152361,3700,379441022,GVB:50:63391,Zuid,63391,,0,,1650730,0,2
152361,3700,379441023,GVB:50:63296,Gein,63296,,1,,1650731,0,2
152361,3700,379441024,GVB:50:63439,Zuid,63439,,0,,1650730,0,2
152361,3700,379441025,GVB:50:63344,Gein,63344,,1,,1650731,0,2
152361,3700,379441026,GVB:50:63487,Zuid,63487,,0,,1650730,0,2
152361,3700,379441027,GVB:50:63392,Gein,63392,,1,,1650731,0,2
152361,3700,379441028,GVB:50:63297,Zuid,63297,,0,,1650730,0,2
152361,3700,379441029,GVB:50:63440,Gein,63440,,1,,1650731,0,2
152361,3700,379441030,GVB:50:63345,Zuid,63345,,0,,1650730,0,2
152361,3700,379441031,GVB:50:63488,Gein,63488,,1,,1650731,0,2
152361,3700,379441032,GVB:50:63393,Zuid,63393,,0,,1650730,0,2
152361,3700,379441033,GVB:50:63298,Gein,63298,,1,,1650731,0,2
152361,3700,379441034,GVB:50:63441,Zuid,63441,,0,,1650730,0,2
152361,3700,379441035,GVB:50:63346,Gein,63346,,1,,1650731,0,2
152361,3700,379441036,GVB:50:63489,Zuid,63489,,0,,1650730,0,2
152361,3700,379441037,GVB:50:63394,Gein,63394,,1,,1650731,0,2
152361,3700,379441038,GVB:50:63299,Zuid,63299,,0,,1650730,0,2
152361,3700,379441039,GVB:50:63442,Gein,63442,,1,,1650731,0,2
152361,3700,379441040,GVB:50:63347,Zuid,63347,,0,,1650730,0,2
152361,3700,379441041,GVB:50:63490,Gein,63490,,1,,1650731,0,2
152361,3700,379441042,GVB:50:63395,Zuid,63395,,0,,1650730,0,2
152361,3700,379441043,GVB:50:63300,Gein,63300,,1,,1650731,0,2
152361,3700,379441044,GVB:50:63443,Zuid,63443,,0,,1650730,0,2
152361,3700,379441045,GVB:50:63348,Gein,63348,,1,,1650731,0,2
152361,3700,379441046,GVB:50:63491,Zuid,63491,,0,,1650730,0,2
152361,3700,379441047,GVB:50:63396,Gein,63396,,1,,1650731,0,2
152361,3700,379441048,GVB:50:63301,Zuid,63301,,0,,1650730,0,2
152361,3700,379441049,GVB:50:63444,Gein,63444,,1,,1650731,0,2
152361,3700,379441050,GVB:50:63349,Zuid,63349,,0,,1650730,0,2
152361,3700,379441051,GVB:50:63492,Gein,63492,,1,,1650731,0,2
152361,3700,379441052,GVB:50:63397,Zuid,63397,,0,,1650730,0,2
152361,3700,379441053,GVB:50:63302,Gein,63302,,1,,1650731,0,2
152361,3700,379441054,GVB:50:63445,Zuid,63445,,0,,1650730,0,2
152361,3700,379441055,GVB:50:63350,Gein,63350,,1,,1650731,0,2
152361,3700,379441056,GVB:50:63493,Zuid,63493,,0,,1650730,0,2
152361,3700,379441057,GVB:50:63398,Gein,63398,,1,,1650731,0,2
152361,3700,379441058,GVB:50:63303,Zuid,63303,,0,,1650730,0,2
152361,3700,379441059,GVB:50:63446,Gein,63446,,1,,1650731,0,2
152361,3700,379441060,GVB:50:63351,Zuid,63351,,0,,1650730,0,2
152361,3700,379441061,GVB:50:63494,Gein,63494,,1,,1650731,0,2
152361,3700,379441062,GVB:50:63399,Zuid,63399,,0,,1650730,0,2
152361,3700,379441063,GVB:50:63304,Gein,63304,,1,,1650731,0,2
152361,3700,379441064,GVB:50:63447,Zuid,63447,,0,,1650730,0,2
152361,3700,379441065,GVB:50:63352,Gein,63352,,1,,1650731,0,2
152361,3700,379441066,GVB:50:63495,Zuid,63495,,0,,1650730,0,2
152361,3700,379441067,GVB:50:63400,Gein,63400,,1,,1650731,0,2
152361,3700,379441068,GVB:50:63305,Zuid,63305,,0,,1650730,0,2
152361,3700,379441069,GVB:50:63448,Gein,63448,,1,,1650731,0,2
152361,3700,379441070,GVB:50:63353,Zuid,63353,,0,,1650730,0,2
152361,3700,379441071,GVB:50:63496,Gein,63496,,1,,1650731,0,2
152361,3700,379441072,GVB:50:63401,Zuid,63401,,0,,1650730,0,2
152361,3700,379441073,GVB:50:63306,Gein,63306,,1,,1650731,0,2
152361,3700,379441074,GVB:50:63449,Zuid,63449,,0,,1650730,0,2
152361,3700,379441075,GVB:50:63354,Gein,63354,,1,,1650731,0,2
152361,3700,379441076,GVB:50:63497,Zuid,63497,,0,,1650730,0,2
152361,3700,379441077,GVB:50:63402,Gein,63402,,1,,1650731,0,2
152361,3700,379441078,GVB:50:63307,Zuid,63307,,0,,1650730,0,2
152361,3700,379441079,GVB:50:63450,Gein,63450,,1,,1650731,0,2
152361,3700,379441080,GVB:50:63355,Zuid,63355,,0,,1650730,0,2
152361,3700,379441081,GVB:50:63498,Gein,63498,,1,,1650731,0,2
152361,3700,379441082,GVB:50:63403,Zuid,63403,,0,,1650730,0,2
152361,3700,379441083,GVB:50:63308,Gein,63308,,1,,1650731,0,2
152361,3700,379441084,GVB:50:63451,Zuid,63451,,0,,1650730,0,2
152361,3700,379441085,GVB:50:63356,Gein,63356,,1,,1650731,0,2
152361,3700,379441086,GVB:50:63499,Zuid,63499,,0,,1650730,0,2
152361,3700,379441087,GVB:50:63404,Gein,63404,,1,,1650731,0,2
152361,3700,379441088,GVB:50:63309,Zuid,63309,,0,,1650730,0,2
152361,3700,379441089,GVB:50:63452,Gein,63452,,1,,1650731,0,2
152361,3700,379441090,GVB:50:63357,Zuid,63357,,0,,1650730,0,2
152361,3700,379441091,GVB:50:63500,Gein,63500,,1,,1650731,0,2
152361,3700,379441092,GVB:50:63405,Zuid,63405,,0,,1650730,0,2
152361,3700,379441093,GVB:50:63310,Gein,63310,,1,,1650731,0,2
152361,3700,379441094,GVB:50:63453,Zuid,63453,,0,,1650730,0,2
152361,3700,379441095,GVB:50:63358,Gein,63358,,1,,1650731,0,2
152361,3700,379441096,GVB:50:63501,Zuid,63501,,0,,1650730,0,2
152361,3700,379441097,GVB:50:63406,Gein,63406,,1,,1650731,0,2
152361,3700,379441098,GVB:50:63311,Zuid,63311,,0,,1650730,0,2
152361,3700,379441099,GVB:50:63454,Gein,63454,,1,,1650731,0,2
152361,3700,379441100,GVB:50:63359,Zuid,63359,,0,,1650730,0,2
152361,3700,379441101,GVB:50:63502,Gein,63502,,1,,1650731,0,2
152361,3700,379441102,GVB:50:63407,Zuid,63407,,0,,1650730,0,2
152361,3700,379441103,GVB:50:63312,Gein,63312,,1,,1650731,0,2
152361,3700,379441104,GVB:50:63455,Zuid,63455,,0,,1650730,0,2
152361,3700,379441105,GVB:50:63360,Gein,63360,,1,,1650731,0,2
152361,3700,379441106,GVB:50:63408,Gein,63408,,1,,1650731,0,2
152361,3700,379441107,GVB:50:63456,Gein,63456,,1,,1650731,0,2
152362,1874,379396694,GVB:51:64698,Centraal Station,64698,,0,,1584571,0,1
152362,1874,379396695,GVB:51:64699,Isolatorweg,64699,,1,,1624856,0,1
152362,1874,379396696,GVB:51:64764,Centraal Station,64764,,0,,1624850,0,1
152362,1874,379396697,GVB:51:64732,Centraal Station,64732,,0,,1584585,0,1
152362,1874,379396698,GVB:51:64838,Centraal Station,64838,,0,,1624857,0,1
152362,1874,379396699,GVB:51:64639,Isolatorweg,64639,,1,,1584545,0,1
152362,1874,379396700,GVB:51:64733,Isolatorweg,64733,,1,,1624853,0,1
152362,1874,379396701,GVB:51:64670,Centraal Station,64670,,0,,1624848,0,1
152362,1874,379396702,GVB:51:64839,Isolatorweg,64839,,1,,1624856,0,1
152362,1874,379396703,GVB:51:64640,Centraal Station,64640,,0,,1624850,0,1
152362,1874,379396704,GVB:51:64765,Isolatorweg,64765,,1,,1624853,0,1
152362,1874,379396705,GVB:51:64700,Centraal Station,64700,,0,,1624848,0,1
152362,1874,379396706,GVB:51:64671,Isolatorweg,64671,,1,,1624856,0,1
152362,1874,379396707,GVB:51:64734,Centraal Station,64734,,0,,1624850,0,1
152362,1874,379396708,GVB:51:64641,Isolatorweg,64641,,1,,1624853,0,1
152362,1874,379396709,GVB:51:64840,Centraal Station,64840,,0,,1624848,0,1
152362,1874,379396710,GVB:51:64701,Isolatorweg,64701,,1,,1624856,0,1
152362,1874,379396711,GVB:51:64766,Centraal Station,64766,,0,,1624850,0,1
152362,1874,379396712,GVB:51:64735,Isolatorweg,64735,,1,,1624853,0,1
152362,1874,379396713,GVB:51:64672,Centraal Station,64672,,0,,1624848,0,1
152362,1874,379396714,GVB:51:64841,Isolatorweg,64841,,1,,1624856,0,1
152362,1874,379396715,GVB:51:64642,Centraal Station,64642,,0,,1624850,0,1
152362,1874,379396716,GVB:51:64767,Isolatorweg,64767,,1,,1624853,0,1
152362,1874,379396717,GVB:51:64702,Centraal Station,64702,,0,,1624848,0,1
152362,1874,379396718,GVB:51:64673,Isolatorweg,64673,,1,,1624856,0,1
152362,1874,379396719,GVB:51:64736,Centraal Station,64736,,0,,1624850,0,1
152362,1874,379396720,GVB:51:64643,Isolatorweg,64643,,1,,1624853,0,1
152362,1874,379396721,GVB:51:64842,Centraal Station,64842,,0,,1624848,0,1
152362,1874,379396722,GVB:51:64703,Isolatorweg,64703,,1,,1624856,0,1
152362,1874,379396723,GVB:51:64768,Centraal Station,64768,,0,,1624850,0,1
152362,1874,379396724,GVB:51:64737,Isolatorweg,64737,,1,,1624853,0,1
152362,1874,379396725,GVB:51:64674,Centraal Station,64674,,0,,1624848,0,1
152362,1874,379396726,GVB:51:64792,Isolatorweg,64792,,1,,1584573,0,1
152362,1874,379396727,GVB:51:64843,Isolatorweg,64843,,1,,1624856,0,1
152362,1874,379396728,GVB:51:64644,Centraal Station,64644,,0,,1624850,0,1
152362,1874,379396729,GVB:51:64795,Centraal Station,64795,,0,,1624852,0,1
152362,1874,379396730,GVB:51:64769,Isolatorweg,64769,,1,,1624853,0,1
152362,1874,379396731,GVB:51:64706,Centraal Station,64706,,0,,1624851,0,1
152362,1874,379396732,GVB:51:64675,Isolatorweg,64675,,1,,1624856,0,1
152362,1874,379396733,GVB:51:64738,Centraal Station,64738,,0,,1624848,0,1
152362,1874,379396734,GVB:51:64645,Isolatorweg,64645,,1,,1624853,0,1
152362,1874,379396735,GVB:51:64814,Centraal Station,64814,,0,,1624851,0,1
152362,1874,379396736,GVB:51:64796,Isolatorweg,64796,,1,,1624856,0,1
152362,1874,379396737,GVB:51:64846,Centraal Station,64846,,0,,1624852,0,1
152362,1874,379396738,GVB:51:64707,Isolatorweg,64707,,1,,1624853,0,1
152362,1874,379396739,GVB:51:64770,Centraal Station,64770,,0,,1624850,0,1
152362,1874,379396740,GVB:51:64739,Isolatorweg,64739,,1,,1624856,0,1
152362,1874,379396741,GVB:51:64676,Centraal Station,64676,,0,,1624848,0,1
152362,1874,379396742,GVB:51:64815,Isolatorweg,64815,,1,,1624853,0,1
152362,1874,379396743,GVB:51:64646,Centraal Station,64646,,0,,1624850,0,1
152362,1874,379396744,GVB:51:64847,Isolatorweg,64847,,1,,1624856,0,1
152362,1874,379396745,GVB:51:64797,Centraal Station,64797,,0,,1624848,0,1
152362,1874,379396746,GVB:51:64771,Isolatorweg,64771,,1,,1624853,0,1
152362,1874,379396747,GVB:51:64708,Centraal Station,64708,,0,,1624850,0,1
152362,1874,379396748,GVB:51:64677,Isolatorweg,64677,,1,,1624856,0,1
152362,1874,379396749,GVB:51:64740,Centraal Station,64740,,0,,1624848,0,1
152362,1874,379396750,GVB:51:64647,Isolatorweg,64647,,1,,1624853,0,1
152362,1874,379396751,GVB:51:64816,Centraal Station,64816,,0,,1624850,0,1
152362,1874,379396752,GVB:51:64798,Isolatorweg,64798,,1,,1624856,0,1
152362,1874,379396753,GVB:51:64848,Centraal Station,64848,,0,,1624848,0,1
152362,1874,379396754,GVB:51:64709,Isolatorweg,64709,,1,,1624853,0,1
152362,1874,379396755,GVB:51:64772,Centraal Station,64772,,0,,1624850,0,1
152362,1874,379396756,GVB:51:64741,Isolatorweg,64741,,1,,1624856,0,1
152362,1874,379396757,GVB:51:64678,Centraal Station,64678,,0,,1624848,0,1
152362,1874,379396758,GVB:51:64817,Isolatorweg,64817,,1,,1624853,0,1
152362,1874,379396759,GVB:51:64648,Centraal Station,64648,,0,,1624850,0,1
152362,1874,379396760,GVB:51:64849,Isolatorweg,64849,,1,,1624856,0,1
152362,1874,379396761,GVB:51:64799,Centraal Station,64799,,0,,1624848,0,1
152362,1874,379396762,GVB:51:64773,Isolatorweg,64773,,1,,1624853,0,1
152362,1874,379396763,GVB:51:64710,Centraal Station,64710,,0,,1624850,0,1
152362,1874,379396764,GVB:51:64679,Isolatorweg,64679,,1,,1624856,0,1
152362,1874,379396765,GVB:51:64742,Centraal Station,64742,,0,,1624848,0,1
152362,1874,379396766,GVB:51:64649,Isolatorweg,64649,,1,,1624853,0,1
152362,1874,379396767,GVB:51:64818,Centraal Station,64818,,0,,1624850,0,1
152362,1874,379396768,GVB:51:64800,Isolatorweg,64800,,1,,1624856,0,1
152362,1874,379396769,GVB:51:64850,Centraal Station,64850,,0,,1624848,0,1
152362,1874,379396770,GVB:51:64711,Isolatorweg,64711,,1,,1624853,0,1
152362,1874,379396771,GVB:51:64774,Centraal Station,64774,,0,,1624850,0,1
152362,1874,379396772,GVB:51:64743,Isolatorweg,64743,,1,,1624856,0,1
152362,1874,379396773,GVB:51:64680,Centraal Station,64680,,0,,1624848,0,1
152362,1874,379396774,GVB:51:64819,Isolatorweg,64819,,1,,1624853,0,1
152362,1874,379396775,GVB:51:64650,Centraal Station,64650,,0,,1624850,0,1
152362,1874,379396776,GVB:51:64851,Isolatorweg,64851,,1,,1624856,0,1
152362,1874,379396777,GVB:51:64801,Centraal Station,64801,,0,,1624848,0,1
152362,1874,379396778,GVB:51:64775,Isolatorweg,64775,,1,,1624853,0,1
152362,1874,379396779,GVB:51:64712,Centraal Station,64712,,0,,1624850,0,1
152362,1874,379396780,GVB:51:64681,Isolatorweg,64681,,1,,1624856,0,1
152362,1874,379396781,GVB:51:64744,Centraal Station,64744,,0,,1624848,0,1
152362,1874,379396782,GVB:51:64651,Isolatorweg,64651,,1,,1624853,0,1
152362,1874,379396783,GVB:51:64820,Centraal Station,64820,,0,,1624850,0,1
152362,1874,379396784,GVB:51:64802,Isolatorweg,64802,,1,,1624856,0,1
152362,1874,379396785,GVB:51:64852,Centraal Station,64852,,0,,1624848,0,1
152362,1874,379396786,GVB:51:64713,Isolatorweg,64713,,1,,1624853,0,1
152362,1874,379396787,GVB:51:64776,Centraal Station,64776,,0,,1624850,0,1
152362,1874,379396788,GVB:51:64745,Isolatorweg,64745,,1,,1624856,0,1
152362,1874,379396789,GVB:51:64682,Centraal Station,64682,,0,,1624848,0,1
152362,1874,379396790,GVB:51:64821,Isolatorweg,64821,,1,,1624853,0,1
152362,1874,379396791,GVB:51:64652,Centraal Station,64652,,0,,1624850,0,1
152362,1874,379396792,GVB:51:64853,Isolatorweg,64853,,1,,1624856,0,1
152362,1874,379396793,GVB:51:64803,Centraal Station,64803,,0,,1624848,0,1
152362,1874,379396794,GVB:51:64777,Isolatorweg,64777,,1,,1624853,0,1
152362,1874,379396795,GVB:51:64714,Centraal Station,64714,,0,,1624850,0,1
152362,1874,379396796,GVB:51:64683,Isolatorweg,64683,,1,,1624856,0,1
152362,1874,379396797,GVB:51:64746,Centraal Station,64746,,0,,1624848,0,1
152362,1874,379396798,GVB:51:64653,Isolatorweg,64653,,1,,1624853,0,1
152362,1874,379396799,GVB:51:64822,Centraal Station,64822,,0,,1624850,0,1
152362,1874,379396800,GVB:51:64804,Isolatorweg,64804,,1,,1624856,0,1
152362,1874,379396801,GVB:51:64854,Centraal Station,64854,,0,,1624848,0,1
152362,1874,379396802,GVB:51:64715,Isolatorweg,64715,,1,,1624853,0,1
152362,1874,379396803,GVB:51:64778,Centraal Station,64778,,0,,1624850,0,1
152362,1874,379396804,GVB:51:64747,Isolatorweg,64747,,1,,1624856,0,1
152362,1874,379396805,GVB:51:64684,Centraal Station,64684,,0,,1624848,0,1
152362,1874,379396806,GVB:51:64823,Isolatorweg,64823,,1,,1624853,0,1
152362,1874,379396807,GVB:51:64654,Centraal Station,64654,,0,,1624850,0,1
152362,1874,379396808,GVB:51:64855,Isolatorweg,64855,,1,,1624856,0,1
152362,1874,379396809,GVB:51:64805,Centraal Station,64805,,0,,1624848,0,1
152362,1874,379396810,GVB:51:64779,Isolatorweg,64779,,1,,1624853,0,1
152362,1874,379396811,GVB:51:64716,Centraal Station,64716,,0,,1624850,0,1
152362,1874,379396812,GVB:51:64685,Isolatorweg,64685,,1,,1624856,0,1
152362,1874,379396813,GVB:51:64748,Centraal Station,64748,,0,,1624848,0,1
152362,1874,379396814,GVB:51:64655,Isolatorweg,64655,,1,,1624853,0,1
152362,1874,379396815,GVB:51:64824,Centraal Station,64824,,0,,1624850,0,1
152362,1874,379396816,GVB:51:64806,Isolatorweg,64806,,1,,1624856,0,1
152362,1874,379396817,GVB:51:64856,Centraal Station,64856,,0,,1624848,0,1
152362,1874,379396818,GVB:51:64717,Isolatorweg,64717,,1,,1624853,0,1
152362,1874,379396819,GVB:51:64780,Centraal Station,64780,,0,,1624850,0,1
152362,1874,379396820,GVB:51:64749,Isolatorweg,64749,,1,,1624856,0,1
152362,1874,379396821,GVB:51:64686,Centraal Station,64686,,0,,1624848,0,1
152362,1874,379396822,GVB:51:64825,Isolatorweg,64825,,1,,1624853,0,1
152362,1874,379396823,GVB:51:64656,Centraal Station,64656,,0,,1624848,0,1
152362,1874,379396824,GVB:51:64857,Isolatorweg,64857,,1,,1624856,0,1
152362,1874,379396825,GVB:51:64807,Centraal Station,64807,,0,,1624848,0,1
152362,1874,379396826,GVB:51:64781,Isolatorweg,64781,,1,,1624854,0,1
152362,1874,379396827,GVB:51:64720,Centraal Station,64720,,0,,1624852,0,1
152362,1874,379396828,GVB:51:64687,Isolatorweg,64687,,1,,1624855,0,1
152362,1874,379396829,GVB:51:64752,Centraal Station,64752,,0,,1624852,0,1
152362,1874,379396830,GVB:51:64657,Isolatorweg,64657,,1,,1624855,0,1
152362,1874,379396831,GVB:51:64828,Centraal Station,64828,,0,,1624852,0,1
152362,1874,379396832,GVB:51:64808,Isolatorweg,64808,,1,,1624855,0,1
152362,1874,379396833,GVB:51:64782,Centraal Station,64782,,0,,1624852,0,1
152362,1874,379396834,GVB:51:64721,Isolatorweg,64721,,1,,1624855,0,1
152362,1874,379396835,GVB:51:64688,Centraal Station,64688,,0,,1624852,0,1
152362,1874,379396836,GVB:51:64753,Isolatorweg,64753,,1,,1624855,0,1
152362,1874,379396837,GVB:51:64658,Centraal Station,64658,,0,,1624852,0,1
152362,1874,379396838,GVB:51:64829,Isolatorweg,64829,,1,,1624855,0,1
152362,1874,379396839,GVB:51:64809,Centraal Station,64809,,0,,1624852,0,1
152362,1874,379396840,GVB:51:64783,Isolatorweg,64783,,1,,1624855,0,1
152362,1874,379396841,GVB:51:64722,Centraal Station,64722,,0,,1624852,0,1
152362,1874,379396842,GVB:51:64689,Isolatorweg,64689,,1,,1624855,0,1
152362,1874,379396843,GVB:51:64754,Centraal Station,64754,,0,,1624851,0,1
152362,1874,379396844,GVB:51:64659,Isolatorweg,64659,,1,,1624856,0,1
152362,1874,379396845,GVB:51:64830,Centraal Station,64830,,0,,1624852,0,1
152362,1874,379396846,GVB:51:64810,Isolatorweg,64810,,1,,1624856,0,1
152362,1874,379396847,GVB:51:64784,Centraal Station,64784,,0,,1624851,0,1
152362,1874,379396848,GVB:51:64723,Isolatorweg,64723,,1,,1624856,0,1
152362,1874,379396849,GVB:51:64755,Isolatorweg,64755,,1,,1624853,0,1
152362,1874,379396850,GVB:51:64690,Centraal Station,64690,,0,,1624852,0,1
152362,1874,379396851,GVB:51:64831,Isolatorweg,64831,,1,,1624856,0,1
152362,1874,379396852,GVB:51:64662,Centraal Station,64662,,0,,1624851,0,1
152362,1874,379396853,GVB:51:64785,Isolatorweg,64785,,1,,1624853,0,1
152362,1874,379396854,GVB:51:64724,Centraal Station,64724,,0,,1624848,0,1
152362,1874,379396855,GVB:51:64691,Isolatorweg,64691,,1,,1624856,0,1
152362,1874,379396856,GVB:51:64756,Centraal Station,64756,,0,,1624850,0,1
152362,1874,379396857,GVB:51:64663,Isolatorweg,64663,,1,,1624853,0,1
152362,1874,379396858,GVB:51:64832,Centraal Station,64832,,0,,1624848,0,1
152362,1874,379396859,GVB:51:64725,Isolatorweg,64725,,1,,1624856,0,1
152362,1874,379396860,GVB:51:64786,Centraal Station,64786,,0,,1624850,0,1
152362,1874,379396861,GVB:51:64757,Isolatorweg,64757,,1,,1624853,0,1
152362,1874,379396862,GVB:51:64692,Centraal Station,64692,,0,,1624848,0,1
152362,1874,379396863,GVB:51:64833,Isolatorweg,64833,,1,,1624856,0,1
152362,1874,379396864,GVB:51:64664,Centraal Station,64664,,0,,1624850,0,1
152362,1874,379396865,GVB:51:64787,Isolatorweg,64787,,1,,1624853,0,1
152362,1874,379396866,GVB:51:64726,Centraal Station,64726,,0,,1624848,0,1
152362,1874,379396867,GVB:51:64693,Isolatorweg,64693,,1,,1624856,0,1
152362,1874,379396868,GVB:51:64758,Centraal Station,64758,,0,,1624850,0,1
152362,1874,379396869,GVB:51:64665,Isolatorweg,64665,,1,,1624853,0,1
152362,1874,379396870,GVB:51:64834,Centraal Station,64834,,0,,1624848,0,1
152362,1874,379396871,GVB:51:64727,Isolatorweg,64727,,1,,1624856,0,1
152362,1874,379396872,GVB:51:64788,Centraal Station,64788,,0,,1624850,0,1
152362,1874,379396873,GVB:51:64759,Isolatorweg,64759,,1,,1624853,0,1
152362,1874,379396874,GVB:51:64694,Centraal Station,64694,,0,,1624848,0,1
152362,1874,379396875,GVB:51:64835,Isolatorweg,64835,,1,,1624856,0,1
152362,1874,379396876,GVB:51:64666,Centraal Station,64666,,0,,1624850,0,1
152362,1874,379396877,GVB:51:64728,Centraal Station,64728,,0,,1624850,0,1
152362,1874,379396878,GVB:51:64789,Isolatorweg,64789,,1,,1624853,0,1
152362,1874,379396879,GVB:51:64760,Centraal Station,64760,,0,,1624850,0,1
152362,1874,379396880,GVB:51:64695,Isolatorweg,64695,,1,,1624855,0,1
152362,1874,379396881,GVB:51:64667,Isolatorweg,64667,,1,,1624853,0,1
152362,2199,379397081,GVB:51:65286,Centraal Station,65286,,0,,1584571,0,1
152362,2199,379397082,GVB:51:65287,Isolatorweg,65287,,1,,1624856,0,1
152362,2199,379397083,GVB:51:65344,Centraal Station,65344,,0,,1624850,0,1
152362,2199,379397084,GVB:51:65314,Centraal Station,65314,,0,,1584585,0,1
152362,2199,379397085,GVB:51:65468,Centraal Station,65468,,0,,1624857,0,1
152362,2199,379397086,GVB:51:65374,Isolatorweg,65374,,1,,1584545,0,1
152362,2199,379397087,GVB:51:65315,Isolatorweg,65315,,1,,1624853,0,1
152362,2199,379397088,GVB:51:65423,Centraal Station,65423,,0,,1624848,0,1
152362,2199,379397089,GVB:51:65469,Isolatorweg,65469,,1,,1624856,0,1
152362,2199,379397090,GVB:51:65375,Centraal Station,65375,,0,,1624850,0,1
152362,2199,379397091,GVB:51:65345,Isolatorweg,65345,,1,,1624853,0,1
152362,2199,379397092,GVB:51:65288,Centraal Station,65288,,0,,1624848,0,1
152362,2199,379397093,GVB:51:65424,Isolatorweg,65424,,1,,1624856,0,1
152362,2199,379397094,GVB:51:65316,Centraal Station,65316,,0,,1624850,0,1
152362,2199,379397095,GVB:51:65376,Isolatorweg,65376,,1,,1624853,0,1
152362,2199,379397096,GVB:51:65470,Centraal Station,65470,,0,,1624848,0,1
152362,2199,379397097,GVB:51:65289,Isolatorweg,65289,,1,,1624856,0,1
152362,2199,379397098,GVB:51:65346,Centraal Station,65346,,0,,1624850,0,1
152362,2199,379397099,GVB:51:65317,Isolatorweg,65317,,1,,1624853,0,1
152362,2199,379397100,GVB:51:65425,Centraal Station,65425,,0,,1624848,0,1
152362,2199,379397101,GVB:51:65471,Isolatorweg,65471,,1,,1624856,0,1
152362,2199,379397102,GVB:51:65377,Centraal Station,65377,,0,,1624850,0,1
152362,2199,379397103,GVB:51:65347,Isolatorweg,65347,,1,,1624853,0,1
152362,2199,379397104,GVB:51:65290,Centraal Station,65290,,0,,1624848,0,1
152362,2199,379397105,GVB:51:65401,Isolatorweg,65401,,1,,1584573,0,1
152362,2199,379397106,GVB:51:65426,Isolatorweg,65426,,1,,1624856,0,1
152362,2199,379397107,GVB:51:65318,Centraal Station,65318,,0,,1624850,0,1
152362,2199,379397108,GVB:51:65404,Centraal Station,65404,,0,,1624852,0,1
152362,2199,379397109,GVB:51:65378,Isolatorweg,65378,,1,,1624853,0,1
152362,2199,379397110,GVB:51:65474,Centraal Station,65474,,0,,1624851,0,1
152362,2199,379397111,GVB:51:65291,Isolatorweg,65291,,1,,1624856,0,1
152362,2199,379397112,GVB:51:65348,Centraal Station,65348,,0,,1624848,0,1
152362,2199,379397113,GVB:51:65319,Isolatorweg,65319,,1,,1624853,0,1
152362,2199,379397114,GVB:51:65444,Centraal Station,65444,,0,,1624851,0,1
152362,2199,379397115,GVB:51:65405,Isolatorweg,65405,,1,,1624856,0,1
152362,2199,379397116,GVB:51:65429,Centraal Station,65429,,0,,1624852,0,1
152362,2199,379397117,GVB:51:65475,Isolatorweg,65475,,1,,1624853,0,1
152362,2199,379397118,GVB:51:65379,Centraal Station,65379,,0,,1624850,0,1
152362,2199,379397119,GVB:51:65349,Isolatorweg,65349,,1,,1624856,0,1
152362,2199,379397120,GVB:51:65292,Centraal Station,65292,,0,,1624848,0,1
152362,2199,379397121,GVB:51:65445,Isolatorweg,65445,,1,,1624853,0,1
152362,2199,379397122,GVB:51:65320,Centraal Station,65320,,0,,1624850,0,1
152362,2199,379397123,GVB:51:65430,Isolatorweg,65430,,1,,1624856,0,1
152362,2199,379397124,GVB:51:65406,Centraal Station,65406,,0,,1624848,0,1
152362,2199,379397125,GVB:51:65380,Isolatorweg,65380,,1,,1624853,0,1
152362,2199,379397126,GVB:51:65476,Centraal Station,65476,,0,,1624850,0,1
152362,2199,379397127,GVB:51:65293,Isolatorweg,65293,,1,,1624856,0,1
152362,2199,379397128,GVB:51:65350,Centraal Station,65350,,0,,1624848,0,1
152362,2199,379397129,GVB:51:65321,Isolatorweg,65321,,1,,1624853,0,1
152362,2199,379397130,GVB:51:65446,Centraal Station,65446,,0,,1624850,0,1
152362,2199,379397131,GVB:51:65407,Isolatorweg,65407,,1,,1624856,0,1
152362,2199,379397132,GVB:51:65431,Centraal Station,65431,,0,,1624848,0,1
152362,2199,379397133,GVB:51:65477,Isolatorweg,65477,,1,,1624853,0,1
152362,2199,379397134,GVB:51:65381,Centraal Station,65381,,0,,1624850,0,1
152362,2199,379397135,GVB:51:65351,Isolatorweg,65351,,1,,1624856,0,1
152362,2199,379397136,GVB:51:65294,Centraal Station,65294,,0,,1624848,0,1
152362,2199,379397137,GVB:51:65447,Isolatorweg,65447,,1,,1624853,0,1
152362,2199,379397138,GVB:51:65322,Centraal Station,65322,,0,,1624850,0,1
152362,2199,379397139,GVB:51:65432,Isolatorweg,65432,,1,,1624856,0,1
152362,2199,379397140,GVB:51:65408,Centraal Station,65408,,0,,1624848,0,1
152362,2199,379397141,GVB:51:65382,Isolatorweg,65382,,1,,1624853,0,1
152362,2199,379397142,GVB:51:65478,Centraal Station,65478,,0,,1624850,0,1
152362,2199,379397143,GVB:51:65295,Isolatorweg,65295,,1,,1624856,0,1
152362,2199,379397144,GVB:51:65352,Centraal Station,65352,,0,,1624848,0,1
152362,2199,379397145,GVB:51:65323,Isolatorweg,65323,,1,,1624853,0,1
152362,2199,379397146,GVB:51:65448,Centraal Station,65448,,0,,1624850,0,1
152362,2199,379397147,GVB:51:65409,Isolatorweg,65409,,1,,1624856,0,1
152362,2199,379397148,GVB:51:65433,Centraal Station,65433,,0,,1624848,0,1
152362,2199,379397149,GVB:51:65479,Isolatorweg,65479,,1,,1624853,0,1
152362,2199,379397150,GVB:51:65383,Centraal Station,65383,,0,,1624850,0,1
152362,2199,379397151,GVB:51:65353,Isolatorweg,65353,,1,,1624856,0,1
152362,2199,379397152,GVB:51:65296,Centraal Station,65296,,0,,1624848,0,1
152362,2199,379397153,GVB:51:65449,Isolatorweg,65449,,1,,1624853,0,1
152362,2199,379397154,GVB:51:65324,Centraal Station,65324,,0,,1624850,0,1
152362,2199,379397155,GVB:51:65434,Isolatorweg,65434,,1,,1624856,0,1
152362,2199,379397156,GVB:51:65410,Centraal Station,65410,,0,,1624848,0,1
152362,2199,379397157,GVB:51:65384,Isolatorweg,65384,,1,,1624853,0,1
152362,2199,379397158,GVB:51:65480,Centraal Station,65480,,0,,1624850,0,1
152362,2199,379397159,GVB:51:65297,Isolatorweg,65297,,1,,1624856,0,1
152362,2199,379397160,GVB:51:65354,Centraal Station,65354,,0,,1624848,0,1
152362,2199,379397161,GVB:51:65325,Isolatorweg,65325,,1,,1624853,0,1
152362,2199,379397162,GVB:51:65450,Centraal Station,65450,,0,,1624850,0,1
152362,2199,379397163,GVB:51:65411,Isolatorweg,65411,,1,,1624856,0,1
152362,2199,379397164,GVB:51:65435,Centraal Station,65435,,0,,1624848,0,1
152362,2199,379397165,GVB:51:65481,Isolatorweg,65481,,1,,1624853,0,1
152362,2199,379397166,GVB:51:65385,Centraal Station,65385,,0,,1624850,0,1
152362,2199,379397167,GVB:51:65355,Isolatorweg,65355,,1,,1624856,0,1
152362,2199,379397168,GVB:51:65298,Centraal Station,65298,,0,,1624848,0,1
152362,2199,379397169,GVB:51:65451,Isolatorweg,65451,,1,,1624853,0,1
152362,2199,379397170,GVB:51:65326,Centraal Station,65326,,0,,1624850,0,1
152362,2199,379397171,GVB:51:65436,Isolatorweg,65436,,1,,1624856,0,1
152362,2199,379397172,GVB:51:65412,Centraal Station,65412,,0,,1624848,0,1
152362,2199,379397173,GVB:51:65386,Isolatorweg,65386,,1,,1624853,0,1
152362,2199,379397174,GVB:51:65482,Centraal Station,65482,,0,,1624850,0,1
152362,2199,379397175,GVB:51:65299,Isolatorweg,65299,,1,,1624856,0,1
152362,2199,379397176,GVB:51:65356,Centraal Station,65356,,0,,1624848,0,1
152362,2199,379397177,GVB:51:65327,Isolatorweg,65327,,1,,1624853,0,1
152362,2199,379397178,GVB:51:65452,Centraal Station,65452,,0,,1624850,0,1
152362,2199,379397179,GVB:51:65413,Isolatorweg,65413,,1,,1624856,0,1
152362,2199,379397180,GVB:51:65437,Centraal Station,65437,,0,,1624848,0,1
152362,2199,379397181,GVB:51:65483,Isolatorweg,65483,,1,,1624853,0,1
152362,2199,379397182,GVB:51:65387,Centraal Station,65387,,0,,1624850,0,1
152362,2199,379397183,GVB:51:65357,Isolatorweg,65357,,1,,1624856,0,1
152362,2199,379397184,GVB:51:65300,Centraal Station,65300,,0,,1624848,0,1
152362,2199,379397185,GVB:51:65453,Isolatorweg,65453,,1,,1624853,0,1
152362,2199,379397186,GVB:51:65328,Centraal Station,65328,,0,,1624850,0,1
152362,2199,379397187,GVB:51:65438,Isolatorweg,65438,,1,,1624856,0,1
152362,2199,379397188,GVB:51:65414,Centraal Station,65414,,0,,1624848,0,1
152362,2199,379397189,GVB:51:65388,Isolatorweg,65388,,1,,1624853,0,1
152362,2199,379397190,GVB:51:65484,Centraal Station,65484,,0,,1624850,0,1
152362,2199,379397191,GVB:51:65301,Isolatorweg,65301,,1,,1624856,0,1
152362,2199,379397192,GVB:51:65358,Centraal Station,65358,,0,,1624848,0,1
152362,2199,379397193,GVB:51:65329,Isolatorweg,65329,,1,,1624853,0,1
152362,2199,379397194,GVB:51:65454,Centraal Station,65454,,0,,1624850,0,1
152362,2199,379397195,GVB:51:65415,Isolatorweg,65415,,1,,1624856,0,1
152362,2199,379397196,GVB:51:65439,Centraal Station,65439,,0,,1624848,0,1
152362,2199,379397197,GVB:51:65485,Isolatorweg,65485,,1,,1624853,0,1
152362,2199,379397198,GVB:51:65389,Centraal Station,65389,,0,,1624850,0,1
152362,2199,379397199,GVB:51:65359,Isolatorweg,65359,,1,,1624856,0,1
152362,2199,379397200,GVB:51:65302,Centraal Station,65302,,0,,1624848,0,1
152362,2199,379397201,GVB:51:65455,Isolatorweg,65455,,1,,1624853,0,1
152362,2199,379397202,GVB:51:65330,Centraal Station,65330,,0,,1624848,0,1
152362,2199,379397203,GVB:51:65440,Isolatorweg,65440,,1,,1624856,0,1
152362,2199,379397204,GVB:51:65416,Centraal Station,65416,,0,,1624848,0,1
152362,2199,379397205,GVB:51:65390,Isolatorweg,65390,,1,,1624854,0,1
152362,2199,379397206,GVB:51:65488,Centraal Station,65488,,0,,1624852,0,1
152362,2199,379397207,GVB:51:65303,Isolatorweg,65303,,1,,1624855,0,1
152362,2199,379397208,GVB:51:65362,Centraal Station,65362,,0,,1624852,0,1
152362,2199,379397209,GVB:51:65331,Isolatorweg,65331,,1,,1624855,0,1
152362,2199,379397210,GVB:51:65458,Centraal Station,65458,,0,,1624852,0,1
152362,2199,379397211,GVB:51:65417,Isolatorweg,65417,,1,,1624855,0,1
152362,2199,379397212,GVB:51:65391,Centraal Station,65391,,0,,1624852,0,1
152362,2199,379397213,GVB:51:65489,Isolatorweg,65489,,1,,1624855,0,1
152362,2199,379397214,GVB:51:65304,Centraal Station,65304,,0,,1624852,0,1
152362,2199,379397215,GVB:51:65363,Isolatorweg,65363,,1,,1624855,0,1
152362,2199,379397216,GVB:51:65332,Centraal Station,65332,,0,,1624852,0,1
152362,2199,379397217,GVB:51:65459,Isolatorweg,65459,,1,,1624855,0,1
152362,2199,379397218,GVB:51:65418,Centraal Station,65418,,0,,1624852,0,1
152362,2199,379397219,GVB:51:65392,Isolatorweg,65392,,1,,1624855,0,1
152362,2199,379397220,GVB:51:65490,Centraal Station,65490,,0,,1624852,0,1
152362,2199,379397221,GVB:51:65305,Isolatorweg,65305,,1,,1624855,0,1
152362,2199,379397222,GVB:51:65364,Centraal Station,65364,,0,,1624851,0,1
152362,2199,379397223,GVB:51:65333,Isolatorweg,65333,,1,,1624856,0,1
152362,2199,379397224,GVB:51:65460,Centraal Station,65460,,0,,1624852,0,1
152362,2199,379397225,GVB:51:65419,Isolatorweg,65419,,1,,1624856,0,1
152362,2199,379397226,GVB:51:65393,Centraal Station,65393,,0,,1624851,0,1
152362,2199,379397227,GVB:51:65491,Isolatorweg,65491,,1,,1624856,0,1
152362,2199,379397228,GVB:51:65365,Isolatorweg,65365,,1,,1624853,0,1
152362,2199,379397229,GVB:51:65306,Centraal Station,65306,,0,,1624852,0,1
152362,2199,379397230,GVB:51:65461,Isolatorweg,65461,,1,,1624856,0,1
152362,2199,379397231,GVB:51:65336,Centraal Station,65336,,0,,1624851,0,1
152362,2199,379397232,GVB:51:65394,Isolatorweg,65394,,1,,1624853,0,1
152362,2199,379397233,GVB:51:65492,Centraal Station,65492,,0,,1624848,0,1
152362,2199,379397234,GVB:51:65307,Isolatorweg,65307,,1,,1624856,0,1
152362,2199,379397235,GVB:51:65366,Centraal Station,65366,,0,,1624850,0,1
152362,2199,379397236,GVB:51:65337,Isolatorweg,65337,,1,,1624853,0,1
152362,2199,379397237,GVB:51:65462,Centraal Station,65462,,0,,1624848,0,1
152362,2199,379397238,GVB:51:65493,Isolatorweg,65493,,1,,1624856,0,1
152362,2199,379397239,GVB:51:65395,Centraal Station,65395,,0,,1624850,0,1
152362,2199,379397240,GVB:51:65367,Isolatorweg,65367,,1,,1624853,0,1
152362,2199,379397241,GVB:51:65308,Centraal Station,65308,,0,,1624848,0,1
152362,2199,379397242,GVB:51:65463,Isolatorweg,65463,,1,,1624856,0,1
152362,2199,379397243,GVB:51:65338,Centraal Station,65338,,0,,1624850,0,1
152362,2199,379397244,GVB:51:65396,Isolatorweg,65396,,1,,1624853,0,1
152362,2199,379397245,GVB:51:65494,Centraal Station,65494,,0,,1624848,0,1
152362,2199,379397246,GVB:51:65309,Isolatorweg,65309,,1,,1624856,0,1
152362,2199,379397247,GVB:51:65368,Centraal Station,65368,,0,,1624850,0,1
152362,2199,379397248,GVB:51:65339,Isolatorweg,65339,,1,,1624853,0,1
152362,2199,379397249,GVB:51:65464,Centraal Station,65464,,0,,1624848,0,1
152362,2199,379397250,GVB:51:65495,Isolatorweg,65495,,1,,1624856,0,1
152362,2199,379397251,GVB:51:65397,Centraal Station,65397,,0,,1624850,0,1
152362,2199,379397252,GVB:51:65369,Isolatorweg,65369,,1,,1624853,0,1
152362,2199,379397253,GVB:51:65310,Centraal Station,65310,,0,,1624848,0,1
152362,2199,379397254,GVB:51:65465,Isolatorweg,65465,,1,,1624856,0,1
152362,2199,379397255,GVB:51:65340,Centraal Station,65340,,0,,1624850,0,1
152362,2199,379397256,GVB:51:65496,Centraal Station,65496,,0,,1624850,0,1
152362,2199,379397257,GVB:51:65398,Isolatorweg,65398,,1,,1624853,0,1
152362,2199,379397258,GVB:51:65370,Centraal Station,65370,,0,,1624850,0,1
152362,2199,379397259,GVB:51:65311,Isolatorweg,65311,,1,,1624855,0,1
152362,2199,379397260,GVB:51:65341,Isolatorweg,65341,,1,,1624853,0,1
152362,355,379397587,GVB:51:66279,Isolatorweg,66279,,1,,1584545,0,2
152362,355,379397588,GVB:51:66310,Centraal Station,66310,,0,,1584569,0,2
152362,355,379397589,GVB:51:66397,Centraal Station,66397,,0,,1624850,0,2
152362,355,379397590,GVB:51:66205,Isolatorweg,66205,,1,,1584545,0,2
152362,355,379397591,GVB:51:66372,Centraal Station,66372,,0,,1584571,0,2
152362,355,379397592,GVB:51:66311,Isolatorweg,66311,,1,,1624853,0,2
152362,355,379397593,GVB:51:66280,Centraal Station,66280,,0,,1624848,0,2
152362,355,379397594,GVB:51:66266,Isolatorweg,66266,,1,,1584545,0,2
152362,355,379397595,GVB:51:66373,Isolatorweg,66373,,1,,1624856,0,2
152362,355,379397596,GVB:51:66206,Centraal Station,66206,,0,,1624850,0,2
152362,355,379397597,GVB:51:66398,Isolatorweg,66398,,1,,1624853,0,2
152362,355,379397598,GVB:51:66267,Centraal Station,66267,,0,,1624848,0,2
152362,355,379397599,GVB:51:66281,Isolatorweg,66281,,1,,1624856,0,2
152362,355,379397600,GVB:51:66312,Centraal Station,66312,,0,,1624850,0,2
152362,355,379397601,GVB:51:66207,Isolatorweg,66207,,1,,1624853,0,2
152362,355,379397602,GVB:51:66374,Centraal Station,66374,,0,,1624848,0,2
152362,355,379397603,GVB:51:66342,Centraal Station,66342,,0,,1624851,0,2
152362,355,379397604,GVB:51:66268,Isolatorweg,66268,,1,,1624856,0,2
152362,355,379397605,GVB:51:66401,Centraal Station,66401,,0,,1624852,0,2
152362,355,379397606,GVB:51:66313,Isolatorweg,66313,,1,,1624853,0,2
152362,355,379397607,GVB:51:66282,Centraal Station,66282,,0,,1624850,0,2
152362,355,379397608,GVB:51:66375,Isolatorweg,66375,,1,,1624856,0,2
152362,355,379397609,GVB:51:66428,Centraal Station,66428,,0,,1624852,0,2
152362,355,379397610,GVB:51:66343,Isolatorweg,66343,,1,,1624853,0,2
152362,355,379397611,GVB:51:66210,Centraal Station,66210,,0,,1624851,0,2
152362,355,379397612,GVB:51:66402,Isolatorweg,66402,,1,,1624856,0,2
152362,355,379397613,GVB:51:66269,Centraal Station,66269,,0,,1624848,0,2
152362,355,379397614,GVB:51:66283,Isolatorweg,66283,,1,,1624853,0,2
152362,355,379397615,GVB:51:66314,Centraal Station,66314,,0,,1624850,0,2
152362,355,379397616,GVB:51:66429,Isolatorweg,66429,,1,,1624856,0,2
152362,355,379397617,GVB:51:66376,Centraal Station,66376,,0,,1624848,0,2
152362,355,379397618,GVB:51:66211,Isolatorweg,66211,,1,,1624853,0,2
152362,355,379397619,GVB:51:66344,Centraal Station,66344,,0,,1624850,0,2
152362,355,379397620,GVB:51:66270,Isolatorweg,66270,,1,,1624856,0,2
152362,355,379397621,GVB:51:66403,Centraal Station,66403,,0,,1624848,0,2
152362,355,379397622,GVB:51:66315,Isolatorweg,66315,,1,,1624853,0,2
152362,355,379397623,GVB:51:66284,Centraal Station,66284,,0,,1624850,0,2
152362,355,379397624,GVB:51:66377,Isolatorweg,66377,,1,,1624856,0,2
152362,355,379397625,GVB:51:66432,Centraal Station,66432,,0,,1624852,0,2
152362,355,379397626,GVB:51:66345,Isolatorweg,66345,,1,,1624853,0,2
152362,355,379397627,GVB:51:66254,Centraal Station,66254,,0,,1624851,0,2
152362,355,379397628,GVB:51:66404,Isolatorweg,66404,,1,,1624856,0,2
152362,355,379397629,GVB:51:66230,Centraal Station,66230,,0,,1624852,0,2
152362,355,379397630,GVB:51:66285,Isolatorweg,66285,,1,,1624853,0,2
152362,355,379397631,GVB:51:66316,Centraal Station,66316,,0,,1624850,0,2
152362,355,379397632,GVB:51:66433,Isolatorweg,66433,,1,,1624856,0,2
152362,355,379397633,GVB:51:66378,Centraal Station,66378,,0,,1624848,0,2
152362,355,379397634,GVB:51:66255,Isolatorweg,66255,,1,,1624853,0,2
152362,355,379397635,GVB:51:66346,Centraal Station,66346,,0,,1624850,0,2
152362,355,379397636,GVB:51:66231,Isolatorweg,66231,,1,,1624856,0,2
152362,355,379397637,GVB:51:66405,Centraal Station,66405,,0,,1624848,0,2
152362,355,379397638,GVB:51:66317,Isolatorweg,66317,,1,,1624853,0,2
152362,355,379397639,GVB:51:66286,Centraal Station,66286,,0,,1624850,0,2
152362,355,379397640,GVB:51:66379,Isolatorweg,66379,,1,,1624856,0,2
152362,355,379397641,GVB:51:66434,Centraal Station,66434,,0,,1624848,0,2
152362,355,379397642,GVB:51:66347,Isolatorweg,66347,,1,,1624853,0,2
152362,355,379397643,GVB:51:66256,Centraal Station,66256,,0,,1624850,0,2
152362,355,379397644,GVB:51:66406,Isolatorweg,66406,,1,,1624856,0,2
152362,355,379397645,GVB:51:66232,Centraal Station,66232,,0,,1624848,0,2
152362,355,379397646,GVB:51:66287,Isolatorweg,66287,,1,,1624853,0,2
152362,355,379397647,GVB:51:66318,Centraal Station,66318,,0,,1624850,0,2
152362,355,379397648,GVB:51:66435,Isolatorweg,66435,,1,,1624856,0,2
152362,355,379397649,GVB:51:66380,Centraal Station,66380,,0,,1624848,0,2
152362,355,379397650,GVB:51:66257,Isolatorweg,66257,,1,,1624853,0,2
152362,355,379397651,GVB:51:66348,Centraal Station,66348,,0,,1624850,0,2
152362,355,379397652,GVB:51:66233,Isolatorweg,66233,,1,,1624856,0,2
152362,355,379397653,GVB:51:66407,Centraal Station,66407,,0,,1624848,0,2
152362,355,379397654,GVB:51:66319,Isolatorweg,66319,,1,,1624853,0,2
152362,355,379397655,GVB:51:66288,Centraal Station,66288,,0,,1624850,0,2
152362,355,379397656,GVB:51:66381,Isolatorweg,66381,,1,,1624856,0,2
152362,355,379397657,GVB:51:66436,Centraal Station,66436,,0,,1624848,0,2
152362,355,379397658,GVB:51:66349,Isolatorweg,66349,,1,,1624853,0,2
152362,355,379397659,GVB:51:66258,Centraal Station,66258,,0,,1624850,0,2
152362,355,379397660,GVB:51:66408,Isolatorweg,66408,,1,,1624856,0,2
152362,355,379397661,GVB:51:66234,Centraal Station,66234,,0,,1624848,0,2
152362,355,379397662,GVB:51:66289,Isolatorweg,66289,,1,,1624853,0,2
152362,355,379397663,GVB:51:66320,Centraal Station,66320,,0,,1624850,0,2
152362,355,379397664,GVB:51:66437,Isolatorweg,66437,,1,,1624856,0,2
152362,355,379397665,GVB:51:66382,Centraal Station,66382,,0,,1624848,0,2
152362,355,379397666,GVB:51:66259,Isolatorweg,66259,,1,,1624853,0,2
152362,355,379397667,GVB:51:66350,Centraal Station,66350,,0,,1624850,0,2
152362,355,379397668,GVB:51:66235,Isolatorweg,66235,,1,,1624856,0,2
152362,355,379397669,GVB:51:66409,Centraal Station,66409,,0,,1624848,0,2
152362,355,379397670,GVB:51:66321,Isolatorweg,66321,,1,,1624853,0,2
152362,355,379397671,GVB:51:66290,Centraal Station,66290,,0,,1624850,0,2
152362,355,379397672,GVB:51:66383,Isolatorweg,66383,,1,,1624856,0,2
152362,355,379397673,GVB:51:66438,Centraal Station,66438,,0,,1624848,0,2
152362,355,379397674,GVB:51:66351,Isolatorweg,66351,,1,,1624853,0,2
152362,355,379397675,GVB:51:66260,Centraal Station,66260,,0,,1624850,0,2
152362,355,379397676,GVB:51:66410,Isolatorweg,66410,,1,,1624856,0,2
152362,355,379397677,GVB:51:66236,Centraal Station,66236,,0,,1624848,0,2
152362,355,379397678,GVB:51:66291,Isolatorweg,66291,,1,,1624853,0,2
152362,355,379397679,GVB:51:66322,Centraal Station,66322,,0,,1624850,0,2
152362,355,379397680,GVB:51:66439,Isolatorweg,66439,,1,,1624856,0,2
152362,355,379397681,GVB:51:66384,Centraal Station,66384,,0,,1624848,0,2
152362,355,379397682,GVB:51:66261,Isolatorweg,66261,,1,,1624853,0,2
152362,355,379397683,GVB:51:66352,Centraal Station,66352,,0,,1624850,0,2
152362,355,379397684,GVB:51:66237,Isolatorweg,66237,,1,,1624856,0,2
152362,355,379397685,GVB:51:66411,Centraal Station,66411,,0,,1624848,0,2
152362,355,379397686,GVB:51:66323,Isolatorweg,66323,,1,,1624853,0,2
152362,355,379397687,GVB:51:66292,Centraal Station,66292,,0,,1624850,0,2
152362,355,379397688,GVB:51:66385,Isolatorweg,66385,,1,,1624856,0,2
152362,355,379397689,GVB:51:66440,Centraal Station,66440,,0,,1624848,0,2
152362,355,379397690,GVB:51:66353,Isolatorweg,66353,,1,,1624853,0,2
152362,355,379397691,GVB:51:66262,Centraal Station,66262,,0,,1624850,0,2
152362,355,379397692,GVB:51:66412,Isolatorweg,66412,,1,,1624856,0,2
152362,355,379397693,GVB:51:66238,Centraal Station,66238,,0,,1624848,0,2
152362,355,379397694,GVB:51:66293,Isolatorweg,66293,,1,,1624853,0,2
152362,355,379397695,GVB:51:66324,Centraal Station,66324,,0,,1624850,0,2
152362,355,379397696,GVB:51:66441,Isolatorweg,66441,,1,,1624856,0,2
152362,355,379397697,GVB:51:66386,Centraal Station,66386,,0,,1624848,0,2
152362,355,379397698,GVB:51:66263,Isolatorweg,66263,,1,,1624853,0,2
152362,355,379397699,GVB:51:66354,Centraal Station,66354,,0,,1624850,0,2
152362,355,379397700,GVB:51:66239,Isolatorweg,66239,,1,,1624856,0,2
152362,355,379397701,GVB:51:66413,Centraal Station,66413,,0,,1624848,0,2
152362,355,379397702,GVB:51:66325,Isolatorweg,66325,,1,,1624853,0,2
152362,355,379397703,GVB:51:66294,Centraal Station,66294,,0,,1624850,0,2
152362,355,379397704,GVB:51:66387,Isolatorweg,66387,,1,,1624856,0,2
152362,355,379397705,GVB:51:66442,Centraal Station,66442,,0,,1624848,0,2
152362,355,379397706,GVB:51:66355,Isolatorweg,66355,,1,,1624853,0,2
152362,355,379397707,GVB:51:66224,Centraal Station,66224,,0,,1624850,0,2
152362,355,379397708,GVB:51:66414,Isolatorweg,66414,,1,,1624856,0,2
152362,355,379397709,GVB:51:66273,Centraal Station,66273,,0,,1624848,0,2
152362,355,379397710,GVB:51:66295,Isolatorweg,66295,,1,,1624853,0,2
152362,355,379397711,GVB:51:66326,Centraal Station,66326,,0,,1624850,0,2
152362,355,379397712,GVB:51:66443,Isolatorweg,66443,,1,,1624856,0,2
152362,355,379397713,GVB:51:66388,Centraal Station,66388,,0,,1624848,0,2
152362,355,379397714,GVB:51:66225,Isolatorweg,66225,,1,,1624853,0,2
152362,355,379397715,GVB:51:66356,Centraal Station,66356,,0,,1624850,0,2
152362,355,379397716,GVB:51:66274,Isolatorweg,66274,,1,,1624856,0,2
152362,355,379397717,GVB:51:66415,Centraal Station,66415,,0,,1624848,0,2
152362,355,379397718,GVB:51:66327,Isolatorweg,66327,,1,,1624853,0,2
152362,355,379397719,GVB:51:66296,Centraal Station,66296,,0,,1624850,0,2
152362,355,379397720,GVB:51:66389,Isolatorweg,66389,,1,,1624856,0,2
152362,355,379397721,GVB:51:66444,Centraal Station,66444,,0,,1624848,0,2
152362,355,379397722,GVB:51:66357,Isolatorweg,66357,,1,,1624853,0,2
152362,355,379397723,GVB:51:66226,Centraal Station,66226,,0,,1624850,0,2
152362,355,379397724,GVB:51:66416,Isolatorweg,66416,,1,,1624856,0,2
152362,355,379397725,GVB:51:66275,Centraal Station,66275,,0,,1624848,0,2
152362,355,379397726,GVB:51:66297,Isolatorweg,66297,,1,,1624854,0,2
152362,355,379397727,GVB:51:66328,Centraal Station,66328,,0,,1624848,0,2
152362,355,379397728,GVB:51:66445,Isolatorweg,66445,,1,,1624856,0,2
152362,355,379397729,GVB:51:66390,Centraal Station,66390,,0,,1624848,0,2
152362,355,379397730,GVB:51:66227,Isolatorweg,66227,,1,,1624853,0,2
152362,355,379397731,GVB:51:66360,Centraal Station,66360,,0,,1624852,0,2
152362,355,379397732,GVB:51:66276,Isolatorweg,66276,,1,,1624856,0,2
152362,355,379397733,GVB:51:66298,Centraal Station,66298,,0,,1624852,0,2
152362,355,379397734,GVB:51:66329,Isolatorweg,66329,,1,,1624856,0,2
152362,355,379397735,GVB:51:66446,Centraal Station,66446,,0,,1624848,0,2
152362,355,379397736,GVB:51:66391,Isolatorweg,66391,,1,,1624856,0,2
152362,355,379397737,GVB:51:66214,Centraal Station,66214,,0,,1624852,0,2
152362,355,379397738,GVB:51:66361,Isolatorweg,66361,,1,,1624856,0,2
152362,355,379397739,GVB:51:66242,Centraal Station,66242,,0,,1624852,0,2
152362,355,379397740,GVB:51:66299,Isolatorweg,66299,,1,,1624856,0,2
152362,355,379397741,GVB:51:66330,Centraal Station,66330,,0,,1624848,0,2
152362,355,379397742,GVB:51:66447,Isolatorweg,66447,,1,,1624856,0,2
152362,355,379397743,GVB:51:66392,Centraal Station,66392,,0,,1624848,0,2
152362,355,379397744,GVB:51:66215,Isolatorweg,66215,,1,,1624856,0,2
152362,355,379397745,GVB:51:66362,Centraal Station,66362,,0,,1624848,0,2
152362,355,379397746,GVB:51:66243,Isolatorweg,66243,,1,,1624856,0,2
152362,355,379397747,GVB:51:66300,Centraal Station,66300,,0,,1624850,0,2
152362,355,379397748,GVB:51:66331,Isolatorweg,66331,,1,,1624856,0,2
152362,355,379397749,GVB:51:66420,Centraal Station,66420,,0,,1624848,0,2
152362,355,379397750,GVB:51:66393,Isolatorweg,66393,,1,,1624856,0,2
152362,355,379397751,GVB:51:66216,Centraal Station,66216,,0,,1624850,0,2
152362,355,379397752,GVB:51:66363,Isolatorweg,66363,,1,,1624856,0,2
152362,355,379397753,GVB:51:66301,Isolatorweg,66301,,1,,1624853,0,2
152362,355,379397754,GVB:51:66246,Centraal Station,66246,,0,,1624852,0,2
152362,355,379397755,GVB:51:66421,Isolatorweg,66421,,1,,1624856,0,2
152362,355,379397756,GVB:51:66334,Centraal Station,66334,,0,,1624851,0,2
152362,355,379397757,GVB:51:66217,Isolatorweg,66217,,1,,1624853,0,2
152362,355,379397758,GVB:51:66364,Centraal Station,66364,,0,,1624848,0,2
152362,355,379397759,GVB:51:66247,Isolatorweg,66247,,1,,1624856,0,2
152362,355,379397760,GVB:51:66302,Centraal Station,66302,,0,,1624850,0,2
152362,355,379397761,GVB:51:66335,Isolatorweg,66335,,1,,1624853,0,2
152362,355,379397762,GVB:51:66422,Centraal Station,66422,,0,,1624848,0,2
152362,355,379397763,GVB:51:66365,Isolatorweg,66365,,1,,1624856,0,2
152362,355,379397764,GVB:51:66218,Centraal Station,66218,,0,,1624850,0,2
152362,355,379397765,GVB:51:66303,Isolatorweg,66303,,1,,1624853,0,2
152362,355,379397766,GVB:51:66248,Centraal Station,66248,,0,,1624848,0,2
152362,355,379397767,GVB:51:66423,Isolatorweg,66423,,1,,1624856,0,2
152362,355,379397768,GVB:51:66336,Centraal Station,66336,,0,,1624850,0,2
152362,355,379397769,GVB:51:66219,Isolatorweg,66219,,1,,1624853,0,2
152362,355,379397770,GVB:51:66366,Centraal Station,66366,,0,,1624848,0,2
152362,355,379397771,GVB:51:66249,Isolatorweg,66249,,1,,1624856,0,2
152362,355,379397772,GVB:51:66304,Centraal Station,66304,,0,,1624850,0,2
152362,355,379397773,GVB:51:66337,Isolatorweg,66337,,1,,1624853,0,2
152362,355,379397774,GVB:51:66424,Centraal Station,66424,,0,,1624848,0,2
152362,355,379397775,GVB:51:66367,Isolatorweg,66367,,1,,1624856,0,2
152362,355,379397776,GVB:51:66220,Centraal Station,66220,,0,,1624850,0,2
152362,355,379397777,GVB:51:66305,Isolatorweg,66305,,1,,1624853,0,2
152362,355,379397778,GVB:51:66250,Centraal Station,66250,,0,,1624848,0,2
152362,355,379397779,GVB:51:66425,Isolatorweg,66425,,1,,1624856,0,2
152362,355,379397780,GVB:51:66338,Centraal Station,66338,,0,,1624850,0,2
152362,355,379397781,GVB:51:66368,Centraal Station,66368,,0,,1624850,0,2
152362,355,379397782,GVB:51:66221,Isolatorweg,66221,,1,,1624853,0,2
152362,355,379397783,GVB:51:66306,Centraal Station,66306,,0,,1624850,0,2
152362,355,379397784,GVB:51:66251,Isolatorweg,66251,,1,,1624856,0,2
152362,355,379397785,GVB:51:66339,Isolatorweg,66339,,1,,1624853,0,2
152362,2306,379397786,GVB:51:66034,Isolatorweg,66034,,1,,1584545,0,2
152362,2306,379397787,GVB:51:66065,Centraal Station,66065,,0,,1584569,0,2
152362,2306,379397788,GVB:51:66152,Centraal Station,66152,,0,,1624850,0,2
152362,2306,379397789,GVB:51:65960,Isolatorweg,65960,,1,,1584545,0,2
152362,2306,379397790,GVB:51:66127,Centraal Station,66127,,0,,1584571,0,2
152362,2306,379397791,GVB:51:66066,Isolatorweg,66066,,1,,1624853,0,2
152362,2306,379397792,GVB:51:66035,Centraal Station,66035,,0,,1624848,0,2
152362,2306,379397793,GVB:51:66021,Isolatorweg,66021,,1,,1584545,0,2
152362,2306,379397794,GVB:51:66128,Isolatorweg,66128,,1,,1624856,0,2
152362,2306,379397795,GVB:51:65961,Centraal Station,65961,,0,,1624850,0,2
152362,2306,379397796,GVB:51:66153,Isolatorweg,66153,,1,,1624853,0,2
152362,2306,379397797,GVB:51:66022,Centraal Station,66022,,0,,1624848,0,2
152362,2306,379397798,GVB:51:66036,Isolatorweg,66036,,1,,1624856,0,2
152362,2306,379397799,GVB:51:66067,Centraal Station,66067,,0,,1624850,0,2
152362,2306,379397800,GVB:51:65962,Isolatorweg,65962,,1,,1624853,0,2
152362,2306,379397801,GVB:51:66129,Centraal Station,66129,,0,,1624848,0,2
152362,2306,379397802,GVB:51:66097,Centraal Station,66097,,0,,1624851,0,2
152362,2306,379397803,GVB:51:66023,Isolatorweg,66023,,1,,1624856,0,2
152362,2306,379397804,GVB:51:66156,Centraal Station,66156,,0,,1624852,0,2
152362,2306,379397805,GVB:51:66068,Isolatorweg,66068,,1,,1624853,0,2
152362,2306,379397806,GVB:51:66037,Centraal Station,66037,,0,,1624850,0,2
152362,2306,379397807,GVB:51:66130,Isolatorweg,66130,,1,,1624856,0,2
152362,2306,379397808,GVB:51:66183,Centraal Station,66183,,0,,1624852,0,2
152362,2306,379397809,GVB:51:66098,Isolatorweg,66098,,1,,1624853,0,2
152362,2306,379397810,GVB:51:65965,Centraal Station,65965,,0,,1624851,0,2
152362,2306,379397811,GVB:51:66157,Isolatorweg,66157,,1,,1624856,0,2
152362,2306,379397812,GVB:51:66024,Centraal Station,66024,,0,,1624848,0,2
152362,2306,379397813,GVB:51:66038,Isolatorweg,66038,,1,,1624853,0,2
152362,2306,379397814,GVB:51:66069,Centraal Station,66069,,0,,1624850,0,2
152362,2306,379397815,GVB:51:66184,Isolatorweg,66184,,1,,1624856,0,2
152362,2306,379397816,GVB:51:66131,Centraal Station,66131,,0,,1624848,0,2
152362,2306,379397817,GVB:51:65966,Isolatorweg,65966,,1,,1624853,0,2
152362,2306,379397818,GVB:51:66099,Centraal Station,66099,,0,,1624850,0,2
152362,2306,379397819,GVB:51:66025,Isolatorweg,66025,,1,,1624856,0,2
152362,2306,379397820,GVB:51:66158,Centraal Station,66158,,0,,1624848,0,2
152362,2306,379397821,GVB:51:66070,Isolatorweg,66070,,1,,1624853,0,2
152362,2306,379397822,GVB:51:66039,Centraal Station,66039,,0,,1624850,0,2
152362,2306,379397823,GVB:51:66132,Isolatorweg,66132,,1,,1624856,0,2
152362,2306,379397824,GVB:51:66187,Centraal Station,66187,,0,,1624852,0,2
152362,2306,379397825,GVB:51:66100,Isolatorweg,66100,,1,,1624853,0,2
152362,2306,379397826,GVB:51:66009,Centraal Station,66009,,0,,1624851,0,2
152362,2306,379397827,GVB:51:66159,Isolatorweg,66159,,1,,1624856,0,2
152362,2306,379397828,GVB:51:65985,Centraal Station,65985,,0,,1624852,0,2
152362,2306,379397829,GVB:51:66040,Isolatorweg,66040,,1,,1624853,0,2
152362,2306,379397830,GVB:51:66071,Centraal Station,66071,,0,,1624850,0,2
152362,2306,379397831,GVB:51:66188,Isolatorweg,66188,,1,,1624856,0,2
152362,2306,379397832,GVB:51:66133,Centraal Station,66133,,0,,1624848,0,2
152362,2306,379397833,GVB:51:66010,Isolatorweg,66010,,1,,1624853,0,2
152362,2306,379397834,GVB:51:66101,Centraal Station,66101,,0,,1624850,0,2
152362,2306,379397835,GVB:51:65986,Isolatorweg,65986,,1,,1624856,0,2
152362,2306,379397836,GVB:51:66160,Centraal Station,66160,,0,,1624848,0,2
152362,2306,379397837,GVB:51:66072,Isolatorweg,66072,,1,,1624853,0,2
152362,2306,379397838,GVB:51:66041,Centraal Station,66041,,0,,1624850,0,2
152362,2306,379397839,GVB:51:66134,Isolatorweg,66134,,1,,1624856,0,2
152362,2306,379397840,GVB:51:66189,Centraal Station,66189,,0,,1624848,0,2
152362,2306,379397841,GVB:51:66102,Isolatorweg,66102,,1,,1624853,0,2
152362,2306,379397842,GVB:51:66011,Centraal Station,66011,,0,,1624850,0,2
152362,2306,379397843,GVB:51:66161,Isolatorweg,66161,,1,,1624856,0,2
152362,2306,379397844,GVB:51:65987,Centraal Station,65987,,0,,1624848,0,2
152362,2306,379397845,GVB:51:66042,Isolatorweg,66042,,1,,1624853,0,2
152362,2306,379397846,GVB:51:66073,Centraal Station,66073,,0,,1624850,0,2
152362,2306,379397847,GVB:51:66190,Isolatorweg,66190,,1,,1624856,0,2
152362,2306,379397848,GVB:51:66135,Centraal Station,66135,,0,,1624848,0,2
152362,2306,379397849,GVB:51:66012,Isolatorweg,66012,,1,,1624853,0,2
152362,2306,379397850,GVB:51:66103,Centraal Station,66103,,0,,1624850,0,2
152362,2306,379397851,GVB:51:65988,Isolatorweg,65988,,1,,1624856,0,2
152362,2306,379397852,GVB:51:66162,Centraal Station,66162,,0,,1624848,0,2
152362,2306,379397853,GVB:51:66074,Isolatorweg,66074,,1,,1624853,0,2
152362,2306,379397854,GVB:51:66043,Centraal Station,66043,,0,,1624850,0,2
152362,2306,379397855,GVB:51:66136,Isolatorweg,66136,,1,,1624856,0,2
152362,2306,379397856,GVB:51:66191,Centraal Station,66191,,0,,1624848,0,2
152362,2306,379397857,GVB:51:66104,Isolatorweg,66104,,1,,1624853,0,2
152362,2306,379397858,GVB:51:66013,Centraal Station,66013,,0,,1624850,0,2
152362,2306,379397859,GVB:51:66163,Isolatorweg,66163,,1,,1624856,0,2
152362,2306,379397860,GVB:51:65989,Centraal Station,65989,,0,,1624848,0,2
152362,2306,379397861,GVB:51:66044,Isolatorweg,66044,,1,,1624853,0,2
152362,2306,379397862,GVB:51:66075,Centraal Station,66075,,0,,1624850,0,2
152362,2306,379397863,GVB:51:66192,Isolatorweg,66192,,1,,1624856,0,2
152362,2306,379397864,GVB:51:66137,Centraal Station,66137,,0,,1624848,0,2
152362,2306,379397865,GVB:51:66014,Isolatorweg,66014,,1,,1624853,0,2
152362,2306,379397866,GVB:51:66105,Centraal Station,66105,,0,,1624850,0,2
152362,2306,379397867,GVB:51:65990,Isolatorweg,65990,,1,,1624856,0,2
152362,2306,379397868,GVB:51:66164,Centraal Station,66164,,0,,1624848,0,2
152362,2306,379397869,GVB:51:66076,Isolatorweg,66076,,1,,1624853,0,2
152362,2306,379397870,GVB:51:66045,Centraal Station,66045,,0,,1624850,0,2
152362,2306,379397871,GVB:51:66138,Isolatorweg,66138,,1,,1624856,0,2
152362,2306,379397872,GVB:51:66193,Centraal Station,66193,,0,,1624848,0,2
152362,2306,379397873,GVB:51:66106,Isolatorweg,66106,,1,,1624853,0,2
152362,2306,379397874,GVB:51:66015,Centraal Station,66015,,0,,1624850,0,2
152362,2306,379397875,GVB:51:66165,Isolatorweg,66165,,1,,1624856,0,2
152362,2306,379397876,GVB:51:65991,Centraal Station,65991,,0,,1624848,0,2
152362,2306,379397877,GVB:51:66046,Isolatorweg,66046,,1,,1624853,0,2
152362,2306,379397878,GVB:51:66077,Centraal Station,66077,,0,,1624850,0,2
152362,2306,379397879,GVB:51:66194,Isolatorweg,66194,,1,,1624856,0,2
152362,2306,379397880,GVB:51:66139,Centraal Station,66139,,0,,1624848,0,2
152362,2306,379397881,GVB:51:66016,Isolatorweg,66016,,1,,1624853,0,2
152362,2306,379397882,GVB:51:66107,Centraal Station,66107,,0,,1624850,0,2
152362,2306,379397883,GVB:51:65992,Isolatorweg,65992,,1,,1624856,0,2
152362,2306,379397884,GVB:51:66166,Centraal Station,66166,,0,,1624848,0,2
152362,2306,379397885,GVB:51:66078,Isolatorweg,66078,,1,,1624853,0,2
152362,2306,379397886,GVB:51:66047,Centraal Station,66047,,0,,1624850,0,2
152362,2306,379397887,GVB:51:66140,Isolatorweg,66140,,1,,1624856,0,2
152362,2306,379397888,GVB:51:66195,Centraal Station,66195,,0,,1624848,0,2
152362,2306,379397889,GVB:51:66108,Isolatorweg,66108,,1,,1624853,0,2
152362,2306,379397890,GVB:51:66017,Centraal Station,66017,,0,,1624850,0,2
152362,2306,379397891,GVB:51:66167,Isolatorweg,66167,,1,,1624856,0,2
152362,2306,379397892,GVB:51:65993,Centraal Station,65993,,0,,1624848,0,2
152362,2306,379397893,GVB:51:66048,Isolatorweg,66048,,1,,1624853,0,2
152362,2306,379397894,GVB:51:66079,Centraal Station,66079,,0,,1624850,0,2
152362,2306,379397895,GVB:51:66196,Isolatorweg,66196,,1,,1624856,0,2
152362,2306,379397896,GVB:51:66141,Centraal Station,66141,,0,,1624848,0,2
152362,2306,379397897,GVB:51:66018,Isolatorweg,66018,,1,,1624853,0,2
152362,2306,379397898,GVB:51:66109,Centraal Station,66109,,0,,1624850,0,2
152362,2306,379397899,GVB:51:65994,Isolatorweg,65994,,1,,1624856,0,2
152362,2306,379397900,GVB:51:66168,Centraal Station,66168,,0,,1624848,0,2
152362,2306,379397901,GVB:51:66080,Isolatorweg,66080,,1,,1624853,0,2
152362,2306,379397902,GVB:51:66049,Centraal Station,66049,,0,,1624850,0,2
152362,2306,379397903,GVB:51:66142,Isolatorweg,66142,,1,,1624856,0,2
152362,2306,379397904,GVB:51:66197,Centraal Station,66197,,0,,1624848,0,2
152362,2306,379397905,GVB:51:66110,Isolatorweg,66110,,1,,1624853,0,2
152362,2306,379397906,GVB:51:65979,Centraal Station,65979,,0,,1624850,0,2
152362,2306,379397907,GVB:51:66169,Isolatorweg,66169,,1,,1624856,0,2
152362,2306,379397908,GVB:51:66028,Centraal Station,66028,,0,,1624848,0,2
152362,2306,379397909,GVB:51:66050,Isolatorweg,66050,,1,,1624853,0,2
152362,2306,379397910,GVB:51:66081,Centraal Station,66081,,0,,1624850,0,2
152362,2306,379397911,GVB:51:66198,Isolatorweg,66198,,1,,1624856,0,2
152362,2306,379397912,GVB:51:66143,Centraal Station,66143,,0,,1624848,0,2
152362,2306,379397913,GVB:51:65980,Isolatorweg,65980,,1,,1624853,0,2
152362,2306,379397914,GVB:51:66111,Centraal Station,66111,,0,,1624850,0,2
152362,2306,379397915,GVB:51:66029,Isolatorweg,66029,,1,,1624856,0,2
152362,2306,379397916,GVB:51:66170,Centraal Station,66170,,0,,1624848,0,2
152362,2306,379397917,GVB:51:66082,Isolatorweg,66082,,1,,1624853,0,2
152362,2306,379397918,GVB:51:66051,Centraal Station,66051,,0,,1624850,0,2
152362,2306,379397919,GVB:51:66144,Isolatorweg,66144,,1,,1624856,0,2
152362,2306,379397920,GVB:51:66199,Centraal Station,66199,,0,,1624848,0,2
152362,2306,379397921,GVB:51:66112,Isolatorweg,66112,,1,,1624853,0,2
152362,2306,379397922,GVB:51:65981,Centraal Station,65981,,0,,1624850,0,2
152362,2306,379397923,GVB:51:66171,Isolatorweg,66171,,1,,1624856,0,2
152362,2306,379397924,GVB:51:66030,Centraal Station,66030,,0,,1624848,0,2
152362,2306,379397925,GVB:51:66052,Isolatorweg,66052,,1,,1624854,0,2
152362,2306,379397926,GVB:51:66083,Centraal Station,66083,,0,,1624848,0,2
152362,2306,379397927,GVB:51:66200,Isolatorweg,66200,,1,,1624856,0,2
152362,2306,379397928,GVB:51:66145,Centraal Station,66145,,0,,1624848,0,2
152362,2306,379397929,GVB:51:65982,Isolatorweg,65982,,1,,1624853,0,2
152362,2306,379397930,GVB:51:66115,Centraal Station,66115,,0,,1624852,0,2
152362,2306,379397931,GVB:51:66031,Isolatorweg,66031,,1,,1624856,0,2
152362,2306,379397932,GVB:51:66053,Centraal Station,66053,,0,,1624852,0,2
152362,2306,379397933,GVB:51:66084,Isolatorweg,66084,,1,,1624856,0,2
152362,2306,379397934,GVB:51:66201,Centraal Station,66201,,0,,1624848,0,2
152362,2306,379397935,GVB:51:66146,Isolatorweg,66146,,1,,1624856,0,2
152362,2306,379397936,GVB:51:65969,Centraal Station,65969,,0,,1624852,0,2
152362,2306,379397937,GVB:51:66116,Isolatorweg,66116,,1,,1624856,0,2
152362,2306,379397938,GVB:51:65997,Centraal Station,65997,,0,,1624852,0,2
152362,2306,379397939,GVB:51:66054,Isolatorweg,66054,,1,,1624856,0,2
152362,2306,379397940,GVB:51:66085,Centraal Station,66085,,0,,1624848,0,2
152362,2306,379397941,GVB:51:66202,Isolatorweg,66202,,1,,1624856,0,2
152362,2306,379397942,GVB:51:66147,Centraal Station,66147,,0,,1624848,0,2
152362,2306,379397943,GVB:51:65970,Isolatorweg,65970,,1,,1624856,0,2
152362,2306,379397944,GVB:51:66117,Centraal Station,66117,,0,,1624848,0,2
152362,2306,379397945,GVB:51:65998,Isolatorweg,65998,,1,,1624856,0,2
152362,2306,379397946,GVB:51:66055,Centraal Station,66055,,0,,1624850,0,2
152362,2306,379397947,GVB:51:66086,Isolatorweg,66086,,1,,1624856,0,2
152362,2306,379397948,GVB:51:66175,Centraal Station,66175,,0,,1624848,0,2
152362,2306,379397949,GVB:51:66148,Isolatorweg,66148,,1,,1624856,0,2
152362,2306,379397950,GVB:51:65971,Centraal Station,65971,,0,,1624850,0,2
152362,2306,379397951,GVB:51:66118,Isolatorweg,66118,,1,,1624856,0,2
152362,2306,379397952,GVB:51:66056,Isolatorweg,66056,,1,,1624853,0,2
152362,2306,379397953,GVB:51:66001,Centraal Station,66001,,0,,1624852,0,2
152362,2306,379397954,GVB:51:66176,Isolatorweg,66176,,1,,1624856,0,2
152362,2306,379397955,GVB:51:66089,Centraal Station,66089,,0,,1624851,0,2
152362,2306,379397956,GVB:51:65972,Isolatorweg,65972,,1,,1624853,0,2
152362,2306,379397957,GVB:51:66119,Centraal Station,66119,,0,,1624848,0,2
152362,2306,379397958,GVB:51:66002,Isolatorweg,66002,,1,,1624856,0,2
152362,2306,379397959,GVB:51:66057,Centraal Station,66057,,0,,1624850,0,2
152362,2306,379397960,GVB:51:66090,Isolatorweg,66090,,1,,1624853,0,2
152362,2306,379397961,GVB:51:66177,Centraal Station,66177,,0,,1624848,0,2
152362,2306,379397962,GVB:51:66120,Isolatorweg,66120,,1,,1624856,0,2
152362,2306,379397963,GVB:51:65973,Centraal Station,65973,,0,,1624850,0,2
152362,2306,379397964,GVB:51:66058,Isolatorweg,66058,,1,,1624853,0,2
152362,2306,379397965,GVB:51:66003,Centraal Station,66003,,0,,1624848,0,2
152362,2306,379397966,GVB:51:66178,Isolatorweg,66178,,1,,1624856,0,2
152362,2306,379397967,GVB:51:66091,Centraal Station,66091,,0,,1624850,0,2
152362,2306,379397968,GVB:51:65974,Isolatorweg,65974,,1,,1624853,0,2
152362,2306,379397969,GVB:51:66121,Centraal Station,66121,,0,,1624848,0,2
152362,2306,379397970,GVB:51:66004,Isolatorweg,66004,,1,,1624856,0,2
152362,2306,379397971,GVB:51:66059,Centraal Station,66059,,0,,1624850,0,2
152362,2306,379397972,GVB:51:66092,Isolatorweg,66092,,1,,1624853,0,2
152362,2306,379397973,GVB:51:66179,Centraal Station,66179,,0,,1624848,0,2
152362,2306,379397974,GVB:51:66122,Isolatorweg,66122,,1,,1624856,0,2
152362,2306,379397975,GVB:51:65975,Centraal Station,65975,,0,,1624850,0,2
152362,2306,379397976,GVB:51:66060,Isolatorweg,66060,,1,,1624853,0,2
152362,2306,379397977,GVB:51:66005,Centraal Station,66005,,0,,1624848,0,2
152362,2306,379397978,GVB:51:66180,Isolatorweg,66180,,1,,1624856,0,2
152362,2306,379397979,GVB:51:66093,Centraal Station,66093,,0,,1624850,0,2
152362,2306,379397980,GVB:51:66123,Centraal Station,66123,,0,,1624850,0,2
152362,2306,379397981,GVB:51:65976,Isolatorweg,65976,,1,,1624853,0,2
152362,2306,379397982,GVB:51:66061,Centraal Station,66061,,0,,1624850,0,2
152362,2306,379397983,GVB:51:66006,Isolatorweg,66006,,1,,1624856,0,2
152362,2306,379397984,GVB:51:66094,Isolatorweg,66094,,1,,1624853,0,2
152362,1468,379398184,GVB:51:64267,Isolatorweg,64267,,1,,1584545,0,2
152362,1468,379398185,GVB:51:64298,Centraal Station,64298,,0,,1584569,0,2
152362,1468,379398186,GVB:51:64385,Centraal Station,64385,,0,,1624850,0,2
152362,1468,379398187,GVB:51:64193,Isolatorweg,64193,,1,,1584545,0,2
152362,1468,379398188,GVB:51:64360,Centraal Station,64360,,0,,1584571,0,2
152362,1468,379398189,GVB:51:64299,Isolatorweg,64299,,1,,1624853,0,2
152362,1468,379398190,GVB:51:64268,Centraal Station,64268,,0,,1624848,0,2
152362,1468,379398191,GVB:51:64254,Isolatorweg,64254,,1,,1584545,0,2
152362,1468,379398192,GVB:51:64361,Isolatorweg,64361,,1,,1624856,0,2
152362,1468,379398193,GVB:51:64194,Centraal Station,64194,,0,,1624850,0,2
152362,1468,379398194,GVB:51:64386,Isolatorweg,64386,,1,,1624853,0,2
152362,1468,379398195,GVB:51:64255,Centraal Station,64255,,0,,1624848,0,2
152362,1468,379398196,GVB:51:64269,Isolatorweg,64269,,1,,1624856,0,2
152362,1468,379398197,GVB:51:64300,Centraal Station,64300,,0,,1624850,0,2
152362,1468,379398198,GVB:51:64195,Isolatorweg,64195,,1,,1624853,0,2
152362,1468,379398199,GVB:51:64362,Centraal Station,64362,,0,,1624848,0,2
152362,1468,379398200,GVB:51:64330,Centraal Station,64330,,0,,1624851,0,2
152362,1468,379398201,GVB:51:64256,Isolatorweg,64256,,1,,1624856,0,2
152362,1468,379398202,GVB:51:64389,Centraal Station,64389,,0,,1624852,0,2
152362,1468,379398203,GVB:51:64301,Isolatorweg,64301,,1,,1624853,0,2
152362,1468,379398204,GVB:51:64270,Centraal Station,64270,,0,,1624850,0,2
152362,1468,379398205,GVB:51:64363,Isolatorweg,64363,,1,,1624856,0,2
152362,1468,379398206,GVB:51:64416,Centraal Station,64416,,0,,1624852,0,2
152362,1468,379398207,GVB:51:64331,Isolatorweg,64331,,1,,1624853,0,2
152362,1468,379398208,GVB:51:64198,Centraal Station,64198,,0,,1624851,0,2
152362,1468,379398209,GVB:51:64390,Isolatorweg,64390,,1,,1624856,0,2
152362,1468,379398210,GVB:51:64257,Centraal Station,64257,,0,,1624848,0,2
152362,1468,379398211,GVB:51:64271,Isolatorweg,64271,,1,,1624853,0,2
152362,1468,379398212,GVB:51:64302,Centraal Station,64302,,0,,1624850,0,2
152362,1468,379398213,GVB:51:64417,Isolatorweg,64417,,1,,1624856,0,2
152362,1468,379398214,GVB:51:64364,Centraal Station,64364,,0,,1624848,0,2
152362,1468,379398215,GVB:51:64199,Isolatorweg,64199,,1,,1624853,0,2
152362,1468,379398216,GVB:51:64332,Centraal Station,64332,,0,,1624850,0,2
152362,1468,379398217,GVB:51:64258,Isolatorweg,64258,,1,,1624856,0,2
152362,1468,379398218,GVB:51:64391,Centraal Station,64391,,0,,1624848,0,2
152362,1468,379398219,GVB:51:64303,Isolatorweg,64303,,1,,1624853,0,2
152362,1468,379398220,GVB:51:64272,Centraal Station,64272,,0,,1624850,0,2
152362,1468,379398221,GVB:51:64365,Isolatorweg,64365,,1,,1624856,0,2
152362,1468,379398222,GVB:51:64420,Centraal Station,64420,,0,,1624852,0,2
152362,1468,379398223,GVB:51:64333,Isolatorweg,64333,,1,,1624853,0,2
152362,1468,379398224,GVB:51:64242,Centraal Station,64242,,0,,1624851,0,2
152362,1468,379398225,GVB:51:64392,Isolatorweg,64392,,1,,1624856,0,2
152362,1468,379398226,GVB:51:64218,Centraal Station,64218,,0,,1624852,0,2
152362,1468,379398227,GVB:51:64273,Isolatorweg,64273,,1,,1624853,0,2
152362,1468,379398228,GVB:51:64304,Centraal Station,64304,,0,,1624850,0,2
152362,1468,379398229,GVB:51:64421,Isolatorweg,64421,,1,,1624856,0,2
152362,1468,379398230,GVB:51:64366,Centraal Station,64366,,0,,1624848,0,2
152362,1468,379398231,GVB:51:64243,Isolatorweg,64243,,1,,1624853,0,2
152362,1468,379398232,GVB:51:64334,Centraal Station,64334,,0,,1624850,0,2
152362,1468,379398233,GVB:51:64219,Isolatorweg,64219,,1,,1624856,0,2
152362,1468,379398234,GVB:51:64393,Centraal Station,64393,,0,,1624848,0,2
152362,1468,379398235,GVB:51:64305,Isolatorweg,64305,,1,,1624853,0,2
152362,1468,379398236,GVB:51:64274,Centraal Station,64274,,0,,1624850,0,2
152362,1468,379398237,GVB:51:64367,Isolatorweg,64367,,1,,1624856,0,2
152362,1468,379398238,GVB:51:64422,Centraal Station,64422,,0,,1624848,0,2
152362,1468,379398239,GVB:51:64335,Isolatorweg,64335,,1,,1624853,0,2
152362,1468,379398240,GVB:51:64244,Centraal Station,64244,,0,,1624850,0,2
152362,1468,379398241,GVB:51:64394,Isolatorweg,64394,,1,,1624856,0,2
152362,1468,379398242,GVB:51:64220,Centraal Station,64220,,0,,1624848,0,2
152362,1468,379398243,GVB:51:64275,Isolatorweg,64275,,1,,1624853,0,2
152362,1468,379398244,GVB:51:64306,Centraal Station,64306,,0,,1624850,0,2
152362,1468,379398245,GVB:51:64423,Isolatorweg,64423,,1,,1624856,0,2
152362,1468,379398246,GVB:51:64368,Centraal Station,64368,,0,,1624848,0,2
152362,1468,379398247,GVB:51:64245,Isolatorweg,64245,,1,,1624853,0,2
152362,1468,379398248,GVB:51:64336,Centraal Station,64336,,0,,1624850,0,2
152362,1468,379398249,GVB:51:64221,Isolatorweg,64221,,1,,1624856,0,2
152362,1468,379398250,GVB:51:64395,Centraal Station,64395,,0,,1624848,0,2
152362,1468,379398251,GVB:51:64307,Isolatorweg,64307,,1,,1624853,0,2
152362,1468,379398252,GVB:51:64276,Centraal Station,64276,,0,,1624850,0,2
152362,1468,379398253,GVB:51:64369,Isolatorweg,64369,,1,,1624856,0,2
152362,1468,379398254,GVB:51:64424,Centraal Station,64424,,0,,1624848,0,2
152362,1468,379398255,GVB:51:64337,Isolatorweg,64337,,1,,1624853,0,2
152362,1468,379398256,GVB:51:64246,Centraal Station,64246,,0,,1624850,0,2
152362,1468,379398257,GVB:51:64396,Isolatorweg,64396,,1,,1624856,0,2
152362,1468,379398258,GVB:51:64222,Centraal Station,64222,,0,,1624848,0,2
152362,1468,379398259,GVB:51:64277,Isolatorweg,64277,,1,,1624853,0,2
152362,1468,379398260,GVB:51:64308,Centraal Station,64308,,0,,1624850,0,2
152362,1468,379398261,GVB:51:64425,Isolatorweg,64425,,1,,1624856,0,2
152362,1468,379398262,GVB:51:64370,Centraal Station,64370,,0,,1624848,0,2
152362,1468,379398263,GVB:51:64247,Isolatorweg,64247,,1,,1624853,0,2
152362,1468,379398264,GVB:51:64338,Centraal Station,64338,,0,,1624850,0,2
152362,1468,379398265,GVB:51:64223,Isolatorweg,64223,,1,,1624856,0,2
152362,1468,379398266,GVB:51:64397,Centraal Station,64397,,0,,1624848,0,2
152362,1468,379398267,GVB:51:64309,Isolatorweg,64309,,1,,1624853,0,2
152362,1468,379398268,GVB:51:64278,Centraal Station,64278,,0,,1624850,0,2
152362,1468,379398269,GVB:51:64371,Isolatorweg,64371,,1,,1624856,0,2
152362,1468,379398270,GVB:51:64426,Centraal Station,64426,,0,,1624848,0,2
152362,1468,379398271,GVB:51:64339,Isolatorweg,64339,,1,,1624853,0,2
152362,1468,379398272,GVB:51:64248,Centraal Station,64248,,0,,1624850,0,2
152362,1468,379398273,GVB:51:64398,Isolatorweg,64398,,1,,1624856,0,2
152362,1468,379398274,GVB:51:64224,Centraal Station,64224,,0,,1624848,0,2
152362,1468,379398275,GVB:51:64279,Isolatorweg,64279,,1,,1624853,0,2
152362,1468,379398276,GVB:51:64310,Centraal Station,64310,,0,,1624850,0,2
152362,1468,379398277,GVB:51:64427,Isolatorweg,64427,,1,,1624856,0,2
152362,1468,379398278,GVB:51:64372,Centraal Station,64372,,0,,1624848,0,2
152362,1468,379398279,GVB:51:64249,Isolatorweg,64249,,1,,1624853,0,2
152362,1468,379398280,GVB:51:64340,Centraal Station,64340,,0,,1624850,0,2
152362,1468,379398281,GVB:51:64225,Isolatorweg,64225,,1,,1624856,0,2
152362,1468,379398282,GVB:51:64399,Centraal Station,64399,,0,,1624848,0,2
152362,1468,379398283,GVB:51:64311,Isolatorweg,64311,,1,,1624853,0,2
152362,1468,379398284,GVB:51:64280,Centraal Station,64280,,0,,1624850,0,2
152362,1468,379398285,GVB:51:64373,Isolatorweg,64373,,1,,1624856,0,2
152362,1468,379398286,GVB:51:64428,Centraal Station,64428,,0,,1624848,0,2
152362,1468,379398287,GVB:51:64341,Isolatorweg,64341,,1,,1624853,0,2
152362,1468,379398288,GVB:51:64250,Centraal Station,64250,,0,,1624850,0,2
152362,1468,379398289,GVB:51:64400,Isolatorweg,64400,,1,,1624856,0,2
152362,1468,379398290,GVB:51:64226,Centraal Station,64226,,0,,1624848,0,2
152362,1468,379398291,GVB:51:64281,Isolatorweg,64281,,1,,1624853,0,2
152362,1468,379398292,GVB:51:64312,Centraal Station,64312,,0,,1624850,0,2
152362,1468,379398293,GVB:51:64429,Isolatorweg,64429,,1,,1624856,0,2
152362,1468,379398294,GVB:51:64374,Centraal Station,64374,,0,,1624848,0,2
152362,1468,379398295,GVB:51:64251,Isolatorweg,64251,,1,,1624853,0,2
152362,1468,379398296,GVB:51:64342,Centraal Station,64342,,0,,1624850,0,2
152362,1468,379398297,GVB:51:64227,Isolatorweg,64227,,1,,1624856,0,2
152362,1468,379398298,GVB:51:64401,Centraal Station,64401,,0,,1624848,0,2
152362,1468,379398299,GVB:51:64313,Isolatorweg,64313,,1,,1624853,0,2
152362,1468,379398300,GVB:51:64282,Centraal Station,64282,,0,,1624850,0,2
152362,1468,379398301,GVB:51:64375,Isolatorweg,64375,,1,,1624856,0,2
152362,1468,379398302,GVB:51:64430,Centraal Station,64430,,0,,1624848,0,2
152362,1468,379398303,GVB:51:64343,Isolatorweg,64343,,1,,1624853,0,2
152362,1468,379398304,GVB:51:64212,Centraal Station,64212,,0,,1624850,0,2
152362,1468,379398305,GVB:51:64402,Isolatorweg,64402,,1,,1624856,0,2
152362,1468,379398306,GVB:51:64261,Centraal Station,64261,,0,,1624848,0,2
152362,1468,379398307,GVB:51:64283,Isolatorweg,64283,,1,,1624853,0,2
152362,1468,379398308,GVB:51:64314,Centraal Station,64314,,0,,1624850,0,2
152362,1468,379398309,GVB:51:64431,Isolatorweg,64431,,1,,1624856,0,2
152362,1468,379398310,GVB:51:64376,Centraal Station,64376,,0,,1624848,0,2
152362,1468,379398311,GVB:51:64213,Isolatorweg,64213,,1,,1624853,0,2
152362,1468,379398312,GVB:51:64344,Centraal Station,64344,,0,,1624850,0,2
152362,1468,379398313,GVB:51:64262,Isolatorweg,64262,,1,,1624856,0,2
152362,1468,379398314,GVB:51:64403,Centraal Station,64403,,0,,1624848,0,2
152362,1468,379398315,GVB:51:64315,Isolatorweg,64315,,1,,1624853,0,2
152362,1468,379398316,GVB:51:64284,Centraal Station,64284,,0,,1624850,0,2
152362,1468,379398317,GVB:51:64377,Isolatorweg,64377,,1,,1624856,0,2
152362,1468,379398318,GVB:51:64432,Centraal Station,64432,,0,,1624848,0,2
152362,1468,379398319,GVB:51:64345,Isolatorweg,64345,,1,,1624853,0,2
152362,1468,379398320,GVB:51:64214,Centraal Station,64214,,0,,1624850,0,2
152362,1468,379398321,GVB:51:64404,Isolatorweg,64404,,1,,1624856,0,2
152362,1468,379398322,GVB:51:64263,Centraal Station,64263,,0,,1624848,0,2
152362,1468,379398323,GVB:51:64285,Isolatorweg,64285,,1,,1624854,0,2
152362,1468,379398324,GVB:51:64316,Centraal Station,64316,,0,,1624848,0,2
152362,1468,379398325,GVB:51:64433,Isolatorweg,64433,,1,,1624856,0,2
152362,1468,379398326,GVB:51:64378,Centraal Station,64378,,0,,1624848,0,2
152362,1468,379398327,GVB:51:64215,Isolatorweg,64215,,1,,1624853,0,2
152362,1468,379398328,GVB:51:64348,Centraal Station,64348,,0,,1624852,0,2
152362,1468,379398329,GVB:51:64264,Isolatorweg,64264,,1,,1624856,0,2
152362,1468,379398330,GVB:51:64286,Centraal Station,64286,,0,,1624852,0,2
152362,1468,379398331,GVB:51:64317,Isolatorweg,64317,,1,,1624856,0,2
152362,1468,379398332,GVB:51:64434,Centraal Station,64434,,0,,1624848,0,2
152362,1468,379398333,GVB:51:64379,Isolatorweg,64379,,1,,1624856,0,2
152362,1468,379398334,GVB:51:64202,Centraal Station,64202,,0,,1624852,0,2
152362,1468,379398335,GVB:51:64349,Isolatorweg,64349,,1,,1624856,0,2
152362,1468,379398336,GVB:51:64230,Centraal Station,64230,,0,,1624852,0,2
152362,1468,379398337,GVB:51:64287,Isolatorweg,64287,,1,,1624856,0,2
152362,1468,379398338,GVB:51:64318,Centraal Station,64318,,0,,1624848,0,2
152362,1468,379398339,GVB:51:64435,Isolatorweg,64435,,1,,1624856,0,2
152362,1468,379398340,GVB:51:64380,Centraal Station,64380,,0,,1624848,0,2
152362,1468,379398341,GVB:51:64203,Isolatorweg,64203,,1,,1624856,0,2
152362,1468,379398342,GVB:51:64350,Centraal Station,64350,,0,,1624848,0,2
152362,1468,379398343,GVB:51:64231,Isolatorweg,64231,,1,,1624856,0,2
152362,1468,379398344,GVB:51:64288,Centraal Station,64288,,0,,1624850,0,2
152362,1468,379398345,GVB:51:64319,Isolatorweg,64319,,1,,1624856,0,2
152362,1468,379398346,GVB:51:64408,Centraal Station,64408,,0,,1624848,0,2
152362,1468,379398347,GVB:51:64381,Isolatorweg,64381,,1,,1624856,0,2
152362,1468,379398348,GVB:51:64204,Centraal Station,64204,,0,,1624850,0,2
152362,1468,379398349,GVB:51:64351,Isolatorweg,64351,,1,,1624856,0,2
152362,1468,379398350,GVB:51:64289,Isolatorweg,64289,,1,,1624853,0,2
152362,1468,379398351,GVB:51:64234,Centraal Station,64234,,0,,1624852,0,2
152362,1468,379398352,GVB:51:64409,Isolatorweg,64409,,1,,1624856,0,2
152362,1468,379398353,GVB:51:64322,Centraal Station,64322,,0,,1624851,0,2
152362,1468,379398354,GVB:51:64205,Isolatorweg,64205,,1,,1624853,0,2
152362,1468,379398355,GVB:51:64352,Centraal Station,64352,,0,,1624848,0,2
152362,1468,379398356,GVB:51:64235,Isolatorweg,64235,,1,,1624856,0,2
152362,1468,379398357,GVB:51:64290,Centraal Station,64290,,0,,1624850,0,2
152362,1468,379398358,GVB:51:64323,Isolatorweg,64323,,1,,1624853,0,2
152362,1468,379398359,GVB:51:64410,Centraal Station,64410,,0,,1624848,0,2
152362,1468,379398360,GVB:51:64353,Isolatorweg,64353,,1,,1624856,0,2
152362,1468,379398361,GVB:51:64206,Centraal Station,64206,,0,,1624850,0,2
152362,1468,379398362,GVB:51:64291,Isolatorweg,64291,,1,,1624853,0,2
152362,1468,379398363,GVB:51:64236,Centraal Station,64236,,0,,1624848,0,2
152362,1468,379398364,GVB:51:64411,Isolatorweg,64411,,1,,1624856,0,2
152362,1468,379398365,GVB:51:64324,Centraal Station,64324,,0,,1624850,0,2
152362,1468,379398366,GVB:51:64207,Isolatorweg,64207,,1,,1624853,0,2
152362,1468,379398367,GVB:51:64354,Centraal Station,64354,,0,,1624848,0,2
152362,1468,379398368,GVB:51:64237,Isolatorweg,64237,,1,,1624856,0,2
152362,1468,379398369,GVB:51:64292,Centraal Station,64292,,0,,1624850,0,2
152362,1468,379398370,GVB:51:64325,Isolatorweg,64325,,1,,1624853,0,2
152362,1468,379398371,GVB:51:64412,Centraal Station,64412,,0,,1624848,0,2
152362,1468,379398372,GVB:51:64355,Isolatorweg,64355,,1,,1624856,0,2
152362,1468,379398373,GVB:51:64208,Centraal Station,64208,,0,,1624850,0,2
152362,1468,379398374,GVB:51:64293,Isolatorweg,64293,,1,,1624853,0,2
152362,1468,379398375,GVB:51:64238,Centraal Station,64238,,0,,1624848,0,2
152362,1468,379398376,GVB:51:64413,Isolatorweg,64413,,1,,1624856,0,2
152362,1468,379398377,GVB:51:64326,Centraal Station,64326,,0,,1624850,0,2
152362,1468,379398378,GVB:51:64356,Centraal Station,64356,,0,,1624850,0,2
152362,1468,379398379,GVB:51:64209,Isolatorweg,64209,,1,,1624853,0,2
152362,1468,379398380,GVB:51:64294,Centraal Station,64294,,0,,1624850,0,2
152362,1468,379398381,GVB:51:64239,Isolatorweg,64239,,1,,1624856,0,2
152362,1468,379398382,GVB:51:64327,Isolatorweg,64327,,1,,1624853,0,2
152362,3863,379418250,GVB:51:63810,Centraal Station,63810,,0,,1624861,0,2
152362,3863,379418251,GVB:51:63752,Centraal Station,63752,,0,,1584569,0,2
152362,3863,379418252,GVB:51:63870,Centraal Station,63870,,0,,1624861,0,2
152362,3863,379418253,GVB:51:63840,Centraal Station,63840,,0,,1584569,0,2
152362,3863,379418254,GVB:51:63753,Isolatorweg,63753,,1,,1624860,0,2
152362,3863,379418255,GVB:51:63927,Centraal Station,63927,,0,,1624861,0,2
152362,3863,379418256,GVB:51:63841,Isolatorweg,63841,,1,,1624860,0,2
152362,3863,379418257,GVB:51:63782,Centraal Station,63782,,0,,1624861,0,2
152362,3863,379418258,GVB:51:63811,Isolatorweg,63811,,1,,1624860,0,2
152362,3863,379418259,GVB:51:63899,Centraal Station,63899,,0,,1624861,0,2
152362,3863,379418260,GVB:51:63871,Isolatorweg,63871,,1,,1624860,0,2
152362,3863,379418261,GVB:51:63754,Centraal Station,63754,,0,,1624861,0,2
152362,3863,379418262,GVB:51:63928,Isolatorweg,63928,,1,,1624860,0,2
152362,3863,379418263,GVB:51:63842,Centraal Station,63842,,0,,1624861,0,2
152362,3863,379418264,GVB:51:63783,Isolatorweg,63783,,1,,1624860,0,2
152362,3863,379418265,GVB:51:63812,Centraal Station,63812,,0,,1624861,0,2
152362,3863,379418266,GVB:51:63900,Isolatorweg,63900,,1,,1624860,0,2
152362,3863,379418267,GVB:51:63872,Centraal Station,63872,,0,,1624861,0,2
152362,3863,379418268,GVB:51:63755,Isolatorweg,63755,,1,,1624860,0,2
152362,3863,379418269,GVB:51:63929,Centraal Station,63929,,0,,1624861,0,2
152362,3863,379418270,GVB:51:63843,Isolatorweg,63843,,1,,1624860,0,2
152362,3863,379418271,GVB:51:63784,Centraal Station,63784,,0,,1624861,0,2
152362,3863,379418272,GVB:51:63813,Isolatorweg,63813,,1,,1624860,0,2
152362,3863,379418273,GVB:51:63901,Centraal Station,63901,,0,,1624861,0,2
152362,3863,379418274,GVB:51:63873,Isolatorweg,63873,,1,,1624860,0,2
152362,3863,379418275,GVB:51:63756,Centraal Station,63756,,0,,1624861,0,2
152362,3863,379418276,GVB:51:63930,Isolatorweg,63930,,1,,1624860,0,2
152362,3863,379418277,GVB:51:63844,Centraal Station,63844,,0,,1624861,0,2
152362,3863,379418278,GVB:51:63785,Isolatorweg,63785,,1,,1624860,0,2
152362,3863,379418279,GVB:51:63814,Centraal Station,63814,,0,,1624861,0,2
152362,3863,379418280,GVB:51:63902,Isolatorweg,63902,,1,,1624860,0,2
152362,3863,379418281,GVB:51:63874,Centraal Station,63874,,0,,1624861,0,2
152362,3863,379418282,GVB:51:63757,Isolatorweg,63757,,1,,1624860,0,2
152362,3863,379418283,GVB:51:63931,Centraal Station,63931,,0,,1624861,0,2
152362,3863,379418284,GVB:51:63845,Isolatorweg,63845,,1,,1624860,0,2
152362,3863,379418285,GVB:51:63786,Centraal Station,63786,,0,,1624861,0,2
152362,3863,379418286,GVB:51:63815,Isolatorweg,63815,,1,,1624860,0,2
152362,3863,379418287,GVB:51:63903,Centraal Station,63903,,0,,1624861,0,2
152362,3863,379418288,GVB:51:63875,Isolatorweg,63875,,1,,1624860,0,2
152362,3863,379418289,GVB:51:63758,Centraal Station,63758,,0,,1624861,0,2
152362,3863,379418290,GVB:51:63932,Isolatorweg,63932,,1,,1624860,0,2
152362,3863,379418291,GVB:51:63846,Centraal Station,63846,,0,,1624861,0,2
152362,3863,379418292,GVB:51:63787,Isolatorweg,63787,,1,,1624860,0,2
152362,3863,379418293,GVB:51:63816,Centraal Station,63816,,0,,1624861,0,2
152362,3863,379418294,GVB:51:63904,Isolatorweg,63904,,1,,1624860,0,2
152362,3863,379418295,GVB:51:63876,Centraal Station,63876,,0,,1624861,0,2
152362,3863,379418296,GVB:51:63759,Isolatorweg,63759,,1,,1624860,0,2
152362,3863,379418297,GVB:51:63933,Centraal Station,63933,,0,,1624861,0,2
152362,3863,379418298,GVB:51:63847,Isolatorweg,63847,,1,,1624860,0,2
152362,3863,379418299,GVB:51:63788,Centraal Station,63788,,0,,1624861,0,2
152362,3863,379418300,GVB:51:63817,Isolatorweg,63817,,1,,1624860,0,2
152362,3863,379418301,GVB:51:63905,Centraal Station,63905,,0,,1624861,0,2
152362,3863,379418302,GVB:51:63877,Isolatorweg,63877,,1,,1624860,0,2
152362,3863,379418303,GVB:51:63760,Centraal Station,63760,,0,,1624861,0,2
152362,3863,379418304,GVB:51:63934,Isolatorweg,63934,,1,,1624860,0,2
152362,3863,379418305,GVB:51:63848,Centraal Station,63848,,0,,1624861,0,2
152362,3863,379418306,GVB:51:63789,Isolatorweg,63789,,1,,1624860,0,2
152362,3863,379418307,GVB:51:63818,Centraal Station,63818,,0,,1624861,0,2
152362,3863,379418308,GVB:51:63906,Isolatorweg,63906,,1,,1624860,0,2
152362,3863,379418309,GVB:51:63878,Centraal Station,63878,,0,,1624861,0,2
152362,3863,379418310,GVB:51:63761,Isolatorweg,63761,,1,,1624860,0,2
152362,3863,379418311,GVB:51:63935,Centraal Station,63935,,0,,1624861,0,2
152362,3863,379418312,GVB:51:63849,Isolatorweg,63849,,1,,1624860,0,2
152362,3863,379418313,GVB:51:63790,Centraal Station,63790,,0,,1624861,0,2
152362,3863,379418314,GVB:51:63819,Isolatorweg,63819,,1,,1624860,0,2
152362,3863,379418315,GVB:51:63907,Centraal Station,63907,,0,,1624861,0,2
152362,3863,379418316,GVB:51:63879,Isolatorweg,63879,,1,,1624860,0,2
152362,3863,379418317,GVB:51:63762,Centraal Station,63762,,0,,1624861,0,2
152362,3863,379418318,GVB:51:63936,Isolatorweg,63936,,1,,1624860,0,2
152362,3863,379418319,GVB:51:63850,Centraal Station,63850,,0,,1624861,0,2
152362,3863,379418320,GVB:51:63791,Isolatorweg,63791,,1,,1624860,0,2
152362,3863,379418321,GVB:51:63820,Centraal Station,63820,,0,,1624861,0,2
152362,3863,379418322,GVB:51:63908,Isolatorweg,63908,,1,,1624860,0,2
152362,3863,379418323,GVB:51:63880,Centraal Station,63880,,0,,1624861,0,2
152362,3863,379418324,GVB:51:63763,Isolatorweg,63763,,1,,1624860,0,2
152362,3863,379418325,GVB:51:63937,Centraal Station,63937,,0,,1624861,0,2
152362,3863,379418326,GVB:51:63851,Isolatorweg,63851,,1,,1624860,0,2
152362,3863,379418327,GVB:51:63792,Centraal Station,63792,,0,,1624861,0,2
152362,3863,379418328,GVB:51:63821,Isolatorweg,63821,,1,,1624860,0,2
152362,3863,379418329,GVB:51:63909,Centraal Station,63909,,0,,1624861,0,2
152362,3863,379418330,GVB:51:63881,Isolatorweg,63881,,1,,1624860,0,2
152362,3863,379418331,GVB:51:63764,Centraal Station,63764,,0,,1624861,0,2
152362,3863,379418332,GVB:51:63938,Isolatorweg,63938,,1,,1624860,0,2
152362,3863,379418333,GVB:51:63852,Centraal Station,63852,,0,,1624861,0,2
152362,3863,379418334,GVB:51:63793,Isolatorweg,63793,,1,,1624860,0,2
152362,3863,379418335,GVB:51:63822,Centraal Station,63822,,0,,1624861,0,2
152362,3863,379418336,GVB:51:63910,Isolatorweg,63910,,1,,1624860,0,2
152362,3863,379418337,GVB:51:63882,Centraal Station,63882,,0,,1624861,0,2
152362,3863,379418338,GVB:51:63765,Isolatorweg,63765,,1,,1624860,0,2
152362,3863,379418339,GVB:51:63939,Centraal Station,63939,,0,,1624861,0,2
152362,3863,379418340,GVB:51:63853,Isolatorweg,63853,,1,,1624860,0,2
152362,3863,379418341,GVB:51:63794,Centraal Station,63794,,0,,1624861,0,2
152362,3863,379418342,GVB:51:63823,Isolatorweg,63823,,1,,1624860,0,2
152362,3863,379418343,GVB:51:63911,Centraal Station,63911,,0,,1624861,0,2
152362,3863,379418344,GVB:51:63883,Isolatorweg,63883,,1,,1624860,0,2
152362,3863,379418345,GVB:51:63766,Centraal Station,63766,,0,,1624861,0,2
152362,3863,379418346,GVB:51:63940,Isolatorweg,63940,,1,,1624860,0,2
152362,3863,379418347,GVB:51:63854,Centraal Station,63854,,0,,1624861,0,2
152362,3863,379418348,GVB:51:63795,Isolatorweg,63795,,1,,1624860,0,2
152362,3863,379418349,GVB:51:63824,Centraal Station,63824,,0,,1624861,0,2
152362,3863,379418350,GVB:51:63912,Isolatorweg,63912,,1,,1624860,0,2
152362,3863,379418351,GVB:51:63884,Centraal Station,63884,,0,,1624861,0,2
152362,3863,379418352,GVB:51:63767,Isolatorweg,63767,,1,,1624860,0,2
152362,3863,379418353,GVB:51:63941,Centraal Station,63941,,0,,1624861,0,2
152362,3863,379418354,GVB:51:63855,Isolatorweg,63855,,1,,1624860,0,2
152362,3863,379418355,GVB:51:63796,Centraal Station,63796,,0,,1624861,0,2
152362,3863,379418356,GVB:51:63825,Isolatorweg,63825,,1,,1624860,0,2
152362,3863,379418357,GVB:51:63913,Centraal Station,63913,,0,,1624861,0,2
152362,3863,379418358,GVB:51:63885,Isolatorweg,63885,,1,,1624860,0,2
152362,3863,379418359,GVB:51:63768,Centraal Station,63768,,0,,1624861,0,2
152362,3863,379418360,GVB:51:63942,Isolatorweg,63942,,1,,1624860,0,2
152362,3863,379418361,GVB:51:63856,Centraal Station,63856,,0,,1624861,0,2
152362,3863,379418362,GVB:51:63797,Isolatorweg,63797,,1,,1624860,0,2
152362,3863,379418363,GVB:51:63826,Centraal Station,63826,,0,,1624861,0,2
152362,3863,379418364,GVB:51:63914,Isolatorweg,63914,,1,,1624860,0,2
152362,3863,379418365,GVB:51:63886,Centraal Station,63886,,0,,1624861,0,2
152362,3863,379418366,GVB:51:63769,Isolatorweg,63769,,1,,1624860,0,2
152362,3863,379418367,GVB:51:63943,Centraal Station,63943,,0,,1624861,0,2
152362,3863,379418368,GVB:51:63857,Isolatorweg,63857,,1,,1624860,0,2
152362,3863,379418369,GVB:51:63798,Centraal Station,63798,,0,,1624861,0,2
152362,3863,379418370,GVB:51:63827,Isolatorweg,63827,,1,,1624860,0,2
152362,3863,379418371,GVB:51:63915,Centraal Station,63915,,0,,1624861,0,2
152362,3863,379418372,GVB:51:63887,Isolatorweg,63887,,1,,1624860,0,2
152362,3863,379418373,GVB:51:63770,Centraal Station,63770,,0,,1624861,0,2
152362,3863,379418374,GVB:51:63944,Isolatorweg,63944,,1,,1624860,0,2
152362,3863,379418375,GVB:51:63858,Centraal Station,63858,,0,,1624861,0,2
152362,3863,379418376,GVB:51:63799,Isolatorweg,63799,,1,,1624860,0,2
152362,3863,379418377,GVB:51:63828,Centraal Station,63828,,0,,1624861,0,2
152362,3863,379418378,GVB:51:63916,Isolatorweg,63916,,1,,1624860,0,2
152362,3863,379418379,GVB:51:63888,Centraal Station,63888,,0,,1624861,0,2
152362,3863,379418380,GVB:51:63771,Isolatorweg,63771,,1,,1624860,0,2
152362,3863,379418381,GVB:51:63945,Centraal Station,63945,,0,,1624861,0,2
152362,3863,379418382,GVB:51:63859,Isolatorweg,63859,,1,,1624860,0,2
152362,3863,379418383,GVB:51:63800,Centraal Station,63800,,0,,1624861,0,2
152362,3863,379418384,GVB:51:63829,Isolatorweg,63829,,1,,1624860,0,2
152362,3863,379418385,GVB:51:63917,Centraal Station,63917,,0,,1624861,0,2
152362,3863,379418386,GVB:51:63889,Isolatorweg,63889,,1,,1624860,0,2
152362,3863,379418387,GVB:51:63772,Centraal Station,63772,,0,,1624861,0,2
152362,3863,379418388,GVB:51:63946,Isolatorweg,63946,,1,,1624860,0,2
152362,3863,379418389,GVB:51:63860,Centraal Station,63860,,0,,1624861,0,2
152362,3863,379418390,GVB:51:63801,Isolatorweg,63801,,1,,1624860,0,2
152362,3863,379418391,GVB:51:63830,Centraal Station,63830,,0,,1624861,0,2
152362,3863,379418392,GVB:51:63918,Isolatorweg,63918,,1,,1624860,0,2
152362,3863,379418393,GVB:51:63890,Centraal Station,63890,,0,,1624861,0,2
152362,3863,379418394,GVB:51:63773,Isolatorweg,63773,,1,,1624860,0,2
152362,3863,379418395,GVB:51:63947,Centraal Station,63947,,0,,1624861,0,2
152362,3863,379418396,GVB:51:63861,Isolatorweg,63861,,1,,1624860,0,2
152362,3863,379418397,GVB:51:63802,Centraal Station,63802,,0,,1624861,0,2
152362,3863,379418398,GVB:51:63831,Isolatorweg,63831,,1,,1624860,0,2
152362,3863,379418399,GVB:51:63919,Centraal Station,63919,,0,,1624861,0,2
152362,3863,379418400,GVB:51:63891,Isolatorweg,63891,,1,,1624860,0,2
152362,3863,379418401,GVB:51:63774,Centraal Station,63774,,0,,1624861,0,2
152362,3863,379418402,GVB:51:63948,Isolatorweg,63948,,1,,1624860,0,2
152362,3863,379418403,GVB:51:63862,Centraal Station,63862,,0,,1624861,0,2
152362,3863,379418404,GVB:51:63803,Isolatorweg,63803,,1,,1624860,0,2
152362,3863,379418405,GVB:51:63832,Centraal Station,63832,,0,,1624861,0,2
152362,3863,379418406,GVB:51:63920,Isolatorweg,63920,,1,,1624860,0,2
152362,3863,379418407,GVB:51:63892,Centraal Station,63892,,0,,1624861,0,2
152362,3863,379418408,GVB:51:63775,Isolatorweg,63775,,1,,1624860,0,2
152362,3863,379418409,GVB:51:63949,Centraal Station,63949,,0,,1624861,0,2
152362,3863,379418410,GVB:51:63863,Isolatorweg,63863,,1,,1624860,0,2
152362,3863,379418411,GVB:51:63804,Centraal Station,63804,,0,,1624861,0,2
152362,3863,379418412,GVB:51:63833,Isolatorweg,63833,,1,,1624860,0,2
152362,3863,379418413,GVB:51:63921,Centraal Station,63921,,0,,1624861,0,2
152362,3863,379418414,GVB:51:63893,Isolatorweg,63893,,1,,1624860,0,2
152362,3863,379418415,GVB:51:63776,Centraal Station,63776,,0,,1624861,0,2
152362,3863,379418416,GVB:51:63950,Isolatorweg,63950,,1,,1624860,0,2
152362,3863,379418417,GVB:51:63864,Centraal Station,63864,,0,,1624861,0,2
152362,3863,379418418,GVB:51:63805,Isolatorweg,63805,,1,,1624860,0,2
152362,3863,379418419,GVB:51:63834,Centraal Station,63834,,0,,1624861,0,2
152362,3863,379418420,GVB:51:63922,Isolatorweg,63922,,1,,1624860,0,2
152362,3863,379418421,GVB:51:63894,Centraal Station,63894,,0,,1624861,0,2
152362,3863,379418422,GVB:51:63777,Isolatorweg,63777,,1,,1624860,0,2
152362,3863,379418423,GVB:51:63951,Centraal Station,63951,,0,,1624861,0,2
152362,3863,379418424,GVB:51:63865,Isolatorweg,63865,,1,,1624860,0,2
152362,3863,379418425,GVB:51:63806,Centraal Station,63806,,0,,1624861,0,2
152362,3863,379418426,GVB:51:63835,Isolatorweg,63835,,1,,1624860,0,2
152362,3863,379418427,GVB:51:63923,Centraal Station,63923,,0,,1624861,0,2
152362,3863,379418428,GVB:51:63895,Isolatorweg,63895,,1,,1624860,0,2
152362,3863,379418429,GVB:51:63778,Centraal Station,63778,,0,,1624861,0,2
152362,3863,379418430,GVB:51:63952,Isolatorweg,63952,,1,,1624860,0,2
152362,3863,379418431,GVB:51:63866,Centraal Station,63866,,0,,1624861,0,2
152362,3863,379418432,GVB:51:63807,Isolatorweg,63807,,1,,1624860,0,2
152362,3863,379418433,GVB:51:63836,Centraal Station,63836,,0,,1624861,0,2
152362,3863,379418434,GVB:51:63924,Isolatorweg,63924,,1,,1624860,0,2
152362,3863,379418435,GVB:51:63779,Isolatorweg,63779,,1,,1624860,0,2
152362,3878,379420958,GVB:51:64609,Centraal Station,64609,,0,,1584569,0,1
152362,3878,379420959,GVB:51:64522,Centraal Station,64522,,0,,1624861,0,1
152362,3878,379420960,GVB:51:64551,Centraal Station,64551,,0,,1584569,0,1
152362,3878,379420961,GVB:51:64466,Centraal Station,64466,,0,,1624861,0,1
152362,3878,379420962,GVB:51:64552,Isolatorweg,64552,,1,,1624860,0,1
152362,3878,379420963,GVB:51:64494,Centraal Station,64494,,0,,1624861,0,1
152362,3878,379420964,GVB:51:64610,Isolatorweg,64610,,1,,1624860,0,1
152362,3878,379420965,GVB:51:64438,Centraal Station,64438,,0,,1624861,0,1
152362,3878,379420966,GVB:51:64523,Isolatorweg,64523,,1,,1624860,0,1
152362,3878,379420967,GVB:51:64581,Centraal Station,64581,,0,,1624861,0,1
152362,3878,379420968,GVB:51:64467,Isolatorweg,64467,,1,,1624860,0,1
152362,3878,379420969,GVB:51:64553,Centraal Station,64553,,0,,1624861,0,1
152362,3878,379420970,GVB:51:64495,Isolatorweg,64495,,1,,1624860,0,1
152362,3878,379420971,GVB:51:64611,Centraal Station,64611,,0,,1624861,0,1
152362,3878,379420972,GVB:51:64439,Isolatorweg,64439,,1,,1624860,0,1
152362,3878,379420973,GVB:51:64524,Centraal Station,64524,,0,,1624861,0,1
152362,3878,379420974,GVB:51:64582,Isolatorweg,64582,,1,,1624860,0,1
152362,3878,379420975,GVB:51:64468,Centraal Station,64468,,0,,1624861,0,1
152362,3878,379420976,GVB:51:64554,Isolatorweg,64554,,1,,1624860,0,1
152362,3878,379420977,GVB:51:64496,Centraal Station,64496,,0,,1624861,0,1
152362,3878,379420978,GVB:51:64612,Isolatorweg,64612,,1,,1624860,0,1
152362,3878,379420979,GVB:51:64440,Centraal Station,64440,,0,,1624861,0,1
152362,3878,379420980,GVB:51:64525,Isolatorweg,64525,,1,,1624860,0,1
152362,3878,379420981,GVB:51:64583,Centraal Station,64583,,0,,1624861,0,1
152362,3878,379420982,GVB:51:64469,Isolatorweg,64469,,1,,1624860,0,1
152362,3878,379420983,GVB:51:64555,Centraal Station,64555,,0,,1624861,0,1
152362,3878,379420984,GVB:51:64497,Isolatorweg,64497,,1,,1624860,0,1
152362,3878,379420985,GVB:51:64613,Centraal Station,64613,,0,,1624861,0,1
152362,3878,379420986,GVB:51:64441,Isolatorweg,64441,,1,,1624860,0,1
152362,3878,379420987,GVB:51:64526,Centraal Station,64526,,0,,1624861,0,1
152362,3878,379420988,GVB:51:64584,Isolatorweg,64584,,1,,1624860,0,1
152362,3878,379420989,GVB:51:64470,Centraal Station,64470,,0,,1624861,0,1
152362,3878,379420990,GVB:51:64556,Isolatorweg,64556,,1,,1624860,0,1
152362,3878,379420991,GVB:51:64498,Centraal Station,64498,,0,,1624861,0,1
152362,3878,379420992,GVB:51:64614,Isolatorweg,64614,,1,,1624860,0,1
152362,3878,379420993,GVB:51:64442,Centraal Station,64442,,0,,1624861,0,1
152362,3878,379420994,GVB:51:64527,Isolatorweg,64527,,1,,1624860,0,1
152362,3878,379420995,GVB:51:64585,Centraal Station,64585,,0,,1624861,0,1
152362,3878,379420996,GVB:51:64471,Isolatorweg,64471,,1,,1624860,0,1
152362,3878,379420997,GVB:51:64557,Centraal Station,64557,,0,,1624861,0,1
152362,3878,379420998,GVB:51:64499,Isolatorweg,64499,,1,,1624860,0,1
152362,3878,379420999,GVB:51:64615,Centraal Station,64615,,0,,1624861,0,1
152362,3878,379421000,GVB:51:64443,Isolatorweg,64443,,1,,1624860,0,1
152362,3878,379421001,GVB:51:64528,Centraal Station,64528,,0,,1624861,0,1
152362,3878,379421002,GVB:51:64586,Isolatorweg,64586,,1,,1624860,0,1
152362,3878,379421003,GVB:51:64472,Centraal Station,64472,,0,,1624861,0,1
152362,3878,379421004,GVB:51:64558,Isolatorweg,64558,,1,,1624860,0,1
152362,3878,379421005,GVB:51:64500,Centraal Station,64500,,0,,1624861,0,1
152362,3878,379421006,GVB:51:64616,Isolatorweg,64616,,1,,1624860,0,1
152362,3878,379421007,GVB:51:64444,Centraal Station,64444,,0,,1624861,0,1
152362,3878,379421008,GVB:51:64529,Isolatorweg,64529,,1,,1624860,0,1
152362,3878,379421009,GVB:51:64587,Centraal Station,64587,,0,,1624861,0,1
152362,3878,379421010,GVB:51:64473,Isolatorweg,64473,,1,,1624860,0,1
152362,3878,379421011,GVB:51:64559,Centraal Station,64559,,0,,1624861,0,1
152362,3878,379421012,GVB:51:64501,Isolatorweg,64501,,1,,1624860,0,1
152362,3878,379421013,GVB:51:64617,Centraal Station,64617,,0,,1624861,0,1
152362,3878,379421014,GVB:51:64445,Isolatorweg,64445,,1,,1624860,0,1
152362,3878,379421015,GVB:51:64530,Centraal Station,64530,,0,,1624861,0,1
152362,3878,379421016,GVB:51:64588,Isolatorweg,64588,,1,,1624860,0,1
152362,3878,379421017,GVB:51:64474,Centraal Station,64474,,0,,1624861,0,1
152362,3878,379421018,GVB:51:64560,Isolatorweg,64560,,1,,1624860,0,1
152362,3878,379421019,GVB:51:64502,Centraal Station,64502,,0,,1624861,0,1
152362,3878,379421020,GVB:51:64618,Isolatorweg,64618,,1,,1624860,0,1
152362,3878,379421021,GVB:51:64446,Centraal Station,64446,,0,,1624861,0,1
152362,3878,379421022,GVB:51:64531,Isolatorweg,64531,,1,,1624860,0,1
152362,3878,379421023,GVB:51:64589,Centraal Station,64589,,0,,1624861,0,1
152362,3878,379421024,GVB:51:64475,Isolatorweg,64475,,1,,1624860,0,1
152362,3878,379421025,GVB:51:64561,Centraal Station,64561,,0,,1624861,0,1
152362,3878,379421026,GVB:51:64503,Isolatorweg,64503,,1,,1624860,0,1
152362,3878,379421027,GVB:51:64619,Centraal Station,64619,,0,,1624861,0,1
152362,3878,379421028,GVB:51:64447,Isolatorweg,64447,,1,,1624860,0,1
152362,3878,379421029,GVB:51:64532,Centraal Station,64532,,0,,1624861,0,1
152362,3878,379421030,GVB:51:64590,Isolatorweg,64590,,1,,1624860,0,1
152362,3878,379421031,GVB:51:64476,Centraal Station,64476,,0,,1624861,0,1
152362,3878,379421032,GVB:51:64562,Isolatorweg,64562,,1,,1624860,0,1
152362,3878,379421033,GVB:51:64504,Centraal Station,64504,,0,,1624861,0,1
152362,3878,379421034,GVB:51:64620,Isolatorweg,64620,,1,,1624860,0,1
152362,3878,379421035,GVB:51:64448,Centraal Station,64448,,0,,1624861,0,1
152362,3878,379421036,GVB:51:64533,Isolatorweg,64533,,1,,1624860,0,1
152362,3878,379421037,GVB:51:64591,Centraal Station,64591,,0,,1624861,0,1
152362,3878,379421038,GVB:51:64477,Isolatorweg,64477,,1,,1624860,0,1
152362,3878,379421039,GVB:51:64563,Centraal Station,64563,,0,,1624861,0,1
152362,3878,379421040,GVB:51:64505,Isolatorweg,64505,,1,,1624860,0,1
152362,3878,379421041,GVB:51:64621,Centraal Station,64621,,0,,1624861,0,1
152362,3878,379421042,GVB:51:64449,Isolatorweg,64449,,1,,1624860,0,1
152362,3878,379421043,GVB:51:64534,Centraal Station,64534,,0,,1624861,0,1
152362,3878,379421044,GVB:51:64592,Isolatorweg,64592,,1,,1624860,0,1
152362,3878,379421045,GVB:51:64478,Centraal Station,64478,,0,,1624861,0,1
152362,3878,379421046,GVB:51:64564,Isolatorweg,64564,,1,,1624860,0,1
152362,3878,379421047,GVB:51:64506,Centraal Station,64506,,0,,1624861,0,1
152362,3878,379421048,GVB:51:64622,Isolatorweg,64622,,1,,1624860,0,1
152362,3878,379421049,GVB:51:64450,Centraal Station,64450,,0,,1624861,0,1
152362,3878,379421050,GVB:51:64535,Isolatorweg,64535,,1,,1624860,0,1
152362,3878,379421051,GVB:51:64593,Centraal Station,64593,,0,,1624861,0,1
152362,3878,379421052,GVB:51:64479,Isolatorweg,64479,,1,,1624860,0,1
152362,3878,379421053,GVB:51:64565,Centraal Station,64565,,0,,1624861,0,1
152362,3878,379421054,GVB:51:64507,Isolatorweg,64507,,1,,1624860,0,1
152362,3878,379421055,GVB:51:64623,Centraal Station,64623,,0,,1624861,0,1
152362,3878,379421056,GVB:51:64451,Isolatorweg,64451,,1,,1624860,0,1
152362,3878,379421057,GVB:51:64536,Centraal Station,64536,,0,,1624861,0,1
152362,3878,379421058,GVB:51:64594,Isolatorweg,64594,,1,,1624860,0,1
152362,3878,379421059,GVB:51:64480,Centraal Station,64480,,0,,1624861,0,1
152362,3878,379421060,GVB:51:64566,Isolatorweg,64566,,1,,1624860,0,1
152362,3878,379421061,GVB:51:64508,Centraal Station,64508,,0,,1624861,0,1
152362,3878,379421062,GVB:51:64624,Isolatorweg,64624,,1,,1624860,0,1
152362,3878,379421063,GVB:51:64452,Centraal Station,64452,,0,,1624861,0,1
152362,3878,379421064,GVB:51:64537,Isolatorweg,64537,,1,,1624860,0,1
152362,3878,379421065,GVB:51:64595,Centraal Station,64595,,0,,1624861,0,1
152362,3878,379421066,GVB:51:64481,Isolatorweg,64481,,1,,1624860,0,1
152362,3878,379421067,GVB:51:64567,Centraal Station,64567,,0,,1624861,0,1
152362,3878,379421068,GVB:51:64509,Isolatorweg,64509,,1,,1624860,0,1
152362,3878,379421069,GVB:51:64625,Centraal Station,64625,,0,,1624861,0,1
152362,3878,379421070,GVB:51:64453,Isolatorweg,64453,,1,,1624860,0,1
152362,3878,379421071,GVB:51:64538,Centraal Station,64538,,0,,1624861,0,1
152362,3878,379421072,GVB:51:64596,Isolatorweg,64596,,1,,1624860,0,1
152362,3878,379421073,GVB:51:64482,Centraal Station,64482,,0,,1624861,0,1
152362,3878,379421074,GVB:51:64568,Isolatorweg,64568,,1,,1624860,0,1
152362,3878,379421075,GVB:51:64510,Centraal Station,64510,,0,,1624861,0,1
152362,3878,379421076,GVB:51:64626,Isolatorweg,64626,,1,,1624860,0,1
152362,3878,379421077,GVB:51:64454,Centraal Station,64454,,0,,1624861,0,1
152362,3878,379421078,GVB:51:64539,Isolatorweg,64539,,1,,1624860,0,1
152362,3878,379421079,GVB:51:64597,Centraal Station,64597,,0,,1624861,0,1
152362,3878,379421080,GVB:51:64483,Isolatorweg,64483,,1,,1624860,0,1
152362,3878,379421081,GVB:51:64569,Centraal Station,64569,,0,,1624861,0,1
152362,3878,379421082,GVB:51:64511,Isolatorweg,64511,,1,,1624860,0,1
152362,3878,379421083,GVB:51:64627,Centraal Station,64627,,0,,1624861,0,1
152362,3878,379421084,GVB:51:64455,Isolatorweg,64455,,1,,1624860,0,1
152362,3878,379421085,GVB:51:64540,Centraal Station,64540,,0,,1624861,0,1
152362,3878,379421086,GVB:51:64598,Isolatorweg,64598,,1,,1624860,0,1
152362,3878,379421087,GVB:51:64484,Centraal Station,64484,,0,,1624861,0,1
152362,3878,379421088,GVB:51:64570,Isolatorweg,64570,,1,,1624860,0,1
152362,3878,379421089,GVB:51:64512,Centraal Station,64512,,0,,1624861,0,1
152362,3878,379421090,GVB:51:64628,Isolatorweg,64628,,1,,1624860,0,1
152362,3878,379421091,GVB:51:64456,Centraal Station,64456,,0,,1624861,0,1
152362,3878,379421092,GVB:51:64541,Isolatorweg,64541,,1,,1624860,0,1
152362,3878,379421093,GVB:51:64599,Centraal Station,64599,,0,,1624861,0,1
152362,3878,379421094,GVB:51:64485,Isolatorweg,64485,,1,,1624860,0,1
152362,3878,379421095,GVB:51:64571,Centraal Station,64571,,0,,1624861,0,1
152362,3878,379421096,GVB:51:64513,Isolatorweg,64513,,1,,1624860,0,1
152362,3878,379421097,GVB:51:64629,Centraal Station,64629,,0,,1624861,0,1
152362,3878,379421098,GVB:51:64457,Isolatorweg,64457,,1,,1624860,0,1
152362,3878,379421099,GVB:51:64542,Centraal Station,64542,,0,,1624861,0,1
152362,3878,379421100,GVB:51:64600,Isolatorweg,64600,,1,,1624860,0,1
152362,3878,379421101,GVB:51:64486,Centraal Station,64486,,0,,1624861,0,1
152362,3878,379421102,GVB:51:64572,Isolatorweg,64572,,1,,1624860,0,1
152362,3878,379421103,GVB:51:64514,Centraal Station,64514,,0,,1624861,0,1
152362,3878,379421104,GVB:51:64630,Isolatorweg,64630,,1,,1624860,0,1
152362,3878,379421105,GVB:51:64458,Centraal Station,64458,,0,,1624861,0,1
152362,3878,379421106,GVB:51:64543,Isolatorweg,64543,,1,,1624860,0,1
152362,3878,379421107,GVB:51:64601,Centraal Station,64601,,0,,1624861,0,1
152362,3878,379421108,GVB:51:64487,Isolatorweg,64487,,1,,1624860,0,1
152362,3878,379421109,GVB:51:64573,Centraal Station,64573,,0,,1624861,0,1
152362,3878,379421110,GVB:51:64515,Isolatorweg,64515,,1,,1624860,0,1
152362,3878,379421111,GVB:51:64631,Centraal Station,64631,,0,,1624861,0,1
152362,3878,379421112,GVB:51:64459,Isolatorweg,64459,,1,,1624860,0,1
152362,3878,379421113,GVB:51:64544,Centraal Station,64544,,0,,1624861,0,1
152362,3878,379421114,GVB:51:64602,Isolatorweg,64602,,1,,1624860,0,1
152362,3878,379421115,GVB:51:64488,Centraal Station,64488,,0,,1624861,0,1
152362,3878,379421116,GVB:51:64574,Isolatorweg,64574,,1,,1624860,0,1
152362,3878,379421117,GVB:51:64516,Centraal Station,64516,,0,,1624861,0,1
152362,3878,379421118,GVB:51:64632,Isolatorweg,64632,,1,,1624860,0,1
152362,3878,379421119,GVB:51:64460,Centraal Station,64460,,0,,1624861,0,1
152362,3878,379421120,GVB:51:64545,Isolatorweg,64545,,1,,1624860,0,1
152362,3878,379421121,GVB:51:64603,Centraal Station,64603,,0,,1624861,0,1
152362,3878,379421122,GVB:51:64489,Isolatorweg,64489,,1,,1624860,0,1
152362,3878,379421123,GVB:51:64575,Centraal Station,64575,,0,,1624861,0,1
152362,3878,379421124,GVB:51:64517,Isolatorweg,64517,,1,,1624860,0,1
152362,3878,379421125,GVB:51:64633,Centraal Station,64633,,0,,1624861,0,1
152362,3878,379421126,GVB:51:64461,Isolatorweg,64461,,1,,1624860,0,1
152362,3878,379421127,GVB:51:64546,Centraal Station,64546,,0,,1624861,0,1
152362,3878,379421128,GVB:51:64604,Isolatorweg,64604,,1,,1624860,0,1
152362,3878,379421129,GVB:51:64490,Centraal Station,64490,,0,,1624861,0,1
152362,3878,379421130,GVB:51:64576,Isolatorweg,64576,,1,,1624860,0,1
152362,3878,379421131,GVB:51:64518,Centraal Station,64518,,0,,1624861,0,1
152362,3878,379421132,GVB:51:64634,Isolatorweg,64634,,1,,1624860,0,1
152362,3878,379421133,GVB:51:64462,Centraal Station,64462,,0,,1624861,0,1
152362,3878,379421134,GVB:51:64547,Isolatorweg,64547,,1,,1624860,0,1
152362,3878,379421135,GVB:51:64605,Centraal Station,64605,,0,,1624861,0,1
152362,3878,379421136,GVB:51:64491,Isolatorweg,64491,,1,,1624860,0,1
152362,3878,379421137,GVB:51:64577,Centraal Station,64577,,0,,1624861,0,1
152362,3878,379421138,GVB:51:64519,Isolatorweg,64519,,1,,1624860,0,1
152362,3878,379421139,GVB:51:64635,Centraal Station,64635,,0,,1624861,0,1
152362,3878,379421140,GVB:51:64463,Isolatorweg,64463,,1,,1624860,0,1
152362,3878,379421141,GVB:51:64606,Isolatorweg,64606,,1,,1624860,0,1
152362,3893,379424482,GVB:51:65230,Centraal Station,65230,,0,,1584569,0,1
152362,3893,379424483,GVB:51:65095,Centraal Station,65095,,0,,1584569,0,1
152362,3893,379424484,GVB:51:65202,Centraal Station,65202,,0,,1624861,0,1
152362,3893,379424485,GVB:51:65258,Centraal Station,65258,,0,,1624861,0,1
152362,3893,379424486,GVB:51:65096,Isolatorweg,65096,,1,,1624860,0,1
152362,3893,379424487,GVB:51:65175,Centraal Station,65175,,0,,1624861,0,1
152362,3893,379424488,GVB:51:65231,Isolatorweg,65231,,1,,1624860,0,1
152362,3893,379424489,GVB:51:65123,Centraal Station,65123,,0,,1624861,0,1
152362,3893,379424490,GVB:51:65203,Isolatorweg,65203,,1,,1624860,0,1
152362,3893,379424491,GVB:51:65149,Centraal Station,65149,,0,,1624861,0,1
152362,3893,379424492,GVB:51:65259,Isolatorweg,65259,,1,,1624860,0,1
152362,3893,379424493,GVB:51:65097,Centraal Station,65097,,0,,1624861,0,1
152362,3893,379424494,GVB:51:65176,Isolatorweg,65176,,1,,1624860,0,1
152362,3893,379424495,GVB:51:65232,Centraal Station,65232,,0,,1624861,0,1
152362,3893,379424496,GVB:51:65124,Isolatorweg,65124,,1,,1624860,0,1
152362,3893,379424497,GVB:51:65204,Centraal Station,65204,,0,,1624861,0,1
152362,3893,379424498,GVB:51:65150,Isolatorweg,65150,,1,,1624860,0,1
152362,3893,379424499,GVB:51:65260,Centraal Station,65260,,0,,1624861,0,1
152362,3893,379424500,GVB:51:65098,Isolatorweg,65098,,1,,1624860,0,1
152362,3893,379424501,GVB:51:65177,Centraal Station,65177,,0,,1624861,0,1
152362,3893,379424502,GVB:51:65233,Isolatorweg,65233,,1,,1624860,0,1
152362,3893,379424503,GVB:51:65125,Centraal Station,65125,,0,,1624861,0,1
152362,3893,379424504,GVB:51:65205,Isolatorweg,65205,,1,,1624860,0,1
152362,3893,379424505,GVB:51:65151,Centraal Station,65151,,0,,1624861,0,1
152362,3893,379424506,GVB:51:65261,Isolatorweg,65261,,1,,1624860,0,1
152362,3893,379424507,GVB:51:65099,Centraal Station,65099,,0,,1624861,0,1
152362,3893,379424508,GVB:51:65178,Isolatorweg,65178,,1,,1624860,0,1
152362,3893,379424509,GVB:51:65234,Centraal Station,65234,,0,,1624861,0,1
152362,3893,379424510,GVB:51:65126,Isolatorweg,65126,,1,,1624860,0,1
152362,3893,379424511,GVB:51:65206,Centraal Station,65206,,0,,1624861,0,1
152362,3893,379424512,GVB:51:65152,Isolatorweg,65152,,1,,1624860,0,1
152362,3893,379424513,GVB:51:65262,Centraal Station,65262,,0,,1624861,0,1
152362,3893,379424514,GVB:51:65100,Isolatorweg,65100,,1,,1624860,0,1
152362,3893,379424515,GVB:51:65179,Centraal Station,65179,,0,,1624861,0,1
152362,3893,379424516,GVB:51:65235,Isolatorweg,65235,,1,,1624860,0,1
152362,3893,379424517,GVB:51:65127,Centraal Station,65127,,0,,1624861,0,1
152362,3893,379424518,GVB:51:65207,Isolatorweg,65207,,1,,1624860,0,1
152362,3893,379424519,GVB:51:65153,Centraal Station,65153,,0,,1624861,0,1
152362,3893,379424520,GVB:51:65263,Isolatorweg,65263,,1,,1624860,0,1
152362,3893,379424521,GVB:51:65101,Centraal Station,65101,,0,,1624861,0,1
152362,3893,379424522,GVB:51:65180,Isolatorweg,65180,,1,,1624860,0,1
152362,3893,379424523,GVB:51:65236,Centraal Station,65236,,0,,1624861,0,1
152362,3893,379424524,GVB:51:65128,Isolatorweg,65128,,1,,1624860,0,1
152362,3893,379424525,GVB:51:65208,Centraal Station,65208,,0,,1624861,0,1
152362,3893,379424526,GVB:51:65154,Isolatorweg,65154,,1,,1624860,0,1
152362,3893,379424527,GVB:51:65264,Centraal Station,65264,,0,,1624861,0,1
152362,3893,379424528,GVB:51:65102,Isolatorweg,65102,,1,,1624860,0,1
152362,3893,379424529,GVB:51:65181,Centraal Station,65181,,0,,1624861,0,1
152362,3893,379424530,GVB:51:65237,Isolatorweg,65237,,1,,1624860,0,1
152362,3893,379424531,GVB:51:65129,Centraal Station,65129,,0,,1624861,0,1
152362,3893,379424532,GVB:51:65209,Isolatorweg,65209,,1,,1624860,0,1
152362,3893,379424533,GVB:51:65155,Centraal Station,65155,,0,,1624861,0,1
152362,3893,379424534,GVB:51:65265,Isolatorweg,65265,,1,,1624860,0,1
152362,3893,379424535,GVB:51:65103,Centraal Station,65103,,0,,1624861,0,1
152362,3893,379424536,GVB:51:65182,Isolatorweg,65182,,1,,1624860,0,1
152362,3893,379424537,GVB:51:65238,Centraal Station,65238,,0,,1624861,0,1
152362,3893,379424538,GVB:51:65130,Isolatorweg,65130,,1,,1624860,0,1
152362,3893,379424539,GVB:51:65210,Centraal Station,65210,,0,,1624861,0,1
152362,3893,379424540,GVB:51:65156,Isolatorweg,65156,,1,,1624860,0,1
152362,3893,379424541,GVB:51:65266,Centraal Station,65266,,0,,1624861,0,1
152362,3893,379424542,GVB:51:65104,Isolatorweg,65104,,1,,1624860,0,1
152362,3893,379424543,GVB:51:65183,Centraal Station,65183,,0,,1624861,0,1
152362,3893,379424544,GVB:51:65239,Isolatorweg,65239,,1,,1624860,0,1
152362,3893,379424545,GVB:51:65131,Centraal Station,65131,,0,,1624861,0,1
152362,3893,379424546,GVB:51:65211,Isolatorweg,65211,,1,,1624860,0,1
152362,3893,379424547,GVB:51:65157,Centraal Station,65157,,0,,1624861,0,1
152362,3893,379424548,GVB:51:65267,Isolatorweg,65267,,1,,1624860,0,1
152362,3893,379424549,GVB:51:65105,Centraal Station,65105,,0,,1624861,0,1
152362,3893,379424550,GVB:51:65184,Isolatorweg,65184,,1,,1624860,0,1
152362,3893,379424551,GVB:51:65240,Centraal Station,65240,,0,,1624861,0,1
152362,3893,379424552,GVB:51:65132,Isolatorweg,65132,,1,,1624860,0,1
152362,3893,379424553,GVB:51:65212,Centraal Station,65212,,0,,1624861,0,1
152362,3893,379424554,GVB:51:65158,Isolatorweg,65158,,1,,1624860,0,1
152362,3893,379424555,GVB:51:65268,Centraal Station,65268,,0,,1624861,0,1
152362,3893,379424556,GVB:51:65106,Isolatorweg,65106,,1,,1624860,0,1
152362,3893,379424557,GVB:51:65185,Centraal Station,65185,,0,,1624861,0,1
152362,3893,379424558,GVB:51:65241,Isolatorweg,65241,,1,,1624860,0,1
152362,3893,379424559,GVB:51:65133,Centraal Station,65133,,0,,1624861,0,1
152362,3893,379424560,GVB:51:65213,Isolatorweg,65213,,1,,1624860,0,1
152362,3893,379424561,GVB:51:65159,Centraal Station,65159,,0,,1624861,0,1
152362,3893,379424562,GVB:51:65269,Isolatorweg,65269,,1,,1624860,0,1
152362,3893,379424563,GVB:51:65107,Centraal Station,65107,,0,,1624861,0,1
152362,3893,379424564,GVB:51:65186,Isolatorweg,65186,,1,,1624860,0,1
152362,3893,379424565,GVB:51:65242,Centraal Station,65242,,0,,1624861,0,1
152362,3893,379424566,GVB:51:65134,Isolatorweg,65134,,1,,1624860,0,1
152362,3893,379424567,GVB:51:65214,Centraal Station,65214,,0,,1624861,0,1
152362,3893,379424568,GVB:51:65160,Isolatorweg,65160,,1,,1624860,0,1
152362,3893,379424569,GVB:51:65270,Centraal Station,65270,,0,,1624861,0,1
152362,3893,379424570,GVB:51:65108,Isolatorweg,65108,,1,,1624860,0,1
152362,3893,379424571,GVB:51:65187,Centraal Station,65187,,0,,1624861,0,1
152362,3893,379424572,GVB:51:65243,Isolatorweg,65243,,1,,1624860,0,1
152362,3893,379424573,GVB:51:65135,Centraal Station,65135,,0,,1624861,0,1
152362,3893,379424574,GVB:51:65215,Isolatorweg,65215,,1,,1624860,0,1
152362,3893,379424575,GVB:51:65161,Centraal Station,65161,,0,,1624861,0,1
152362,3893,379424576,GVB:51:65271,Isolatorweg,65271,,1,,1624860,0,1
152362,3893,379424577,GVB:51:65109,Centraal Station,65109,,0,,1624861,0,1
152362,3893,379424578,GVB:51:65188,Isolatorweg,65188,,1,,1624860,0,1
152362,3893,379424579,GVB:51:65244,Centraal Station,65244,,0,,1624861,0,1
152362,3893,379424580,GVB:51:65136,Isolatorweg,65136,,1,,1624860,0,1
152362,3893,379424581,GVB:51:65216,Centraal Station,65216,,0,,1624861,0,1
152362,3893,379424582,GVB:51:65162,Isolatorweg,65162,,1,,1624860,0,1
152362,3893,379424583,GVB:51:65272,Centraal Station,65272,,0,,1624861,0,1
152362,3893,379424584,GVB:51:65110,Isolatorweg,65110,,1,,1624860,0,1
152362,3893,379424585,GVB:51:65189,Centraal Station,65189,,0,,1624861,0,1
152362,3893,379424586,GVB:51:65245,Isolatorweg,65245,,1,,1624860,0,1
152362,3893,379424587,GVB:51:65137,Centraal Station,65137,,0,,1624861,0,1
152362,3893,379424588,GVB:51:65217,Isolatorweg,65217,,1,,1624860,0,1
152362,3893,379424589,GVB:51:65163,Centraal Station,65163,,0,,1624861,0,1
152362,3893,379424590,GVB:51:65273,Isolatorweg,65273,,1,,1624860,0,1
152362,3893,379424591,GVB:51:65111,Centraal Station,65111,,0,,1624861,0,1
152362,3893,379424592,GVB:51:65190,Isolatorweg,65190,,1,,1624860,0,1
152362,3893,379424593,GVB:51:65246,Centraal Station,65246,,0,,1624861,0,1
152362,3893,379424594,GVB:51:65138,Isolatorweg,65138,,1,,1624860,0,1
152362,3893,379424595,GVB:51:65218,Centraal Station,65218,,0,,1624861,0,1
152362,3893,379424596,GVB:51:65164,Isolatorweg,65164,,1,,1624860,0,1
152362,3893,379424597,GVB:51:65274,Centraal Station,65274,,0,,1624861,0,1
152362,3893,379424598,GVB:51:65112,Isolatorweg,65112,,1,,1624860,0,1
152362,3893,379424599,GVB:51:65191,Centraal Station,65191,,0,,1624861,0,1
152362,3893,379424600,GVB:51:65247,Isolatorweg,65247,,1,,1624860,0,1
152362,3893,379424601,GVB:51:65139,Centraal Station,65139,,0,,1624861,0,1
152362,3893,379424602,GVB:51:65219,Isolatorweg,65219,,1,,1624860,0,1
152362,3893,379424603,GVB:51:65165,Centraal Station,65165,,0,,1624861,0,1
152362,3893,379424604,GVB:51:65275,Isolatorweg,65275,,1,,1624860,0,1
152362,3893,379424605,GVB:51:65113,Centraal Station,65113,,0,,1624861,0,1
152362,3893,379424606,GVB:51:65192,Isolatorweg,65192,,1,,1624860,0,1
152362,3893,379424607,GVB:51:65248,Centraal Station,65248,,0,,1624861,0,1
152362,3893,379424608,GVB:51:65140,Isolatorweg,65140,,1,,1624860,0,1
152362,3893,379424609,GVB:51:65220,Centraal Station,65220,,0,,1624861,0,1
152362,3893,379424610,GVB:51:65166,Isolatorweg,65166,,1,,1624860,0,1
152362,3893,379424611,GVB:51:65276,Centraal Station,65276,,0,,1624861,0,1
152362,3893,379424612,GVB:51:65114,Isolatorweg,65114,,1,,1624860,0,1
152362,3893,379424613,GVB:51:65193,Centraal Station,65193,,0,,1624861,0,1
152362,3893,379424614,GVB:51:65249,Isolatorweg,65249,,1,,1624860,0,1
152362,3893,379424615,GVB:51:65141,Centraal Station,65141,,0,,1624861,0,1
152362,3893,379424616,GVB:51:65221,Isolatorweg,65221,,1,,1624860,0,1
152362,3893,379424617,GVB:51:65167,Centraal Station,65167,,0,,1624861,0,1
152362,3893,379424618,GVB:51:65277,Isolatorweg,65277,,1,,1624860,0,1
152362,3893,379424619,GVB:51:65115,Centraal Station,65115,,0,,1624861,0,1
152362,3893,379424620,GVB:51:65194,Isolatorweg,65194,,1,,1624860,0,1
152362,3893,379424621,GVB:51:65250,Centraal Station,65250,,0,,1624861,0,1
152362,3893,379424622,GVB:51:65142,Isolatorweg,65142,,1,,1624860,0,1
152362,3893,379424623,GVB:51:65222,Centraal Station,65222,,0,,1624861,0,1
152362,3893,379424624,GVB:51:65168,Isolatorweg,65168,,1,,1624860,0,1
152362,3893,379424625,GVB:51:65278,Centraal Station,65278,,0,,1624861,0,1
152362,3893,379424626,GVB:51:65116,Isolatorweg,65116,,1,,1624860,0,1
152362,3893,379424627,GVB:51:65195,Centraal Station,65195,,0,,1624861,0,1
152362,3893,379424628,GVB:51:65251,Isolatorweg,65251,,1,,1624860,0,1
152362,3893,379424629,GVB:51:65143,Centraal Station,65143,,0,,1624861,0,1
152362,3893,379424630,GVB:51:65223,Isolatorweg,65223,,1,,1624860,0,1
152362,3893,379424631,GVB:51:65169,Centraal Station,65169,,0,,1624861,0,1
152362,3893,379424632,GVB:51:65279,Isolatorweg,65279,,1,,1624860,0,1
152362,3893,379424633,GVB:51:65117,Centraal Station,65117,,0,,1624861,0,1
152362,3893,379424634,GVB:51:65196,Isolatorweg,65196,,1,,1624860,0,1
152362,3893,379424635,GVB:51:65252,Centraal Station,65252,,0,,1624861,0,1
152362,3893,379424636,GVB:51:65144,Isolatorweg,65144,,1,,1624860,0,1
152362,3893,379424637,GVB:51:65224,Centraal Station,65224,,0,,1624861,0,1
152362,3893,379424638,GVB:51:65170,Isolatorweg,65170,,1,,1624860,0,1
152362,3893,379424639,GVB:51:65280,Centraal Station,65280,,0,,1624861,0,1
152362,3893,379424640,GVB:51:65118,Isolatorweg,65118,,1,,1624860,0,1
152362,3893,379424641,GVB:51:65197,Centraal Station,65197,,0,,1624861,0,1
152362,3893,379424642,GVB:51:65253,Isolatorweg,65253,,1,,1624860,0,1
152362,3893,379424643,GVB:51:65145,Centraal Station,65145,,0,,1624861,0,1
152362,3893,379424644,GVB:51:65225,Isolatorweg,65225,,1,,1624860,0,1
152362,3893,379424645,GVB:51:65171,Centraal Station,65171,,0,,1624861,0,1
152362,3893,379424646,GVB:51:65281,Isolatorweg,65281,,1,,1624860,0,1
152362,3893,379424647,GVB:51:65119,Centraal Station,65119,,0,,1624861,0,1
152362,3893,379424648,GVB:51:65198,Isolatorweg,65198,,1,,1624860,0,1
152362,3893,379424649,GVB:51:65254,Centraal Station,65254,,0,,1624861,0,1
152362,3893,379424650,GVB:51:65146,Isolatorweg,65146,,1,,1624860,0,1
152362,3893,379424651,GVB:51:65226,Centraal Station,65226,,0,,1624861,0,1
152362,3893,379424652,GVB:51:65172,Isolatorweg,65172,,1,,1624860,0,1
152362,3893,379424653,GVB:51:65282,Centraal Station,65282,,0,,1624861,0,1
152362,3893,379424654,GVB:51:65120,Isolatorweg,65120,,1,,1624860,0,1
152362,3893,379424655,GVB:51:65255,Isolatorweg,65255,,1,,1624860,0,1
152362,3656,379436546,GVB:51:63955,Zuid,63955,,0,,1584561,0,2
152362,3656,379436547,GVB:51:64003,Zuid,64003,,0,,1584562,0,2
152362,3656,379436548,GVB:51:64146,Isolatorweg,64146,,1,,1584545,0,2
152362,3656,379436549,GVB:51:64098,Zuid,64098,,0,,1584561,0,2
152362,3656,379436550,GVB:51:63956,Isolatorweg,63956,,1,,1584563,0,2
152362,3656,379436551,GVB:51:64051,Zuid,64051,,0,,1584562,0,2
152362,3656,379436552,GVB:51:64004,Isolatorweg,64004,,1,,1584564,0,2
152362,3656,379436553,GVB:51:64147,Zuid,64147,,0,,1584561,0,2
152362,3656,379436554,GVB:51:64099,Isolatorweg,64099,,1,,1584563,0,2
152362,3656,379436555,GVB:51:63957,Zuid,63957,,0,,1584562,0,2
152362,3656,379436556,GVB:51:64052,Isolatorweg,64052,,1,,1584564,0,2
152362,3656,379436557,GVB:51:64005,Zuid,64005,,0,,1584561,0,2
152362,3656,379436558,GVB:51:64148,Isolatorweg,64148,,1,,1584563,0,2
152362,3656,379436559,GVB:51:64100,Zuid,64100,,0,,1584562,0,2
152362,3656,379436560,GVB:51:63958,Isolatorweg,63958,,1,,1584564,0,2
152362,3656,379436561,GVB:51:64053,Zuid,64053,,0,,1584561,0,2
152362,3656,379436562,GVB:51:64006,Isolatorweg,64006,,1,,1584563,0,2
152362,3656,379436563,GVB:51:64149,Zuid,64149,,0,,1584562,0,2
152362,3656,379436564,GVB:51:64101,Isolatorweg,64101,,1,,1584564,0,2
152362,3656,379436565,GVB:51:63959,Zuid,63959,,0,,1584561,0,2
152362,3656,379436566,GVB:51:64054,Isolatorweg,64054,,1,,1584563,0,2
152362,3656,379436567,GVB:51:64007,Zuid,64007,,0,,1584562,0,2
152362,3656,379436568,GVB:51:64150,Isolatorweg,64150,,1,,1584564,0,2
152362,3656,379436569,GVB:51:64102,Zuid,64102,,0,,1584561,0,2
152362,3656,379436570,GVB:51:63960,Isolatorweg,63960,,1,,1584563,0,2
152362,3656,379436571,GVB:51:64055,Zuid,64055,,0,,1584562,0,2
152362,3656,379436572,GVB:51:64008,Isolatorweg,64008,,1,,1584564,0,2
152362,3656,379436573,GVB:51:64151,Zuid,64151,,0,,1584561,0,2
152362,3656,379436574,GVB:51:64103,Isolatorweg,64103,,1,,1584563,0,2
152362,3656,379436575,GVB:51:63961,Zuid,63961,,0,,1584562,0,2
152362,3656,379436576,GVB:51:64056,Isolatorweg,64056,,1,,1584564,0,2
152362,3656,379436577,GVB:51:64009,Zuid,64009,,0,,1584561,0,2
152362,3656,379436578,GVB:51:64152,Isolatorweg,64152,,1,,1584563,0,2
152362,3656,379436579,GVB:51:64104,Zuid,64104,,0,,1584562,0,2
152362,3656,379436580,GVB:51:63962,Isolatorweg,63962,,1,,1584564,0,2
152362,3656,379436581,GVB:51:64057,Zuid,64057,,0,,1584561,0,2
152362,3656,379436582,GVB:51:64010,Isolatorweg,64010,,1,,1584563,0,2
152362,3656,379436583,GVB:51:64153,Zuid,64153,,0,,1584562,0,2
152362,3656,379436584,GVB:51:64105,Isolatorweg,64105,,1,,1584564,0,2
152362,3656,379436585,GVB:51:63963,Zuid,63963,,0,,1584561,0,2
152362,3656,379436586,GVB:51:64058,Isolatorweg,64058,,1,,1584563,0,2
152362,3656,379436587,GVB:51:64011,Zuid,64011,,0,,1584562,0,2
152362,3656,379436588,GVB:51:64154,Isolatorweg,64154,,1,,1584564,0,2
152362,3656,379436589,GVB:51:64106,Zuid,64106,,0,,1584561,0,2
152362,3656,379436590,GVB:51:63964,Isolatorweg,63964,,1,,1584563,0,2
152362,3656,379436591,GVB:51:64059,Zuid,64059,,0,,1584562,0,2
152362,3656,379436592,GVB:51:64012,Isolatorweg,64012,,1,,1584564,0,2
152362,3656,379436593,GVB:51:64155,Zuid,64155,,0,,1584561,0,2
152362,3656,379436594,GVB:51:64107,Isolatorweg,64107,,1,,1584563,0,2
152362,3656,379436595,GVB:51:63965,Zuid,63965,,0,,1584562,0,2
152362,3656,379436596,GVB:51:64060,Isolatorweg,64060,,1,,1584564,0,2
152362,3656,379436597,GVB:51:64013,Zuid,64013,,0,,1584561,0,2
152362,3656,379436598,GVB:51:64156,Isolatorweg,64156,,1,,1584563,0,2
152362,3656,379436599,GVB:51:64108,Zuid,64108,,0,,1584562,0,2
152362,3656,379436600,GVB:51:63966,Isolatorweg,63966,,1,,1584564,0,2
152362,3656,379436601,GVB:51:64061,Zuid,64061,,0,,1584561,0,2
152362,3656,379436602,GVB:51:64014,Isolatorweg,64014,,1,,1584563,0,2
152362,3656,379436603,GVB:51:64157,Zuid,64157,,0,,1584562,0,2
152362,3656,379436604,GVB:51:64109,Isolatorweg,64109,,1,,1584564,0,2
152362,3656,379436605,GVB:51:63967,Zuid,63967,,0,,1584561,0,2
152362,3656,379436606,GVB:51:64062,Isolatorweg,64062,,1,,1584563,0,2
152362,3656,379436607,GVB:51:64015,Zuid,64015,,0,,1584562,0,2
152362,3656,379436608,GVB:51:64158,Isolatorweg,64158,,1,,1584564,0,2
152362,3656,379436609,GVB:51:64110,Zuid,64110,,0,,1584561,0,2
152362,3656,379436610,GVB:51:63968,Isolatorweg,63968,,1,,1584563,0,2
152362,3656,379436611,GVB:51:64063,Zuid,64063,,0,,1584562,0,2
152362,3656,379436612,GVB:51:64016,Isolatorweg,64016,,1,,1584564,0,2
152362,3656,379436613,GVB:51:64159,Zuid,64159,,0,,1584561,0,2
152362,3656,379436614,GVB:51:64111,Isolatorweg,64111,,1,,1584563,0,2
152362,3656,379436615,GVB:51:63969,Zuid,63969,,0,,1584562,0,2
152362,3656,379436616,GVB:51:64064,Isolatorweg,64064,,1,,1584564,0,2
152362,3656,379436617,GVB:51:64017,Zuid,64017,,0,,1584561,0,2
152362,3656,379436618,GVB:51:64160,Isolatorweg,64160,,1,,1584563,0,2
152362,3656,379436619,GVB:51:64112,Zuid,64112,,0,,1584562,0,2
152362,3656,379436620,GVB:51:63970,Isolatorweg,63970,,1,,1584564,0,2
152362,3656,379436621,GVB:51:64065,Zuid,64065,,0,,1584561,0,2
152362,3656,379436622,GVB:51:64018,Isolatorweg,64018,,1,,1584563,0,2
152362,3656,379436623,GVB:51:64161,Zuid,64161,,0,,1584562,0,2
152362,3656,379436624,GVB:51:64113,Isolatorweg,64113,,1,,1584564,0,2
152362,3656,379436625,GVB:51:63971,Zuid,63971,,0,,1584561,0,2
152362,3656,379436626,GVB:51:64066,Isolatorweg,64066,,1,,1584563,0,2
152362,3656,379436627,GVB:51:64019,Zuid,64019,,0,,1584562,0,2
152362,3656,379436628,GVB:51:64162,Isolatorweg,64162,,1,,1584564,0,2
152362,3656,379436629,GVB:51:64114,Zuid,64114,,0,,1584561,0,2
152362,3656,379436630,GVB:51:63972,Isolatorweg,63972,,1,,1584563,0,2
152362,3656,379436631,GVB:51:64067,Zuid,64067,,0,,1584562,0,2
152362,3656,379436632,GVB:51:64020,Isolatorweg,64020,,1,,1584564,0,2
152362,3656,379436633,GVB:51:64163,Zuid,64163,,0,,1584561,0,2
152362,3656,379436634,GVB:51:64115,Isolatorweg,64115,,1,,1584563,0,2
152362,3656,379436635,GVB:51:63973,Zuid,63973,,0,,1584562,0,2
152362,3656,379436636,GVB:51:64068,Isolatorweg,64068,,1,,1584564,0,2
152362,3656,379436637,GVB:51:64021,Zuid,64021,,0,,1584561,0,2
152362,3656,379436638,GVB:51:64164,Isolatorweg,64164,,1,,1584563,0,2
152362,3656,379436639,GVB:51:64116,Zuid,64116,,0,,1584562,0,2
152362,3656,379436640,GVB:51:63974,Isolatorweg,63974,,1,,1584564,0,2
152362,3656,379436641,GVB:51:64069,Zuid,64069,,0,,1584561,0,2
152362,3656,379436642,GVB:51:64022,Isolatorweg,64022,,1,,1584563,0,2
152362,3656,379436643,GVB:51:64165,Zuid,64165,,0,,1584562,0,2
152362,3656,379436644,GVB:51:64117,Isolatorweg,64117,,1,,1584564,0,2
152362,3656,379436645,GVB:51:63975,Zuid,63975,,0,,1584561,0,2
152362,3656,379436646,GVB:51:64070,Isolatorweg,64070,,1,,1584563,0,2
152362,3656,379436647,GVB:51:64023,Zuid,64023,,0,,1584562,0,2
152362,3656,379436648,GVB:51:64166,Isolatorweg,64166,,1,,1584564,0,2
152362,3656,379436649,GVB:51:64118,Zuid,64118,,0,,1584561,0,2
152362,3656,379436650,GVB:51:63976,Isolatorweg,63976,,1,,1584563,0,2
152362,3656,379436651,GVB:51:64071,Zuid,64071,,0,,1584562,0,2
152362,3656,379436652,GVB:51:64024,Isolatorweg,64024,,1,,1584564,0,2
152362,3656,379436653,GVB:51:64167,Zuid,64167,,0,,1584561,0,2
152362,3656,379436654,GVB:51:64119,Isolatorweg,64119,,1,,1584563,0,2
152362,3656,379436655,GVB:51:63977,Zuid,63977,,0,,1584562,0,2
152362,3656,379436656,GVB:51:64072,Isolatorweg,64072,,1,,1584564,0,2
152362,3656,379436657,GVB:51:64025,Zuid,64025,,0,,1584561,0,2
152362,3656,379436658,GVB:51:64168,Isolatorweg,64168,,1,,1584563,0,2
152362,3656,379436659,GVB:51:64120,Zuid,64120,,0,,1584562,0,2
152362,3656,379436660,GVB:51:63978,Isolatorweg,63978,,1,,1584564,0,2
152362,3656,379436661,GVB:51:64073,Zuid,64073,,0,,1584561,0,2
152362,3656,379436662,GVB:51:64026,Isolatorweg,64026,,1,,1584563,0,2
152362,3656,379436663,GVB:51:64169,Zuid,64169,,0,,1584562,0,2
152362,3656,379436664,GVB:51:64121,Isolatorweg,64121,,1,,1584564,0,2
152362,3656,379436665,GVB:51:63979,Zuid,63979,,0,,1584561,0,2
152362,3656,379436666,GVB:51:64074,Isolatorweg,64074,,1,,1584563,0,2
152362,3656,379436667,GVB:51:64027,Zuid,64027,,0,,1584562,0,2
152362,3656,379436668,GVB:51:64170,Isolatorweg,64170,,1,,1584564,0,2
152362,3656,379436669,GVB:51:64122,Zuid,64122,,0,,1584561,0,2
152362,3656,379436670,GVB:51:63980,Isolatorweg,63980,,1,,1584563,0,2
152362,3656,379436671,GVB:51:64075,Zuid,64075,,0,,1584562,0,2
152362,3656,379436672,GVB:51:64028,Isolatorweg,64028,,1,,1584564,0,2
152362,3656,379436673,GVB:51:64171,Zuid,64171,,0,,1584561,0,2
152362,3656,379436674,GVB:51:64123,Isolatorweg,64123,,1,,1584563,0,2
152362,3656,379436675,GVB:51:63981,Zuid,63981,,0,,1584562,0,2
152362,3656,379436676,GVB:51:64076,Isolatorweg,64076,,1,,1584564,0,2
152362,3656,379436677,GVB:51:64029,Zuid,64029,,0,,1584561,0,2
152362,3656,379436678,GVB:51:64172,Isolatorweg,64172,,1,,1584563,0,2
152362,3656,379436679,GVB:51:64124,Zuid,64124,,0,,1584562,0,2
152362,3656,379436680,GVB:51:63982,Isolatorweg,63982,,1,,1584564,0,2
152362,3656,379436681,GVB:51:64077,Zuid,64077,,0,,1584561,0,2
152362,3656,379436682,GVB:51:64030,Isolatorweg,64030,,1,,1584563,0,2
152362,3656,379436683,GVB:51:64173,Zuid,64173,,0,,1584562,0,2
152362,3656,379436684,GVB:51:64125,Isolatorweg,64125,,1,,1584564,0,2
152362,3656,379436685,GVB:51:63983,Zuid,63983,,0,,1584561,0,2
152362,3656,379436686,GVB:51:64078,Isolatorweg,64078,,1,,1584563,0,2
152362,3656,379436687,GVB:51:64031,Zuid,64031,,0,,1584562,0,2
152362,3656,379436688,GVB:51:64174,Isolatorweg,64174,,1,,1584564,0,2
152362,3656,379436689,GVB:51:64126,Zuid,64126,,0,,1584561,0,2
152362,3656,379436690,GVB:51:63984,Isolatorweg,63984,,1,,1584563,0,2
152362,3656,379436691,GVB:51:64079,Zuid,64079,,0,,1584562,0,2
152362,3656,379436692,GVB:51:64032,Isolatorweg,64032,,1,,1584564,0,2
152362,3656,379436693,GVB:51:64175,Zuid,64175,,0,,1584561,0,2
152362,3656,379436694,GVB:51:64127,Isolatorweg,64127,,1,,1584563,0,2
152362,3656,379436695,GVB:51:63985,Zuid,63985,,0,,1584562,0,2
152362,3656,379436696,GVB:51:64080,Isolatorweg,64080,,1,,1584564,0,2
152362,3656,379436697,GVB:51:64033,Zuid,64033,,0,,1584561,0,2
152362,3656,379436698,GVB:51:64176,Isolatorweg,64176,,1,,1584563,0,2
152362,3656,379436699,GVB:51:64128,Zuid,64128,,0,,1584562,0,2
152362,3656,379436700,GVB:51:63986,Isolatorweg,63986,,1,,1584564,0,2
152362,3656,379436701,GVB:51:64081,Zuid,64081,,0,,1584561,0,2
152362,3656,379436702,GVB:51:64034,Isolatorweg,64034,,1,,1584563,0,2
152362,3656,379436703,GVB:51:64177,Zuid,64177,,0,,1584562,0,2
152362,3656,379436704,GVB:51:64129,Isolatorweg,64129,,1,,1584564,0,2
152362,3656,379436705,GVB:51:63987,Zuid,63987,,0,,1584561,0,2
152362,3656,379436706,GVB:51:64082,Isolatorweg,64082,,1,,1584563,0,2
152362,3656,379436707,GVB:51:64035,Zuid,64035,,0,,1584562,0,2
152362,3656,379436708,GVB:51:64178,Isolatorweg,64178,,1,,1584564,0,2
152362,3656,379436709,GVB:51:64130,Zuid,64130,,0,,1584561,0,2
152362,3656,379436710,GVB:51:63988,Isolatorweg,63988,,1,,1584563,0,2
152362,3656,379436711,GVB:51:64083,Zuid,64083,,0,,1584562,0,2
152362,3656,379436712,GVB:51:64036,Isolatorweg,64036,,1,,1584564,0,2
152362,3656,379436713,GVB:51:64179,Zuid,64179,,0,,1584561,0,2
152362,3656,379436714,GVB:51:64131,Isolatorweg,64131,,1,,1584563,0,2
152362,3656,379436715,GVB:51:63989,Zuid,63989,,0,,1584562,0,2
152362,3656,379436716,GVB:51:64084,Isolatorweg,64084,,1,,1584564,0,2
152362,3656,379436717,GVB:51:64037,Zuid,64037,,0,,1584561,0,2
152362,3656,379436718,GVB:51:64180,Isolatorweg,64180,,1,,1584563,0,2
152362,3656,379436719,GVB:51:64132,Zuid,64132,,0,,1584562,0,2
152362,3656,379436720,GVB:51:63990,Isolatorweg,63990,,1,,1584564,0,2
152362,3656,379436721,GVB:51:64085,Zuid,64085,,0,,1584561,0,2
152362,3656,379436722,GVB:51:64038,Isolatorweg,64038,,1,,1584563,0,2
152362,3656,379436723,GVB:51:64181,Zuid,64181,,0,,1584562,0,2
152362,3656,379436724,GVB:51:64133,Isolatorweg,64133,,1,,1584564,0,2
152362,3656,379436725,GVB:51:63991,Zuid,63991,,0,,1584561,0,2
152362,3656,379436726,GVB:51:64086,Isolatorweg,64086,,1,,1584563,0,2
152362,3656,379436727,GVB:51:64039,Zuid,64039,,0,,1584562,0,2
152362,3656,379436728,GVB:51:64182,Isolatorweg,64182,,1,,1584564,0,2
152362,3656,379436729,GVB:51:64134,Zuid,64134,,0,,1584561,0,2
152362,3656,379436730,GVB:51:63992,Isolatorweg,63992,,1,,1584563,0,2
152362,3656,379436731,GVB:51:64087,Zuid,64087,,0,,1584562,0,2
152362,3656,379436732,GVB:51:64040,Isolatorweg,64040,,1,,1584564,0,2
152362,3656,379436733,GVB:51:64183,Zuid,64183,,0,,1584561,0,2
152362,3656,379436734,GVB:51:64135,Isolatorweg,64135,,1,,1584563,0,2
152362,3656,379436735,GVB:51:63993,Zuid,63993,,0,,1584562,0,2
152362,3656,379436736,GVB:51:64088,Isolatorweg,64088,,1,,1584564,0,2
152362,3656,379436737,GVB:51:64041,Zuid,64041,,0,,1584561,0,2
152362,3656,379436738,GVB:51:64184,Isolatorweg,64184,,1,,1584563,0,2
152362,3656,379436739,GVB:51:64136,Zuid,64136,,0,,1584562,0,2
152362,3656,379436740,GVB:51:63994,Isolatorweg,63994,,1,,1584564,0,2
152362,3656,379436741,GVB:51:64089,Zuid,64089,,0,,1584561,0,2
152362,3656,379436742,GVB:51:64042,Isolatorweg,64042,,1,,1584563,0,2
152362,3656,379436743,GVB:51:64185,Zuid,64185,,0,,1584562,0,2
152362,3656,379436744,GVB:51:64137,Isolatorweg,64137,,1,,1584564,0,2
152362,3656,379436745,GVB:51:63995,Zuid,63995,,0,,1584561,0,2
152362,3656,379436746,GVB:51:64090,Isolatorweg,64090,,1,,1584563,0,2
152362,3656,379436747,GVB:51:64043,Zuid,64043,,0,,1584562,0,2
152362,3656,379436748,GVB:51:64186,Isolatorweg,64186,,1,,1584564,0,2
152362,3656,379436749,GVB:51:64138,Zuid,64138,,0,,1584561,0,2
152362,3656,379436750,GVB:51:63996,Isolatorweg,63996,,1,,1584563,0,2
152362,3656,379436751,GVB:51:64091,Zuid,64091,,0,,1584562,0,2
152362,3656,379436752,GVB:51:64044,Isolatorweg,64044,,1,,1584564,0,2
152362,3656,379436753,GVB:51:64187,Zuid,64187,,0,,1584561,0,2
152362,3656,379436754,GVB:51:64139,Isolatorweg,64139,,1,,1584563,0,2
152362,3656,379436755,GVB:51:63997,Zuid,63997,,0,,1584562,0,2
152362,3656,379436756,GVB:51:64092,Isolatorweg,64092,,1,,1584564,0,2
152362,3656,379436757,GVB:51:64045,Zuid,64045,,0,,1584561,0,2
152362,3656,379436758,GVB:51:64188,Isolatorweg,64188,,1,,1584563,0,2
152362,3656,379436759,GVB:51:64140,Zuid,64140,,0,,1584562,0,2
152362,3656,379436760,GVB:51:63998,Isolatorweg,63998,,1,,1584564,0,2
152362,3656,379436761,GVB:51:64093,Zuid,64093,,0,,1584561,0,2
152362,3656,379436762,GVB:51:64046,Isolatorweg,64046,,1,,1584563,0,2
152362,3656,379436763,GVB:51:64189,Zuid,64189,,0,,1584562,0,2
152362,3656,379436764,GVB:51:64141,Isolatorweg,64141,,1,,1584564,0,2
152362,3656,379436765,GVB:51:63999,Zuid,63999,,0,,1584561,0,2
152362,3656,379436766,GVB:51:64094,Isolatorweg,64094,,1,,1584563,0,2
152362,3656,379436767,GVB:51:64047,Zuid,64047,,0,,1584562,0,2
152362,3656,379436768,GVB:51:64190,Isolatorweg,64190,,1,,1584564,0,2
152362,3656,379436769,GVB:51:64000,Isolatorweg,64000,,1,,1584563,0,2
152362,3656,379436770,GVB:51:64142,Zuid,64142,,0,,1584561,0,2
152362,3656,379436771,GVB:51:64048,Isolatorweg,64048,,1,,1584564,0,2
152362,3656,379436772,GVB:51:64143,Isolatorweg,64143,,1,,1584563,0,2
152362,3666,379437845,GVB:51:65000,Zuid,65000,,0,,1584561,0,1
152362,3666,379437846,GVB:51:64953,Zuid,64953,,0,,1584562,0,1
152362,3666,379437847,GVB:51:65048,Isolatorweg,65048,,1,,1584545,0,1
152362,3666,379437848,GVB:51:64907,Zuid,64907,,0,,1584561,0,1
152362,3666,379437849,GVB:51:65001,Isolatorweg,65001,,1,,1584563,0,1
152362,3666,379437850,GVB:51:64861,Zuid,64861,,0,,1584562,0,1
152362,3666,379437851,GVB:51:64954,Isolatorweg,64954,,1,,1584564,0,1
152362,3666,379437852,GVB:51:65049,Zuid,65049,,0,,1584561,0,1
152362,3666,379437853,GVB:51:64908,Isolatorweg,64908,,1,,1584563,0,1
152362,3666,379437854,GVB:51:65002,Zuid,65002,,0,,1584562,0,1
152362,3666,379437855,GVB:51:64862,Isolatorweg,64862,,1,,1584564,0,1
152362,3666,379437856,GVB:51:64955,Zuid,64955,,0,,1584561,0,1
152362,3666,379437857,GVB:51:65050,Isolatorweg,65050,,1,,1584563,0,1
152362,3666,379437858,GVB:51:64909,Zuid,64909,,0,,1584562,0,1
152362,3666,379437859,GVB:51:65003,Isolatorweg,65003,,1,,1584564,0,1
152362,3666,379437860,GVB:51:64863,Zuid,64863,,0,,1584561,0,1
152362,3666,379437861,GVB:51:64956,Isolatorweg,64956,,1,,1584563,0,1
152362,3666,379437862,GVB:51:65051,Zuid,65051,,0,,1584562,0,1
152362,3666,379437863,GVB:51:64910,Isolatorweg,64910,,1,,1584564,0,1
152362,3666,379437864,GVB:51:65004,Zuid,65004,,0,,1584561,0,1
152362,3666,379437865,GVB:51:64864,Isolatorweg,64864,,1,,1584563,0,1
152362,3666,379437866,GVB:51:64957,Zuid,64957,,0,,1584562,0,1
152362,3666,379437867,GVB:51:65052,Isolatorweg,65052,,1,,1584564,0,1
152362,3666,379437868,GVB:51:64911,Zuid,64911,,0,,1584561,0,1
152362,3666,379437869,GVB:51:65005,Isolatorweg,65005,,1,,1584563,0,1
152362,3666,379437870,GVB:51:64865,Zuid,64865,,0,,1584562,0,1
152362,3666,379437871,GVB:51:64958,Isolatorweg,64958,,1,,1584564,0,1
152362,3666,379437872,GVB:51:65053,Zuid,65053,,0,,1584561,0,1
152362,3666,379437873,GVB:51:64912,Isolatorweg,64912,,1,,1584563,0,1
152362,3666,379437874,GVB:51:65006,Zuid,65006,,0,,1584562,0,1
152362,3666,379437875,GVB:51:64866,Isolatorweg,64866,,1,,1584564,0,1
152362,3666,379437876,GVB:51:64959,Zuid,64959,,0,,1584561,0,1
152362,3666,379437877,GVB:51:65054,Isolatorweg,65054,,1,,1584563,0,1
152362,3666,379437878,GVB:51:64913,Zuid,64913,,0,,1584562,0,1
152362,3666,379437879,GVB:51:65007,Isolatorweg,65007,,1,,1584564,0,1
152362,3666,379437880,GVB:51:64867,Zuid,64867,,0,,1584561,0,1
152362,3666,379437881,GVB:51:64960,Isolatorweg,64960,,1,,1584563,0,1
152362,3666,379437882,GVB:51:65055,Zuid,65055,,0,,1584562,0,1
152362,3666,379437883,GVB:51:64914,Isolatorweg,64914,,1,,1584564,0,1
152362,3666,379437884,GVB:51:65008,Zuid,65008,,0,,1584561,0,1
152362,3666,379437885,GVB:51:64868,Isolatorweg,64868,,1,,1584563,0,1
152362,3666,379437886,GVB:51:64961,Zuid,64961,,0,,1584562,0,1
152362,3666,379437887,GVB:51:65056,Isolatorweg,65056,,1,,1584564,0,1
152362,3666,379437888,GVB:51:64915,Zuid,64915,,0,,1584561,0,1
152362,3666,379437889,GVB:51:65009,Isolatorweg,65009,,1,,1584563,0,1
152362,3666,379437890,GVB:51:64869,Zuid,64869,,0,,1584562,0,1
152362,3666,379437891,GVB:51:64962,Isolatorweg,64962,,1,,1584564,0,1
152362,3666,379437892,GVB:51:65057,Zuid,65057,,0,,1584561,0,1
152362,3666,379437893,GVB:51:64916,Isolatorweg,64916,,1,,1584563,0,1
152362,3666,379437894,GVB:51:65010,Zuid,65010,,0,,1584562,0,1
152362,3666,379437895,GVB:51:64870,Isolatorweg,64870,,1,,1584564,0,1
152362,3666,379437896,GVB:51:64963,Zuid,64963,,0,,1584561,0,1
152362,3666,379437897,GVB:51:65058,Isolatorweg,65058,,1,,1584563,0,1
152362,3666,379437898,GVB:51:64917,Zuid,64917,,0,,1584562,0,1
152362,3666,379437899,GVB:51:65011,Isolatorweg,65011,,1,,1584564,0,1
152362,3666,379437900,GVB:51:64871,Zuid,64871,,0,,1584561,0,1
152362,3666,379437901,GVB:51:64964,Isolatorweg,64964,,1,,1584563,0,1
152362,3666,379437902,GVB:51:65059,Zuid,65059,,0,,1584562,0,1
152362,3666,379437903,GVB:51:64918,Isolatorweg,64918,,1,,1584564,0,1
152362,3666,379437904,GVB:51:65012,Zuid,65012,,0,,1584561,0,1
152362,3666,379437905,GVB:51:64872,Isolatorweg,64872,,1,,1584563,0,1
152362,3666,379437906,GVB:51:64965,Zuid,64965,,0,,1584562,0,1
152362,3666,379437907,GVB:51:65060,Isolatorweg,65060,,1,,1584564,0,1
152362,3666,379437908,GVB:51:64919,Zuid,64919,,0,,1584561,0,1
152362,3666,379437909,GVB:51:65013,Isolatorweg,65013,,1,,1584563,0,1
152362,3666,379437910,GVB:51:64873,Zuid,64873,,0,,1584562,0,1
152362,3666,379437911,GVB:51:64966,Isolatorweg,64966,,1,,1584564,0,1
152362,3666,379437912,GVB:51:65061,Zuid,65061,,0,,1584561,0,1
152362,3666,379437913,GVB:51:64920,Isolatorweg,64920,,1,,1584563,0,1
152362,3666,379437914,GVB:51:65014,Zuid,65014,,0,,1584562,0,1
152362,3666,379437915,GVB:51:64874,Isolatorweg,64874,,1,,1584564,0,1
152362,3666,379437916,GVB:51:64967,Zuid,64967,,0,,1584561,0,1
152362,3666,379437917,GVB:51:65062,Isolatorweg,65062,,1,,1584563,0,1
152362,3666,379437918,GVB:51:64921,Zuid,64921,,0,,1584562,0,1
152362,3666,379437919,GVB:51:65015,Isolatorweg,65015,,1,,1584564,0,1
152362,3666,379437920,GVB:51:64875,Zuid,64875,,0,,1584561,0,1
152362,3666,379437921,GVB:51:64968,Isolatorweg,64968,,1,,1584563,0,1
152362,3666,379437922,GVB:51:65063,Zuid,65063,,0,,1584562,0,1
152362,3666,379437923,GVB:51:64922,Isolatorweg,64922,,1,,1584564,0,1
152362,3666,379437924,GVB:51:65016,Zuid,65016,,0,,1584561,0,1
152362,3666,379437925,GVB:51:64876,Isolatorweg,64876,,1,,1584563,0,1
152362,3666,379437926,GVB:51:64969,Zuid,64969,,0,,1584562,0,1
152362,3666,379437927,GVB:51:65064,Isolatorweg,65064,,1,,1584564,0,1
152362,3666,379437928,GVB:51:64923,Zuid,64923,,0,,1584561,0,1
152362,3666,379437929,GVB:51:65017,Isolatorweg,65017,,1,,1584563,0,1
152362,3666,379437930,GVB:51:64877,Zuid,64877,,0,,1584562,0,1
152362,3666,379437931,GVB:51:64970,Isolatorweg,64970,,1,,1584564,0,1
152362,3666,379437932,GVB:51:65065,Zuid,65065,,0,,1584561,0,1
152362,3666,379437933,GVB:51:64924,Isolatorweg,64924,,1,,1584563,0,1
152362,3666,379437934,GVB:51:65018,Zuid,65018,,0,,1584562,0,1
152362,3666,379437935,GVB:51:64878,Isolatorweg,64878,,1,,1584564,0,1
152362,3666,379437936,GVB:51:64971,Zuid,64971,,0,,1584561,0,1
152362,3666,379437937,GVB:51:65066,Isolatorweg,65066,,1,,1584563,0,1
152362,3666,379437938,GVB:51:64925,Zuid,64925,,0,,1584562,0,1
152362,3666,379437939,GVB:51:65019,Isolatorweg,65019,,1,,1584564,0,1
152362,3666,379437940,GVB:51:64879,Zuid,64879,,0,,1584561,0,1
152362,3666,379437941,GVB:51:64972,Isolatorweg,64972,,1,,1584563,0,1
152362,3666,379437942,GVB:51:65067,Zuid,65067,,0,,1584562,0,1
152362,3666,379437943,GVB:51:64926,Isolatorweg,64926,,1,,1584564,0,1
152362,3666,379437944,GVB:51:65020,Zuid,65020,,0,,1584561,0,1
152362,3666,379437945,GVB:51:64880,Isolatorweg,64880,,1,,1584563,0,1
152362,3666,379437946,GVB:51:64973,Zuid,64973,,0,,1584562,0,1
152362,3666,379437947,GVB:51:65068,Isolatorweg,65068,,1,,1584564,0,1
152362,3666,379437948,GVB:51:64927,Zuid,64927,,0,,1584561,0,1
152362,3666,379437949,GVB:51:65021,Isolatorweg,65021,,1,,1584563,0,1
152362,3666,379437950,GVB:51:64881,Zuid,64881,,0,,1584562,0,1
152362,3666,379437951,GVB:51:64974,Isolatorweg,64974,,1,,1584564,0,1
152362,3666,379437952,GVB:51:65069,Zuid,65069,,0,,1584561,0,1
152362,3666,379437953,GVB:51:64928,Isolatorweg,64928,,1,,1584563,0,1
152362,3666,379437954,GVB:51:65022,Zuid,65022,,0,,1584562,0,1
152362,3666,379437955,GVB:51:64882,Isolatorweg,64882,,1,,1584564,0,1
152362,3666,379437956,GVB:51:64975,Zuid,64975,,0,,1584561,0,1
152362,3666,379437957,GVB:51:65070,Isolatorweg,65070,,1,,1584563,0,1
152362,3666,379437958,GVB:51:64929,Zuid,64929,,0,,1584562,0,1
152362,3666,379437959,GVB:51:65023,Isolatorweg,65023,,1,,1584564,0,1
152362,3666,379437960,GVB:51:64883,Zuid,64883,,0,,1584561,0,1
152362,3666,379437961,GVB:51:64976,Isolatorweg,64976,,1,,1584563,0,1
152362,3666,379437962,GVB:51:65071,Zuid,65071,,0,,1584562,0,1
152362,3666,379437963,GVB:51:64930,Isolatorweg,64930,,1,,1584564,0,1
152362,3666,379437964,GVB:51:65024,Zuid,65024,,0,,1584561,0,1
152362,3666,379437965,GVB:51:64884,Isolatorweg,64884,,1,,1584563,0,1
152362,3666,379437966,GVB:51:64977,Zuid,64977,,0,,1584562,0,1
152362,3666,379437967,GVB:51:65072,Isolatorweg,65072,,1,,1584564,0,1
152362,3666,379437968,GVB:51:64931,Zuid,64931,,0,,1584561,0,1
152362,3666,379437969,GVB:51:65025,Isolatorweg,65025,,1,,1584563,0,1
152362,3666,379437970,GVB:51:64885,Zuid,64885,,0,,1584562,0,1
152362,3666,379437971,GVB:51:64978,Isolatorweg,64978,,1,,1584564,0,1
152362,3666,379437972,GVB:51:65073,Zuid,65073,,0,,1584561,0,1
152362,3666,379437973,GVB:51:64932,Isolatorweg,64932,,1,,1584563,0,1
152362,3666,379437974,GVB:51:65026,Zuid,65026,,0,,1584562,0,1
152362,3666,379437975,GVB:51:64886,Isolatorweg,64886,,1,,1584564,0,1
152362,3666,379437976,GVB:51:64979,Zuid,64979,,0,,1584561,0,1
152362,3666,379437977,GVB:51:65074,Isolatorweg,65074,,1,,1584563,0,1
152362,3666,379437978,GVB:51:64933,Zuid,64933,,0,,1584562,0,1
152362,3666,379437979,GVB:51:65027,Isolatorweg,65027,,1,,1584564,0,1
152362,3666,379437980,GVB:51:64887,Zuid,64887,,0,,1584561,0,1
152362,3666,379437981,GVB:51:64980,Isolatorweg,64980,,1,,1584563,0,1
152362,3666,379437982,GVB:51:65075,Zuid,65075,,0,,1584562,0,1
152362,3666,379437983,GVB:51:64934,Isolatorweg,64934,,1,,1584564,0,1
152362,3666,379437984,GVB:51:65028,Zuid,65028,,0,,1584561,0,1
152362,3666,379437985,GVB:51:64888,Isolatorweg,64888,,1,,1584563,0,1
152362,3666,379437986,GVB:51:64981,Zuid,64981,,0,,1584562,0,1
152362,3666,379437987,GVB:51:65076,Isolatorweg,65076,,1,,1584564,0,1
152362,3666,379437988,GVB:51:64935,Zuid,64935,,0,,1584561,0,1
152362,3666,379437989,GVB:51:65029,Isolatorweg,65029,,1,,1584563,0,1
152362,3666,379437990,GVB:51:64889,Zuid,64889,,0,,1584562,0,1
152362,3666,379437991,GVB:51:64982,Isolatorweg,64982,,1,,1584564,0,1
152362,3666,379437992,GVB:51:65077,Zuid,65077,,0,,1584561,0,1
152362,3666,379437993,GVB:51:64936,Isolatorweg,64936,,1,,1584563,0,1
152362,3666,379437994,GVB:51:65030,Zuid,65030,,0,,1584562,0,1
152362,3666,379437995,GVB:51:64890,Isolatorweg,64890,,1,,1584564,0,1
152362,3666,379437996,GVB:51:64983,Zuid,64983,,0,,1584561,0,1
152362,3666,379437997,GVB:51:65078,Isolatorweg,65078,,1,,1584563,0,1
152362,3666,379437998,GVB:51:64937,Zuid,64937,,0,,1584562,0,1
152362,3666,379437999,GVB:51:65031,Isolatorweg,65031,,1,,1584564,0,1
152362,3666,379438000,GVB:51:64891,Zuid,64891,,0,,1584561,0,1
152362,3666,379438001,GVB:51:64984,Isolatorweg,64984,,1,,1584563,0,1
152362,3666,379438002,GVB:51:65079,Zuid,65079,,0,,1584562,0,1
152362,3666,379438003,GVB:51:64938,Isolatorweg,64938,,1,,1584564,0,1
152362,3666,379438004,GVB:51:65032,Zuid,65032,,0,,1584561,0,1
152362,3666,379438005,GVB:51:64892,Isolatorweg,64892,,1,,1584563,0,1
152362,3666,379438006,GVB:51:64985,Zuid,64985,,0,,1584562,0,1
152362,3666,379438007,GVB:51:65080,Isolatorweg,65080,,1,,1584564,0,1
152362,3666,379438008,GVB:51:64939,Zuid,64939,,0,,1584561,0,1
152362,3666,379438009,GVB:51:65033,Isolatorweg,65033,,1,,1584563,0,1
152362,3666,379438010,GVB:51:64893,Zuid,64893,,0,,1584562,0,1
152362,3666,379438011,GVB:51:64986,Isolatorweg,64986,,1,,1584564,0,1
152362,3666,379438012,GVB:51:65081,Zuid,65081,,0,,1584561,0,1
152362,3666,379438013,GVB:51:64940,Isolatorweg,64940,,1,,1584563,0,1
152362,3666,379438014,GVB:51:65034,Zuid,65034,,0,,1584562,0,1
152362,3666,379438015,GVB:51:64894,Isolatorweg,64894,,1,,1584564,0,1
152362,3666,379438016,GVB:51:64987,Zuid,64987,,0,,1584561,0,1
152362,3666,379438017,GVB:51:65082,Isolatorweg,65082,,1,,1584563,0,1
152362,3666,379438018,GVB:51:64941,Zuid,64941,,0,,1584562,0,1
152362,3666,379438019,GVB:51:65035,Isolatorweg,65035,,1,,1584564,0,1
152362,3666,379438020,GVB:51:64895,Zuid,64895,,0,,1584561,0,1
152362,3666,379438021,GVB:51:64988,Isolatorweg,64988,,1,,1584563,0,1
152362,3666,379438022,GVB:51:65083,Zuid,65083,,0,,1584562,0,1
152362,3666,379438023,GVB:51:64942,Isolatorweg,64942,,1,,1584564,0,1
152362,3666,379438024,GVB:51:65036,Zuid,65036,,0,,1584561,0,1
152362,3666,379438025,GVB:51:64896,Isolatorweg,64896,,1,,1584563,0,1
152362,3666,379438026,GVB:51:64989,Zuid,64989,,0,,1584562,0,1
152362,3666,379438027,GVB:51:65084,Isolatorweg,65084,,1,,1584564,0,1
152362,3666,379438028,GVB:51:64943,Zuid,64943,,0,,1584561,0,1
152362,3666,379438029,GVB:51:65037,Isolatorweg,65037,,1,,1584563,0,1
152362,3666,379438030,GVB:51:64897,Zuid,64897,,0,,1584562,0,1
152362,3666,379438031,GVB:51:64990,Isolatorweg,64990,,1,,1584564,0,1
152362,3666,379438032,GVB:51:65085,Zuid,65085,,0,,1584561,0,1
152362,3666,379438033,GVB:51:64944,Isolatorweg,64944,,1,,1584563,0,1
152362,3666,379438034,GVB:51:65038,Zuid,65038,,0,,1584562,0,1
152362,3666,379438035,GVB:51:64898,Isolatorweg,64898,,1,,1584564,0,1
152362,3666,379438036,GVB:51:64991,Zuid,64991,,0,,1584561,0,1
152362,3666,379438037,GVB:51:65086,Isolatorweg,65086,,1,,1584563,0,1
152362,3666,379438038,GVB:51:64945,Zuid,64945,,0,,1584562,0,1
152362,3666,379438039,GVB:51:65039,Isolatorweg,65039,,1,,1584564,0,1
152362,3666,379438040,GVB:51:64899,Zuid,64899,,0,,1584561,0,1
152362,3666,379438041,GVB:51:64992,Isolatorweg,64992,,1,,1584563,0,1
152362,3666,379438042,GVB:51:65087,Zuid,65087,,0,,1584562,0,1
152362,3666,379438043,GVB:51:64946,Isolatorweg,64946,,1,,1584564,0,1
152362,3666,379438044,GVB:51:65040,Zuid,65040,,0,,1584561,0,1
152362,3666,379438045,GVB:51:64900,Isolatorweg,64900,,1,,1584563,0,1
152362,3666,379438046,GVB:51:64993,Zuid,64993,,0,,1584562,0,1
152362,3666,379438047,GVB:51:65088,Isolatorweg,65088,,1,,1584564,0,1
152362,3666,379438048,GVB:51:64947,Zuid,64947,,0,,1584561,0,1
152362,3666,379438049,GVB:51:65041,Isolatorweg,65041,,1,,1584563,0,1
152362,3666,379438050,GVB:51:64901,Zuid,64901,,0,,1584562,0,1
152362,3666,379438051,GVB:51:64994,Isolatorweg,64994,,1,,1584564,0,1
152362,3666,379438052,GVB:51:65089,Zuid,65089,,0,,1584561,0,1
152362,3666,379438053,GVB:51:64948,Isolatorweg,64948,,1,,1584563,0,1
152362,3666,379438054,GVB:51:65042,Zuid,65042,,0,,1584562,0,1
152362,3666,379438055,GVB:51:64902,Isolatorweg,64902,,1,,1584564,0,1
152362,3666,379438056,GVB:51:64995,Zuid,64995,,0,,1584561,0,1
152362,3666,379438057,GVB:51:65090,Isolatorweg,65090,,1,,1584563,0,1
152362,3666,379438058,GVB:51:64949,Zuid,64949,,0,,1584562,0,1
152362,3666,379438059,GVB:51:65043,Isolatorweg,65043,,1,,1584564,0,1
152362,3666,379438060,GVB:51:64903,Zuid,64903,,0,,1584561,0,1
152362,3666,379438061,GVB:51:64996,Isolatorweg,64996,,1,,1584563,0,1
152362,3666,379438062,GVB:51:65091,Zuid,65091,,0,,1584562,0,1
152362,3666,379438063,GVB:51:64950,Isolatorweg,64950,,1,,1584564,0,1
152362,3666,379438064,GVB:51:65044,Zuid,65044,,0,,1584561,0,1
152362,3666,379438065,GVB:51:64904,Isolatorweg,64904,,1,,1584563,0,1
152362,3666,379438066,GVB:51:65092,Isolatorweg,65092,,1,,1584564,0,1
152362,3666,379438067,GVB:51:65045,Isolatorweg,65045,,1,,1584563,0,1
152362,3689,379438068,GVB:51:65677,Zuid,65677,,0,,1584561,0,1
152362,3689,379438069,GVB:51:65633,Zuid,65633,,0,,1584562,0,1
152362,3689,379438070,GVB:51:65588,Isolatorweg,65588,,1,,1584545,0,1
152362,3689,379438071,GVB:51:65500,Zuid,65500,,0,,1584561,0,1
152362,3689,379438072,GVB:51:65678,Isolatorweg,65678,,1,,1584563,0,1
152362,3689,379438073,GVB:51:65544,Zuid,65544,,0,,1584562,0,1
152362,3689,379438074,GVB:51:65634,Isolatorweg,65634,,1,,1584564,0,1
152362,3689,379438075,GVB:51:65589,Zuid,65589,,0,,1584561,0,1
152362,3689,379438076,GVB:51:65501,Isolatorweg,65501,,1,,1584563,0,1
152362,3689,379438077,GVB:51:65679,Zuid,65679,,0,,1584562,0,1
152362,3689,379438078,GVB:51:65545,Isolatorweg,65545,,1,,1584564,0,1
152362,3689,379438079,GVB:51:65635,Zuid,65635,,0,,1584561,0,1
152362,3689,379438080,GVB:51:65590,Isolatorweg,65590,,1,,1584563,0,1
152362,3689,379438081,GVB:51:65502,Zuid,65502,,0,,1584562,0,1
152362,3689,379438082,GVB:51:65680,Isolatorweg,65680,,1,,1584564,0,1
152362,3689,379438083,GVB:51:65546,Zuid,65546,,0,,1584561,0,1
152362,3689,379438084,GVB:51:65636,Isolatorweg,65636,,1,,1584563,0,1
152362,3689,379438085,GVB:51:65591,Zuid,65591,,0,,1584562,0,1
152362,3689,379438086,GVB:51:65503,Isolatorweg,65503,,1,,1584564,0,1
152362,3689,379438087,GVB:51:65681,Zuid,65681,,0,,1584561,0,1
152362,3689,379438088,GVB:51:65547,Isolatorweg,65547,,1,,1584563,0,1
152362,3689,379438089,GVB:51:65637,Zuid,65637,,0,,1584562,0,1
152362,3689,379438090,GVB:51:65592,Isolatorweg,65592,,1,,1584564,0,1
152362,3689,379438091,GVB:51:65504,Zuid,65504,,0,,1584561,0,1
152362,3689,379438092,GVB:51:65682,Isolatorweg,65682,,1,,1584563,0,1
152362,3689,379438093,GVB:51:65548,Zuid,65548,,0,,1584562,0,1
152362,3689,379438094,GVB:51:65638,Isolatorweg,65638,,1,,1584564,0,1
152362,3689,379438095,GVB:51:65593,Zuid,65593,,0,,1584561,0,1
152362,3689,379438096,GVB:51:65505,Isolatorweg,65505,,1,,1584563,0,1
152362,3689,379438097,GVB:51:65683,Zuid,65683,,0,,1584562,0,1
152362,3689,379438098,GVB:51:65549,Isolatorweg,65549,,1,,1584564,0,1
152362,3689,379438099,GVB:51:65639,Zuid,65639,,0,,1584561,0,1
152362,3689,379438100,GVB:51:65594,Isolatorweg,65594,,1,,1584563,0,1
152362,3689,379438101,GVB:51:65506,Zuid,65506,,0,,1584562,0,1
152362,3689,379438102,GVB:51:65684,Isolatorweg,65684,,1,,1584564,0,1
152362,3689,379438103,GVB:51:65550,Zuid,65550,,0,,1584561,0,1
152362,3689,379438104,GVB:51:65640,Isolatorweg,65640,,1,,1584563,0,1
152362,3689,379438105,GVB:51:65595,Zuid,65595,,0,,1584562,0,1
152362,3689,379438106,GVB:51:65507,Isolatorweg,65507,,1,,1584564,0,1
152362,3689,379438107,GVB:51:65685,Zuid,65685,,0,,1584561,0,1
152362,3689,379438108,GVB:51:65551,Isolatorweg,65551,,1,,1584563,0,1
152362,3689,379438109,GVB:51:65641,Zuid,65641,,0,,1584562,0,1
152362,3689,379438110,GVB:51:65596,Isolatorweg,65596,,1,,1584564,0,1
152362,3689,379438111,GVB:51:65508,Zuid,65508,,0,,1584561,0,1
152362,3689,379438112,GVB:51:65686,Isolatorweg,65686,,1,,1584563,0,1
152362,3689,379438113,GVB:51:65552,Zuid,65552,,0,,1584562,0,1
152362,3689,379438114,GVB:51:65642,Isolatorweg,65642,,1,,1584564,0,1
152362,3689,379438115,GVB:51:65597,Zuid,65597,,0,,1584561,0,1
152362,3689,379438116,GVB:51:65509,Isolatorweg,65509,,1,,1584563,0,1
152362,3689,379438117,GVB:51:65687,Zuid,65687,,0,,1584562,0,1
152362,3689,379438118,GVB:51:65553,Isolatorweg,65553,,1,,1584564,0,1
152362,3689,379438119,GVB:51:65643,Zuid,65643,,0,,1584561,0,1
152362,3689,379438120,GVB:51:65598,Isolatorweg,65598,,1,,1584563,0,1
152362,3689,379438121,GVB:51:65510,Zuid,65510,,0,,1584562,0,1
152362,3689,379438122,GVB:51:65688,Isolatorweg,65688,,1,,1584564,0,1
152362,3689,379438123,GVB:51:65554,Zuid,65554,,0,,1584561,0,1
152362,3689,379438124,GVB:51:65644,Isolatorweg,65644,,1,,1584563,0,1
152362,3689,379438125,GVB:51:65599,Zuid,65599,,0,,1584562,0,1
152362,3689,379438126,GVB:51:65511,Isolatorweg,65511,,1,,1584564,0,1
152362,3689,379438127,GVB:51:65689,Zuid,65689,,0,,1584561,0,1
152362,3689,379438128,GVB:51:65555,Isolatorweg,65555,,1,,1584563,0,1
152362,3689,379438129,GVB:51:65645,Zuid,65645,,0,,1584562,0,1
152362,3689,379438130,GVB:51:65600,Isolatorweg,65600,,1,,1584564,0,1
152362,3689,379438131,GVB:51:65512,Zuid,65512,,0,,1584561,0,1
152362,3689,379438132,GVB:51:65690,Isolatorweg,65690,,1,,1584563,0,1
152362,3689,379438133,GVB:51:65556,Zuid,65556,,0,,1584562,0,1
152362,3689,379438134,GVB:51:65646,Isolatorweg,65646,,1,,1584564,0,1
152362,3689,379438135,GVB:51:65601,Zuid,65601,,0,,1584561,0,1
152362,3689,379438136,GVB:51:65513,Isolatorweg,65513,,1,,1584563,0,1
152362,3689,379438137,GVB:51:65691,Zuid,65691,,0,,1584562,0,1
152362,3689,379438138,GVB:51:65557,Isolatorweg,65557,,1,,1584564,0,1
152362,3689,379438139,GVB:51:65647,Zuid,65647,,0,,1584561,0,1
152362,3689,379438140,GVB:51:65602,Isolatorweg,65602,,1,,1584563,0,1
152362,3689,379438141,GVB:51:65514,Zuid,65514,,0,,1584562,0,1
152362,3689,379438142,GVB:51:65692,Isolatorweg,65692,,1,,1584564,0,1
152362,3689,379438143,GVB:51:65558,Zuid,65558,,0,,1584561,0,1
152362,3689,379438144,GVB:51:65648,Isolatorweg,65648,,1,,1584563,0,1
152362,3689,379438145,GVB:51:65603,Zuid,65603,,0,,1584562,0,1
152362,3689,379438146,GVB:51:65515,Isolatorweg,65515,,1,,1584564,0,1
152362,3689,379438147,GVB:51:65693,Zuid,65693,,0,,1584561,0,1
152362,3689,379438148,GVB:51:65559,Isolatorweg,65559,,1,,1584563,0,1
152362,3689,379438149,GVB:51:65649,Zuid,65649,,0,,1584562,0,1
152362,3689,379438150,GVB:51:65604,Isolatorweg,65604,,1,,1584564,0,1
152362,3689,379438151,GVB:51:65516,Zuid,65516,,0,,1584561,0,1
152362,3689,379438152,GVB:51:65694,Isolatorweg,65694,,1,,1584563,0,1
152362,3689,379438153,GVB:51:65560,Zuid,65560,,0,,1584562,0,1
152362,3689,379438154,GVB:51:65650,Isolatorweg,65650,,1,,1584564,0,1
152362,3689,379438155,GVB:51:65605,Zuid,65605,,0,,1584561,0,1
152362,3689,379438156,GVB:51:65517,Isolatorweg,65517,,1,,1584563,0,1
152362,3689,379438157,GVB:51:65695,Zuid,65695,,0,,1584562,0,1
152362,3689,379438158,GVB:51:65561,Isolatorweg,65561,,1,,1584564,0,1
152362,3689,379438159,GVB:51:65651,Zuid,65651,,0,,1584561,0,1
152362,3689,379438160,GVB:51:65606,Isolatorweg,65606,,1,,1584563,0,1
152362,3689,379438161,GVB:51:65518,Zuid,65518,,0,,1584562,0,1
152362,3689,379438162,GVB:51:65696,Isolatorweg,65696,,1,,1584564,0,1
152362,3689,379438163,GVB:51:65562,Zuid,65562,,0,,1584561,0,1
152362,3689,379438164,GVB:51:65652,Isolatorweg,65652,,1,,1584563,0,1
152362,3689,379438165,GVB:51:65607,Zuid,65607,,0,,1584562,0,1
152362,3689,379438166,GVB:51:65519,Isolatorweg,65519,,1,,1584564,0,1
152362,3689,379438167,GVB:51:65697,Zuid,65697,,0,,1584561,0,1
152362,3689,379438168,GVB:51:65563,Isolatorweg,65563,,1,,1584563,0,1
152362,3689,379438169,GVB:51:65653,Zuid,65653,,0,,1584562,0,1
152362,3689,379438170,GVB:51:65608,Isolatorweg,65608,,1,,1584564,0,1
152362,3689,379438171,GVB:51:65520,Zuid,65520,,0,,1584561,0,1
152362,3689,379438172,GVB:51:65698,Isolatorweg,65698,,1,,1584563,0,1
152362,3689,379438173,GVB:51:65564,Zuid,65564,,0,,1584562,0,1
152362,3689,379438174,GVB:51:65654,Isolatorweg,65654,,1,,1584564,0,1
152362,3689,379438175,GVB:51:65609,Zuid,65609,,0,,1584561,0,1
152362,3689,379438176,GVB:51:65521,Isolatorweg,65521,,1,,1584563,0,1
152362,3689,379438177,GVB:51:65699,Zuid,65699,,0,,1584562,0,1
152362,3689,379438178,GVB:51:65565,Isolatorweg,65565,,1,,1584564,0,1
152362,3689,379438179,GVB:51:65655,Zuid,65655,,0,,1584561,0,1
152362,3689,379438180,GVB:51:65610,Isolatorweg,65610,,1,,1584563,0,1
152362,3689,379438181,GVB:51:65522,Zuid,65522,,0,,1584562,0,1
152362,3689,379438182,GVB:51:65700,Isolatorweg,65700,,1,,1584564,0,1
152362,3689,379438183,GVB:51:65566,Zuid,65566,,0,,1584561,0,1
152362,3689,379438184,GVB:51:65656,Isolatorweg,65656,,1,,1584563,0,1
152362,3689,379438185,GVB:51:65611,Zuid,65611,,0,,1584562,0,1
152362,3689,379438186,GVB:51:65523,Isolatorweg,65523,,1,,1584564,0,1
152362,3689,379438187,GVB:51:65701,Zuid,65701,,0,,1584561,0,1
152362,3689,379438188,GVB:51:65567,Isolatorweg,65567,,1,,1584563,0,1
152362,3689,379438189,GVB:51:65657,Zuid,65657,,0,,1584562,0,1
152362,3689,379438190,GVB:51:65612,Isolatorweg,65612,,1,,1584564,0,1
152362,3689,379438191,GVB:51:65524,Zuid,65524,,0,,1584561,0,1
152362,3689,379438192,GVB:51:65702,Isolatorweg,65702,,1,,1584563,0,1
152362,3689,379438193,GVB:51:65568,Zuid,65568,,0,,1584562,0,1
152362,3689,379438194,GVB:51:65658,Isolatorweg,65658,,1,,1584564,0,1
152362,3689,379438195,GVB:51:65613,Zuid,65613,,0,,1584561,0,1
152362,3689,379438196,GVB:51:65525,Isolatorweg,65525,,1,,1584563,0,1
152362,3689,379438197,GVB:51:65703,Zuid,65703,,0,,1584562,0,1
152362,3689,379438198,GVB:51:65569,Isolatorweg,65569,,1,,1584564,0,1
152362,3689,379438199,GVB:51:65659,Zuid,65659,,0,,1584561,0,1
152362,3689,379438200,GVB:51:65614,Isolatorweg,65614,,1,,1584563,0,1
152362,3689,379438201,GVB:51:65526,Zuid,65526,,0,,1584562,0,1
152362,3689,379438202,GVB:51:65704,Isolatorweg,65704,,1,,1584564,0,1
152362,3689,379438203,GVB:51:65570,Zuid,65570,,0,,1584561,0,1
152362,3689,379438204,GVB:51:65660,Isolatorweg,65660,,1,,1584563,0,1
152362,3689,379438205,GVB:51:65615,Zuid,65615,,0,,1584562,0,1
152362,3689,379438206,GVB:51:65527,Isolatorweg,65527,,1,,1584564,0,1
152362,3689,379438207,GVB:51:65705,Zuid,65705,,0,,1584561,0,1
152362,3689,379438208,GVB:51:65571,Isolatorweg,65571,,1,,1584563,0,1
152362,3689,379438209,GVB:51:65661,Zuid,65661,,0,,1584562,0,1
152362,3689,379438210,GVB:51:65616,Isolatorweg,65616,,1,,1584564,0,1
152362,3689,379438211,GVB:51:65528,Zuid,65528,,0,,1584561,0,1
152362,3689,379438212,GVB:51:65706,Isolatorweg,65706,,1,,1584563,0,1
152362,3689,379438213,GVB:51:65572,Zuid,65572,,0,,1584562,0,1
152362,3689,379438214,GVB:51:65662,Isolatorweg,65662,,1,,1584564,0,1
152362,3689,379438215,GVB:51:65617,Zuid,65617,,0,,1584561,0,1
152362,3689,379438216,GVB:51:65529,Isolatorweg,65529,,1,,1584563,0,1
152362,3689,379438217,GVB:51:65707,Zuid,65707,,0,,1584562,0,1
152362,3689,379438218,GVB:51:65573,Isolatorweg,65573,,1,,1584564,0,1
152362,3689,379438219,GVB:51:65663,Zuid,65663,,0,,1584561,0,1
152362,3689,379438220,GVB:51:65618,Isolatorweg,65618,,1,,1584563,0,1
152362,3689,379438221,GVB:51:65530,Zuid,65530,,0,,1584562,0,1
152362,3689,379438222,GVB:51:65708,Isolatorweg,65708,,1,,1584564,0,1
152362,3689,379438223,GVB:51:65574,Zuid,65574,,0,,1584561,0,1
152362,3689,379438224,GVB:51:65664,Isolatorweg,65664,,1,,1584563,0,1
152362,3689,379438225,GVB:51:65619,Zuid,65619,,0,,1584562,0,1
152362,3689,379438226,GVB:51:65531,Isolatorweg,65531,,1,,1584564,0,1
152362,3689,379438227,GVB:51:65709,Zuid,65709,,0,,1584561,0,1
152362,3689,379438228,GVB:51:65575,Isolatorweg,65575,,1,,1584563,0,1
152362,3689,379438229,GVB:51:65665,Zuid,65665,,0,,1584562,0,1
152362,3689,379438230,GVB:51:65620,Isolatorweg,65620,,1,,1584564,0,1
152362,3689,379438231,GVB:51:65532,Zuid,65532,,0,,1584561,0,1
152362,3689,379438232,GVB:51:65710,Isolatorweg,65710,,1,,1584563,0,1
152362,3689,379438233,GVB:51:65576,Zuid,65576,,0,,1584562,0,1
152362,3689,379438234,GVB:51:65666,Isolatorweg,65666,,1,,1584564,0,1
152362,3689,379438235,GVB:51:65621,Zuid,65621,,0,,1584561,0,1
152362,3689,379438236,GVB:51:65533,Isolatorweg,65533,,1,,1584563,0,1
152362,3689,379438237,GVB:51:65711,Zuid,65711,,0,,1584562,0,1
152362,3689,379438238,GVB:51:65577,Isolatorweg,65577,,1,,1584564,0,1
152362,3689,379438239,GVB:51:65667,Zuid,65667,,0,,1584561,0,1
152362,3689,379438240,GVB:51:65622,Isolatorweg,65622,,1,,1584563,0,1
152362,3689,379438241,GVB:51:65534,Zuid,65534,,0,,1584562,0,1
152362,3689,379438242,GVB:51:65712,Isolatorweg,65712,,1,,1584564,0,1
152362,3689,379438243,GVB:51:65578,Zuid,65578,,0,,1584561,0,1
152362,3689,379438244,GVB:51:65668,Isolatorweg,65668,,1,,1584563,0,1
152362,3689,379438245,GVB:51:65623,Zuid,65623,,0,,1584562,0,1
152362,3689,379438246,GVB:51:65535,Isolatorweg,65535,,1,,1584564,0,1
152362,3689,379438247,GVB:51:65713,Zuid,65713,,0,,1584561,0,1
152362,3689,379438248,GVB:51:65579,Isolatorweg,65579,,1,,1584563,0,1
152362,3689,379438249,GVB:51:65669,Zuid,65669,,0,,1584562,0,1
152362,3689,379438250,GVB:51:65624,Isolatorweg,65624,,1,,1584564,0,1
152362,3689,379438251,GVB:51:65536,Zuid,65536,,0,,1584561,0,1
152362,3689,379438252,GVB:51:65714,Isolatorweg,65714,,1,,1584563,0,1
152362,3689,379438253,GVB:51:65580,Zuid,65580,,0,,1584562,0,1
152362,3689,379438254,GVB:51:65670,Isolatorweg,65670,,1,,1584564,0,1
152362,3689,379438255,GVB:51:65625,Zuid,65625,,0,,1584561,0,1
152362,3689,379438256,GVB:51:65537,Isolatorweg,65537,,1,,1584563,0,1
152362,3689,379438257,GVB:51:65715,Zuid,65715,,0,,1584562,0,1
152362,3689,379438258,GVB:51:65581,Isolatorweg,65581,,1,,1584564,0,1
152362,3689,379438259,GVB:51:65671,Zuid,65671,,0,,1584561,0,1
152362,3689,379438260,GVB:51:65626,Isolatorweg,65626,,1,,1584563,0,1
152362,3689,379438261,GVB:51:65538,Zuid,65538,,0,,1584562,0,1
152362,3689,379438262,GVB:51:65716,Isolatorweg,65716,,1,,1584564,0,1
152362,3689,379438263,GVB:51:65582,Zuid,65582,,0,,1584561,0,1
152362,3689,379438264,GVB:51:65672,Isolatorweg,65672,,1,,1584563,0,1
152362,3689,379438265,GVB:51:65627,Zuid,65627,,0,,1584562,0,1
152362,3689,379438266,GVB:51:65539,Isolatorweg,65539,,1,,1584564,0,1
152362,3689,379438267,GVB:51:65717,Zuid,65717,,0,,1584561,0,1
152362,3689,379438268,GVB:51:65583,Isolatorweg,65583,,1,,1584563,0,1
152362,3689,379438269,GVB:51:65673,Zuid,65673,,0,,1584562,0,1
152362,3689,379438270,GVB:51:65628,Isolatorweg,65628,,1,,1584564,0,1
152362,3689,379438271,GVB:51:65540,Zuid,65540,,0,,1584561,0,1
152362,3689,379438272,GVB:51:65718,Isolatorweg,65718,,1,,1584563,0,1
152362,3689,379438273,GVB:51:65584,Zuid,65584,,0,,1584562,0,1
152362,3689,379438274,GVB:51:65674,Isolatorweg,65674,,1,,1584564,0,1
152362,3689,379438275,GVB:51:65629,Zuid,65629,,0,,1584561,0,1
152362,3689,379438276,GVB:51:65541,Isolatorweg,65541,,1,,1584563,0,1
152362,3689,379438277,GVB:51:65585,Isolatorweg,65585,,1,,1584564,0,1
152362,3689,379438278,GVB:51:65630,Isolatorweg,65630,,1,,1584563,0,1
152362,3700,379441108,GVB:51:65722,Zuid,65722,,0,,1584561,0,2
152362,3700,379441109,GVB:51:65770,Zuid,65770,,0,,1584562,0,2
152362,3700,379441110,GVB:51:65913,Isolatorweg,65913,,1,,1584545,0,2
152362,3700,379441111,GVB:51:65865,Zuid,65865,,0,,1584561,0,2
152362,3700,379441112,GVB:51:65723,Isolatorweg,65723,,1,,1584563,0,2
152362,3700,379441113,GVB:51:65818,Zuid,65818,,0,,1584562,0,2
152362,3700,379441114,GVB:51:65771,Isolatorweg,65771,,1,,1584564,0,2
152362,3700,379441115,GVB:51:65914,Zuid,65914,,0,,1584561,0,2
152362,3700,379441116,GVB:51:65866,Isolatorweg,65866,,1,,1584563,0,2
152362,3700,379441117,GVB:51:65724,Zuid,65724,,0,,1584562,0,2
152362,3700,379441118,GVB:51:65819,Isolatorweg,65819,,1,,1584564,0,2
152362,3700,379441119,GVB:51:65772,Zuid,65772,,0,,1584561,0,2
152362,3700,379441120,GVB:51:65915,Isolatorweg,65915,,1,,1584563,0,2
152362,3700,379441121,GVB:51:65867,Zuid,65867,,0,,1584562,0,2
152362,3700,379441122,GVB:51:65725,Isolatorweg,65725,,1,,1584564,0,2
152362,3700,379441123,GVB:51:65820,Zuid,65820,,0,,1584561,0,2
152362,3700,379441124,GVB:51:65773,Isolatorweg,65773,,1,,1584563,0,2
152362,3700,379441125,GVB:51:65916,Zuid,65916,,0,,1584562,0,2
152362,3700,379441126,GVB:51:65868,Isolatorweg,65868,,1,,1584564,0,2
152362,3700,379441127,GVB:51:65726,Zuid,65726,,0,,1584561,0,2
152362,3700,379441128,GVB:51:65821,Isolatorweg,65821,,1,,1584563,0,2
152362,3700,379441129,GVB:51:65774,Zuid,65774,,0,,1584562,0,2
152362,3700,379441130,GVB:51:65917,Isolatorweg,65917,,1,,1584564,0,2
152362,3700,379441131,GVB:51:65869,Zuid,65869,,0,,1584561,0,2
152362,3700,379441132,GVB:51:65727,Isolatorweg,65727,,1,,1584563,0,2
152362,3700,379441133,GVB:51:65822,Zuid,65822,,0,,1584562,0,2
152362,3700,379441134,GVB:51:65775,Isolatorweg,65775,,1,,1584564,0,2
152362,3700,379441135,GVB:51:65918,Zuid,65918,,0,,1584561,0,2
152362,3700,379441136,GVB:51:65870,Isolatorweg,65870,,1,,1584563,0,2
152362,3700,379441137,GVB:51:65728,Zuid,65728,,0,,1584562,0,2
152362,3700,379441138,GVB:51:65823,Isolatorweg,65823,,1,,1584564,0,2
152362,3700,379441139,GVB:51:65776,Zuid,65776,,0,,1584561,0,2
152362,3700,379441140,GVB:51:65919,Isolatorweg,65919,,1,,1584563,0,2
152362,3700,379441141,GVB:51:65871,Zuid,65871,,0,,1584562,0,2
152362,3700,379441142,GVB:51:65729,Isolatorweg,65729,,1,,1584564,0,2
152362,3700,379441143,GVB:51:65824,Zuid,65824,,0,,1584561,0,2
152362,3700,379441144,GVB:51:65777,Isolatorweg,65777,,1,,1584563,0,2
152362,3700,379441145,GVB:51:65920,Zuid,65920,,0,,1584562,0,2
152362,3700,379441146,GVB:51:65872,Isolatorweg,65872,,1,,1584564,0,2
152362,3700,379441147,GVB:51:65730,Zuid,65730,,0,,1584561,0,2
152362,3700,379441148,GVB:51:65825,Isolatorweg,65825,,1,,1584563,0,2
152362,3700,379441149,GVB:51:65778,Zuid,65778,,0,,1584562,0,2
152362,3700,379441150,GVB:51:65921,Isolatorweg,65921,,1,,1584564,0,2
152362,3700,379441151,GVB:51:65873,Zuid,65873,,0,,1584561,0,2
152362,3700,379441152,GVB:51:65731,Isolatorweg,65731,,1,,1584563,0,2
152362,3700,379441153,GVB:51:65826,Zuid,65826,,0,,1584562,0,2
152362,3700,379441154,GVB:51:65779,Isolatorweg,65779,,1,,1584564,0,2
152362,3700,379441155,GVB:51:65922,Zuid,65922,,0,,1584561,0,2
152362,3700,379441156,GVB:51:65874,Isolatorweg,65874,,1,,1584563,0,2
152362,3700,379441157,GVB:51:65732,Zuid,65732,,0,,1584562,0,2
152362,3700,379441158,GVB:51:65827,Isolatorweg,65827,,1,,1584564,0,2
152362,3700,379441159,GVB:51:65780,Zuid,65780,,0,,1584561,0,2
152362,3700,379441160,GVB:51:65923,Isolatorweg,65923,,1,,1584563,0,2
152362,3700,379441161,GVB:51:65875,Zuid,65875,,0,,1584562,0,2
152362,3700,379441162,GVB:51:65733,Isolatorweg,65733,,1,,1584564,0,2
152362,3700,379441163,GVB:51:65828,Zuid,65828,,0,,1584561,0,2
152362,3700,379441164,GVB:51:65781,Isolatorweg,65781,,1,,1584563,0,2
152362,3700,379441165,GVB:51:65924,Zuid,65924,,0,,1584562,0,2
152362,3700,379441166,GVB:51:65876,Isolatorweg,65876,,1,,1584564,0,2
152362,3700,379441167,GVB:51:65734,Zuid,65734,,0,,1584561,0,2
152362,3700,379441168,GVB:51:65829,Isolatorweg,65829,,1,,1584563,0,2
152362,3700,379441169,GVB:51:65782,Zuid,65782,,0,,1584562,0,2
152362,3700,379441170,GVB:51:65925,Isolatorweg,65925,,1,,1584564,0,2
152362,3700,379441171,GVB:51:65877,Zuid,65877,,0,,1584561,0,2
152362,3700,379441172,GVB:51:65735,Isolatorweg,65735,,1,,1584563,0,2
152362,3700,379441173,GVB:51:65830,Zuid,65830,,0,,1584562,0,2
152362,3700,379441174,GVB:51:65783,Isolatorweg,65783,,1,,1584564,0,2
152362,3700,379441175,GVB:51:65926,Zuid,65926,,0,,1584561,0,2
152362,3700,379441176,GVB:51:65878,Isolatorweg,65878,,1,,1584563,0,2
152362,3700,379441177,GVB:51:65736,Zuid,65736,,0,,1584562,0,2
152362,3700,379441178,GVB:51:65831,Isolatorweg,65831,,1,,1584564,0,2
152362,3700,379441179,GVB:51:65784,Zuid,65784,,0,,1584561,0,2
152362,3700,379441180,GVB:51:65927,Isolatorweg,65927,,1,,1584563,0,2
152362,3700,379441181,GVB:51:65879,Zuid,65879,,0,,1584562,0,2
152362,3700,379441182,GVB:51:65737,Isolatorweg,65737,,1,,1584564,0,2
152362,3700,379441183,GVB:51:65832,Zuid,65832,,0,,1584561,0,2
152362,3700,379441184,GVB:51:65785,Isolatorweg,65785,,1,,1584563,0,2
152362,3700,379441185,GVB:51:65928,Zuid,65928,,0,,1584562,0,2
152362,3700,379441186,GVB:51:65880,Isolatorweg,65880,,1,,1584564,0,2
152362,3700,379441187,GVB:51:65738,Zuid,65738,,0,,1584561,0,2
152362,3700,379441188,GVB:51:65833,Isolatorweg,65833,,1,,1584563,0,2
152362,3700,379441189,GVB:51:65786,Zuid,65786,,0,,1584562,0,2
152362,3700,379441190,GVB:51:65929,Isolatorweg,65929,,1,,1584564,0,2
152362,3700,379441191,GVB:51:65881,Zuid,65881,,0,,1584561,0,2
152362,3700,379441192,GVB:51:65739,Isolatorweg,65739,,1,,1584563,0,2
152362,3700,379441193,GVB:51:65834,Zuid,65834,,0,,1584562,0,2
152362,3700,379441194,GVB:51:65787,Isolatorweg,65787,,1,,1584564,0,2
152362,3700,379441195,GVB:51:65930,Zuid,65930,,0,,1584561,0,2
152362,3700,379441196,GVB:51:65882,Isolatorweg,65882,,1,,1584563,0,2
152362,3700,379441197,GVB:51:65740,Zuid,65740,,0,,1584562,0,2
152362,3700,379441198,GVB:51:65835,Isolatorweg,65835,,1,,1584564,0,2
152362,3700,379441199,GVB:51:65788,Zuid,65788,,0,,1584561,0,2
152362,3700,379441200,GVB:51:65931,Isolatorweg,65931,,1,,1584563,0,2
152362,3700,379441201,GVB:51:65883,Zuid,65883,,0,,1584562,0,2
152362,3700,379441202,GVB:51:65741,Isolatorweg,65741,,1,,1584564,0,2
152362,3700,379441203,GVB:51:65836,Zuid,65836,,0,,1584561,0,2
152362,3700,379441204,GVB:51:65789,Isolatorweg,65789,,1,,1584563,0,2
152362,3700,379441205,GVB:51:65932,Zuid,65932,,0,,1584562,0,2
152362,3700,379441206,GVB:51:65884,Isolatorweg,65884,,1,,1584564,0,2
152362,3700,379441207,GVB:51:65742,Zuid,65742,,0,,1584561,0,2
152362,3700,379441208,GVB:51:65837,Isolatorweg,65837,,1,,1584563,0,2
152362,3700,379441209,GVB:51:65790,Zuid,65790,,0,,1584562,0,2
152362,3700,379441210,GVB:51:65933,Isolatorweg,65933,,1,,1584564,0,2
152362,3700,379441211,GVB:51:65885,Zuid,65885,,0,,1584561,0,2
152362,3700,379441212,GVB:51:65743,Isolatorweg,65743,,1,,1584563,0,2
152362,3700,379441213,GVB:51:65838,Zuid,65838,,0,,1584562,0,2
152362,3700,379441214,GVB:51:65791,Isolatorweg,65791,,1,,1584564,0,2
152362,3700,379441215,GVB:51:65934,Zuid,65934,,0,,1584561,0,2
152362,3700,379441216,GVB:51:65886,Isolatorweg,65886,,1,,1584563,0,2
152362,3700,379441217,GVB:51:65744,Zuid,65744,,0,,1584562,0,2
152362,3700,379441218,GVB:51:65839,Isolatorweg,65839,,1,,1584564,0,2
152362,3700,379441219,GVB:51:65792,Zuid,65792,,0,,1584561,0,2
152362,3700,379441220,GVB:51:65935,Isolatorweg,65935,,1,,1584563,0,2
152362,3700,379441221,GVB:51:65887,Zuid,65887,,0,,1584562,0,2
152362,3700,379441222,GVB:51:65745,Isolatorweg,65745,,1,,1584564,0,2
152362,3700,379441223,GVB:51:65840,Zuid,65840,,0,,1584561,0,2
152362,3700,379441224,GVB:51:65793,Isolatorweg,65793,,1,,1584563,0,2
152362,3700,379441225,GVB:51:65936,Zuid,65936,,0,,1584562,0,2
152362,3700,379441226,GVB:51:65888,Isolatorweg,65888,,1,,1584564,0,2
152362,3700,379441227,GVB:51:65746,Zuid,65746,,0,,1584561,0,2
152362,3700,379441228,GVB:51:65841,Isolatorweg,65841,,1,,1584563,0,2
152362,3700,379441229,GVB:51:65794,Zuid,65794,,0,,1584562,0,2
152362,3700,379441230,GVB:51:65937,Isolatorweg,65937,,1,,1584564,0,2
152362,3700,379441231,GVB:51:65889,Zuid,65889,,0,,1584561,0,2
152362,3700,379441232,GVB:51:65747,Isolatorweg,65747,,1,,1584563,0,2
152362,3700,379441233,GVB:51:65842,Zuid,65842,,0,,1584562,0,2
152362,3700,379441234,GVB:51:65795,Isolatorweg,65795,,1,,1584564,0,2
152362,3700,379441235,GVB:51:65938,Zuid,65938,,0,,1584561,0,2
152362,3700,379441236,GVB:51:65890,Isolatorweg,65890,,1,,1584563,0,2
152362,3700,379441237,GVB:51:65748,Zuid,65748,,0,,1584562,0,2
152362,3700,379441238,GVB:51:65843,Isolatorweg,65843,,1,,1584564,0,2
152362,3700,379441239,GVB:51:65796,Zuid,65796,,0,,1584561,0,2
152362,3700,379441240,GVB:51:65939,Isolatorweg,65939,,1,,1584563,0,2
152362,3700,379441241,GVB:51:65891,Zuid,65891,,0,,1584562,0,2
152362,3700,379441242,GVB:51:65749,Isolatorweg,65749,,1,,1584564,0,2
152362,3700,379441243,GVB:51:65844,Zuid,65844,,0,,1584561,0,2
152362,3700,379441244,GVB:51:65797,Isolatorweg,65797,,1,,1584563,0,2
152362,3700,379441245,GVB:51:65940,Zuid,65940,,0,,1584562,0,2
152362,3700,379441246,GVB:51:65892,Isolatorweg,65892,,1,,1584564,0,2
152362,3700,379441247,GVB:51:65750,Zuid,65750,,0,,1584561,0,2
152362,3700,379441248,GVB:51:65845,Isolatorweg,65845,,1,,1584563,0,2
152362,3700,379441249,GVB:51:65798,Zuid,65798,,0,,1584562,0,2
152362,3700,379441250,GVB:51:65941,Isolatorweg,65941,,1,,1584564,0,2
152362,3700,379441251,GVB:51:65893,Zuid,65893,,0,,1584561,0,2
152362,3700,379441252,GVB:51:65751,Isolatorweg,65751,,1,,1584563,0,2
152362,3700,379441253,GVB:51:65846,Zuid,65846,,0,,1584562,0,2
152362,3700,379441254,GVB:51:65799,Isolatorweg,65799,,1,,1584564,0,2
152362,3700,379441255,GVB:51:65942,Zuid,65942,,0,,1584561,0,2
152362,3700,379441256,GVB:51:65894,Isolatorweg,65894,,1,,1584563,0,2
152362,3700,379441257,GVB:51:65752,Zuid,65752,,0,,1584562,0,2
152362,3700,379441258,GVB:51:65847,Isolatorweg,65847,,1,,1584564,0,2
152362,3700,379441259,GVB:51:65800,Zuid,65800,,0,,1584561,0,2
152362,3700,379441260,GVB:51:65943,Isolatorweg,65943,,1,,1584563,0,2
152362,3700,379441261,GVB:51:65895,Zuid,65895,,0,,1584562,0,2
152362,3700,379441262,GVB:51:65753,Isolatorweg,65753,,1,,1584564,0,2
152362,3700,379441263,GVB:51:65848,Zuid,65848,,0,,1584561,0,2
152362,3700,379441264,GVB:51:65801,Isolatorweg,65801,,1,,1584563,0,2
152362,3700,379441265,GVB:51:65944,Zuid,65944,,0,,1584562,0,2
152362,3700,379441266,GVB:51:65896,Isolatorweg,65896,,1,,1584564,0,2
152362,3700,379441267,GVB:51:65754,Zuid,65754,,0,,1584561,0,2
152362,3700,379441268,GVB:51:65849,Isolatorweg,65849,,1,,1584563,0,2
152362,3700,379441269,GVB:51:65802,Zuid,65802,,0,,1584562,0,2
152362,3700,379441270,GVB:51:65945,Isolatorweg,65945,,1,,1584564,0,2
152362,3700,379441271,GVB:51:65897,Zuid,65897,,0,,1584561,0,2
152362,3700,379441272,GVB:51:65755,Isolatorweg,65755,,1,,1584563,0,2
152362,3700,379441273,GVB:51:65850,Zuid,65850,,0,,1584562,0,2
152362,3700,379441274,GVB:51:65803,Isolatorweg,65803,,1,,1584564,0,2
152362,3700,379441275,GVB:51:65946,Zuid,65946,,0,,1584561,0,2
152362,3700,379441276,GVB:51:65898,Isolatorweg,65898,,1,,1584563,0,2
152362,3700,379441277,GVB:51:65756,Zuid,65756,,0,,1584562,0,2
152362,3700,379441278,GVB:51:65851,Isolatorweg,65851,,1,,1584564,0,2
152362,3700,379441279,GVB:51:65804,Zuid,65804,,0,,1584561,0,2
152362,3700,379441280,GVB:51:65947,Isolatorweg,65947,,1,,1584563,0,2
152362,3700,379441281,GVB:51:65899,Zuid,65899,,0,,1584562,0,2
152362,3700,379441282,GVB:51:65757,Isolatorweg,65757,,1,,1584564,0,2
152362,3700,379441283,GVB:51:65852,Zuid,65852,,0,,1584561,0,2
152362,3700,379441284,GVB:51:65805,Isolatorweg,65805,,1,,1584563,0,2
152362,3700,379441285,GVB:51:65948,Zuid,65948,,0,,1584562,0,2
152362,3700,379441286,GVB:51:65900,Isolatorweg,65900,,1,,1584564,0,2
152362,3700,379441287,GVB:51:65758,Zuid,65758,,0,,1584561,0,2
152362,3700,379441288,GVB:51:65853,Isolatorweg,65853,,1,,1584563,0,2
152362,3700,379441289,GVB:51:65806,Zuid,65806,,0,,1584562,0,2
152362,3700,379441290,GVB:51:65949,Isolatorweg,65949,,1,,1584564,0,2
152362,3700,379441291,GVB:51:65901,Zuid,65901,,0,,1584561,0,2
152362,3700,379441292,GVB:51:65759,Isolatorweg,65759,,1,,1584563,0,2
152362,3700,379441293,GVB:51:65854,Zuid,65854,,0,,1584562,0,2
152362,3700,379441294,GVB:51:65807,Isolatorweg,65807,,1,,1584564,0,2
152362,3700,379441295,GVB:51:65950,Zuid,65950,,0,,1584561,0,2
152362,3700,379441296,GVB:51:65902,Isolatorweg,65902,,1,,1584563,0,2
152362,3700,379441297,GVB:51:65760,Zuid,65760,,0,,1584562,0,2
152362,3700,379441298,GVB:51:65855,Isolatorweg,65855,,1,,1584564,0,2
152362,3700,379441299,GVB:51:65808,Zuid,65808,,0,,1584561,0,2
152362,3700,379441300,GVB:51:65951,Isolatorweg,65951,,1,,1584563,0,2
152362,3700,379441301,GVB:51:65903,Zuid,65903,,0,,1584562,0,2
152362,3700,379441302,GVB:51:65761,Isolatorweg,65761,,1,,1584564,0,2
152362,3700,379441303,GVB:51:65856,Zuid,65856,,0,,1584561,0,2
152362,3700,379441304,GVB:51:65809,Isolatorweg,65809,,1,,1584563,0,2
152362,3700,379441305,GVB:51:65952,Zuid,65952,,0,,1584562,0,2
152362,3700,379441306,GVB:51:65904,Isolatorweg,65904,,1,,1584564,0,2
152362,3700,379441307,GVB:51:65762,Zuid,65762,,0,,1584561,0,2
152362,3700,379441308,GVB:51:65857,Isolatorweg,65857,,1,,1584563,0,2
152362,3700,379441309,GVB:51:65810,Zuid,65810,,0,,1584562,0,2
152362,3700,379441310,GVB:51:65953,Isolatorweg,65953,,1,,1584564,0,2
152362,3700,379441311,GVB:51:65905,Zuid,65905,,0,,1584561,0,2
152362,3700,379441312,GVB:51:65763,Isolatorweg,65763,,1,,1584563,0,2
152362,3700,379441313,GVB:51:65858,Zuid,65858,,0,,1584562,0,2
152362,3700,379441314,GVB:51:65811,Isolatorweg,65811,,1,,1584564,0,2
152362,3700,379441315,GVB:51:65954,Zuid,65954,,0,,1584561,0,2
152362,3700,379441316,GVB:51:65906,Isolatorweg,65906,,1,,1584563,0,2
152362,3700,379441317,GVB:51:65764,Zuid,65764,,0,,1584562,0,2
152362,3700,379441318,GVB:51:65859,Isolatorweg,65859,,1,,1584564,0,2
152362,3700,379441319,GVB:51:65812,Zuid,65812,,0,,1584561,0,2
152362,3700,379441320,GVB:51:65955,Isolatorweg,65955,,1,,1584563,0,2
152362,3700,379441321,GVB:51:65907,Zuid,65907,,0,,1584562,0,2
152362,3700,379441322,GVB:51:65765,Isolatorweg,65765,,1,,1584564,0,2
152362,3700,379441323,GVB:51:65860,Zuid,65860,,0,,1584561,0,2
152362,3700,379441324,GVB:51:65813,Isolatorweg,65813,,1,,1584563,0,2
152362,3700,379441325,GVB:51:65956,Zuid,65956,,0,,1584562,0,2
152362,3700,379441326,GVB:51:65908,Isolatorweg,65908,,1,,1584564,0,2
152362,3700,379441327,GVB:51:65766,Zuid,65766,,0,,1584561,0,2
152362,3700,379441328,GVB:51:65861,Isolatorweg,65861,,1,,1584563,0,2
152362,3700,379441329,GVB:51:65814,Zuid,65814,,0,,1584562,0,2
152362,3700,379441330,GVB:51:65957,Isolatorweg,65957,,1,,1584564,0,2
152362,3700,379441331,GVB:51:65767,Isolatorweg,65767,,1,,1584563,0,2
152362,3700,379441332,GVB:51:65909,Zuid,65909,,0,,1584561,0,2
152362,3700,379441333,GVB:51:65815,Isolatorweg,65815,,1,,1584564,0,2
152362,3700,379441334,GVB:51:65910,Isolatorweg,65910,,1,,1584563,0,2
152363,447,379390855,GVB:52:69010,Zuid,69010,,0,,1584595,0,2
152363,447,379390856,GVB:52:69068,Zuid,69068,,0,,1584595,0,2
152363,447,379390857,GVB:52:69126,Zuid,69126,,0,,1584596,0,2
152363,447,379390858,GVB:52:69168,Zuid,69168,,0,,1584595,0,2
152363,447,379390859,GVB:52:69226,Zuid,69226,,0,,1584595,0,2
152363,447,379390860,GVB:52:69012,Zuid,69012,,0,,1584596,0,2
152363,447,379390861,GVB:52:69070,Zuid,69070,,0,,1584595,0,2
152363,447,379390862,GVB:52:69128,Zuid,69128,,0,,1584596,0,2
152363,447,379390863,GVB:52:69284,Zuid,69284,,0,,1584596,0,2
152363,447,379390864,GVB:52:69170,Zuid,69170,,0,,1584595,0,2
152363,447,379390865,GVB:52:69228,Zuid,69228,,0,,1584596,0,2
152363,447,379390866,GVB:52:69014,Zuid,69014,,0,,1584595,0,2
152363,447,379390867,GVB:52:69072,Zuid,69072,,0,,1584596,0,2
152363,447,379390868,GVB:52:69130,Zuid,69130,,0,,1584595,0,2
152363,447,379390869,GVB:52:69286,Zuid,69286,,0,,1584596,0,2
152363,447,379390870,GVB:52:69172,Zuid,69172,,0,,1584595,0,2
152363,447,379390871,GVB:52:69230,Zuid,69230,,0,,1584596,0,2
152363,447,379390872,GVB:52:69016,Zuid,69016,,0,,1584595,0,2
152363,447,379390873,GVB:52:69340,Zuid,69340,,0,,1584596,0,2
152363,447,379390874,GVB:52:69074,Zuid,69074,,0,,1584595,0,2
152363,447,379390875,GVB:52:69132,Zuid,69132,,0,,1584596,0,2
152363,447,379390876,GVB:52:69288,Zuid,69288,,0,,1584595,0,2
152363,447,379390877,GVB:52:69174,Zuid,69174,,0,,1584595,0,2
152363,447,379390878,GVB:52:69232,Zuid,69232,,0,,1584595,0,2
152363,447,379390879,GVB:52:69018,Zuid,69018,,0,,1584595,0,2
152363,447,379390880,GVB:52:69342,Zuid,69342,,0,,1584595,0,2
152363,447,379390881,GVB:52:69076,Zuid,69076,,0,,1584595,0,2
152363,447,379390882,GVB:52:69134,Zuid,69134,,0,,1584595,0,2
152363,447,379390883,GVB:52:69290,Zuid,69290,,0,,1584595,0,2
152363,447,379390884,GVB:52:69176,Zuid,69176,,0,,1584595,0,2
152363,447,379390885,GVB:52:69234,Zuid,69234,,0,,1584595,0,2
152363,447,379390886,GVB:52:69020,Zuid,69020,,0,,1584595,0,2
152363,447,379390887,GVB:52:69344,Zuid,69344,,0,,1584595,0,2
152363,447,379390888,GVB:52:69078,Zuid,69078,,0,,1584595,0,2
152363,447,379390889,GVB:52:69136,Zuid,69136,,0,,1584595,0,2
152363,447,379390890,GVB:52:69292,Zuid,69292,,0,,1584595,0,2
152363,447,379390891,GVB:52:69178,Zuid,69178,,0,,1584595,0,2
152363,447,379390892,GVB:52:69236,Zuid,69236,,0,,1584595,0,2
152363,447,379390893,GVB:52:69022,Zuid,69022,,0,,1584595,0,2
152363,447,379390894,GVB:52:69346,Zuid,69346,,0,,1584595,0,2
152363,447,379390895,GVB:52:69256,Zuid,69256,,0,,1584595,0,2
152363,447,379390896,GVB:52:69042,Zuid,69042,,0,,1584596,0,2
152363,447,379390897,GVB:52:69366,Zuid,69366,,0,,1584595,0,2
152363,447,379390898,GVB:52:69100,Zuid,69100,,0,,1584596,0,2
152363,447,379390899,GVB:52:69158,Zuid,69158,,0,,1584595,0,2
152363,447,379390900,GVB:52:69314,Zuid,69314,,0,,1584596,0,2
152363,447,379390901,GVB:52:69200,Zuid,69200,,0,,1584595,0,2
152363,447,379390902,GVB:52:69258,Zuid,69258,,0,,1584595,0,2
152363,447,379390903,GVB:52:69044,Zuid,69044,,0,,1584595,0,2
152363,447,379390904,GVB:52:69368,Zuid,69368,,0,,1584595,0,2
152363,447,379390905,GVB:52:69102,Zuid,69102,,0,,1584595,0,2
152363,447,379390906,GVB:52:69160,Zuid,69160,,0,,1584595,0,2
152363,447,379390907,GVB:52:69316,Zuid,69316,,0,,1584595,0,2
152363,447,379390908,GVB:52:69202,Zuid,69202,,0,,1584595,0,2
152363,447,379390909,GVB:52:69260,Zuid,69260,,0,,1584595,0,2
152363,447,379390910,GVB:52:69046,Zuid,69046,,0,,1584595,0,2
152363,447,379390911,GVB:52:69370,Zuid,69370,,0,,1584595,0,2
152363,447,379390912,GVB:52:69104,Zuid,69104,,0,,1584595,0,2
152363,447,379390913,GVB:52:69162,Zuid,69162,,0,,1584595,0,2
152363,447,379390914,GVB:52:69318,Zuid,69318,,0,,1584595,0,2
152363,447,379390915,GVB:52:69204,Zuid,69204,,0,,1584595,0,2
152363,447,379390916,GVB:52:69262,Zuid,69262,,0,,1584595,0,2
152363,447,379390917,GVB:52:69048,Zuid,69048,,0,,1584595,0,2
152363,447,379390918,GVB:52:69372,Zuid,69372,,0,,1584595,0,2
152363,447,379390919,GVB:52:69106,Zuid,69106,,0,,1584595,0,2
152363,447,379390920,GVB:52:69164,Zuid,69164,,0,,1584595,0,2
152363,447,379390921,GVB:52:69320,Zuid,69320,,0,,1584595,0,2
152363,447,379390922,GVB:52:69206,Zuid,69206,,0,,1584595,0,2
152363,447,379390923,GVB:52:69264,Zuid,69264,,0,,1584595,0,2
152363,447,379390924,GVB:52:69050,Zuid,69050,,0,,1584596,0,2
152363,447,379390925,GVB:52:69374,Zuid,69374,,0,,1584595,0,2
152363,447,379390926,GVB:52:69108,Zuid,69108,,0,,1584596,0,2
152363,447,379390927,GVB:52:69322,Zuid,69322,,0,,1584595,0,2
152363,447,379390928,GVB:52:69208,Zuid,69208,,0,,1584596,0,2
152363,447,379390929,GVB:52:69266,Zuid,69266,,0,,1584595,0,2
152363,447,379390930,GVB:52:69052,Zuid,69052,,0,,1584596,0,2
152363,447,379390931,GVB:52:69376,Zuid,69376,,0,,1584595,0,2
152363,447,379390932,GVB:52:69110,Zuid,69110,,0,,1584596,0,2
152363,447,379390933,GVB:52:69324,Zuid,69324,,0,,1584595,0,2
152363,447,379390934,GVB:52:69210,Zuid,69210,,0,,1584596,0,2
152363,447,379390935,GVB:52:69268,Zuid,69268,,0,,1584595,0,2
152363,447,379390936,GVB:52:69054,Zuid,69054,,0,,1584596,0,2
152363,447,379390937,GVB:52:69378,Zuid,69378,,0,,1584595,0,2
152363,447,379390938,GVB:52:69112,Zuid,69112,,0,,1584596,0,2
152363,447,379390939,GVB:52:69326,Zuid,69326,,0,,1584595,0,2
152363,447,379390940,GVB:52:69212,Zuid,69212,,0,,1584596,0,2
152363,447,379390941,GVB:52:69270,Zuid,69270,,0,,1584595,0,2
152363,447,379390942,GVB:52:69056,Zuid,69056,,0,,1584596,0,2
152363,447,379390943,GVB:52:69380,Zuid,69380,,0,,1584595,0,2
152363,447,379390944,GVB:52:69114,Zuid,69114,,0,,1584596,0,2
152363,447,379390945,GVB:52:69328,Zuid,69328,,0,,1584595,0,2
152363,447,379390946,GVB:52:69214,Zuid,69214,,0,,1584596,0,2
152363,447,379390947,GVB:52:69272,Zuid,69272,,0,,1584595,0,2
152363,447,379390948,GVB:52:69058,Zuid,69058,,0,,1584596,0,2
152363,447,379390949,GVB:52:69382,Zuid,69382,,0,,1584595,0,2
152363,447,379390950,GVB:52:69116,Zuid,69116,,0,,1584596,0,2
152363,447,379390951,GVB:52:69330,Zuid,69330,,0,,1584595,0,2
152363,447,379390952,GVB:52:69216,Zuid,69216,,0,,1584596,0,2
152363,447,379390953,GVB:52:69274,Zuid,69274,,0,,1584595,0,2
152363,447,379390954,GVB:52:69060,Zuid,69060,,0,,1584596,0,2
152363,447,379390955,GVB:52:69384,Zuid,69384,,0,,1584595,0,2
152363,447,379390956,GVB:52:69118,Zuid,69118,,0,,1584596,0,2
152363,447,379390957,GVB:52:69332,Zuid,69332,,0,,1584595,0,2
152363,447,379390958,GVB:52:69218,Zuid,69218,,0,,1584596,0,2
152363,447,379390959,GVB:52:69276,Zuid,69276,,0,,1584595,0,2
152363,447,379390960,GVB:52:69062,Zuid,69062,,0,,1584596,0,2
152363,447,379390961,GVB:52:69386,Zuid,69386,,0,,1584595,0,2
152363,447,379390962,GVB:52:69120,Zuid,69120,,0,,1584596,0,2
152363,447,379390963,GVB:52:69334,Zuid,69334,,0,,1584595,0,2
152363,447,379390964,GVB:52:69220,Zuid,69220,,0,,1584596,0,2
152363,447,379390965,GVB:52:69278,Zuid,69278,,0,,1584595,0,2
152363,447,379390966,GVB:52:69064,Zuid,69064,,0,,1584596,0,2
152363,447,379390967,GVB:52:69388,Zuid,69388,,0,,1584595,0,2
152363,447,379390968,GVB:52:69122,Zuid,69122,,0,,1584596,0,2
152363,447,379390969,GVB:52:69336,Zuid,69336,,0,,1584595,0,2
152363,447,379390970,GVB:52:69222,Zuid,69222,,0,,1584596,0,2
152363,447,379390971,GVB:52:69280,Zuid,69280,,0,,1584595,0,2
152363,447,379390972,GVB:52:69011,Noord,69011,,1,,1584594,0,2
152363,447,379390973,GVB:52:69069,Noord,69069,,1,,1584593,0,2
152363,447,379390974,GVB:52:69127,Noord,69127,,1,,1584594,0,2
152363,447,379390975,GVB:52:69169,Noord,69169,,1,,1584593,0,2
152363,447,379390976,GVB:52:69013,Noord,69013,,1,,1584593,0,2
152363,447,379390977,GVB:52:69071,Noord,69071,,1,,1584594,0,2
152363,447,379390978,GVB:52:69227,Noord,69227,,1,,1584594,0,2
152363,447,379390979,GVB:52:69171,Noord,69171,,1,,1584593,0,2
152363,447,379390980,GVB:52:69129,Noord,69129,,1,,1584593,0,2
152363,447,379390981,GVB:52:69285,Noord,69285,,1,,1584594,0,2
152363,447,379390982,GVB:52:69229,Noord,69229,,1,,1584594,0,2
152363,447,379390983,GVB:52:69131,Noord,69131,,1,,1584594,0,2
152363,447,379390984,GVB:52:69287,Noord,69287,,1,,1584593,0,2
152363,447,379390985,GVB:52:69073,Noord,69073,,1,,1584593,0,2
152363,447,379390986,GVB:52:69015,Noord,69015,,1,,1584593,0,2
152363,447,379390987,GVB:52:69017,Noord,69017,,1,,1584593,0,2
152363,447,379390988,GVB:52:69231,Noord,69231,,1,,1584593,0,2
152363,447,379390989,GVB:52:69173,Noord,69173,,1,,1584593,0,2
152363,447,379390990,GVB:52:69341,Noord,69341,,1,,1584593,0,2
152363,447,379390991,GVB:52:69075,Noord,69075,,1,,1584593,0,2
152363,447,379390992,GVB:52:69133,Noord,69133,,1,,1584593,0,2
152363,447,379390993,GVB:52:69289,Noord,69289,,1,,1584593,0,2
152363,447,379390994,GVB:52:69233,Noord,69233,,1,,1584593,0,2
152363,447,379390995,GVB:52:69019,Noord,69019,,1,,1584593,0,2
152363,447,379390996,GVB:52:69343,Noord,69343,,1,,1584593,0,2
152363,447,379390997,GVB:52:69175,Noord,69175,,1,,1584593,0,2
152363,447,379390998,GVB:52:69077,Noord,69077,,1,,1584593,0,2
152363,447,379390999,GVB:52:69291,Noord,69291,,1,,1584593,0,2
152363,447,379391000,GVB:52:69135,Noord,69135,,1,,1584593,0,2
152363,447,379391001,GVB:52:69177,Noord,69177,,1,,1584593,0,2
152363,447,379391002,GVB:52:69235,Noord,69235,,1,,1584593,0,2
152363,447,379391003,GVB:52:69021,Noord,69021,,1,,1584593,0,2
152363,447,379391004,GVB:52:69137,Noord,69137,,1,,1584593,0,2
152363,447,379391005,GVB:52:69293,Noord,69293,,1,,1584594,0,2
152363,447,379391006,GVB:52:69079,Noord,69079,,1,,1584594,0,2
152363,447,379391007,GVB:52:69179,Noord,69179,,1,,1584593,0,2
152363,447,379391008,GVB:52:69345,Noord,69345,,1,,1584593,0,2
152363,447,379391009,GVB:52:69237,Noord,69237,,1,,1584594,0,2
152363,447,379391010,GVB:52:69023,Noord,69023,,1,,1584593,0,2
152363,447,379391011,GVB:52:69347,Noord,69347,,1,,1584594,0,2
152363,447,379391012,GVB:52:69317,Noord,69317,,1,,1584593,0,2
152363,447,379391013,GVB:52:69161,Noord,69161,,1,,1584593,0,2
152363,447,379391014,GVB:52:69103,Noord,69103,,1,,1584593,0,2
152363,447,379391015,GVB:52:69203,Noord,69203,,1,,1584593,0,2
152363,447,379391016,GVB:52:69371,Noord,69371,,1,,1584593,0,2
152363,447,379391017,GVB:52:69101,Noord,69101,,1,,1584593,0,2
152363,447,379391018,GVB:52:69259,Noord,69259,,1,,1584593,0,2
152363,447,379391019,GVB:52:69047,Noord,69047,,1,,1584593,0,2
152363,447,379391020,GVB:52:69369,Noord,69369,,1,,1584593,0,2
152363,447,379391021,GVB:52:69105,Noord,69105,,1,,1584593,0,2
152363,447,379391022,GVB:52:69159,Noord,69159,,1,,1584593,0,2
152363,447,379391023,GVB:52:69045,Noord,69045,,1,,1584593,0,2
152363,447,379391024,GVB:52:69261,Noord,69261,,1,,1584593,0,2
152363,447,379391025,GVB:52:69201,Noord,69201,,1,,1584593,0,2
152363,447,379391026,GVB:52:69043,Noord,69043,,1,,1584593,0,2
152363,447,379391027,GVB:52:69367,Noord,69367,,1,,1584593,0,2
152363,447,379391028,GVB:52:69315,Noord,69315,,1,,1584593,0,2
152363,447,379391029,GVB:52:69163,Noord,69163,,1,,1584593,0,2
152363,447,379391030,GVB:52:69323,Noord,69323,,1,,1584593,0,2
152363,447,379391031,GVB:52:69375,Noord,69375,,1,,1584593,0,2
152363,447,379391032,GVB:52:69051,Noord,69051,,1,,1584594,0,2
152363,447,379391033,GVB:52:69267,Noord,69267,,1,,1584593,0,2
152363,447,379391034,GVB:52:69109,Noord,69109,,1,,1584594,0,2
152363,447,379391035,GVB:52:69209,Noord,69209,,1,,1584594,0,2
152363,447,379391036,GVB:52:69049,Noord,69049,,1,,1584594,0,2
152363,447,379391037,GVB:52:69319,Noord,69319,,1,,1584593,0,2
152363,447,379391038,GVB:52:69205,Noord,69205,,1,,1584593,0,2
152363,447,379391039,GVB:52:69107,Noord,69107,,1,,1584594,0,2
152363,447,379391040,GVB:52:69165,Noord,69165,,1,,1584593,0,2
152363,447,379391041,GVB:52:69321,Noord,69321,,1,,1584593,0,2
152363,447,379391042,GVB:52:69207,Noord,69207,,1,,1584594,0,2
152363,447,379391043,GVB:52:69265,Noord,69265,,1,,1584593,0,2
152363,447,379391044,GVB:52:69263,Noord,69263,,1,,1584593,0,2
152363,447,379391045,GVB:52:69373,Noord,69373,,1,,1584593,0,2
152363,447,379391046,GVB:52:69327,Noord,69327,,1,,1584593,0,2
152363,447,379391047,GVB:52:69211,Noord,69211,,1,,1584594,0,2
152363,447,379391048,GVB:52:69377,Noord,69377,,1,,1584593,0,2
152363,447,379391049,GVB:52:69379,Noord,69379,,1,,1584593,0,2
152363,447,379391050,GVB:52:69269,Noord,69269,,1,,1584593,0,2
152363,447,379391051,GVB:52:69111,Noord,69111,,1,,1584594,0,2
152363,447,379391052,GVB:52:69113,Noord,69113,,1,,1584594,0,2
152363,447,379391053,GVB:52:69055,Noord,69055,,1,,1584594,0,2
152363,447,379391054,GVB:52:69325,Noord,69325,,1,,1584593,0,2
152363,447,379391055,GVB:52:69053,Noord,69053,,1,,1584594,0,2
152363,447,379391056,GVB:52:69213,Noord,69213,,1,,1584594,0,2
152363,447,379391057,GVB:52:69057,Noord,69057,,1,,1584594,0,2
152363,447,379391058,GVB:52:69271,Noord,69271,,1,,1584593,0,2
152363,447,379391059,GVB:52:69381,Noord,69381,,1,,1584593,0,2
152363,447,379391060,GVB:52:69115,Noord,69115,,1,,1584594,0,2
152363,447,379391061,GVB:52:69329,Noord,69329,,1,,1584593,0,2
152363,447,379391062,GVB:52:69215,Noord,69215,,1,,1584594,0,2
152363,447,379391063,GVB:52:69273,Noord,69273,,1,,1584593,0,2
152363,447,379391064,GVB:52:69275,Noord,69275,,1,,1584593,0,2
152363,447,379391065,GVB:52:69061,Noord,69061,,1,,1584594,0,2
152363,447,379391066,GVB:52:69383,Noord,69383,,1,,1584593,0,2
152363,447,379391067,GVB:52:69059,Noord,69059,,1,,1584594,0,2
152363,447,379391068,GVB:52:69117,Noord,69117,,1,,1584594,0,2
152363,447,379391069,GVB:52:69331,Noord,69331,,1,,1584593,0,2
152363,447,379391070,GVB:52:69217,Noord,69217,,1,,1584594,0,2
152363,447,379391071,GVB:52:69385,Noord,69385,,1,,1584593,0,2
152363,447,379391072,GVB:52:69119,Noord,69119,,1,,1584594,0,2
152363,447,379391073,GVB:52:69063,Noord,69063,,1,,1584594,0,2
152363,447,379391074,GVB:52:69333,Noord,69333,,1,,1584593,0,2
152363,447,379391075,GVB:52:69221,Noord,69221,,1,,1584594,0,2
152363,447,379391076,GVB:52:69219,Noord,69219,,1,,1584594,0,2
152363,447,379391077,GVB:52:69121,Noord,69121,,1,,1584594,0,2
152363,447,379391078,GVB:52:69279,Noord,69279,,1,,1584593,0,2
152363,447,379391079,GVB:52:69065,Noord,69065,,1,,1584594,0,2
152363,447,379391080,GVB:52:69389,Noord,69389,,1,,1584593,0,2
152363,447,379391081,GVB:52:69277,Noord,69277,,1,,1584593,0,2
152363,447,379391082,GVB:52:69387,Noord,69387,,1,,1584593,0,2
152363,447,379391083,GVB:52:69335,Noord,69335,,1,,1584593,0,2
152363,447,379391084,GVB:52:69223,Noord,69223,,1,,1584594,0,2
152363,447,379391085,GVB:52:69281,Noord,69281,,1,,1584593,0,2
152363,447,379391086,GVB:52:69123,Noord,69123,,1,,1584594,0,2
152363,447,379391087,GVB:52:69337,Noord,69337,,1,,1584593,0,2
152363,447,379391088,GVB:52:69080,Zuid,69080,,0,,1584596,0,2
152363,447,379391089,GVB:52:69138,Zuid,69138,,0,,1584595,0,2
152363,447,379391090,GVB:52:69294,Zuid,69294,,0,,1584596,0,2
152363,447,379391091,GVB:52:69180,Zuid,69180,,0,,1584595,0,2
152363,447,379391092,GVB:52:69238,Zuid,69238,,0,,1584596,0,2
152363,447,379391093,GVB:52:69024,Zuid,69024,,0,,1584595,0,2
152363,447,379391094,GVB:52:69348,Zuid,69348,,0,,1584596,0,2
152363,447,379391095,GVB:52:69082,Zuid,69082,,0,,1584595,0,2
152363,447,379391096,GVB:52:69140,Zuid,69140,,0,,1584596,0,2
152363,447,379391097,GVB:52:69296,Zuid,69296,,0,,1584595,0,2
152363,447,379391098,GVB:52:69182,Zuid,69182,,0,,1584596,0,2
152363,447,379391099,GVB:52:69240,Zuid,69240,,0,,1584595,0,2
152363,447,379391100,GVB:52:69026,Zuid,69026,,0,,1584596,0,2
152363,447,379391101,GVB:52:69350,Zuid,69350,,0,,1584595,0,2
152363,447,379391102,GVB:52:69084,Zuid,69084,,0,,1584596,0,2
152363,447,379391103,GVB:52:69142,Zuid,69142,,0,,1584595,0,2
152363,447,379391104,GVB:52:69298,Zuid,69298,,0,,1584596,0,2
152363,447,379391105,GVB:52:69184,Zuid,69184,,0,,1584595,0,2
152363,447,379391106,GVB:52:69242,Zuid,69242,,0,,1584596,0,2
152363,447,379391107,GVB:52:69028,Zuid,69028,,0,,1584595,0,2
152363,447,379391108,GVB:52:69352,Zuid,69352,,0,,1584596,0,2
152363,447,379391109,GVB:52:69086,Zuid,69086,,0,,1584595,0,2
152363,447,379391110,GVB:52:69144,Zuid,69144,,0,,1584596,0,2
152363,447,379391111,GVB:52:69300,Zuid,69300,,0,,1584595,0,2
152363,447,379391112,GVB:52:69186,Zuid,69186,,0,,1584596,0,2
152363,447,379391113,GVB:52:69244,Zuid,69244,,0,,1584595,0,2
152363,447,379391114,GVB:52:69030,Zuid,69030,,0,,1584596,0,2
152363,447,379391115,GVB:52:69354,Zuid,69354,,0,,1584595,0,2
152363,447,379391116,GVB:52:69088,Zuid,69088,,0,,1584596,0,2
152363,447,379391117,GVB:52:69146,Zuid,69146,,0,,1584595,0,2
152363,447,379391118,GVB:52:69302,Zuid,69302,,0,,1584596,0,2
152363,447,379391119,GVB:52:69188,Zuid,69188,,0,,1584595,0,2
152363,447,379391120,GVB:52:69246,Zuid,69246,,0,,1584596,0,2
152363,447,379391121,GVB:52:69032,Zuid,69032,,0,,1584595,0,2
152363,447,379391122,GVB:52:69356,Zuid,69356,,0,,1584596,0,2
152363,447,379391123,GVB:52:69090,Zuid,69090,,0,,1584595,0,2
152363,447,379391124,GVB:52:69148,Zuid,69148,,0,,1584596,0,2
152363,447,379391125,GVB:52:69304,Zuid,69304,,0,,1584595,0,2
152363,447,379391126,GVB:52:69190,Zuid,69190,,0,,1584596,0,2
152363,447,379391127,GVB:52:69248,Zuid,69248,,0,,1584595,0,2
152363,447,379391128,GVB:52:69034,Zuid,69034,,0,,1584596,0,2
152363,447,379391129,GVB:52:69358,Zuid,69358,,0,,1584595,0,2
152363,447,379391130,GVB:52:69092,Zuid,69092,,0,,1584596,0,2
152363,447,379391131,GVB:52:69150,Zuid,69150,,0,,1584595,0,2
152363,447,379391132,GVB:52:69306,Zuid,69306,,0,,1584596,0,2
152363,447,379391133,GVB:52:69192,Zuid,69192,,0,,1584595,0,2
152363,447,379391134,GVB:52:69250,Zuid,69250,,0,,1584596,0,2
152363,447,379391135,GVB:52:69036,Zuid,69036,,0,,1584595,0,2
152363,447,379391136,GVB:52:69360,Zuid,69360,,0,,1584596,0,2
152363,447,379391137,GVB:52:69094,Zuid,69094,,0,,1584595,0,2
152363,447,379391138,GVB:52:69152,Zuid,69152,,0,,1584596,0,2
152363,447,379391139,GVB:52:69308,Zuid,69308,,0,,1584595,0,2
152363,447,379391140,GVB:52:69194,Zuid,69194,,0,,1584596,0,2
152363,447,379391141,GVB:52:69252,Zuid,69252,,0,,1584595,0,2
152363,447,379391142,GVB:52:69038,Zuid,69038,,0,,1584596,0,2
152363,447,379391143,GVB:52:69362,Zuid,69362,,0,,1584595,0,2
152363,447,379391144,GVB:52:69096,Zuid,69096,,0,,1584596,0,2
152363,447,379391145,GVB:52:69154,Zuid,69154,,0,,1584595,0,2
152363,447,379391146,GVB:52:69310,Zuid,69310,,0,,1584596,0,2
152363,447,379391147,GVB:52:69196,Zuid,69196,,0,,1584595,0,2
152363,447,379391148,GVB:52:69254,Zuid,69254,,0,,1584596,0,2
152363,447,379391149,GVB:52:69040,Zuid,69040,,0,,1584595,0,2
152363,447,379391150,GVB:52:69364,Zuid,69364,,0,,1584596,0,2
152363,447,379391151,GVB:52:69098,Zuid,69098,,0,,1584595,0,2
152363,447,379391152,GVB:52:69156,Zuid,69156,,0,,1584596,0,2
152363,447,379391153,GVB:52:69312,Zuid,69312,,0,,1584595,0,2
152363,447,379391154,GVB:52:69198,Zuid,69198,,0,,1584596,0,2
152363,447,379391155,GVB:52:69081,Noord,69081,,1,,1584593,0,2
152363,447,379391156,GVB:52:69139,Noord,69139,,1,,1584594,0,2
152363,447,379391157,GVB:52:69295,Noord,69295,,1,,1584593,0,2
152363,447,379391158,GVB:52:69181,Noord,69181,,1,,1584594,0,2
152363,447,379391159,GVB:52:69239,Noord,69239,,1,,1584593,0,2
152363,447,379391160,GVB:52:69025,Noord,69025,,1,,1584594,0,2
152363,447,379391161,GVB:52:69349,Noord,69349,,1,,1584593,0,2
152363,447,379391162,GVB:52:69083,Noord,69083,,1,,1584594,0,2
152363,447,379391163,GVB:52:69141,Noord,69141,,1,,1584593,0,2
152363,447,379391164,GVB:52:69297,Noord,69297,,1,,1584594,0,2
152363,447,379391165,GVB:52:69183,Noord,69183,,1,,1584593,0,2
152363,447,379391166,GVB:52:69241,Noord,69241,,1,,1584594,0,2
152363,447,379391167,GVB:52:69027,Noord,69027,,1,,1584593,0,2
152363,447,379391168,GVB:52:69351,Noord,69351,,1,,1584594,0,2
152363,447,379391169,GVB:52:69085,Noord,69085,,1,,1584593,0,2
152363,447,379391170,GVB:52:69143,Noord,69143,,1,,1584594,0,2
152363,447,379391171,GVB:52:69299,Noord,69299,,1,,1584593,0,2
152363,447,379391172,GVB:52:69185,Noord,69185,,1,,1584594,0,2
152363,447,379391173,GVB:52:69243,Noord,69243,,1,,1584593,0,2
152363,447,379391174,GVB:52:69029,Noord,69029,,1,,1584594,0,2
152363,447,379391175,GVB:52:69353,Noord,69353,,1,,1584593,0,2
152363,447,379391176,GVB:52:69087,Noord,69087,,1,,1584594,0,2
152363,447,379391177,GVB:52:69145,Noord,69145,,1,,1584593,0,2
152363,447,379391178,GVB:52:69301,Noord,69301,,1,,1584594,0,2
152363,447,379391179,GVB:52:69187,Noord,69187,,1,,1584593,0,2
152363,447,379391180,GVB:52:69245,Noord,69245,,1,,1584594,0,2
152363,447,379391181,GVB:52:69031,Noord,69031,,1,,1584593,0,2
152363,447,379391182,GVB:52:69355,Noord,69355,,1,,1584594,0,2
152363,447,379391183,GVB:52:69089,Noord,69089,,1,,1584593,0,2
152363,447,379391184,GVB:52:69147,Noord,69147,,1,,1584594,0,2
152363,447,379391185,GVB:52:69303,Noord,69303,,1,,1584593,0,2
152363,447,379391186,GVB:52:69189,Noord,69189,,1,,1584594,0,2
152363,447,379391187,GVB:52:69247,Noord,69247,,1,,1584593,0,2
152363,447,379391188,GVB:52:69033,Noord,69033,,1,,1584594,0,2
152363,447,379391189,GVB:52:69357,Noord,69357,,1,,1584593,0,2
152363,447,379391190,GVB:52:69091,Noord,69091,,1,,1584594,0,2
152363,447,379391191,GVB:52:69149,Noord,69149,,1,,1584593,0,2
152363,447,379391192,GVB:52:69305,Noord,69305,,1,,1584594,0,2
152363,447,379391193,GVB:52:69191,Noord,69191,,1,,1584593,0,2
152363,447,379391194,GVB:52:69249,Noord,69249,,1,,1584594,0,2
152363,447,379391195,GVB:52:69035,Noord,69035,,1,,1584593,0,2
152363,447,379391196,GVB:52:69359,Noord,69359,,1,,1584594,0,2
152363,447,379391197,GVB:52:69093,Noord,69093,,1,,1584593,0,2
152363,447,379391198,GVB:52:69151,Noord,69151,,1,,1584594,0,2
152363,447,379391199,GVB:52:69307,Noord,69307,,1,,1584593,0,2
152363,447,379391200,GVB:52:69193,Noord,69193,,1,,1584594,0,2
152363,447,379391201,GVB:52:69251,Noord,69251,,1,,1584593,0,2
152363,447,379391202,GVB:52:69037,Noord,69037,,1,,1584594,0,2
152363,447,379391203,GVB:52:69361,Noord,69361,,1,,1584593,0,2
152363,447,379391204,GVB:52:69095,Noord,69095,,1,,1584594,0,2
152363,447,379391205,GVB:52:69153,Noord,69153,,1,,1584593,0,2
152363,447,379391206,GVB:52:69309,Noord,69309,,1,,1584594,0,2
152363,447,379391207,GVB:52:69195,Noord,69195,,1,,1584593,0,2
152363,447,379391208,GVB:52:69253,Noord,69253,,1,,1584594,0,2
152363,447,379391209,GVB:52:69039,Noord,69039,,1,,1584593,0,2
152363,447,379391210,GVB:52:69363,Noord,69363,,1,,1584594,0,2
152363,447,379391211,GVB:52:69097,Noord,69097,,1,,1584593,0,2
152363,447,379391212,GVB:52:69155,Noord,69155,,1,,1584594,0,2
152363,447,379391213,GVB:52:69311,Noord,69311,,1,,1584593,0,2
152363,447,379391214,GVB:52:69197,Noord,69197,,1,,1584594,0,2
152363,447,379391215,GVB:52:69255,Noord,69255,,1,,1584593,0,2
152363,447,379391216,GVB:52:69041,Noord,69041,,1,,1584594,0,2
152363,447,379391217,GVB:52:69365,Noord,69365,,1,,1584593,0,2
152363,447,379391218,GVB:52:69099,Noord,69099,,1,,1584594,0,2
152363,447,379391219,GVB:52:69157,Noord,69157,,1,,1584593,0,2
152363,447,379391220,GVB:52:69313,Noord,69313,,1,,1584594,0,2
152363,447,379391221,GVB:52:69199,Noord,69199,,1,,1584593,0,2
152363,447,379391222,GVB:52:69257,Noord,69257,,1,,1584593,0,2
152363,1469,379391223,GVB:52:66450,Zuid,66450,,0,,1584595,0,2
152363,1469,379391224,GVB:52:66508,Zuid,66508,,0,,1584595,0,2
152363,1469,379391225,GVB:52:66566,Zuid,66566,,0,,1584596,0,2
152363,1469,379391226,GVB:52:66608,Zuid,66608,,0,,1584595,0,2
152363,1469,379391227,GVB:52:66666,Zuid,66666,,0,,1584595,0,2
152363,1469,379391228,GVB:52:66452,Zuid,66452,,0,,1584596,0,2
152363,1469,379391229,GVB:52:66510,Zuid,66510,,0,,1584595,0,2
152363,1469,379391230,GVB:52:66568,Zuid,66568,,0,,1584596,0,2
152363,1469,379391231,GVB:52:66724,Zuid,66724,,0,,1584596,0,2
152363,1469,379391232,GVB:52:66610,Zuid,66610,,0,,1584595,0,2
152363,1469,379391233,GVB:52:66668,Zuid,66668,,0,,1584596,0,2
152363,1469,379391234,GVB:52:66454,Zuid,66454,,0,,1584595,0,2
152363,1469,379391235,GVB:52:66512,Zuid,66512,,0,,1584596,0,2
152363,1469,379391236,GVB:52:66570,Zuid,66570,,0,,1584595,0,2
152363,1469,379391237,GVB:52:66726,Zuid,66726,,0,,1584596,0,2
152363,1469,379391238,GVB:52:66612,Zuid,66612,,0,,1584595,0,2
152363,1469,379391239,GVB:52:66670,Zuid,66670,,0,,1584596,0,2
152363,1469,379391240,GVB:52:66456,Zuid,66456,,0,,1584595,0,2
152363,1469,379391241,GVB:52:66780,Zuid,66780,,0,,1584596,0,2
152363,1469,379391242,GVB:52:66514,Zuid,66514,,0,,1584595,0,2
152363,1469,379391243,GVB:52:66572,Zuid,66572,,0,,1584596,0,2
152363,1469,379391244,GVB:52:66728,Zuid,66728,,0,,1584595,0,2
152363,1469,379391245,GVB:52:66614,Zuid,66614,,0,,1584595,0,2
152363,1469,379391246,GVB:52:66672,Zuid,66672,,0,,1584595,0,2
152363,1469,379391247,GVB:52:66458,Zuid,66458,,0,,1584595,0,2
152363,1469,379391248,GVB:52:66782,Zuid,66782,,0,,1584595,0,2
152363,1469,379391249,GVB:52:66516,Zuid,66516,,0,,1584595,0,2
152363,1469,379391250,GVB:52:66574,Zuid,66574,,0,,1584595,0,2
152363,1469,379391251,GVB:52:66730,Zuid,66730,,0,,1584595,0,2
152363,1469,379391252,GVB:52:66616,Zuid,66616,,0,,1584595,0,2
152363,1469,379391253,GVB:52:66674,Zuid,66674,,0,,1584595,0,2
152363,1469,379391254,GVB:52:66460,Zuid,66460,,0,,1584595,0,2
152363,1469,379391255,GVB:52:66784,Zuid,66784,,0,,1584595,0,2
152363,1469,379391256,GVB:52:66518,Zuid,66518,,0,,1584595,0,2
152363,1469,379391257,GVB:52:66576,Zuid,66576,,0,,1584595,0,2
152363,1469,379391258,GVB:52:66732,Zuid,66732,,0,,1584595,0,2
152363,1469,379391259,GVB:52:66618,Zuid,66618,,0,,1584595,0,2
152363,1469,379391260,GVB:52:66676,Zuid,66676,,0,,1584595,0,2
152363,1469,379391261,GVB:52:66462,Zuid,66462,,0,,1584595,0,2
152363,1469,379391262,GVB:52:66786,Zuid,66786,,0,,1584595,0,2
152363,1469,379391263,GVB:52:66696,Zuid,66696,,0,,1584595,0,2
152363,1469,379391264,GVB:52:66482,Zuid,66482,,0,,1584596,0,2
152363,1469,379391265,GVB:52:66806,Zuid,66806,,0,,1584595,0,2
152363,1469,379391266,GVB:52:66540,Zuid,66540,,0,,1584596,0,2
152363,1469,379391267,GVB:52:66598,Zuid,66598,,0,,1584595,0,2
152363,1469,379391268,GVB:52:66754,Zuid,66754,,0,,1584596,0,2
152363,1469,379391269,GVB:52:66640,Zuid,66640,,0,,1584595,0,2
152363,1469,379391270,GVB:52:66698,Zuid,66698,,0,,1584595,0,2
152363,1469,379391271,GVB:52:66484,Zuid,66484,,0,,1584595,0,2
152363,1469,379391272,GVB:52:66808,Zuid,66808,,0,,1584595,0,2
152363,1469,379391273,GVB:52:66542,Zuid,66542,,0,,1584595,0,2
152363,1469,379391274,GVB:52:66600,Zuid,66600,,0,,1584595,0,2
152363,1469,379391275,GVB:52:66756,Zuid,66756,,0,,1584595,0,2
152363,1469,379391276,GVB:52:66642,Zuid,66642,,0,,1584595,0,2
152363,1469,379391277,GVB:52:66700,Zuid,66700,,0,,1584595,0,2
152363,1469,379391278,GVB:52:66486,Zuid,66486,,0,,1584595,0,2
152363,1469,379391279,GVB:52:66810,Zuid,66810,,0,,1584595,0,2
152363,1469,379391280,GVB:52:66544,Zuid,66544,,0,,1584595,0,2
152363,1469,379391281,GVB:52:66602,Zuid,66602,,0,,1584595,0,2
152363,1469,379391282,GVB:52:66758,Zuid,66758,,0,,1584595,0,2
152363,1469,379391283,GVB:52:66644,Zuid,66644,,0,,1584595,0,2
152363,1469,379391284,GVB:52:66702,Zuid,66702,,0,,1584595,0,2
152363,1469,379391285,GVB:52:66488,Zuid,66488,,0,,1584595,0,2
152363,1469,379391286,GVB:52:66812,Zuid,66812,,0,,1584595,0,2
152363,1469,379391287,GVB:52:66546,Zuid,66546,,0,,1584595,0,2
152363,1469,379391288,GVB:52:66604,Zuid,66604,,0,,1584595,0,2
152363,1469,379391289,GVB:52:66760,Zuid,66760,,0,,1584595,0,2
152363,1469,379391290,GVB:52:66646,Zuid,66646,,0,,1584595,0,2
152363,1469,379391291,GVB:52:66704,Zuid,66704,,0,,1584595,0,2
152363,1469,379391292,GVB:52:66490,Zuid,66490,,0,,1584596,0,2
152363,1469,379391293,GVB:52:66814,Zuid,66814,,0,,1584595,0,2
152363,1469,379391294,GVB:52:66548,Zuid,66548,,0,,1584596,0,2
152363,1469,379391295,GVB:52:66762,Zuid,66762,,0,,1584595,0,2
152363,1469,379391296,GVB:52:66648,Zuid,66648,,0,,1584596,0,2
152363,1469,379391297,GVB:52:66706,Zuid,66706,,0,,1584595,0,2
152363,1469,379391298,GVB:52:66492,Zuid,66492,,0,,1584596,0,2
152363,1469,379391299,GVB:52:66816,Zuid,66816,,0,,1584595,0,2
152363,1469,379391300,GVB:52:66550,Zuid,66550,,0,,1584596,0,2
152363,1469,379391301,GVB:52:66764,Zuid,66764,,0,,1584595,0,2
152363,1469,379391302,GVB:52:66650,Zuid,66650,,0,,1584596,0,2
152363,1469,379391303,GVB:52:66708,Zuid,66708,,0,,1584595,0,2
152363,1469,379391304,GVB:52:66494,Zuid,66494,,0,,1584596,0,2
152363,1469,379391305,GVB:52:66818,Zuid,66818,,0,,1584595,0,2
152363,1469,379391306,GVB:52:66552,Zuid,66552,,0,,1584596,0,2
152363,1469,379391307,GVB:52:66766,Zuid,66766,,0,,1584595,0,2
152363,1469,379391308,GVB:52:66652,Zuid,66652,,0,,1584596,0,2
152363,1469,379391309,GVB:52:66710,Zuid,66710,,0,,1584595,0,2
152363,1469,379391310,GVB:52:66496,Zuid,66496,,0,,1584596,0,2
152363,1469,379391311,GVB:52:66820,Zuid,66820,,0,,1584595,0,2
152363,1469,379391312,GVB:52:66554,Zuid,66554,,0,,1584596,0,2
152363,1469,379391313,GVB:52:66768,Zuid,66768,,0,,1584595,0,2
152363,1469,379391314,GVB:52:66654,Zuid,66654,,0,,1584596,0,2
152363,1469,379391315,GVB:52:66712,Zuid,66712,,0,,1584595,0,2
152363,1469,379391316,GVB:52:66498,Zuid,66498,,0,,1584596,0,2
152363,1469,379391317,GVB:52:66822,Zuid,66822,,0,,1584595,0,2
152363,1469,379391318,GVB:52:66556,Zuid,66556,,0,,1584596,0,2
152363,1469,379391319,GVB:52:66770,Zuid,66770,,0,,1584595,0,2
152363,1469,379391320,GVB:52:66656,Zuid,66656,,0,,1584596,0,2
152363,1469,379391321,GVB:52:66714,Zuid,66714,,0,,1584595,0,2
152363,1469,379391322,GVB:52:66500,Zuid,66500,,0,,1584596,0,2
152363,1469,379391323,GVB:52:66824,Zuid,66824,,0,,1584595,0,2
152363,1469,379391324,GVB:52:66558,Zuid,66558,,0,,1584596,0,2
152363,1469,379391325,GVB:52:66772,Zuid,66772,,0,,1584595,0,2
152363,1469,379391326,GVB:52:66658,Zuid,66658,,0,,1584596,0,2
152363,1469,379391327,GVB:52:66716,Zuid,66716,,0,,1584595,0,2
152363,1469,379391328,GVB:52:66502,Zuid,66502,,0,,1584596,0,2
152363,1469,379391329,GVB:52:66826,Zuid,66826,,0,,1584595,0,2
152363,1469,379391330,GVB:52:66560,Zuid,66560,,0,,1584596,0,2
152363,1469,379391331,GVB:52:66774,Zuid,66774,,0,,1584595,0,2
152363,1469,379391332,GVB:52:66660,Zuid,66660,,0,,1584596,0,2
152363,1469,379391333,GVB:52:66718,Zuid,66718,,0,,1584595,0,2
152363,1469,379391334,GVB:52:66504,Zuid,66504,,0,,1584596,0,2
152363,1469,379391335,GVB:52:66828,Zuid,66828,,0,,1584595,0,2
152363,1469,379391336,GVB:52:66562,Zuid,66562,,0,,1584596,0,2
152363,1469,379391337,GVB:52:66776,Zuid,66776,,0,,1584595,0,2
152363,1469,379391338,GVB:52:66662,Zuid,66662,,0,,1584596,0,2
152363,1469,379391339,GVB:52:66720,Zuid,66720,,0,,1584595,0,2
152363,1469,379391340,GVB:52:66451,Noord,66451,,1,,1584594,0,2
152363,1469,379391341,GVB:52:66509,Noord,66509,,1,,1584593,0,2
152363,1469,379391342,GVB:52:66567,Noord,66567,,1,,1584594,0,2
152363,1469,379391343,GVB:52:66609,Noord,66609,,1,,1584593,0,2
152363,1469,379391344,GVB:52:66453,Noord,66453,,1,,1584593,0,2
152363,1469,379391345,GVB:52:66511,Noord,66511,,1,,1584594,0,2
152363,1469,379391346,GVB:52:66667,Noord,66667,,1,,1584594,0,2
152363,1469,379391347,GVB:52:66611,Noord,66611,,1,,1584593,0,2
152363,1469,379391348,GVB:52:66569,Noord,66569,,1,,1584593,0,2
152363,1469,379391349,GVB:52:66725,Noord,66725,,1,,1584594,0,2
152363,1469,379391350,GVB:52:66669,Noord,66669,,1,,1584594,0,2
152363,1469,379391351,GVB:52:66571,Noord,66571,,1,,1584594,0,2
152363,1469,379391352,GVB:52:66727,Noord,66727,,1,,1584593,0,2
152363,1469,379391353,GVB:52:66513,Noord,66513,,1,,1584593,0,2
152363,1469,379391354,GVB:52:66455,Noord,66455,,1,,1584593,0,2
152363,1469,379391355,GVB:52:66457,Noord,66457,,1,,1584593,0,2
152363,1469,379391356,GVB:52:66671,Noord,66671,,1,,1584593,0,2
152363,1469,379391357,GVB:52:66613,Noord,66613,,1,,1584593,0,2
152363,1469,379391358,GVB:52:66781,Noord,66781,,1,,1584593,0,2
152363,1469,379391359,GVB:52:66515,Noord,66515,,1,,1584593,0,2
152363,1469,379391360,GVB:52:66573,Noord,66573,,1,,1584593,0,2
152363,1469,379391361,GVB:52:66729,Noord,66729,,1,,1584593,0,2
152363,1469,379391362,GVB:52:66673,Noord,66673,,1,,1584593,0,2
152363,1469,379391363,GVB:52:66459,Noord,66459,,1,,1584593,0,2
152363,1469,379391364,GVB:52:66783,Noord,66783,,1,,1584593,0,2
152363,1469,379391365,GVB:52:66615,Noord,66615,,1,,1584593,0,2
152363,1469,379391366,GVB:52:66517,Noord,66517,,1,,1584593,0,2
152363,1469,379391367,GVB:52:66731,Noord,66731,,1,,1584593,0,2
152363,1469,379391368,GVB:52:66575,Noord,66575,,1,,1584593,0,2
152363,1469,379391369,GVB:52:66617,Noord,66617,,1,,1584593,0,2
152363,1469,379391370,GVB:52:66675,Noord,66675,,1,,1584593,0,2
152363,1469,379391371,GVB:52:66461,Noord,66461,,1,,1584593,0,2
152363,1469,379391372,GVB:52:66577,Noord,66577,,1,,1584593,0,2
152363,1469,379391373,GVB:52:66733,Noord,66733,,1,,1584594,0,2
152363,1469,379391374,GVB:52:66519,Noord,66519,,1,,1584594,0,2
152363,1469,379391375,GVB:52:66619,Noord,66619,,1,,1584593,0,2
152363,1469,379391376,GVB:52:66785,Noord,66785,,1,,1584593,0,2
152363,1469,379391377,GVB:52:66677,Noord,66677,,1,,1584594,0,2
152363,1469,379391378,GVB:52:66463,Noord,66463,,1,,1584593,0,2
152363,1469,379391379,GVB:52:66787,Noord,66787,,1,,1584594,0,2
152363,1469,379391380,GVB:52:66757,Noord,66757,,1,,1584593,0,2
152363,1469,379391381,GVB:52:66601,Noord,66601,,1,,1584593,0,2
152363,1469,379391382,GVB:52:66543,Noord,66543,,1,,1584593,0,2
152363,1469,379391383,GVB:52:66643,Noord,66643,,1,,1584593,0,2
152363,1469,379391384,GVB:52:66811,Noord,66811,,1,,1584593,0,2
152363,1469,379391385,GVB:52:66541,Noord,66541,,1,,1584593,0,2
152363,1469,379391386,GVB:52:66699,Noord,66699,,1,,1584593,0,2
152363,1469,379391387,GVB:52:66487,Noord,66487,,1,,1584593,0,2
152363,1469,379391388,GVB:52:66809,Noord,66809,,1,,1584593,0,2
152363,1469,379391389,GVB:52:66545,Noord,66545,,1,,1584593,0,2
152363,1469,379391390,GVB:52:66599,Noord,66599,,1,,1584593,0,2
152363,1469,379391391,GVB:52:66485,Noord,66485,,1,,1584593,0,2
152363,1469,379391392,GVB:52:66701,Noord,66701,,1,,1584593,0,2
152363,1469,379391393,GVB:52:66641,Noord,66641,,1,,1584593,0,2
152363,1469,379391394,GVB:52:66483,Noord,66483,,1,,1584593,0,2
152363,1469,379391395,GVB:52:66807,Noord,66807,,1,,1584593,0,2
152363,1469,379391396,GVB:52:66755,Noord,66755,,1,,1584593,0,2
152363,1469,379391397,GVB:52:66603,Noord,66603,,1,,1584593,0,2
152363,1469,379391398,GVB:52:66763,Noord,66763,,1,,1584593,0,2
152363,1469,379391399,GVB:52:66815,Noord,66815,,1,,1584593,0,2
152363,1469,379391400,GVB:52:66491,Noord,66491,,1,,1584594,0,2
152363,1469,379391401,GVB:52:66707,Noord,66707,,1,,1584593,0,2
152363,1469,379391402,GVB:52:66549,Noord,66549,,1,,1584594,0,2
152363,1469,379391403,GVB:52:66649,Noord,66649,,1,,1584594,0,2
152363,1469,379391404,GVB:52:66489,Noord,66489,,1,,1584594,0,2
152363,1469,379391405,GVB:52:66759,Noord,66759,,1,,1584593,0,2
152363,1469,379391406,GVB:52:66645,Noord,66645,,1,,1584593,0,2
152363,1469,379391407,GVB:52:66547,Noord,66547,,1,,1584594,0,2
152363,1469,379391408,GVB:52:66605,Noord,66605,,1,,1584593,0,2
152363,1469,379391409,GVB:52:66761,Noord,66761,,1,,1584593,0,2
152363,1469,379391410,GVB:52:66647,Noord,66647,,1,,1584594,0,2
152363,1469,379391411,GVB:52:66705,Noord,66705,,1,,1584593,0,2
152363,1469,379391412,GVB:52:66703,Noord,66703,,1,,1584593,0,2
152363,1469,379391413,GVB:52:66813,Noord,66813,,1,,1584593,0,2
152363,1469,379391414,GVB:52:66767,Noord,66767,,1,,1584593,0,2
152363,1469,379391415,GVB:52:66651,Noord,66651,,1,,1584594,0,2
152363,1469,379391416,GVB:52:66817,Noord,66817,,1,,1584593,0,2
152363,1469,379391417,GVB:52:66819,Noord,66819,,1,,1584593,0,2
152363,1469,379391418,GVB:52:66709,Noord,66709,,1,,1584593,0,2
152363,1469,379391419,GVB:52:66551,Noord,66551,,1,,1584594,0,2
152363,1469,379391420,GVB:52:66553,Noord,66553,,1,,1584594,0,2
152363,1469,379391421,GVB:52:66495,Noord,66495,,1,,1584594,0,2
152363,1469,379391422,GVB:52:66765,Noord,66765,,1,,1584593,0,2
152363,1469,379391423,GVB:52:66493,Noord,66493,,1,,1584594,0,2
152363,1469,379391424,GVB:52:66653,Noord,66653,,1,,1584594,0,2
152363,1469,379391425,GVB:52:66497,Noord,66497,,1,,1584594,0,2
152363,1469,379391426,GVB:52:66711,Noord,66711,,1,,1584593,0,2
152363,1469,379391427,GVB:52:66821,Noord,66821,,1,,1584593,0,2
152363,1469,379391428,GVB:52:66555,Noord,66555,,1,,1584594,0,2
152363,1469,379391429,GVB:52:66769,Noord,66769,,1,,1584593,0,2
152363,1469,379391430,GVB:52:66655,Noord,66655,,1,,1584594,0,2
152363,1469,379391431,GVB:52:66713,Noord,66713,,1,,1584593,0,2
152363,1469,379391432,GVB:52:66715,Noord,66715,,1,,1584593,0,2
152363,1469,379391433,GVB:52:66501,Noord,66501,,1,,1584594,0,2
152363,1469,379391434,GVB:52:66823,Noord,66823,,1,,1584593,0,2
152363,1469,379391435,GVB:52:66499,Noord,66499,,1,,1584594,0,2
152363,1469,379391436,GVB:52:66557,Noord,66557,,1,,1584594,0,2
152363,1469,379391437,GVB:52:66771,Noord,66771,,1,,1584593,0,2
152363,1469,379391438,GVB:52:66657,Noord,66657,,1,,1584594,0,2
152363,1469,379391439,GVB:52:66825,Noord,66825,,1,,1584593,0,2
152363,1469,379391440,GVB:52:66559,Noord,66559,,1,,1584594,0,2
152363,1469,379391441,GVB:52:66503,Noord,66503,,1,,1584594,0,2
152363,1469,379391442,GVB:52:66773,Noord,66773,,1,,1584593,0,2
152363,1469,379391443,GVB:52:66661,Noord,66661,,1,,1584594,0,2
152363,1469,379391444,GVB:52:66659,Noord,66659,,1,,1584594,0,2
152363,1469,379391445,GVB:52:66561,Noord,66561,,1,,1584594,0,2
152363,1469,379391446,GVB:52:66719,Noord,66719,,1,,1584593,0,2
152363,1469,379391447,GVB:52:66505,Noord,66505,,1,,1584594,0,2
152363,1469,379391448,GVB:52:66829,Noord,66829,,1,,1584593,0,2
152363,1469,379391449,GVB:52:66717,Noord,66717,,1,,1584593,0,2
152363,1469,379391450,GVB:52:66827,Noord,66827,,1,,1584593,0,2
152363,1469,379391451,GVB:52:66775,Noord,66775,,1,,1584593,0,2
152363,1469,379391452,GVB:52:66663,Noord,66663,,1,,1584594,0,2
152363,1469,379391453,GVB:52:66721,Noord,66721,,1,,1584593,0,2
152363,1469,379391454,GVB:52:66563,Noord,66563,,1,,1584594,0,2
152363,1469,379391455,GVB:52:66777,Noord,66777,,1,,1584593,0,2
152363,1469,379391456,GVB:52:66520,Zuid,66520,,0,,1584596,0,2
152363,1469,379391457,GVB:52:66578,Zuid,66578,,0,,1584595,0,2
152363,1469,379391458,GVB:52:66734,Zuid,66734,,0,,1584596,0,2
152363,1469,379391459,GVB:52:66620,Zuid,66620,,0,,1584595,0,2
152363,1469,379391460,GVB:52:66678,Zuid,66678,,0,,1584596,0,2
152363,1469,379391461,GVB:52:66464,Zuid,66464,,0,,1584595,0,2
152363,1469,379391462,GVB:52:66788,Zuid,66788,,0,,1584596,0,2
152363,1469,379391463,GVB:52:66522,Zuid,66522,,0,,1584595,0,2
152363,1469,379391464,GVB:52:66580,Zuid,66580,,0,,1584596,0,2
152363,1469,379391465,GVB:52:66736,Zuid,66736,,0,,1584595,0,2
152363,1469,379391466,GVB:52:66622,Zuid,66622,,0,,1584596,0,2
152363,1469,379391467,GVB:52:66680,Zuid,66680,,0,,1584595,0,2
152363,1469,379391468,GVB:52:66466,Zuid,66466,,0,,1584596,0,2
152363,1469,379391469,GVB:52:66790,Zuid,66790,,0,,1584595,0,2
152363,1469,379391470,GVB:52:66524,Zuid,66524,,0,,1584596,0,2
152363,1469,379391471,GVB:52:66582,Zuid,66582,,0,,1584595,0,2
152363,1469,379391472,GVB:52:66738,Zuid,66738,,0,,1584596,0,2
152363,1469,379391473,GVB:52:66624,Zuid,66624,,0,,1584595,0,2
152363,1469,379391474,GVB:52:66682,Zuid,66682,,0,,1584596,0,2
152363,1469,379391475,GVB:52:66468,Zuid,66468,,0,,1584595,0,2
152363,1469,379391476,GVB:52:66792,Zuid,66792,,0,,1584596,0,2
152363,1469,379391477,GVB:52:66526,Zuid,66526,,0,,1584595,0,2
152363,1469,379391478,GVB:52:66584,Zuid,66584,,0,,1584596,0,2
152363,1469,379391479,GVB:52:66740,Zuid,66740,,0,,1584595,0,2
152363,1469,379391480,GVB:52:66626,Zuid,66626,,0,,1584596,0,2
152363,1469,379391481,GVB:52:66684,Zuid,66684,,0,,1584595,0,2
152363,1469,379391482,GVB:52:66470,Zuid,66470,,0,,1584596,0,2
152363,1469,379391483,GVB:52:66794,Zuid,66794,,0,,1584595,0,2
152363,1469,379391484,GVB:52:66528,Zuid,66528,,0,,1584596,0,2
152363,1469,379391485,GVB:52:66586,Zuid,66586,,0,,1584595,0,2
152363,1469,379391486,GVB:52:66742,Zuid,66742,,0,,1584596,0,2
152363,1469,379391487,GVB:52:66628,Zuid,66628,,0,,1584595,0,2
152363,1469,379391488,GVB:52:66686,Zuid,66686,,0,,1584596,0,2
152363,1469,379391489,GVB:52:66472,Zuid,66472,,0,,1584595,0,2
152363,1469,379391490,GVB:52:66796,Zuid,66796,,0,,1584596,0,2
152363,1469,379391491,GVB:52:66530,Zuid,66530,,0,,1584595,0,2
152363,1469,379391492,GVB:52:66588,Zuid,66588,,0,,1584596,0,2
152363,1469,379391493,GVB:52:66744,Zuid,66744,,0,,1584595,0,2
152363,1469,379391494,GVB:52:66630,Zuid,66630,,0,,1584596,0,2
152363,1469,379391495,GVB:52:66688,Zuid,66688,,0,,1584595,0,2
152363,1469,379391496,GVB:52:66474,Zuid,66474,,0,,1584596,0,2
152363,1469,379391497,GVB:52:66798,Zuid,66798,,0,,1584595,0,2
152363,1469,379391498,GVB:52:66532,Zuid,66532,,0,,1584596,0,2
152363,1469,379391499,GVB:52:66590,Zuid,66590,,0,,1584595,0,2
152363,1469,379391500,GVB:52:66746,Zuid,66746,,0,,1584596,0,2
152363,1469,379391501,GVB:52:66632,Zuid,66632,,0,,1584595,0,2
152363,1469,379391502,GVB:52:66690,Zuid,66690,,0,,1584596,0,2
152363,1469,379391503,GVB:52:66476,Zuid,66476,,0,,1584595,0,2
152363,1469,379391504,GVB:52:66800,Zuid,66800,,0,,1584596,0,2
152363,1469,379391505,GVB:52:66534,Zuid,66534,,0,,1584595,0,2
152363,1469,379391506,GVB:52:66592,Zuid,66592,,0,,1584596,0,2
152363,1469,379391507,GVB:52:66748,Zuid,66748,,0,,1584595,0,2
152363,1469,379391508,GVB:52:66634,Zuid,66634,,0,,1584596,0,2
152363,1469,379391509,GVB:52:66692,Zuid,66692,,0,,1584595,0,2
152363,1469,379391510,GVB:52:66478,Zuid,66478,,0,,1584596,0,2
152363,1469,379391511,GVB:52:66802,Zuid,66802,,0,,1584595,0,2
152363,1469,379391512,GVB:52:66536,Zuid,66536,,0,,1584596,0,2
152363,1469,379391513,GVB:52:66594,Zuid,66594,,0,,1584595,0,2
152363,1469,379391514,GVB:52:66750,Zuid,66750,,0,,1584596,0,2
152363,1469,379391515,GVB:52:66636,Zuid,66636,,0,,1584595,0,2
152363,1469,379391516,GVB:52:66694,Zuid,66694,,0,,1584596,0,2
152363,1469,379391517,GVB:52:66480,Zuid,66480,,0,,1584595,0,2
152363,1469,379391518,GVB:52:66804,Zuid,66804,,0,,1584596,0,2
152363,1469,379391519,GVB:52:66538,Zuid,66538,,0,,1584595,0,2
152363,1469,379391520,GVB:52:66596,Zuid,66596,,0,,1584596,0,2
152363,1469,379391521,GVB:52:66752,Zuid,66752,,0,,1584595,0,2
152363,1469,379391522,GVB:52:66638,Zuid,66638,,0,,1584596,0,2
152363,1469,379391523,GVB:52:66521,Noord,66521,,1,,1584593,0,2
152363,1469,379391524,GVB:52:66579,Noord,66579,,1,,1584594,0,2
152363,1469,379391525,GVB:52:66735,Noord,66735,,1,,1584593,0,2
152363,1469,379391526,GVB:52:66621,Noord,66621,,1,,1584594,0,2
152363,1469,379391527,GVB:52:66679,Noord,66679,,1,,1584593,0,2
152363,1469,379391528,GVB:52:66465,Noord,66465,,1,,1584594,0,2
152363,1469,379391529,GVB:52:66789,Noord,66789,,1,,1584593,0,2
152363,1469,379391530,GVB:52:66523,Noord,66523,,1,,1584594,0,2
152363,1469,379391531,GVB:52:66581,Noord,66581,,1,,1584593,0,2
152363,1469,379391532,GVB:52:66737,Noord,66737,,1,,1584594,0,2
152363,1469,379391533,GVB:52:66623,Noord,66623,,1,,1584593,0,2
152363,1469,379391534,GVB:52:66681,Noord,66681,,1,,1584594,0,2
152363,1469,379391535,GVB:52:66467,Noord,66467,,1,,1584593,0,2
152363,1469,379391536,GVB:52:66791,Noord,66791,,1,,1584594,0,2
152363,1469,379391537,GVB:52:66525,Noord,66525,,1,,1584593,0,2
152363,1469,379391538,GVB:52:66583,Noord,66583,,1,,1584594,0,2
152363,1469,379391539,GVB:52:66739,Noord,66739,,1,,1584593,0,2
152363,1469,379391540,GVB:52:66625,Noord,66625,,1,,1584594,0,2
152363,1469,379391541,GVB:52:66683,Noord,66683,,1,,1584593,0,2
152363,1469,379391542,GVB:52:66469,Noord,66469,,1,,1584594,0,2
152363,1469,379391543,GVB:52:66793,Noord,66793,,1,,1584593,0,2
152363,1469,379391544,GVB:52:66527,Noord,66527,,1,,1584594,0,2
152363,1469,379391545,GVB:52:66585,Noord,66585,,1,,1584593,0,2
152363,1469,379391546,GVB:52:66741,Noord,66741,,1,,1584594,0,2
152363,1469,379391547,GVB:52:66627,Noord,66627,,1,,1584593,0,2
152363,1469,379391548,GVB:52:66685,Noord,66685,,1,,1584594,0,2
152363,1469,379391549,GVB:52:66471,Noord,66471,,1,,1584593,0,2
152363,1469,379391550,GVB:52:66795,Noord,66795,,1,,1584594,0,2
152363,1469,379391551,GVB:52:66529,Noord,66529,,1,,1584593,0,2
152363,1469,379391552,GVB:52:66587,Noord,66587,,1,,1584594,0,2
152363,1469,379391553,GVB:52:66743,Noord,66743,,1,,1584593,0,2
152363,1469,379391554,GVB:52:66629,Noord,66629,,1,,1584594,0,2
152363,1469,379391555,GVB:52:66687,Noord,66687,,1,,1584593,0,2
152363,1469,379391556,GVB:52:66473,Noord,66473,,1,,1584594,0,2
152363,1469,379391557,GVB:52:66797,Noord,66797,,1,,1584593,0,2
152363,1469,379391558,GVB:52:66531,Noord,66531,,1,,1584594,0,2
152363,1469,379391559,GVB:52:66589,Noord,66589,,1,,1584593,0,2
152363,1469,379391560,GVB:52:66745,Noord,66745,,1,,1584594,0,2
152363,1469,379391561,GVB:52:66631,Noord,66631,,1,,1584593,0,2
152363,1469,379391562,GVB:52:66689,Noord,66689,,1,,1584594,0,2
152363,1469,379391563,GVB:52:66475,Noord,66475,,1,,1584593,0,2
152363,1469,379391564,GVB:52:66799,Noord,66799,,1,,1584594,0,2
152363,1469,379391565,GVB:52:66533,Noord,66533,,1,,1584593,0,2
152363,1469,379391566,GVB:52:66591,Noord,66591,,1,,1584594,0,2
152363,1469,379391567,GVB:52:66747,Noord,66747,,1,,1584593,0,2
152363,1469,379391568,GVB:52:66633,Noord,66633,,1,,1584594,0,2
152363,1469,379391569,GVB:52:66691,Noord,66691,,1,,1584593,0,2
152363,1469,379391570,GVB:52:66477,Noord,66477,,1,,1584594,0,2
152363,1469,379391571,GVB:52:66801,Noord,66801,,1,,1584593,0,2
152363,1469,379391572,GVB:52:66535,Noord,66535,,1,,1584594,0,2
152363,1469,379391573,GVB:52:66593,Noord,66593,,1,,1584593,0,2
152363,1469,379391574,GVB:52:66749,Noord,66749,,1,,1584594,0,2
152363,1469,379391575,GVB:52:66635,Noord,66635,,1,,1584593,0,2
152363,1469,379391576,GVB:52:66693,Noord,66693,,1,,1584594,0,2
152363,1469,379391577,GVB:52:66479,Noord,66479,,1,,1584593,0,2
152363,1469,379391578,GVB:52:66803,Noord,66803,,1,,1584594,0,2
152363,1469,379391579,GVB:52:66537,Noord,66537,,1,,1584593,0,2
152363,1469,379391580,GVB:52:66595,Noord,66595,,1,,1584594,0,2
152363,1469,379391581,GVB:52:66751,Noord,66751,,1,,1584593,0,2
152363,1469,379391582,GVB:52:66637,Noord,66637,,1,,1584594,0,2
152363,1469,379391583,GVB:52:66695,Noord,66695,,1,,1584593,0,2
152363,1469,379391584,GVB:52:66481,Noord,66481,,1,,1584594,0,2
152363,1469,379391585,GVB:52:66805,Noord,66805,,1,,1584593,0,2
152363,1469,379391586,GVB:52:66539,Noord,66539,,1,,1584594,0,2
152363,1469,379391587,GVB:52:66597,Noord,66597,,1,,1584593,0,2
152363,1469,379391588,GVB:52:66753,Noord,66753,,1,,1584594,0,2
152363,1469,379391589,GVB:52:66639,Noord,66639,,1,,1584593,0,2
152363,1469,379391590,GVB:52:66697,Noord,66697,,1,,1584593,0,2
152363,1875,379391591,GVB:52:67342,Zuid,67342,,0,,1584595,0,1
152363,1875,379391592,GVB:52:67150,Zuid,67150,,0,,1584595,0,1
152363,1875,379391593,GVB:52:67396,Zuid,67396,,0,,1584595,0,1
152363,1875,379391594,GVB:52:67202,Zuid,67202,,0,,1584595,0,1
152363,1875,379391595,GVB:52:67238,Zuid,67238,,0,,1584595,0,1
152363,1875,379391596,GVB:52:67290,Zuid,67290,,0,,1584596,0,1
152363,1875,379391597,GVB:52:67344,Zuid,67344,,0,,1584595,0,1
152363,1875,379391598,GVB:52:67152,Zuid,67152,,0,,1584596,0,1
152363,1875,379391599,GVB:52:67398,Zuid,67398,,0,,1584595,0,1
152363,1875,379391600,GVB:52:67204,Zuid,67204,,0,,1584596,0,1
152363,1875,379391601,GVB:52:67240,Zuid,67240,,0,,1584595,0,1
152363,1875,379391602,GVB:52:67292,Zuid,67292,,0,,1584596,0,1
152363,1875,379391603,GVB:52:67346,Zuid,67346,,0,,1584595,0,1
152363,1875,379391604,GVB:52:67154,Zuid,67154,,0,,1584596,0,1
152363,1875,379391605,GVB:52:67400,Zuid,67400,,0,,1584595,0,1
152363,1875,379391606,GVB:52:67206,Zuid,67206,,0,,1584596,0,1
152363,1875,379391607,GVB:52:67242,Zuid,67242,,0,,1584595,0,1
152363,1875,379391608,GVB:52:67294,Zuid,67294,,0,,1584596,0,1
152363,1875,379391609,GVB:52:67348,Zuid,67348,,0,,1584595,0,1
152363,1875,379391610,GVB:52:67156,Zuid,67156,,0,,1584596,0,1
152363,1875,379391611,GVB:52:67402,Zuid,67402,,0,,1584595,0,1
152363,1875,379391612,GVB:52:67208,Zuid,67208,,0,,1584596,0,1
152363,1875,379391613,GVB:52:67244,Zuid,67244,,0,,1584595,0,1
152363,1875,379391614,GVB:52:67296,Zuid,67296,,0,,1584596,0,1
152363,1875,379391615,GVB:52:67350,Zuid,67350,,0,,1584595,0,1
152363,1875,379391616,GVB:52:67158,Zuid,67158,,0,,1584596,0,1
152363,1875,379391617,GVB:52:67404,Zuid,67404,,0,,1584595,0,1
152363,1875,379391618,GVB:52:67210,Zuid,67210,,0,,1584596,0,1
152363,1875,379391619,GVB:52:67246,Zuid,67246,,0,,1584595,0,1
152363,1875,379391620,GVB:52:67298,Zuid,67298,,0,,1584596,0,1
152363,1875,379391621,GVB:52:67352,Zuid,67352,,0,,1584595,0,1
152363,1875,379391622,GVB:52:67430,Zuid,67430,,0,,1584596,0,1
152363,1875,379391623,GVB:52:67272,Zuid,67272,,0,,1584595,0,1
152363,1875,379391624,GVB:52:67472,Zuid,67472,,0,,1584596,0,1
152363,1875,379391625,GVB:52:67324,Zuid,67324,,0,,1584595,0,1
152363,1875,379391626,GVB:52:67378,Zuid,67378,,0,,1584596,0,1
152363,1875,379391627,GVB:52:67186,Zuid,67186,,0,,1584595,0,1
152363,1875,379391628,GVB:52:67432,Zuid,67432,,0,,1584596,0,1
152363,1875,379391629,GVB:52:67274,Zuid,67274,,0,,1584595,0,1
152363,1875,379391630,GVB:52:67474,Zuid,67474,,0,,1584596,0,1
152363,1875,379391631,GVB:52:67326,Zuid,67326,,0,,1584595,0,1
152363,1875,379391632,GVB:52:67380,Zuid,67380,,0,,1584596,0,1
152363,1875,379391633,GVB:52:67188,Zuid,67188,,0,,1584595,0,1
152363,1875,379391634,GVB:52:67434,Zuid,67434,,0,,1584596,0,1
152363,1875,379391635,GVB:52:67276,Zuid,67276,,0,,1584595,0,1
152363,1875,379391636,GVB:52:67476,Zuid,67476,,0,,1584596,0,1
152363,1875,379391637,GVB:52:67328,Zuid,67328,,0,,1584595,0,1
152363,1875,379391638,GVB:52:67382,Zuid,67382,,0,,1584596,0,1
152363,1875,379391639,GVB:52:67190,Zuid,67190,,0,,1584595,0,1
152363,1875,379391640,GVB:52:67436,Zuid,67436,,0,,1584596,0,1
152363,1875,379391641,GVB:52:67278,Zuid,67278,,0,,1584595,0,1
152363,1875,379391642,GVB:52:67478,Zuid,67478,,0,,1584596,0,1
152363,1875,379391643,GVB:52:67330,Zuid,67330,,0,,1584595,0,1
152363,1875,379391644,GVB:52:67384,Zuid,67384,,0,,1584596,0,1
152363,1875,379391645,GVB:52:67192,Zuid,67192,,0,,1584595,0,1
152363,1875,379391646,GVB:52:67438,Zuid,67438,,0,,1584596,0,1
152363,1875,379391647,GVB:52:67280,Zuid,67280,,0,,1584595,0,1
152363,1875,379391648,GVB:52:67480,Zuid,67480,,0,,1584596,0,1
152363,1875,379391649,GVB:52:67332,Zuid,67332,,0,,1584595,0,1
152363,1875,379391650,GVB:52:67386,Zuid,67386,,0,,1584596,0,1
152363,1875,379391651,GVB:52:67194,Zuid,67194,,0,,1584595,0,1
152363,1875,379391652,GVB:52:67440,Zuid,67440,,0,,1584596,0,1
152363,1875,379391653,GVB:52:67282,Zuid,67282,,0,,1584595,0,1
152363,1875,379391654,GVB:52:67482,Zuid,67482,,0,,1584596,0,1
152363,1875,379391655,GVB:52:67334,Zuid,67334,,0,,1584595,0,1
152363,1875,379391656,GVB:52:67388,Zuid,67388,,0,,1584596,0,1
152363,1875,379391657,GVB:52:67196,Zuid,67196,,0,,1584595,0,1
152363,1875,379391658,GVB:52:67442,Zuid,67442,,0,,1584596,0,1
152363,1875,379391659,GVB:52:67284,Zuid,67284,,0,,1584595,0,1
152363,1875,379391660,GVB:52:67484,Zuid,67484,,0,,1584596,0,1
152363,1875,379391661,GVB:52:67336,Zuid,67336,,0,,1584595,0,1
152363,1875,379391662,GVB:52:67390,Zuid,67390,,0,,1584596,0,1
152363,1875,379391663,GVB:52:67198,Zuid,67198,,0,,1584595,0,1
152363,1875,379391664,GVB:52:67444,Zuid,67444,,0,,1584596,0,1
152363,1875,379391665,GVB:52:67286,Zuid,67286,,0,,1584595,0,1
152363,1875,379391666,GVB:52:67486,Zuid,67486,,0,,1584596,0,1
152363,1875,379391667,GVB:52:67338,Zuid,67338,,0,,1584595,0,1
152363,1875,379391668,GVB:52:67392,Zuid,67392,,0,,1584596,0,1
152363,1875,379391669,GVB:52:67343,Noord,67343,,1,,1584593,0,1
152363,1875,379391670,GVB:52:67151,Noord,67151,,1,,1584594,0,1
152363,1875,379391671,GVB:52:67397,Noord,67397,,1,,1584593,0,1
152363,1875,379391672,GVB:52:67203,Noord,67203,,1,,1584594,0,1
152363,1875,379391673,GVB:52:67239,Noord,67239,,1,,1584593,0,1
152363,1875,379391674,GVB:52:67291,Noord,67291,,1,,1584594,0,1
152363,1875,379391675,GVB:52:67345,Noord,67345,,1,,1584593,0,1
152363,1875,379391676,GVB:52:67153,Noord,67153,,1,,1584594,0,1
152363,1875,379391677,GVB:52:67399,Noord,67399,,1,,1584593,0,1
152363,1875,379391678,GVB:52:67205,Noord,67205,,1,,1584594,0,1
152363,1875,379391679,GVB:52:67241,Noord,67241,,1,,1584593,0,1
152363,1875,379391680,GVB:52:67293,Noord,67293,,1,,1584594,0,1
152363,1875,379391681,GVB:52:67347,Noord,67347,,1,,1584593,0,1
152363,1875,379391682,GVB:52:67155,Noord,67155,,1,,1584594,0,1
152363,1875,379391683,GVB:52:67401,Noord,67401,,1,,1584593,0,1
152363,1875,379391684,GVB:52:67207,Noord,67207,,1,,1584594,0,1
152363,1875,379391685,GVB:52:67243,Noord,67243,,1,,1584593,0,1
152363,1875,379391686,GVB:52:67295,Noord,67295,,1,,1584594,0,1
152363,1875,379391687,GVB:52:67349,Noord,67349,,1,,1584593,0,1
152363,1875,379391688,GVB:52:67157,Noord,67157,,1,,1584594,0,1
152363,1875,379391689,GVB:52:67403,Noord,67403,,1,,1584593,0,1
152363,1875,379391690,GVB:52:67209,Noord,67209,,1,,1584594,0,1
152363,1875,379391691,GVB:52:67245,Noord,67245,,1,,1584593,0,1
152363,1875,379391692,GVB:52:67297,Noord,67297,,1,,1584594,0,1
152363,1875,379391693,GVB:52:67351,Noord,67351,,1,,1584593,0,1
152363,1875,379391694,GVB:52:67159,Noord,67159,,1,,1584594,0,1
152363,1875,379391695,GVB:52:67405,Noord,67405,,1,,1584593,0,1
152363,1875,379391696,GVB:52:67211,Noord,67211,,1,,1584594,0,1
152363,1875,379391697,GVB:52:67247,Noord,67247,,1,,1584593,0,1
152363,1875,379391698,GVB:52:67299,Noord,67299,,1,,1584594,0,1
152363,1875,379391699,GVB:52:67353,Noord,67353,,1,,1584593,0,1
152363,1875,379391700,GVB:52:67161,Noord,67161,,1,,1584594,0,1
152363,1875,379391701,GVB:52:67185,Noord,67185,,1,,1584593,0,1
152363,1875,379391702,GVB:52:67431,Noord,67431,,1,,1584594,0,1
152363,1875,379391703,GVB:52:67273,Noord,67273,,1,,1584593,0,1
152363,1875,379391704,GVB:52:67473,Noord,67473,,1,,1584594,0,1
152363,1875,379391705,GVB:52:67325,Noord,67325,,1,,1584593,0,1
152363,1875,379391706,GVB:52:67379,Noord,67379,,1,,1584594,0,1
152363,1875,379391707,GVB:52:67187,Noord,67187,,1,,1584593,0,1
152363,1875,379391708,GVB:52:67433,Noord,67433,,1,,1584594,0,1
152363,1875,379391709,GVB:52:67275,Noord,67275,,1,,1584593,0,1
152363,1875,379391710,GVB:52:67475,Noord,67475,,1,,1584594,0,1
152363,1875,379391711,GVB:52:67327,Noord,67327,,1,,1584593,0,1
152363,1875,379391712,GVB:52:67381,Noord,67381,,1,,1584594,0,1
152363,1875,379391713,GVB:52:67189,Noord,67189,,1,,1584593,0,1
152363,1875,379391714,GVB:52:67435,Noord,67435,,1,,1584594,0,1
152363,1875,379391715,GVB:52:67277,Noord,67277,,1,,1584593,0,1
152363,1875,379391716,GVB:52:67477,Noord,67477,,1,,1584594,0,1
152363,1875,379391717,GVB:52:67329,Noord,67329,,1,,1584593,0,1
152363,1875,379391718,GVB:52:67383,Noord,67383,,1,,1584594,0,1
152363,1875,379391719,GVB:52:67191,Noord,67191,,1,,1584593,0,1
152363,1875,379391720,GVB:52:67437,Noord,67437,,1,,1584594,0,1
152363,1875,379391721,GVB:52:67279,Noord,67279,,1,,1584593,0,1
152363,1875,379391722,GVB:52:67479,Noord,67479,,1,,1584594,0,1
152363,1875,379391723,GVB:52:67331,Noord,67331,,1,,1584593,0,1
152363,1875,379391724,GVB:52:67385,Noord,67385,,1,,1584594,0,1
152363,1875,379391725,GVB:52:67193,Noord,67193,,1,,1584593,0,1
152363,1875,379391726,GVB:52:67439,Noord,67439,,1,,1584594,0,1
152363,1875,379391727,GVB:52:67281,Noord,67281,,1,,1584593,0,1
152363,1875,379391728,GVB:52:67481,Noord,67481,,1,,1584594,0,1
152363,1875,379391729,GVB:52:67333,Noord,67333,,1,,1584593,0,1
152363,1875,379391730,GVB:52:67387,Noord,67387,,1,,1584594,0,1
152363,1875,379391731,GVB:52:67195,Noord,67195,,1,,1584593,0,1
152363,1875,379391732,GVB:52:67441,Noord,67441,,1,,1584594,0,1
152363,1875,379391733,GVB:52:67283,Noord,67283,,1,,1584593,0,1
152363,1875,379391734,GVB:52:67483,Noord,67483,,1,,1584594,0,1
152363,1875,379391735,GVB:52:67335,Noord,67335,,1,,1584593,0,1
152363,1875,379391736,GVB:52:67389,Noord,67389,,1,,1584594,0,1
152363,1875,379391737,GVB:52:67197,Noord,67197,,1,,1584593,0,1
152363,1875,379391738,GVB:52:67443,Noord,67443,,1,,1584594,0,1
152363,1875,379391739,GVB:52:67285,Noord,67285,,1,,1584593,0,1
152363,1875,379391740,GVB:52:67485,Noord,67485,,1,,1584594,0,1
152363,1875,379391741,GVB:52:67337,Noord,67337,,1,,1584593,0,1
152363,1875,379391742,GVB:52:67391,Noord,67391,,1,,1584594,0,1
152363,1875,379391743,GVB:52:67199,Noord,67199,,1,,1584593,0,1
152363,1875,379391744,GVB:52:67445,Noord,67445,,1,,1584594,0,1
152363,1875,379391745,GVB:52:67287,Noord,67287,,1,,1584593,0,1
152363,1875,379391746,GVB:52:67487,Noord,67487,,1,,1584594,0,1
152363,1875,379391747,GVB:52:67339,Noord,67339,,1,,1584593,0,1
152363,1875,379391748,GVB:52:67393,Noord,67393,,1,,1584594,0,1
152363,1875,379391749,GVB:52:67160,Zuid,67160,,0,,1584596,0,1
152363,1875,379391750,GVB:52:67406,Zuid,67406,,0,,1584595,0,1
152363,1875,379391751,GVB:52:67212,Zuid,67212,,0,,1584596,0,1
152363,1875,379391752,GVB:52:67248,Zuid,67248,,0,,1584595,0,1
152363,1875,379391753,GVB:52:67448,Zuid,67448,,0,,1584595,0,1
152363,1875,379391754,GVB:52:67300,Zuid,67300,,0,,1584596,0,1
152363,1875,379391755,GVB:52:67354,Zuid,67354,,0,,1584595,0,1
152363,1875,379391756,GVB:52:67162,Zuid,67162,,0,,1584596,0,1
152363,1875,379391757,GVB:52:67408,Zuid,67408,,0,,1584595,0,1
152363,1875,379391758,GVB:52:67214,Zuid,67214,,0,,1584596,0,1
152363,1875,379391759,GVB:52:67250,Zuid,67250,,0,,1584595,0,1
152363,1875,379391760,GVB:52:67450,Zuid,67450,,0,,1584596,0,1
152363,1875,379391761,GVB:52:67302,Zuid,67302,,0,,1584595,0,1
152363,1875,379391762,GVB:52:67356,Zuid,67356,,0,,1584596,0,1
152363,1875,379391763,GVB:52:67164,Zuid,67164,,0,,1584595,0,1
152363,1875,379391764,GVB:52:67410,Zuid,67410,,0,,1584596,0,1
152363,1875,379391765,GVB:52:67216,Zuid,67216,,0,,1584595,0,1
152363,1875,379391766,GVB:52:67252,Zuid,67252,,0,,1584596,0,1
152363,1875,379391767,GVB:52:67452,Zuid,67452,,0,,1584595,0,1
152363,1875,379391768,GVB:52:67304,Zuid,67304,,0,,1584596,0,1
152363,1875,379391769,GVB:52:67358,Zuid,67358,,0,,1584595,0,1
152363,1875,379391770,GVB:52:67166,Zuid,67166,,0,,1584596,0,1
152363,1875,379391771,GVB:52:67412,Zuid,67412,,0,,1584595,0,1
152363,1875,379391772,GVB:52:67218,Zuid,67218,,0,,1584596,0,1
152363,1875,379391773,GVB:52:67254,Zuid,67254,,0,,1584595,0,1
152363,1875,379391774,GVB:52:67454,Zuid,67454,,0,,1584596,0,1
152363,1875,379391775,GVB:52:67306,Zuid,67306,,0,,1584595,0,1
152363,1875,379391776,GVB:52:67360,Zuid,67360,,0,,1584596,0,1
152363,1875,379391777,GVB:52:67168,Zuid,67168,,0,,1584595,0,1
152363,1875,379391778,GVB:52:67414,Zuid,67414,,0,,1584596,0,1
152363,1875,379391779,GVB:52:67220,Zuid,67220,,0,,1584595,0,1
152363,1875,379391780,GVB:52:67256,Zuid,67256,,0,,1584596,0,1
152363,1875,379391781,GVB:52:67456,Zuid,67456,,0,,1584595,0,1
152363,1875,379391782,GVB:52:67308,Zuid,67308,,0,,1584596,0,1
152363,1875,379391783,GVB:52:67362,Zuid,67362,,0,,1584595,0,1
152363,1875,379391784,GVB:52:67170,Zuid,67170,,0,,1584596,0,1
152363,1875,379391785,GVB:52:67416,Zuid,67416,,0,,1584595,0,1
152363,1875,379391786,GVB:52:67222,Zuid,67222,,0,,1584596,0,1
152363,1875,379391787,GVB:52:67258,Zuid,67258,,0,,1584595,0,1
152363,1875,379391788,GVB:52:67458,Zuid,67458,,0,,1584596,0,1
152363,1875,379391789,GVB:52:67310,Zuid,67310,,0,,1584595,0,1
152363,1875,379391790,GVB:52:67364,Zuid,67364,,0,,1584596,0,1
152363,1875,379391791,GVB:52:67172,Zuid,67172,,0,,1584595,0,1
152363,1875,379391792,GVB:52:67418,Zuid,67418,,0,,1584596,0,1
152363,1875,379391793,GVB:52:67224,Zuid,67224,,0,,1584595,0,1
152363,1875,379391794,GVB:52:67260,Zuid,67260,,0,,1584596,0,1
152363,1875,379391795,GVB:52:67460,Zuid,67460,,0,,1584595,0,1
152363,1875,379391796,GVB:52:67312,Zuid,67312,,0,,1584596,0,1
152363,1875,379391797,GVB:52:67366,Zuid,67366,,0,,1584595,0,1
152363,1875,379391798,GVB:52:67174,Zuid,67174,,0,,1584596,0,1
152363,1875,379391799,GVB:52:67420,Zuid,67420,,0,,1584595,0,1
152363,1875,379391800,GVB:52:67226,Zuid,67226,,0,,1584596,0,1
152363,1875,379391801,GVB:52:67262,Zuid,67262,,0,,1584595,0,1
152363,1875,379391802,GVB:52:67462,Zuid,67462,,0,,1584596,0,1
152363,1875,379391803,GVB:52:67314,Zuid,67314,,0,,1584595,0,1
152363,1875,379391804,GVB:52:67368,Zuid,67368,,0,,1584596,0,1
152363,1875,379391805,GVB:52:67176,Zuid,67176,,0,,1584595,0,1
152363,1875,379391806,GVB:52:67422,Zuid,67422,,0,,1584596,0,1
152363,1875,379391807,GVB:52:67228,Zuid,67228,,0,,1584595,0,1
152363,1875,379391808,GVB:52:67264,Zuid,67264,,0,,1584596,0,1
152363,1875,379391809,GVB:52:67464,Zuid,67464,,0,,1584595,0,1
152363,1875,379391810,GVB:52:67316,Zuid,67316,,0,,1584596,0,1
152363,1875,379391811,GVB:52:67370,Zuid,67370,,0,,1584595,0,1
152363,1875,379391812,GVB:52:67178,Zuid,67178,,0,,1584596,0,1
152363,1875,379391813,GVB:52:67424,Zuid,67424,,0,,1584595,0,1
152363,1875,379391814,GVB:52:67230,Zuid,67230,,0,,1584596,0,1
152363,1875,379391815,GVB:52:67266,Zuid,67266,,0,,1584595,0,1
152363,1875,379391816,GVB:52:67466,Zuid,67466,,0,,1584596,0,1
152363,1875,379391817,GVB:52:67318,Zuid,67318,,0,,1584595,0,1
152363,1875,379391818,GVB:52:67372,Zuid,67372,,0,,1584596,0,1
152363,1875,379391819,GVB:52:67180,Zuid,67180,,0,,1584595,0,1
152363,1875,379391820,GVB:52:67426,Zuid,67426,,0,,1584596,0,1
152363,1875,379391821,GVB:52:67232,Zuid,67232,,0,,1584595,0,1
152363,1875,379391822,GVB:52:67268,Zuid,67268,,0,,1584596,0,1
152363,1875,379391823,GVB:52:67468,Zuid,67468,,0,,1584595,0,1
152363,1875,379391824,GVB:52:67320,Zuid,67320,,0,,1584596,0,1
152363,1875,379391825,GVB:52:67374,Zuid,67374,,0,,1584595,0,1
152363,1875,379391826,GVB:52:67182,Zuid,67182,,0,,1584596,0,1
152363,1875,379391827,GVB:52:67428,Zuid,67428,,0,,1584595,0,1
152363,1875,379391828,GVB:52:67234,Zuid,67234,,0,,1584596,0,1
152363,1875,379391829,GVB:52:67270,Zuid,67270,,0,,1584595,0,1
152363,1875,379391830,GVB:52:67470,Zuid,67470,,0,,1584596,0,1
152363,1875,379391831,GVB:52:67322,Zuid,67322,,0,,1584595,0,1
152363,1875,379391832,GVB:52:67376,Zuid,67376,,0,,1584596,0,1
152363,1875,379391833,GVB:52:67184,Zuid,67184,,0,,1584595,0,1
152363,1875,379391834,GVB:52:67407,Noord,67407,,1,,1584593,0,1
152363,1875,379391835,GVB:52:67213,Noord,67213,,1,,1584594,0,1
152363,1875,379391836,GVB:52:67249,Noord,67249,,1,,1584593,0,1
152363,1875,379391837,GVB:52:67449,Noord,67449,,1,,1584594,0,1
152363,1875,379391838,GVB:52:67301,Noord,67301,,1,,1584593,0,1
152363,1875,379391839,GVB:52:67355,Noord,67355,,1,,1584594,0,1
152363,1875,379391840,GVB:52:67163,Noord,67163,,1,,1584593,0,1
152363,1875,379391841,GVB:52:67409,Noord,67409,,1,,1584594,0,1
152363,1875,379391842,GVB:52:67215,Noord,67215,,1,,1584593,0,1
152363,1875,379391843,GVB:52:67251,Noord,67251,,1,,1584594,0,1
152363,1875,379391844,GVB:52:67451,Noord,67451,,1,,1584593,0,1
152363,1875,379391845,GVB:52:67303,Noord,67303,,1,,1584594,0,1
152363,1875,379391846,GVB:52:67357,Noord,67357,,1,,1584593,0,1
152363,1875,379391847,GVB:52:67165,Noord,67165,,1,,1584594,0,1
152363,1875,379391848,GVB:52:67411,Noord,67411,,1,,1584593,0,1
152363,1875,379391849,GVB:52:67217,Noord,67217,,1,,1584594,0,1
152363,1875,379391850,GVB:52:67253,Noord,67253,,1,,1584593,0,1
152363,1875,379391851,GVB:52:67453,Noord,67453,,1,,1584594,0,1
152363,1875,379391852,GVB:52:67305,Noord,67305,,1,,1584593,0,1
152363,1875,379391853,GVB:52:67359,Noord,67359,,1,,1584594,0,1
152363,1875,379391854,GVB:52:67167,Noord,67167,,1,,1584593,0,1
152363,1875,379391855,GVB:52:67413,Noord,67413,,1,,1584594,0,1
152363,1875,379391856,GVB:52:67219,Noord,67219,,1,,1584593,0,1
152363,1875,379391857,GVB:52:67255,Noord,67255,,1,,1584594,0,1
152363,1875,379391858,GVB:52:67455,Noord,67455,,1,,1584593,0,1
152363,1875,379391859,GVB:52:67307,Noord,67307,,1,,1584594,0,1
152363,1875,379391860,GVB:52:67361,Noord,67361,,1,,1584593,0,1
152363,1875,379391861,GVB:52:67169,Noord,67169,,1,,1584594,0,1
152363,1875,379391862,GVB:52:67415,Noord,67415,,1,,1584593,0,1
152363,1875,379391863,GVB:52:67221,Noord,67221,,1,,1584594,0,1
152363,1875,379391864,GVB:52:67257,Noord,67257,,1,,1584593,0,1
152363,1875,379391865,GVB:52:67457,Noord,67457,,1,,1584594,0,1
152363,1875,379391866,GVB:52:67309,Noord,67309,,1,,1584593,0,1
152363,1875,379391867,GVB:52:67363,Noord,67363,,1,,1584594,0,1
152363,1875,379391868,GVB:52:67171,Noord,67171,,1,,1584593,0,1
152363,1875,379391869,GVB:52:67417,Noord,67417,,1,,1584594,0,1
152363,1875,379391870,GVB:52:67223,Noord,67223,,1,,1584593,0,1
152363,1875,379391871,GVB:52:67259,Noord,67259,,1,,1584594,0,1
152363,1875,379391872,GVB:52:67459,Noord,67459,,1,,1584593,0,1
152363,1875,379391873,GVB:52:67311,Noord,67311,,1,,1584594,0,1
152363,1875,379391874,GVB:52:67365,Noord,67365,,1,,1584593,0,1
152363,1875,379391875,GVB:52:67173,Noord,67173,,1,,1584594,0,1
152363,1875,379391876,GVB:52:67419,Noord,67419,,1,,1584593,0,1
152363,1875,379391877,GVB:52:67225,Noord,67225,,1,,1584594,0,1
152363,1875,379391878,GVB:52:67261,Noord,67261,,1,,1584593,0,1
152363,1875,379391879,GVB:52:67461,Noord,67461,,1,,1584594,0,1
152363,1875,379391880,GVB:52:67313,Noord,67313,,1,,1584593,0,1
152363,1875,379391881,GVB:52:67367,Noord,67367,,1,,1584594,0,1
152363,1875,379391882,GVB:52:67175,Noord,67175,,1,,1584593,0,1
152363,1875,379391883,GVB:52:67421,Noord,67421,,1,,1584594,0,1
152363,1875,379391884,GVB:52:67227,Noord,67227,,1,,1584593,0,1
152363,1875,379391885,GVB:52:67263,Noord,67263,,1,,1584594,0,1
152363,1875,379391886,GVB:52:67463,Noord,67463,,1,,1584593,0,1
152363,1875,379391887,GVB:52:67315,Noord,67315,,1,,1584594,0,1
152363,1875,379391888,GVB:52:67369,Noord,67369,,1,,1584593,0,1
152363,1875,379391889,GVB:52:67177,Noord,67177,,1,,1584594,0,1
152363,1875,379391890,GVB:52:67423,Noord,67423,,1,,1584593,0,1
152363,1875,379391891,GVB:52:67229,Noord,67229,,1,,1584594,0,1
152363,1875,379391892,GVB:52:67265,Noord,67265,,1,,1584593,0,1
152363,1875,379391893,GVB:52:67465,Noord,67465,,1,,1584594,0,1
152363,1875,379391894,GVB:52:67317,Noord,67317,,1,,1584593,0,1
152363,1875,379391895,GVB:52:67371,Noord,67371,,1,,1584594,0,1
152363,1875,379391896,GVB:52:67179,Noord,67179,,1,,1584593,0,1
152363,1875,379391897,GVB:52:67425,Noord,67425,,1,,1584594,0,1
152363,1875,379391898,GVB:52:67231,Noord,67231,,1,,1584593,0,1
152363,1875,379391899,GVB:52:67267,Noord,67267,,1,,1584594,0,1
152363,1875,379391900,GVB:52:67467,Noord,67467,,1,,1584593,0,1
152363,1875,379391901,GVB:52:67319,Noord,67319,,1,,1584594,0,1
152363,1875,379391902,GVB:52:67373,Noord,67373,,1,,1584593,0,1
152363,1875,379391903,GVB:52:67181,Noord,67181,,1,,1584594,0,1
152363,1875,379391904,GVB:52:67427,Noord,67427,,1,,1584593,0,1
152363,1875,379391905,GVB:52:67233,Noord,67233,,1,,1584594,0,1
152363,1875,379391906,GVB:52:67269,Noord,67269,,1,,1584593,0,1
152363,1875,379391907,GVB:52:67469,Noord,67469,,1,,1584594,0,1
152363,1875,379391908,GVB:52:67321,Noord,67321,,1,,1584593,0,1
152363,1875,379391909,GVB:52:67375,Noord,67375,,1,,1584594,0,1
152363,1875,379391910,GVB:52:67183,Noord,67183,,1,,1584593,0,1
152363,1875,379391911,GVB:52:67429,Noord,67429,,1,,1584594,0,1
152363,1875,379391912,GVB:52:67235,Noord,67235,,1,,1584593,0,1
152363,1875,379391913,GVB:52:67271,Noord,67271,,1,,1584593,0,1
152363,1875,379391914,GVB:52:67471,Noord,67471,,1,,1584594,0,1
152363,1875,379391915,GVB:52:67323,Noord,67323,,1,,1584593,0,1
152363,1875,379391916,GVB:52:67377,Noord,67377,,1,,1584594,0,1
152363,2160,379391917,GVB:52:68018,Zuid,68018,,0,,1584595,0,1
152363,2160,379391918,GVB:52:67936,Zuid,67936,,0,,1584596,0,1
152363,2160,379391919,GVB:52:67886,Zuid,67886,,0,,1584595,0,1
152363,2160,379391920,GVB:52:68019,Noord,68019,,1,,1584593,0,1
152363,2160,379391921,GVB:52:67836,Zuid,67836,,0,,1584596,0,1
152363,2160,379391922,GVB:52:67937,Noord,67937,,1,,1584594,0,1
152363,2160,379391923,GVB:52:68068,Zuid,68068,,0,,1584595,0,1
152363,2160,379391924,GVB:52:67887,Noord,67887,,1,,1584593,0,1
152363,2160,379391925,GVB:52:67970,Zuid,67970,,0,,1584596,0,1
152363,2160,379391926,GVB:52:67837,Noord,67837,,1,,1584594,0,1
152363,2160,379391927,GVB:52:68020,Zuid,68020,,0,,1584595,0,1
152363,2160,379391928,GVB:52:68069,Noord,68069,,1,,1584593,0,1
152363,2160,379391929,GVB:52:67938,Zuid,67938,,0,,1584596,0,1
152363,2160,379391930,GVB:52:67971,Noord,67971,,1,,1584594,0,1
152363,2160,379391931,GVB:52:67888,Zuid,67888,,0,,1584595,0,1
152363,2160,379391932,GVB:52:68021,Noord,68021,,1,,1584593,0,1
152363,2160,379391933,GVB:52:67838,Zuid,67838,,0,,1584596,0,1
152363,2160,379391934,GVB:52:67939,Noord,67939,,1,,1584594,0,1
152363,2160,379391935,GVB:52:68070,Zuid,68070,,0,,1584595,0,1
152363,2160,379391936,GVB:52:67889,Noord,67889,,1,,1584593,0,1
152363,2160,379391937,GVB:52:67972,Zuid,67972,,0,,1584596,0,1
152363,2160,379391938,GVB:52:67839,Noord,67839,,1,,1584594,0,1
152363,2160,379391939,GVB:52:68022,Zuid,68022,,0,,1584595,0,1
152363,2160,379391940,GVB:52:68071,Noord,68071,,1,,1584593,0,1
152363,2160,379391941,GVB:52:67940,Zuid,67940,,0,,1584596,0,1
152363,2160,379391942,GVB:52:67973,Noord,67973,,1,,1584594,0,1
152363,2160,379391943,GVB:52:67890,Zuid,67890,,0,,1584595,0,1
152363,2160,379391944,GVB:52:68023,Noord,68023,,1,,1584593,0,1
152363,2160,379391945,GVB:52:67840,Zuid,67840,,0,,1584596,0,1
152363,2160,379391946,GVB:52:67941,Noord,67941,,1,,1584594,0,1
152363,2160,379391947,GVB:52:68072,Zuid,68072,,0,,1584595,0,1
152363,2160,379391948,GVB:52:67891,Noord,67891,,1,,1584593,0,1
152363,2160,379391949,GVB:52:67974,Zuid,67974,,0,,1584596,0,1
152363,2160,379391950,GVB:52:67841,Noord,67841,,1,,1584594,0,1
152363,2160,379391951,GVB:52:68024,Zuid,68024,,0,,1584595,0,1
152363,2160,379391952,GVB:52:68073,Noord,68073,,1,,1584593,0,1
152363,2160,379391953,GVB:52:67942,Zuid,67942,,0,,1584596,0,1
152363,2160,379391954,GVB:52:67975,Noord,67975,,1,,1584594,0,1
152363,2160,379391955,GVB:52:67892,Zuid,67892,,0,,1584595,0,1
152363,2160,379391956,GVB:52:68025,Noord,68025,,1,,1584593,0,1
152363,2160,379391957,GVB:52:67842,Zuid,67842,,0,,1584596,0,1
152363,2160,379391958,GVB:52:67943,Noord,67943,,1,,1584594,0,1
152363,2160,379391959,GVB:52:68074,Zuid,68074,,0,,1584595,0,1
152363,2160,379391960,GVB:52:67893,Noord,67893,,1,,1584593,0,1
152363,2160,379391961,GVB:52:67976,Zuid,67976,,0,,1584596,0,1
152363,2160,379391962,GVB:52:67843,Noord,67843,,1,,1584594,0,1
152363,2160,379391963,GVB:52:68026,Zuid,68026,,0,,1584595,0,1
152363,2160,379391964,GVB:52:68075,Noord,68075,,1,,1584593,0,1
152363,2160,379391965,GVB:52:67944,Zuid,67944,,0,,1584596,0,1
152363,2160,379391966,GVB:52:67977,Noord,67977,,1,,1584594,0,1
152363,2160,379391967,GVB:52:67894,Zuid,67894,,0,,1584595,0,1
152363,2160,379391968,GVB:52:68027,Noord,68027,,1,,1584593,0,1
152363,2160,379391969,GVB:52:67794,Zuid,67794,,0,,1584595,0,1
152363,2160,379391970,GVB:52:67945,Noord,67945,,1,,1584594,0,1
152363,2160,379391971,GVB:52:67844,Zuid,67844,,0,,1584596,0,1
152363,2160,379391972,GVB:52:67895,Noord,67895,,1,,1584593,0,1
152363,2160,379391973,GVB:52:68076,Zuid,68076,,0,,1584595,0,1
152363,2160,379391974,GVB:52:67795,Noord,67795,,1,,1584594,0,1
152363,2160,379391975,GVB:52:67978,Zuid,67978,,0,,1584596,0,1
152363,2160,379391976,GVB:52:67845,Noord,67845,,1,,1584593,0,1
152363,2160,379391977,GVB:52:68028,Zuid,68028,,0,,1584595,0,1
152363,2160,379391978,GVB:52:68077,Noord,68077,,1,,1584594,0,1
152363,2160,379391979,GVB:52:67946,Zuid,67946,,0,,1584596,0,1
152363,2160,379391980,GVB:52:67979,Noord,67979,,1,,1584593,0,1
152363,2160,379391981,GVB:52:67896,Zuid,67896,,0,,1584595,0,1
152363,2160,379391982,GVB:52:68029,Noord,68029,,1,,1584594,0,1
152363,2160,379391983,GVB:52:67796,Zuid,67796,,0,,1584596,0,1
152363,2160,379391984,GVB:52:67947,Noord,67947,,1,,1584593,0,1
152363,2160,379391985,GVB:52:67846,Zuid,67846,,0,,1584595,0,1
152363,2160,379391986,GVB:52:67897,Noord,67897,,1,,1584594,0,1
152363,2160,379391987,GVB:52:68078,Zuid,68078,,0,,1584596,0,1
152363,2160,379391988,GVB:52:67797,Noord,67797,,1,,1584593,0,1
152363,2160,379391989,GVB:52:67980,Zuid,67980,,0,,1584595,0,1
152363,2160,379391990,GVB:52:67847,Noord,67847,,1,,1584594,0,1
152363,2160,379391991,GVB:52:68030,Zuid,68030,,0,,1584596,0,1
152363,2160,379391992,GVB:52:68079,Noord,68079,,1,,1584593,0,1
152363,2160,379391993,GVB:52:67948,Zuid,67948,,0,,1584595,0,1
152363,2160,379391994,GVB:52:67981,Noord,67981,,1,,1584594,0,1
152363,2160,379391995,GVB:52:67898,Zuid,67898,,0,,1584596,0,1
152363,2160,379391996,GVB:52:68031,Noord,68031,,1,,1584593,0,1
152363,2160,379391997,GVB:52:67798,Zuid,67798,,0,,1584595,0,1
152363,2160,379391998,GVB:52:67949,Noord,67949,,1,,1584594,0,1
152363,2160,379391999,GVB:52:67848,Zuid,67848,,0,,1584596,0,1
152363,2160,379392000,GVB:52:67899,Noord,67899,,1,,1584593,0,1
152363,2160,379392001,GVB:52:68080,Zuid,68080,,0,,1584595,0,1
152363,2160,379392002,GVB:52:67799,Noord,67799,,1,,1584594,0,1
152363,2160,379392003,GVB:52:67982,Zuid,67982,,0,,1584596,0,1
152363,2160,379392004,GVB:52:67849,Noord,67849,,1,,1584593,0,1
152363,2160,379392005,GVB:52:68032,Zuid,68032,,0,,1584595,0,1
152363,2160,379392006,GVB:52:68081,Noord,68081,,1,,1584594,0,1
152363,2160,379392007,GVB:52:67950,Zuid,67950,,0,,1584596,0,1
152363,2160,379392008,GVB:52:67983,Noord,67983,,1,,1584593,0,1
152363,2160,379392009,GVB:52:67900,Zuid,67900,,0,,1584595,0,1
152363,2160,379392010,GVB:52:68033,Noord,68033,,1,,1584594,0,1
152363,2160,379392011,GVB:52:67800,Zuid,67800,,0,,1584596,0,1
152363,2160,379392012,GVB:52:67951,Noord,67951,,1,,1584593,0,1
152363,2160,379392013,GVB:52:67850,Zuid,67850,,0,,1584595,0,1
152363,2160,379392014,GVB:52:67901,Noord,67901,,1,,1584594,0,1
152363,2160,379392015,GVB:52:68082,Zuid,68082,,0,,1584596,0,1
152363,2160,379392016,GVB:52:67801,Noord,67801,,1,,1584593,0,1
152363,2160,379392017,GVB:52:67984,Zuid,67984,,0,,1584595,0,1
152363,2160,379392018,GVB:52:67851,Noord,67851,,1,,1584594,0,1
152363,2160,379392019,GVB:52:68034,Zuid,68034,,0,,1584596,0,1
152363,2160,379392020,GVB:52:68083,Noord,68083,,1,,1584593,0,1
152363,2160,379392021,GVB:52:67952,Zuid,67952,,0,,1584595,0,1
152363,2160,379392022,GVB:52:67985,Noord,67985,,1,,1584594,0,1
152363,2160,379392023,GVB:52:67902,Zuid,67902,,0,,1584596,0,1
152363,2160,379392024,GVB:52:68035,Noord,68035,,1,,1584593,0,1
152363,2160,379392025,GVB:52:67802,Zuid,67802,,0,,1584595,0,1
152363,2160,379392026,GVB:52:67953,Noord,67953,,1,,1584594,0,1
152363,2160,379392027,GVB:52:67852,Zuid,67852,,0,,1584596,0,1
152363,2160,379392028,GVB:52:67903,Noord,67903,,1,,1584593,0,1
152363,2160,379392029,GVB:52:68084,Zuid,68084,,0,,1584595,0,1
152363,2160,379392030,GVB:52:67803,Noord,67803,,1,,1584594,0,1
152363,2160,379392031,GVB:52:67986,Zuid,67986,,0,,1584596,0,1
152363,2160,379392032,GVB:52:67853,Noord,67853,,1,,1584593,0,1
152363,2160,379392033,GVB:52:68036,Zuid,68036,,0,,1584595,0,1
152363,2160,379392034,GVB:52:68085,Noord,68085,,1,,1584594,0,1
152363,2160,379392035,GVB:52:67954,Zuid,67954,,0,,1584596,0,1
152363,2160,379392036,GVB:52:67987,Noord,67987,,1,,1584593,0,1
152363,2160,379392037,GVB:52:67904,Zuid,67904,,0,,1584595,0,1
152363,2160,379392038,GVB:52:68037,Noord,68037,,1,,1584594,0,1
152363,2160,379392039,GVB:52:67804,Zuid,67804,,0,,1584596,0,1
152363,2160,379392040,GVB:52:67955,Noord,67955,,1,,1584593,0,1
152363,2160,379392041,GVB:52:67854,Zuid,67854,,0,,1584595,0,1
152363,2160,379392042,GVB:52:67905,Noord,67905,,1,,1584594,0,1
152363,2160,379392043,GVB:52:68086,Zuid,68086,,0,,1584596,0,1
152363,2160,379392044,GVB:52:67805,Noord,67805,,1,,1584593,0,1
152363,2160,379392045,GVB:52:67988,Zuid,67988,,0,,1584595,0,1
152363,2160,379392046,GVB:52:67855,Noord,67855,,1,,1584594,0,1
152363,2160,379392047,GVB:52:68038,Zuid,68038,,0,,1584596,0,1
152363,2160,379392048,GVB:52:68087,Noord,68087,,1,,1584593,0,1
152363,2160,379392049,GVB:52:67956,Zuid,67956,,0,,1584595,0,1
152363,2160,379392050,GVB:52:67989,Noord,67989,,1,,1584594,0,1
152363,2160,379392051,GVB:52:67906,Zuid,67906,,0,,1584596,0,1
152363,2160,379392052,GVB:52:68039,Noord,68039,,1,,1584593,0,1
152363,2160,379392053,GVB:52:67806,Zuid,67806,,0,,1584595,0,1
152363,2160,379392054,GVB:52:67957,Noord,67957,,1,,1584594,0,1
152363,2160,379392055,GVB:52:67856,Zuid,67856,,0,,1584596,0,1
152363,2160,379392056,GVB:52:67907,Noord,67907,,1,,1584593,0,1
152363,2160,379392057,GVB:52:68088,Zuid,68088,,0,,1584595,0,1
152363,2160,379392058,GVB:52:67807,Noord,67807,,1,,1584594,0,1
152363,2160,379392059,GVB:52:67990,Zuid,67990,,0,,1584596,0,1
152363,2160,379392060,GVB:52:67857,Noord,67857,,1,,1584593,0,1
152363,2160,379392061,GVB:52:68040,Zuid,68040,,0,,1584595,0,1
152363,2160,379392062,GVB:52:68089,Noord,68089,,1,,1584594,0,1
152363,2160,379392063,GVB:52:67958,Zuid,67958,,0,,1584596,0,1
152363,2160,379392064,GVB:52:67991,Noord,67991,,1,,1584593,0,1
152363,2160,379392065,GVB:52:67908,Zuid,67908,,0,,1584595,0,1
152363,2160,379392066,GVB:52:68041,Noord,68041,,1,,1584594,0,1
152363,2160,379392067,GVB:52:67808,Zuid,67808,,0,,1584596,0,1
152363,2160,379392068,GVB:52:67959,Noord,67959,,1,,1584593,0,1
152363,2160,379392069,GVB:52:67858,Zuid,67858,,0,,1584595,0,1
152363,2160,379392070,GVB:52:67909,Noord,67909,,1,,1584594,0,1
152363,2160,379392071,GVB:52:68090,Zuid,68090,,0,,1584596,0,1
152363,2160,379392072,GVB:52:67809,Noord,67809,,1,,1584593,0,1
152363,2160,379392073,GVB:52:67992,Zuid,67992,,0,,1584595,0,1
152363,2160,379392074,GVB:52:67859,Noord,67859,,1,,1584594,0,1
152363,2160,379392075,GVB:52:68042,Zuid,68042,,0,,1584596,0,1
152363,2160,379392076,GVB:52:68091,Noord,68091,,1,,1584593,0,1
152363,2160,379392077,GVB:52:67960,Zuid,67960,,0,,1584595,0,1
152363,2160,379392078,GVB:52:67993,Noord,67993,,1,,1584594,0,1
152363,2160,379392079,GVB:52:67910,Zuid,67910,,0,,1584596,0,1
152363,2160,379392080,GVB:52:68043,Noord,68043,,1,,1584593,0,1
152363,2160,379392081,GVB:52:67810,Zuid,67810,,0,,1584595,0,1
152363,2160,379392082,GVB:52:67961,Noord,67961,,1,,1584594,0,1
152363,2160,379392083,GVB:52:67860,Zuid,67860,,0,,1584596,0,1
152363,2160,379392084,GVB:52:67911,Noord,67911,,1,,1584593,0,1
152363,2160,379392085,GVB:52:68092,Zuid,68092,,0,,1584595,0,1
152363,2160,379392086,GVB:52:67811,Noord,67811,,1,,1584594,0,1
152363,2160,379392087,GVB:52:67994,Zuid,67994,,0,,1584596,0,1
152363,2160,379392088,GVB:52:67861,Noord,67861,,1,,1584593,0,1
152363,2160,379392089,GVB:52:68044,Zuid,68044,,0,,1584595,0,1
152363,2160,379392090,GVB:52:68093,Noord,68093,,1,,1584594,0,1
152363,2160,379392091,GVB:52:67962,Zuid,67962,,0,,1584596,0,1
152363,2160,379392092,GVB:52:67995,Noord,67995,,1,,1584593,0,1
152363,2160,379392093,GVB:52:67912,Zuid,67912,,0,,1584595,0,1
152363,2160,379392094,GVB:52:68045,Noord,68045,,1,,1584594,0,1
152363,2160,379392095,GVB:52:67812,Zuid,67812,,0,,1584596,0,1
152363,2160,379392096,GVB:52:67963,Noord,67963,,1,,1584593,0,1
152363,2160,379392097,GVB:52:67862,Zuid,67862,,0,,1584595,0,1
152363,2160,379392098,GVB:52:67913,Noord,67913,,1,,1584594,0,1
152363,2160,379392099,GVB:52:68094,Zuid,68094,,0,,1584596,0,1
152363,2160,379392100,GVB:52:67813,Noord,67813,,1,,1584593,0,1
152363,2160,379392101,GVB:52:67996,Zuid,67996,,0,,1584595,0,1
152363,2160,379392102,GVB:52:67863,Noord,67863,,1,,1584594,0,1
152363,2160,379392103,GVB:52:68046,Zuid,68046,,0,,1584596,0,1
152363,2160,379392104,GVB:52:68095,Noord,68095,,1,,1584593,0,1
152363,2160,379392105,GVB:52:67964,Zuid,67964,,0,,1584595,0,1
152363,2160,379392106,GVB:52:67997,Noord,67997,,1,,1584594,0,1
152363,2160,379392107,GVB:52:67914,Zuid,67914,,0,,1584596,0,1
152363,2160,379392108,GVB:52:68047,Noord,68047,,1,,1584593,0,1
152363,2160,379392109,GVB:52:67814,Zuid,67814,,0,,1584595,0,1
152363,2160,379392110,GVB:52:67965,Noord,67965,,1,,1584594,0,1
152363,2160,379392111,GVB:52:67864,Zuid,67864,,0,,1584596,0,1
152363,2160,379392112,GVB:52:67915,Noord,67915,,1,,1584593,0,1
152363,2160,379392113,GVB:52:68096,Zuid,68096,,0,,1584595,0,1
152363,2160,379392114,GVB:52:67815,Noord,67815,,1,,1584594,0,1
152363,2160,379392115,GVB:52:67998,Zuid,67998,,0,,1584596,0,1
152363,2160,379392116,GVB:52:67865,Noord,67865,,1,,1584593,0,1
152363,2160,379392117,GVB:52:68048,Zuid,68048,,0,,1584595,0,1
152363,2160,379392118,GVB:52:68097,Noord,68097,,1,,1584594,0,1
152363,2160,379392119,GVB:52:67966,Zuid,67966,,0,,1584596,0,1
152363,2160,379392120,GVB:52:67999,Noord,67999,,1,,1584593,0,1
152363,2160,379392121,GVB:52:67916,Zuid,67916,,0,,1584595,0,1
152363,2160,379392122,GVB:52:68049,Noord,68049,,1,,1584594,0,1
152363,2160,379392123,GVB:52:67816,Zuid,67816,,0,,1584596,0,1
152363,2160,379392124,GVB:52:67967,Noord,67967,,1,,1584593,0,1
152363,2160,379392125,GVB:52:67866,Zuid,67866,,0,,1584595,0,1
152363,2160,379392126,GVB:52:67917,Noord,67917,,1,,1584593,0,1
152363,2160,379392127,GVB:52:68098,Zuid,68098,,0,,1584596,0,1
152363,2160,379392128,GVB:52:67817,Noord,67817,,1,,1584594,0,1
152363,2160,379392129,GVB:52:68000,Zuid,68000,,0,,1584595,0,1
152363,2160,379392130,GVB:52:67867,Noord,67867,,1,,1584593,0,1
152363,2160,379392131,GVB:52:68050,Zuid,68050,,0,,1584596,0,1
152363,2160,379392132,GVB:52:68099,Noord,68099,,1,,1584594,0,1
152363,2160,379392133,GVB:52:67918,Zuid,67918,,0,,1584595,0,1
152363,2160,379392134,GVB:52:68001,Noord,68001,,1,,1584593,0,1
152363,2160,379392135,GVB:52:67818,Zuid,67818,,0,,1584596,0,1
152363,2160,379392136,GVB:52:68051,Noord,68051,,1,,1584594,0,1
152363,2160,379392137,GVB:52:67868,Zuid,67868,,0,,1584595,0,1
152363,2160,379392138,GVB:52:67919,Noord,67919,,1,,1584593,0,1
152363,2160,379392139,GVB:52:68100,Zuid,68100,,0,,1584596,0,1
152363,2160,379392140,GVB:52:67819,Noord,67819,,1,,1584594,0,1
152363,2160,379392141,GVB:52:68002,Zuid,68002,,0,,1584595,0,1
152363,2160,379392142,GVB:52:67869,Noord,67869,,1,,1584593,0,1
152363,2160,379392143,GVB:52:68052,Zuid,68052,,0,,1584596,0,1
152363,2160,379392144,GVB:52:68101,Noord,68101,,1,,1584594,0,1
152363,2160,379392145,GVB:52:67920,Zuid,67920,,0,,1584595,0,1
152363,2160,379392146,GVB:52:68003,Noord,68003,,1,,1584593,0,1
152363,2160,379392147,GVB:52:67820,Zuid,67820,,0,,1584596,0,1
152363,2160,379392148,GVB:52:68053,Noord,68053,,1,,1584594,0,1
152363,2160,379392149,GVB:52:67870,Zuid,67870,,0,,1584595,0,1
152363,2160,379392150,GVB:52:67921,Noord,67921,,1,,1584593,0,1
152363,2160,379392151,GVB:52:68102,Zuid,68102,,0,,1584596,0,1
152363,2160,379392152,GVB:52:67821,Noord,67821,,1,,1584594,0,1
152363,2160,379392153,GVB:52:68004,Zuid,68004,,0,,1584595,0,1
152363,2160,379392154,GVB:52:67871,Noord,67871,,1,,1584593,0,1
152363,2160,379392155,GVB:52:68054,Zuid,68054,,0,,1584596,0,1
152363,2160,379392156,GVB:52:68103,Noord,68103,,1,,1584594,0,1
152363,2160,379392157,GVB:52:67922,Zuid,67922,,0,,1584595,0,1
152363,2160,379392158,GVB:52:68005,Noord,68005,,1,,1584593,0,1
152363,2160,379392159,GVB:52:67822,Zuid,67822,,0,,1584596,0,1
152363,2160,379392160,GVB:52:68055,Noord,68055,,1,,1584594,0,1
152363,2160,379392161,GVB:52:67872,Zuid,67872,,0,,1584595,0,1
152363,2160,379392162,GVB:52:67923,Noord,67923,,1,,1584593,0,1
152363,2160,379392163,GVB:52:68104,Zuid,68104,,0,,1584596,0,1
152363,2160,379392164,GVB:52:67823,Noord,67823,,1,,1584594,0,1
152363,2160,379392165,GVB:52:68006,Zuid,68006,,0,,1584595,0,1
152363,2160,379392166,GVB:52:67873,Noord,67873,,1,,1584593,0,1
152363,2160,379392167,GVB:52:68056,Zuid,68056,,0,,1584596,0,1
152363,2160,379392168,GVB:52:68105,Noord,68105,,1,,1584594,0,1
152363,2160,379392169,GVB:52:67924,Zuid,67924,,0,,1584595,0,1
152363,2160,379392170,GVB:52:68007,Noord,68007,,1,,1584593,0,1
152363,2160,379392171,GVB:52:67824,Zuid,67824,,0,,1584596,0,1
152363,2160,379392172,GVB:52:68057,Noord,68057,,1,,1584594,0,1
152363,2160,379392173,GVB:52:67874,Zuid,67874,,0,,1584595,0,1
152363,2160,379392174,GVB:52:67925,Noord,67925,,1,,1584593,0,1
152363,2160,379392175,GVB:52:68106,Zuid,68106,,0,,1584596,0,1
152363,2160,379392176,GVB:52:67825,Noord,67825,,1,,1584594,0,1
152363,2160,379392177,GVB:52:68008,Zuid,68008,,0,,1584595,0,1
152363,2160,379392178,GVB:52:67875,Noord,67875,,1,,1584593,0,1
152363,2160,379392179,GVB:52:68058,Zuid,68058,,0,,1584596,0,1
152363,2160,379392180,GVB:52:68107,Noord,68107,,1,,1584594,0,1
152363,2160,379392181,GVB:52:67926,Zuid,67926,,0,,1584595,0,1
152363,2160,379392182,GVB:52:68009,Noord,68009,,1,,1584593,0,1
152363,2160,379392183,GVB:52:67826,Zuid,67826,,0,,1584596,0,1
152363,2160,379392184,GVB:52:68059,Noord,68059,,1,,1584594,0,1
152363,2160,379392185,GVB:52:67876,Zuid,67876,,0,,1584595,0,1
152363,2160,379392186,GVB:52:67927,Noord,67927,,1,,1584593,0,1
152363,2160,379392187,GVB:52:68108,Zuid,68108,,0,,1584596,0,1
152363,2160,379392188,GVB:52:67827,Noord,67827,,1,,1584594,0,1
152363,2160,379392189,GVB:52:68010,Zuid,68010,,0,,1584595,0,1
152363,2160,379392190,GVB:52:67877,Noord,67877,,1,,1584593,0,1
152363,2160,379392191,GVB:52:68060,Zuid,68060,,0,,1584596,0,1
152363,2160,379392192,GVB:52:68109,Noord,68109,,1,,1584594,0,1
152363,2160,379392193,GVB:52:67928,Zuid,67928,,0,,1584595,0,1
152363,2160,379392194,GVB:52:68011,Noord,68011,,1,,1584593,0,1
152363,2160,379392195,GVB:52:67828,Zuid,67828,,0,,1584596,0,1
152363,2160,379392196,GVB:52:68061,Noord,68061,,1,,1584594,0,1
152363,2160,379392197,GVB:52:67878,Zuid,67878,,0,,1584595,0,1
152363,2160,379392198,GVB:52:67929,Noord,67929,,1,,1584593,0,1
152363,2160,379392199,GVB:52:68110,Zuid,68110,,0,,1584596,0,1
152363,2160,379392200,GVB:52:67829,Noord,67829,,1,,1584594,0,1
152363,2160,379392201,GVB:52:68012,Zuid,68012,,0,,1584595,0,1
152363,2160,379392202,GVB:52:67879,Noord,67879,,1,,1584593,0,1
152363,2160,379392203,GVB:52:68062,Zuid,68062,,0,,1584596,0,1
152363,2160,379392204,GVB:52:68111,Noord,68111,,1,,1584594,0,1
152363,2160,379392205,GVB:52:67930,Zuid,67930,,0,,1584595,0,1
152363,2160,379392206,GVB:52:68013,Noord,68013,,1,,1584593,0,1
152363,2160,379392207,GVB:52:67830,Zuid,67830,,0,,1584596,0,1
152363,2160,379392208,GVB:52:68063,Noord,68063,,1,,1584594,0,1
152363,2160,379392209,GVB:52:67880,Zuid,67880,,0,,1584595,0,1
152363,2160,379392210,GVB:52:67931,Noord,67931,,1,,1584593,0,1
152363,2160,379392211,GVB:52:68112,Zuid,68112,,0,,1584596,0,1
152363,2160,379392212,GVB:52:67831,Noord,67831,,1,,1584594,0,1
152363,2160,379392213,GVB:52:68014,Zuid,68014,,0,,1584595,0,1
152363,2160,379392214,GVB:52:67881,Noord,67881,,1,,1584593,0,1
152363,2160,379392215,GVB:52:68064,Zuid,68064,,0,,1584596,0,1
152363,2160,379392216,GVB:52:68113,Noord,68113,,1,,1584594,0,1
152363,2160,379392217,GVB:52:67932,Zuid,67932,,0,,1584595,0,1
152363,2160,379392218,GVB:52:68015,Noord,68015,,1,,1584593,0,1
152363,2160,379392219,GVB:52:67832,Zuid,67832,,0,,1584596,0,1
152363,2160,379392220,GVB:52:68065,Noord,68065,,1,,1584594,0,1
152363,2160,379392221,GVB:52:67882,Zuid,67882,,0,,1584595,0,1
152363,2160,379392222,GVB:52:67933,Noord,67933,,1,,1584593,0,1
152363,2160,379392223,GVB:52:68114,Zuid,68114,,0,,1584596,0,1
152363,2160,379392224,GVB:52:67833,Noord,67833,,1,,1584594,0,1
152363,2160,379392225,GVB:52:67883,Noord,67883,,1,,1584593,0,1
152363,2160,379392226,GVB:52:68115,Noord,68115,,1,,1584594,0,1
152363,3185,379398649,GVB:52:68118,Europaplein,68118,,0,,1610359,0,1
152363,3185,379398650,GVB:52:68176,Europaplein,68176,,0,,1610360,0,1
152363,3185,379398651,GVB:52:68234,Europaplein,68234,,0,,1610359,0,1
152363,3185,379398652,GVB:52:68119,Noord,68119,,1,,1610362,0,1
152363,3185,379398653,GVB:52:68292,Europaplein,68292,,0,,1610360,0,1
152363,3185,379398654,GVB:52:68177,Noord,68177,,1,,1610361,0,1
152363,3185,379398655,GVB:52:68348,Europaplein,68348,,0,,1610359,0,1
152363,3185,379398656,GVB:52:68235,Noord,68235,,1,,1610362,0,1
152363,3185,379398657,GVB:52:68120,Europaplein,68120,,0,,1610360,0,1
152363,3185,379398658,GVB:52:68293,Noord,68293,,1,,1610361,0,1
152363,3185,379398659,GVB:52:68178,Europaplein,68178,,0,,1610359,0,1
152363,3185,379398660,GVB:52:68349,Noord,68349,,1,,1610362,0,1
152363,3185,379398661,GVB:52:68236,Europaplein,68236,,0,,1610360,0,1
152363,3185,379398662,GVB:52:68121,Noord,68121,,1,,1610361,0,1
152363,3185,379398663,GVB:52:68294,Europaplein,68294,,0,,1610359,0,1
152363,3185,379398664,GVB:52:68179,Noord,68179,,1,,1610362,0,1
152363,3185,379398665,GVB:52:68350,Europaplein,68350,,0,,1610360,0,1
152363,3185,379398666,GVB:52:68237,Noord,68237,,1,,1610361,0,1
152363,3185,379398667,GVB:52:68122,Europaplein,68122,,0,,1610359,0,1
152363,3185,379398668,GVB:52:68295,Noord,68295,,1,,1610362,0,1
152363,3185,379398669,GVB:52:68180,Europaplein,68180,,0,,1610360,0,1
152363,3185,379398670,GVB:52:68351,Noord,68351,,1,,1610361,0,1
152363,3185,379398671,GVB:52:68238,Europaplein,68238,,0,,1610359,0,1
152363,3185,379398672,GVB:52:68123,Noord,68123,,1,,1610362,0,1
152363,3185,379398673,GVB:52:68296,Europaplein,68296,,0,,1610360,0,1
152363,3185,379398674,GVB:52:68181,Noord,68181,,1,,1610361,0,1
152363,3185,379398675,GVB:52:68352,Europaplein,68352,,0,,1610359,0,1
152363,3185,379398676,GVB:52:68239,Noord,68239,,1,,1610362,0,1
152363,3185,379398677,GVB:52:68124,Europaplein,68124,,0,,1610360,0,1
152363,3185,379398678,GVB:52:68297,Noord,68297,,1,,1610361,0,1
152363,3185,379398679,GVB:52:68182,Europaplein,68182,,0,,1610359,0,1
152363,3185,379398680,GVB:52:68353,Noord,68353,,1,,1610362,0,1
152363,3185,379398681,GVB:52:68240,Europaplein,68240,,0,,1610360,0,1
152363,3185,379398682,GVB:52:68125,Noord,68125,,1,,1610361,0,1
152363,3185,379398683,GVB:52:68298,Europaplein,68298,,0,,1610359,0,1
152363,3185,379398684,GVB:52:68183,Noord,68183,,1,,1610362,0,1
152363,3185,379398685,GVB:52:68354,Europaplein,68354,,0,,1610360,0,1
152363,3185,379398686,GVB:52:68241,Noord,68241,,1,,1610361,0,1
152363,3185,379398687,GVB:52:68126,Europaplein,68126,,0,,1610359,0,1
152363,3185,379398688,GVB:52:68299,Noord,68299,,1,,1610362,0,1
152363,3185,379398689,GVB:52:68184,Europaplein,68184,,0,,1610360,0,1
152363,3185,379398690,GVB:52:68355,Noord,68355,,1,,1610361,0,1
152363,3185,379398691,GVB:52:68242,Europaplein,68242,,0,,1610359,0,1
152363,3185,379398692,GVB:52:68127,Noord,68127,,1,,1610362,0,1
152363,3185,379398693,GVB:52:68300,Europaplein,68300,,0,,1610360,0,1
152363,3185,379398694,GVB:52:68185,Noord,68185,,1,,1610361,0,1
152363,3185,379398695,GVB:52:68356,Europaplein,68356,,0,,1610359,0,1
152363,3185,379398696,GVB:52:68243,Noord,68243,,1,,1610362,0,1
152363,3185,379398697,GVB:52:68128,Europaplein,68128,,0,,1610360,0,1
152363,3185,379398698,GVB:52:68301,Noord,68301,,1,,1610361,0,1
152363,3185,379398699,GVB:52:68186,Europaplein,68186,,0,,1610359,0,1
152363,3185,379398700,GVB:52:68357,Noord,68357,,1,,1610362,0,1
152363,3185,379398701,GVB:52:68244,Europaplein,68244,,0,,1610360,0,1
152363,3185,379398702,GVB:52:68129,Noord,68129,,1,,1610361,0,1
152363,3185,379398703,GVB:52:68302,Europaplein,68302,,0,,1610359,0,1
152363,3185,379398704,GVB:52:68187,Noord,68187,,1,,1610362,0,1
152363,3185,379398705,GVB:52:68358,Europaplein,68358,,0,,1610360,0,1
152363,3185,379398706,GVB:52:68245,Noord,68245,,1,,1610361,0,1
152363,3185,379398707,GVB:52:68130,Europaplein,68130,,0,,1610359,0,1
152363,3185,379398708,GVB:52:68303,Noord,68303,,1,,1610362,0,1
152363,3185,379398709,GVB:52:68188,Europaplein,68188,,0,,1610360,0,1
152363,3185,379398710,GVB:52:68359,Noord,68359,,1,,1610361,0,1
152363,3185,379398711,GVB:52:68246,Europaplein,68246,,0,,1610359,0,1
152363,3185,379398712,GVB:52:68131,Noord,68131,,1,,1610362,0,1
152363,3185,379398713,GVB:52:68304,Europaplein,68304,,0,,1610360,0,1
152363,3185,379398714,GVB:52:68189,Noord,68189,,1,,1610361,0,1
152363,3185,379398715,GVB:52:68360,Europaplein,68360,,0,,1610359,0,1
152363,3185,379398716,GVB:52:68247,Noord,68247,,1,,1610362,0,1
152363,3185,379398717,GVB:52:68132,Europaplein,68132,,0,,1610360,0,1
152363,3185,379398718,GVB:52:68305,Noord,68305,,1,,1610361,0,1
152363,3185,379398719,GVB:52:68190,Europaplein,68190,,0,,1610359,0,1
152363,3185,379398720,GVB:52:68361,Noord,68361,,1,,1610362,0,1
152363,3185,379398721,GVB:52:68248,Europaplein,68248,,0,,1610360,0,1
152363,3185,379398722,GVB:52:68133,Noord,68133,,1,,1610361,0,1
152363,3185,379398723,GVB:52:68306,Europaplein,68306,,0,,1610359,0,1
152363,3185,379398724,GVB:52:68191,Noord,68191,,1,,1610362,0,1
152363,3185,379398725,GVB:52:68362,Europaplein,68362,,0,,1610360,0,1
152363,3185,379398726,GVB:52:68249,Noord,68249,,1,,1610361,0,1
152363,3185,379398727,GVB:52:68134,Europaplein,68134,,0,,1610359,0,1
152363,3185,379398728,GVB:52:68307,Noord,68307,,1,,1610362,0,1
152363,3185,379398729,GVB:52:68192,Europaplein,68192,,0,,1610360,0,1
152363,3185,379398730,GVB:52:68363,Noord,68363,,1,,1610361,0,1
152363,3185,379398731,GVB:52:68250,Europaplein,68250,,0,,1610359,0,1
152363,3185,379398732,GVB:52:68135,Noord,68135,,1,,1610362,0,1
152363,3185,379398733,GVB:52:68308,Europaplein,68308,,0,,1610360,0,1
152363,3185,379398734,GVB:52:68193,Noord,68193,,1,,1610361,0,1
152363,3185,379398735,GVB:52:68364,Europaplein,68364,,0,,1610359,0,1
152363,3185,379398736,GVB:52:68251,Noord,68251,,1,,1610362,0,1
152363,3185,379398737,GVB:52:68136,Europaplein,68136,,0,,1610360,0,1
152363,3185,379398738,GVB:52:68309,Noord,68309,,1,,1610361,0,1
152363,3185,379398739,GVB:52:68194,Europaplein,68194,,0,,1610359,0,1
152363,3185,379398740,GVB:52:68365,Noord,68365,,1,,1610362,0,1
152363,3185,379398741,GVB:52:68252,Europaplein,68252,,0,,1610360,0,1
152363,3185,379398742,GVB:52:68137,Noord,68137,,1,,1610361,0,1
152363,3185,379398743,GVB:52:68310,Europaplein,68310,,0,,1610359,0,1
152363,3185,379398744,GVB:52:68195,Noord,68195,,1,,1610362,0,1
152363,3185,379398745,GVB:52:68366,Europaplein,68366,,0,,1610360,0,1
152363,3185,379398746,GVB:52:68253,Noord,68253,,1,,1610361,0,1
152363,3185,379398747,GVB:52:68138,Europaplein,68138,,0,,1610359,0,1
152363,3185,379398748,GVB:52:68311,Noord,68311,,1,,1610362,0,1
152363,3185,379398749,GVB:52:68196,Europaplein,68196,,0,,1610360,0,1
152363,3185,379398750,GVB:52:68367,Noord,68367,,1,,1610361,0,1
152363,3185,379398751,GVB:52:68254,Europaplein,68254,,0,,1610359,0,1
152363,3185,379398752,GVB:52:68139,Noord,68139,,1,,1610362,0,1
152363,3185,379398753,GVB:52:68312,Europaplein,68312,,0,,1610360,0,1
152363,3185,379398754,GVB:52:68197,Noord,68197,,1,,1610361,0,1
152363,3185,379398755,GVB:52:68368,Europaplein,68368,,0,,1610359,0,1
152363,3185,379398756,GVB:52:68255,Noord,68255,,1,,1610362,0,1
152363,3185,379398757,GVB:52:68140,Europaplein,68140,,0,,1610360,0,1
152363,3185,379398758,GVB:52:68313,Noord,68313,,1,,1610361,0,1
152363,3185,379398759,GVB:52:68198,Europaplein,68198,,0,,1610359,0,1
152363,3185,379398760,GVB:52:68369,Noord,68369,,1,,1610362,0,1
152363,3185,379398761,GVB:52:68256,Europaplein,68256,,0,,1610360,0,1
152363,3185,379398762,GVB:52:68141,Noord,68141,,1,,1610361,0,1
152363,3185,379398763,GVB:52:68314,Europaplein,68314,,0,,1610359,0,1
152363,3185,379398764,GVB:52:68199,Noord,68199,,1,,1610362,0,1
152363,3185,379398765,GVB:52:68370,Europaplein,68370,,0,,1610360,0,1
152363,3185,379398766,GVB:52:68257,Noord,68257,,1,,1610361,0,1
152363,3185,379398767,GVB:52:68142,Europaplein,68142,,0,,1610359,0,1
152363,3185,379398768,GVB:52:68315,Noord,68315,,1,,1610362,0,1
152363,3185,379398769,GVB:52:68200,Europaplein,68200,,0,,1610360,0,1
152363,3185,379398770,GVB:52:68371,Noord,68371,,1,,1610361,0,1
152363,3185,379398771,GVB:52:68258,Europaplein,68258,,0,,1610359,0,1
152363,3185,379398772,GVB:52:68143,Noord,68143,,1,,1610362,0,1
152363,3185,379398773,GVB:52:68316,Europaplein,68316,,0,,1610360,0,1
152363,3185,379398774,GVB:52:68201,Noord,68201,,1,,1610361,0,1
152363,3185,379398775,GVB:52:68372,Europaplein,68372,,0,,1610359,0,1
152363,3185,379398776,GVB:52:68259,Noord,68259,,1,,1610362,0,1
152363,3185,379398777,GVB:52:68144,Europaplein,68144,,0,,1610360,0,1
152363,3185,379398778,GVB:52:68317,Noord,68317,,1,,1610361,0,1
152363,3185,379398779,GVB:52:68202,Europaplein,68202,,0,,1610359,0,1
152363,3185,379398780,GVB:52:68373,Noord,68373,,1,,1610362,0,1
152363,3185,379398781,GVB:52:68260,Europaplein,68260,,0,,1610360,0,1
152363,3185,379398782,GVB:52:68145,Noord,68145,,1,,1610361,0,1
152363,3185,379398783,GVB:52:68318,Europaplein,68318,,0,,1610359,0,1
152363,3185,379398784,GVB:52:68203,Noord,68203,,1,,1610362,0,1
152363,3185,379398785,GVB:52:68374,Europaplein,68374,,0,,1610360,0,1
152363,3185,379398786,GVB:52:68261,Noord,68261,,1,,1610361,0,1
152363,3185,379398787,GVB:52:68146,Europaplein,68146,,0,,1610359,0,1
152363,3185,379398788,GVB:52:68319,Noord,68319,,1,,1610362,0,1
152363,3185,379398789,GVB:52:68204,Europaplein,68204,,0,,1610360,0,1
152363,3185,379398790,GVB:52:68375,Noord,68375,,1,,1610361,0,1
152363,3185,379398791,GVB:52:68262,Europaplein,68262,,0,,1610359,0,1
152363,3185,379398792,GVB:52:68147,Noord,68147,,1,,1610362,0,1
152363,3185,379398793,GVB:52:68320,Europaplein,68320,,0,,1610360,0,1
152363,3185,379398794,GVB:52:68205,Noord,68205,,1,,1610361,0,1
152363,3185,379398795,GVB:52:68376,Europaplein,68376,,0,,1610359,0,1
152363,3185,379398796,GVB:52:68263,Noord,68263,,1,,1610362,0,1
152363,3185,379398797,GVB:52:68148,Europaplein,68148,,0,,1610360,0,1
152363,3185,379398798,GVB:52:68321,Noord,68321,,1,,1610361,0,1
152363,3185,379398799,GVB:52:68206,Europaplein,68206,,0,,1610359,0,1
152363,3185,379398800,GVB:52:68377,Noord,68377,,1,,1610362,0,1
152363,3185,379398801,GVB:52:68264,Europaplein,68264,,0,,1610360,0,1
152363,3185,379398802,GVB:52:68149,Noord,68149,,1,,1610361,0,1
152363,3185,379398803,GVB:52:68322,Europaplein,68322,,0,,1610359,0,1
152363,3185,379398804,GVB:52:68207,Noord,68207,,1,,1610362,0,1
152363,3185,379398805,GVB:52:68378,Europaplein,68378,,0,,1610360,0,1
152363,3185,379398806,GVB:52:68265,Noord,68265,,1,,1610361,0,1
152363,3185,379398807,GVB:52:68150,Europaplein,68150,,0,,1610359,0,1
152363,3185,379398808,GVB:52:68323,Noord,68323,,1,,1610362,0,1
152363,3185,379398809,GVB:52:68208,Europaplein,68208,,0,,1610360,0,1
152363,3185,379398810,GVB:52:68379,Noord,68379,,1,,1610361,0,1
152363,3185,379398811,GVB:52:68266,Europaplein,68266,,0,,1610359,0,1
152363,3185,379398812,GVB:52:68151,Noord,68151,,1,,1610362,0,1
152363,3185,379398813,GVB:52:68324,Europaplein,68324,,0,,1610360,0,1
152363,3185,379398814,GVB:52:68209,Noord,68209,,1,,1610361,0,1
152363,3185,379398815,GVB:52:68380,Europaplein,68380,,0,,1610359,0,1
152363,3185,379398816,GVB:52:68267,Noord,68267,,1,,1610362,0,1
152363,3185,379398817,GVB:52:68152,Europaplein,68152,,0,,1610360,0,1
152363,3185,379398818,GVB:52:68325,Noord,68325,,1,,1610361,0,1
152363,3185,379398819,GVB:52:68210,Europaplein,68210,,0,,1610359,0,1
152363,3185,379398820,GVB:52:68381,Noord,68381,,1,,1610362,0,1
152363,3185,379398821,GVB:52:68268,Europaplein,68268,,0,,1610360,0,1
152363,3185,379398822,GVB:52:68153,Noord,68153,,1,,1610361,0,1
152363,3185,379398823,GVB:52:68326,Europaplein,68326,,0,,1610359,0,1
152363,3185,379398824,GVB:52:68211,Noord,68211,,1,,1610362,0,1
152363,3185,379398825,GVB:52:68382,Europaplein,68382,,0,,1610360,0,1
152363,3185,379398826,GVB:52:68269,Noord,68269,,1,,1610361,0,1
152363,3185,379398827,GVB:52:68154,Europaplein,68154,,0,,1610359,0,1
152363,3185,379398828,GVB:52:68327,Noord,68327,,1,,1610362,0,1
152363,3185,379398829,GVB:52:68212,Europaplein,68212,,0,,1610360,0,1
152363,3185,379398830,GVB:52:68383,Noord,68383,,1,,1610361,0,1
152363,3185,379398831,GVB:52:68270,Europaplein,68270,,0,,1610359,0,1
152363,3185,379398832,GVB:52:68155,Noord,68155,,1,,1610362,0,1
152363,3185,379398833,GVB:52:68328,Europaplein,68328,,0,,1610360,0,1
152363,3185,379398834,GVB:52:68213,Noord,68213,,1,,1610361,0,1
152363,3185,379398835,GVB:52:68384,Europaplein,68384,,0,,1610359,0,1
152363,3185,379398836,GVB:52:68271,Noord,68271,,1,,1610362,0,1
152363,3185,379398837,GVB:52:68156,Europaplein,68156,,0,,1610360,0,1
152363,3185,379398838,GVB:52:68329,Noord,68329,,1,,1610361,0,1
152363,3185,379398839,GVB:52:68214,Europaplein,68214,,0,,1610359,0,1
152363,3185,379398840,GVB:52:68385,Noord,68385,,1,,1610362,0,1
152363,3185,379398841,GVB:52:68272,Europaplein,68272,,0,,1610360,0,1
152363,3185,379398842,GVB:52:68157,Noord,68157,,1,,1610361,0,1
152363,3185,379398843,GVB:52:68330,Europaplein,68330,,0,,1610359,0,1
152363,3185,379398844,GVB:52:68215,Noord,68215,,1,,1610362,0,1
152363,3185,379398845,GVB:52:68386,Europaplein,68386,,0,,1610360,0,1
152363,3185,379398846,GVB:52:68273,Noord,68273,,1,,1610361,0,1
152363,3185,379398847,GVB:52:68158,Europaplein,68158,,0,,1610359,0,1
152363,3185,379398848,GVB:52:68331,Noord,68331,,1,,1610362,0,1
152363,3185,379398849,GVB:52:68216,Europaplein,68216,,0,,1610360,0,1
152363,3185,379398850,GVB:52:68387,Noord,68387,,1,,1610361,0,1
152363,3185,379398851,GVB:52:68274,Europaplein,68274,,0,,1610359,0,1
152363,3185,379398852,GVB:52:68159,Noord,68159,,1,,1610362,0,1
152363,3185,379398853,GVB:52:68332,Europaplein,68332,,0,,1610360,0,1
152363,3185,379398854,GVB:52:68217,Noord,68217,,1,,1610361,0,1
152363,3185,379398855,GVB:52:68388,Europaplein,68388,,0,,1610359,0,1
152363,3185,379398856,GVB:52:68275,Noord,68275,,1,,1610362,0,1
152363,3185,379398857,GVB:52:68160,Europaplein,68160,,0,,1610360,0,1
152363,3185,379398858,GVB:52:68333,Noord,68333,,1,,1610361,0,1
152363,3185,379398859,GVB:52:68218,Europaplein,68218,,0,,1610359,0,1
152363,3185,379398860,GVB:52:68389,Noord,68389,,1,,1610362,0,1
152363,3185,379398861,GVB:52:68276,Europaplein,68276,,0,,1610360,0,1
152363,3185,379398862,GVB:52:68161,Noord,68161,,1,,1610361,0,1
152363,3185,379398863,GVB:52:68334,Europaplein,68334,,0,,1610359,0,1
152363,3185,379398864,GVB:52:68219,Noord,68219,,1,,1610362,0,1
152363,3185,379398865,GVB:52:68390,Europaplein,68390,,0,,1610360,0,1
152363,3185,379398866,GVB:52:68277,Noord,68277,,1,,1610361,0,1
152363,3185,379398867,GVB:52:68162,Europaplein,68162,,0,,1610359,0,1
152363,3185,379398868,GVB:52:68335,Noord,68335,,1,,1610362,0,1
152363,3185,379398869,GVB:52:68220,Europaplein,68220,,0,,1610360,0,1
152363,3185,379398870,GVB:52:68391,Noord,68391,,1,,1610361,0,1
152363,3185,379398871,GVB:52:68278,Europaplein,68278,,0,,1610359,0,1
152363,3185,379398872,GVB:52:68163,Noord,68163,,1,,1610362,0,1
152363,3185,379398873,GVB:52:68336,Europaplein,68336,,0,,1610360,0,1
152363,3185,379398874,GVB:52:68221,Noord,68221,,1,,1610361,0,1
152363,3185,379398875,GVB:52:68392,Europaplein,68392,,0,,1610359,0,1
152363,3185,379398876,GVB:52:68279,Noord,68279,,1,,1610362,0,1
152363,3185,379398877,GVB:52:68164,Europaplein,68164,,0,,1610360,0,1
152363,3185,379398878,GVB:52:68337,Noord,68337,,1,,1610361,0,1
152363,3185,379398879,GVB:52:68222,Europaplein,68222,,0,,1610359,0,1
152363,3185,379398880,GVB:52:68393,Noord,68393,,1,,1610362,0,1
152363,3185,379398881,GVB:52:68280,Europaplein,68280,,0,,1610360,0,1
152363,3185,379398882,GVB:52:68165,Noord,68165,,1,,1610361,0,1
152363,3185,379398883,GVB:52:68338,Europaplein,68338,,0,,1610359,0,1
152363,3185,379398884,GVB:52:68223,Noord,68223,,1,,1610362,0,1
152363,3185,379398885,GVB:52:68394,Europaplein,68394,,0,,1610360,0,1
152363,3185,379398886,GVB:52:68281,Noord,68281,,1,,1610361,0,1
152363,3185,379398887,GVB:52:68166,Europaplein,68166,,0,,1610359,0,1
152363,3185,379398888,GVB:52:68339,Noord,68339,,1,,1610362,0,1
152363,3185,379398889,GVB:52:68224,Europaplein,68224,,0,,1610360,0,1
152363,3185,379398890,GVB:52:68395,Noord,68395,,1,,1610361,0,1
152363,3185,379398891,GVB:52:68282,Europaplein,68282,,0,,1610359,0,1
152363,3185,379398892,GVB:52:68167,Noord,68167,,1,,1610362,0,1
152363,3185,379398893,GVB:52:68340,Europaplein,68340,,0,,1610360,0,1
152363,3185,379398894,GVB:52:68225,Noord,68225,,1,,1610361,0,1
152363,3185,379398895,GVB:52:68396,Europaplein,68396,,0,,1610359,0,1
152363,3185,379398896,GVB:52:68283,Noord,68283,,1,,1610362,0,1
152363,3185,379398897,GVB:52:68168,Europaplein,68168,,0,,1610360,0,1
152363,3185,379398898,GVB:52:68341,Noord,68341,,1,,1610361,0,1
152363,3185,379398899,GVB:52:68226,Europaplein,68226,,0,,1610359,0,1
152363,3185,379398900,GVB:52:68397,Noord,68397,,1,,1610362,0,1
152363,3185,379398901,GVB:52:68284,Europaplein,68284,,0,,1610360,0,1
152363,3185,379398902,GVB:52:68169,Noord,68169,,1,,1610361,0,1
152363,3185,379398903,GVB:52:68342,Europaplein,68342,,0,,1610359,0,1
152363,3185,379398904,GVB:52:68227,Noord,68227,,1,,1610362,0,1
152363,3185,379398905,GVB:52:68398,Europaplein,68398,,0,,1610360,0,1
152363,3185,379398906,GVB:52:68285,Noord,68285,,1,,1610361,0,1
152363,3185,379398907,GVB:52:68170,Europaplein,68170,,0,,1610359,0,1
152363,3185,379398908,GVB:52:68343,Noord,68343,,1,,1610362,0,1
152363,3185,379398909,GVB:52:68228,Europaplein,68228,,0,,1610360,0,1
152363,3185,379398910,GVB:52:68399,Noord,68399,,1,,1610361,0,1
152363,3185,379398911,GVB:52:68286,Europaplein,68286,,0,,1610359,0,1
152363,3185,379398912,GVB:52:68171,Noord,68171,,1,,1610362,0,1
152363,3185,379398913,GVB:52:68344,Europaplein,68344,,0,,1610360,0,1
152363,3185,379398914,GVB:52:68229,Noord,68229,,1,,1610361,0,1
152363,3185,379398915,GVB:52:68400,Europaplein,68400,,0,,1610359,0,1
152363,3185,379398916,GVB:52:68287,Noord,68287,,1,,1610362,0,1
152363,3185,379398917,GVB:52:68172,Europaplein,68172,,0,,1610360,0,1
152363,3185,379398918,GVB:52:68345,Noord,68345,,1,,1610361,0,1
152363,3185,379398919,GVB:52:68230,Europaplein,68230,,0,,1610359,0,1
152363,3185,379398920,GVB:52:68401,Noord,68401,,1,,1610362,0,1
152363,3185,379398921,GVB:52:68173,Noord,68173,,1,,1610361,0,1
152363,3185,379398922,GVB:52:68288,Europaplein,68288,,0,,1610360,0,1
152363,3185,379398923,GVB:52:68231,Noord,68231,,1,,1610362,0,1
152363,3185,379398924,GVB:52:68289,Noord,68289,,1,,1610361,0,1
152363,3657,379436240,GVB:52:66832,Zuid,66832,,0,,1584596,0,2
152363,3657,379436241,GVB:52:66886,Zuid,66886,,0,,1584595,0,2
152363,3657,379436242,GVB:52:66833,Noord,66833,,1,,1650780,0,2
152363,3657,379436243,GVB:52:66940,Zuid,66940,,0,,1584596,0,2
152363,3657,379436244,GVB:52:66887,Noord,66887,,1,,1650779,0,2
152363,3657,379436245,GVB:52:67046,Zuid,67046,,0,,1584596,0,2
152363,3657,379436246,GVB:52:67098,Zuid,67098,,0,,1584595,0,2
152363,3657,379436247,GVB:52:66941,Noord,66941,,1,,1650780,0,2
152363,3657,379436248,GVB:52:66834,Zuid,66834,,0,,1584596,0,2
152363,3657,379436249,GVB:52:67047,Noord,67047,,1,,1650780,0,2
152363,3657,379436250,GVB:52:66888,Zuid,66888,,0,,1584595,0,2
152363,3657,379436251,GVB:52:67099,Noord,67099,,1,,1650779,0,2
152363,3657,379436252,GVB:52:66942,Zuid,66942,,0,,1584596,0,2
152363,3657,379436253,GVB:52:66835,Noord,66835,,1,,1650780,0,2
152363,3657,379436254,GVB:52:66994,Zuid,66994,,0,,1584595,0,2
152363,3657,379436255,GVB:52:66889,Noord,66889,,1,,1650779,0,2
152363,3657,379436256,GVB:52:67048,Zuid,67048,,0,,1584596,0,2
152363,3657,379436257,GVB:52:66943,Noord,66943,,1,,1650780,0,2
152363,3657,379436258,GVB:52:67100,Zuid,67100,,0,,1584595,0,2
152363,3657,379436259,GVB:52:66995,Noord,66995,,1,,1650779,0,2
152363,3657,379436260,GVB:52:66836,Zuid,66836,,0,,1584596,0,2
152363,3657,379436261,GVB:52:67049,Noord,67049,,1,,1650780,0,2
152363,3657,379436262,GVB:52:66890,Zuid,66890,,0,,1584595,0,2
152363,3657,379436263,GVB:52:67101,Noord,67101,,1,,1650779,0,2
152363,3657,379436264,GVB:52:66944,Zuid,66944,,0,,1584596,0,2
152363,3657,379436265,GVB:52:66837,Noord,66837,,1,,1650780,0,2
152363,3657,379436266,GVB:52:66996,Zuid,66996,,0,,1584595,0,2
152363,3657,379436267,GVB:52:66891,Noord,66891,,1,,1650779,0,2
152363,3657,379436268,GVB:52:67050,Zuid,67050,,0,,1584596,0,2
152363,3657,379436269,GVB:52:66945,Noord,66945,,1,,1650780,0,2
152363,3657,379436270,GVB:52:67102,Zuid,67102,,0,,1584595,0,2
152363,3657,379436271,GVB:52:66997,Noord,66997,,1,,1650779,0,2
152363,3657,379436272,GVB:52:66838,Zuid,66838,,0,,1584596,0,2
152363,3657,379436273,GVB:52:67051,Noord,67051,,1,,1650780,0,2
152363,3657,379436274,GVB:52:66892,Zuid,66892,,0,,1584595,0,2
152363,3657,379436275,GVB:52:67103,Noord,67103,,1,,1650779,0,2
152363,3657,379436276,GVB:52:66946,Zuid,66946,,0,,1584596,0,2
152363,3657,379436277,GVB:52:66839,Noord,66839,,1,,1650780,0,2
152363,3657,379436278,GVB:52:66998,Zuid,66998,,0,,1584595,0,2
152363,3657,379436279,GVB:52:66893,Noord,66893,,1,,1650779,0,2
152363,3657,379436280,GVB:52:67052,Zuid,67052,,0,,1584596,0,2
152363,3657,379436281,GVB:52:66947,Noord,66947,,1,,1650780,0,2
152363,3657,379436282,GVB:52:67104,Zuid,67104,,0,,1584595,0,2
152363,3657,379436283,GVB:52:66999,Noord,66999,,1,,1650779,0,2
152363,3657,379436284,GVB:52:66840,Zuid,66840,,0,,1584596,0,2
152363,3657,379436285,GVB:52:67053,Noord,67053,,1,,1650780,0,2
152363,3657,379436286,GVB:52:66894,Zuid,66894,,0,,1584595,0,2
152363,3657,379436287,GVB:52:67105,Noord,67105,,1,,1650779,0,2
152363,3657,379436288,GVB:52:66948,Zuid,66948,,0,,1584596,0,2
152363,3657,379436289,GVB:52:66841,Noord,66841,,1,,1650780,0,2
152363,3657,379436290,GVB:52:67000,Zuid,67000,,0,,1584595,0,2
152363,3657,379436291,GVB:52:66895,Noord,66895,,1,,1650779,0,2
152363,3657,379436292,GVB:52:67054,Zuid,67054,,0,,1584596,0,2
152363,3657,379436293,GVB:52:66949,Noord,66949,,1,,1650780,0,2
152363,3657,379436294,GVB:52:67106,Zuid,67106,,0,,1584595,0,2
152363,3657,379436295,GVB:52:67001,Noord,67001,,1,,1650779,0,2
152363,3657,379436296,GVB:52:66842,Zuid,66842,,0,,1584596,0,2
152363,3657,379436297,GVB:52:67055,Noord,67055,,1,,1650780,0,2
152363,3657,379436298,GVB:52:66896,Zuid,66896,,0,,1584595,0,2
152363,3657,379436299,GVB:52:67107,Noord,67107,,1,,1650779,0,2
152363,3657,379436300,GVB:52:66950,Zuid,66950,,0,,1584596,0,2
152363,3657,379436301,GVB:52:66843,Noord,66843,,1,,1650780,0,2
152363,3657,379436302,GVB:52:67002,Zuid,67002,,0,,1584595,0,2
152363,3657,379436303,GVB:52:66897,Noord,66897,,1,,1650779,0,2
152363,3657,379436304,GVB:52:67056,Zuid,67056,,0,,1584596,0,2
152363,3657,379436305,GVB:52:66951,Noord,66951,,1,,1650780,0,2
152363,3657,379436306,GVB:52:67108,Zuid,67108,,0,,1584595,0,2
152363,3657,379436307,GVB:52:67003,Noord,67003,,1,,1650779,0,2
152363,3657,379436308,GVB:52:66844,Zuid,66844,,0,,1584596,0,2
152363,3657,379436309,GVB:52:67057,Noord,67057,,1,,1650780,0,2
152363,3657,379436310,GVB:52:66898,Zuid,66898,,0,,1584595,0,2
152363,3657,379436311,GVB:52:67109,Noord,67109,,1,,1650779,0,2
152363,3657,379436312,GVB:52:66952,Zuid,66952,,0,,1584596,0,2
152363,3657,379436313,GVB:52:66845,Noord,66845,,1,,1650780,0,2
152363,3657,379436314,GVB:52:67004,Zuid,67004,,0,,1584595,0,2
152363,3657,379436315,GVB:52:66899,Noord,66899,,1,,1650779,0,2
152363,3657,379436316,GVB:52:67058,Zuid,67058,,0,,1584596,0,2
152363,3657,379436317,GVB:52:66953,Noord,66953,,1,,1650780,0,2
152363,3657,379436318,GVB:52:67110,Zuid,67110,,0,,1584595,0,2
152363,3657,379436319,GVB:52:67005,Noord,67005,,1,,1650779,0,2
152363,3657,379436320,GVB:52:66846,Zuid,66846,,0,,1584596,0,2
152363,3657,379436321,GVB:52:67059,Noord,67059,,1,,1650780,0,2
152363,3657,379436322,GVB:52:66900,Zuid,66900,,0,,1584595,0,2
152363,3657,379436323,GVB:52:67111,Noord,67111,,1,,1650779,0,2
152363,3657,379436324,GVB:52:66954,Zuid,66954,,0,,1584596,0,2
152363,3657,379436325,GVB:52:66847,Noord,66847,,1,,1650780,0,2
152363,3657,379436326,GVB:52:67006,Zuid,67006,,0,,1584595,0,2
152363,3657,379436327,GVB:52:66901,Noord,66901,,1,,1650779,0,2
152363,3657,379436328,GVB:52:67060,Zuid,67060,,0,,1584596,0,2
152363,3657,379436329,GVB:52:66955,Noord,66955,,1,,1650780,0,2
152363,3657,379436330,GVB:52:67112,Zuid,67112,,0,,1584595,0,2
152363,3657,379436331,GVB:52:67007,Noord,67007,,1,,1650779,0,2
152363,3657,379436332,GVB:52:66848,Zuid,66848,,0,,1584596,0,2
152363,3657,379436333,GVB:52:67061,Noord,67061,,1,,1650780,0,2
152363,3657,379436334,GVB:52:66902,Zuid,66902,,0,,1584595,0,2
152363,3657,379436335,GVB:52:67113,Noord,67113,,1,,1650779,0,2
152363,3657,379436336,GVB:52:66956,Zuid,66956,,0,,1584596,0,2
152363,3657,379436337,GVB:52:66849,Noord,66849,,1,,1650780,0,2
152363,3657,379436338,GVB:52:67008,Zuid,67008,,0,,1584595,0,2
152363,3657,379436339,GVB:52:66903,Noord,66903,,1,,1650779,0,2
152363,3657,379436340,GVB:52:67062,Zuid,67062,,0,,1584596,0,2
152363,3657,379436341,GVB:52:66957,Noord,66957,,1,,1650780,0,2
152363,3657,379436342,GVB:52:67114,Zuid,67114,,0,,1584595,0,2
152363,3657,379436343,GVB:52:67009,Noord,67009,,1,,1650779,0,2
152363,3657,379436344,GVB:52:66850,Zuid,66850,,0,,1584596,0,2
152363,3657,379436345,GVB:52:67063,Noord,67063,,1,,1650780,0,2
152363,3657,379436346,GVB:52:66904,Zuid,66904,,0,,1584595,0,2
152363,3657,379436347,GVB:52:67115,Noord,67115,,1,,1650779,0,2
152363,3657,379436348,GVB:52:66958,Zuid,66958,,0,,1584596,0,2
152363,3657,379436349,GVB:52:66851,Noord,66851,,1,,1650780,0,2
152363,3657,379436350,GVB:52:67010,Zuid,67010,,0,,1584595,0,2
152363,3657,379436351,GVB:52:66905,Noord,66905,,1,,1650779,0,2
152363,3657,379436352,GVB:52:67064,Zuid,67064,,0,,1584596,0,2
152363,3657,379436353,GVB:52:66959,Noord,66959,,1,,1650780,0,2
152363,3657,379436354,GVB:52:67116,Zuid,67116,,0,,1584595,0,2
152363,3657,379436355,GVB:52:67011,Noord,67011,,1,,1650779,0,2
152363,3657,379436356,GVB:52:66852,Zuid,66852,,0,,1584596,0,2
152363,3657,379436357,GVB:52:67065,Noord,67065,,1,,1650780,0,2
152363,3657,379436358,GVB:52:66906,Zuid,66906,,0,,1584595,0,2
152363,3657,379436359,GVB:52:67117,Noord,67117,,1,,1650779,0,2
152363,3657,379436360,GVB:52:66960,Zuid,66960,,0,,1584596,0,2
152363,3657,379436361,GVB:52:66853,Noord,66853,,1,,1650780,0,2
152363,3657,379436362,GVB:52:67012,Zuid,67012,,0,,1584595,0,2
152363,3657,379436363,GVB:52:66907,Noord,66907,,1,,1650779,0,2
152363,3657,379436364,GVB:52:67066,Zuid,67066,,0,,1584596,0,2
152363,3657,379436365,GVB:52:66961,Noord,66961,,1,,1650780,0,2
152363,3657,379436366,GVB:52:67118,Zuid,67118,,0,,1584595,0,2
152363,3657,379436367,GVB:52:67013,Noord,67013,,1,,1650779,0,2
152363,3657,379436368,GVB:52:66854,Zuid,66854,,0,,1584596,0,2
152363,3657,379436369,GVB:52:67067,Noord,67067,,1,,1650780,0,2
152363,3657,379436370,GVB:52:66908,Zuid,66908,,0,,1584595,0,2
152363,3657,379436371,GVB:52:67119,Noord,67119,,1,,1650779,0,2
152363,3657,379436372,GVB:52:66962,Zuid,66962,,0,,1584596,0,2
152363,3657,379436373,GVB:52:66855,Noord,66855,,1,,1650780,0,2
152363,3657,379436374,GVB:52:67014,Zuid,67014,,0,,1584595,0,2
152363,3657,379436375,GVB:52:66909,Noord,66909,,1,,1650779,0,2
152363,3657,379436376,GVB:52:67068,Zuid,67068,,0,,1584596,0,2
152363,3657,379436377,GVB:52:66963,Noord,66963,,1,,1650780,0,2
152363,3657,379436378,GVB:52:67120,Zuid,67120,,0,,1584595,0,2
152363,3657,379436379,GVB:52:67015,Noord,67015,,1,,1650779,0,2
152363,3657,379436380,GVB:52:66856,Zuid,66856,,0,,1584596,0,2
152363,3657,379436381,GVB:52:67069,Noord,67069,,1,,1650780,0,2
152363,3657,379436382,GVB:52:66910,Zuid,66910,,0,,1584595,0,2
152363,3657,379436383,GVB:52:67121,Noord,67121,,1,,1650779,0,2
152363,3657,379436384,GVB:52:66964,Zuid,66964,,0,,1584596,0,2
152363,3657,379436385,GVB:52:66857,Noord,66857,,1,,1650780,0,2
152363,3657,379436386,GVB:52:67016,Zuid,67016,,0,,1584595,0,2
152363,3657,379436387,GVB:52:66911,Noord,66911,,1,,1650779,0,2
152363,3657,379436388,GVB:52:67070,Zuid,67070,,0,,1584596,0,2
152363,3657,379436389,GVB:52:66965,Noord,66965,,1,,1650780,0,2
152363,3657,379436390,GVB:52:67122,Zuid,67122,,0,,1584595,0,2
152363,3657,379436391,GVB:52:67017,Noord,67017,,1,,1650779,0,2
152363,3657,379436392,GVB:52:66858,Zuid,66858,,0,,1584596,0,2
152363,3657,379436393,GVB:52:67071,Noord,67071,,1,,1650780,0,2
152363,3657,379436394,GVB:52:66912,Zuid,66912,,0,,1584595,0,2
152363,3657,379436395,GVB:52:67123,Noord,67123,,1,,1650779,0,2
152363,3657,379436396,GVB:52:66966,Zuid,66966,,0,,1584596,0,2
152363,3657,379436397,GVB:52:66859,Noord,66859,,1,,1650780,0,2
152363,3657,379436398,GVB:52:67018,Zuid,67018,,0,,1584595,0,2
152363,3657,379436399,GVB:52:66913,Noord,66913,,1,,1650779,0,2
152363,3657,379436400,GVB:52:67072,Zuid,67072,,0,,1584596,0,2
152363,3657,379436401,GVB:52:66967,Noord,66967,,1,,1650780,0,2
152363,3657,379436402,GVB:52:67124,Zuid,67124,,0,,1584595,0,2
152363,3657,379436403,GVB:52:67019,Noord,67019,,1,,1650779,0,2
152363,3657,379436404,GVB:52:66860,Zuid,66860,,0,,1584596,0,2
152363,3657,379436405,GVB:52:67073,Noord,67073,,1,,1650780,0,2
152363,3657,379436406,GVB:52:66914,Zuid,66914,,0,,1584595,0,2
152363,3657,379436407,GVB:52:67125,Noord,67125,,1,,1650779,0,2
152363,3657,379436408,GVB:52:66968,Zuid,66968,,0,,1584596,0,2
152363,3657,379436409,GVB:52:66861,Noord,66861,,1,,1650780,0,2
152363,3657,379436410,GVB:52:67020,Zuid,67020,,0,,1584595,0,2
152363,3657,379436411,GVB:52:66915,Noord,66915,,1,,1650779,0,2
152363,3657,379436412,GVB:52:67074,Zuid,67074,,0,,1584596,0,2
152363,3657,379436413,GVB:52:66969,Noord,66969,,1,,1650780,0,2
152363,3657,379436414,GVB:52:67126,Zuid,67126,,0,,1584595,0,2
152363,3657,379436415,GVB:52:67021,Noord,67021,,1,,1650779,0,2
152363,3657,379436416,GVB:52:66862,Zuid,66862,,0,,1584596,0,2
152363,3657,379436417,GVB:52:67075,Noord,67075,,1,,1650780,0,2
152363,3657,379436418,GVB:52:66916,Zuid,66916,,0,,1584595,0,2
152363,3657,379436419,GVB:52:67127,Noord,67127,,1,,1650779,0,2
152363,3657,379436420,GVB:52:66970,Zuid,66970,,0,,1584596,0,2
152363,3657,379436421,GVB:52:66863,Noord,66863,,1,,1650780,0,2
152363,3657,379436422,GVB:52:67022,Zuid,67022,,0,,1584595,0,2
152363,3657,379436423,GVB:52:66917,Noord,66917,,1,,1650779,0,2
152363,3657,379436424,GVB:52:67076,Zuid,67076,,0,,1584596,0,2
152363,3657,379436425,GVB:52:66971,Noord,66971,,1,,1650780,0,2
152363,3657,379436426,GVB:52:67128,Zuid,67128,,0,,1584595,0,2
152363,3657,379436427,GVB:52:67023,Noord,67023,,1,,1650779,0,2
152363,3657,379436428,GVB:52:66864,Zuid,66864,,0,,1584596,0,2
152363,3657,379436429,GVB:52:67077,Noord,67077,,1,,1650780,0,2
152363,3657,379436430,GVB:52:66918,Zuid,66918,,0,,1584595,0,2
152363,3657,379436431,GVB:52:67129,Noord,67129,,1,,1650779,0,2
152363,3657,379436432,GVB:52:66972,Zuid,66972,,0,,1584596,0,2
152363,3657,379436433,GVB:52:66865,Noord,66865,,1,,1650780,0,2
152363,3657,379436434,GVB:52:67024,Zuid,67024,,0,,1584595,0,2
152363,3657,379436435,GVB:52:66919,Noord,66919,,1,,1650779,0,2
152363,3657,379436436,GVB:52:67078,Zuid,67078,,0,,1584596,0,2
152363,3657,379436437,GVB:52:66973,Noord,66973,,1,,1650780,0,2
152363,3657,379436438,GVB:52:67130,Zuid,67130,,0,,1584595,0,2
152363,3657,379436439,GVB:52:67025,Noord,67025,,1,,1650779,0,2
152363,3657,379436440,GVB:52:66866,Zuid,66866,,0,,1584596,0,2
152363,3657,379436441,GVB:52:67079,Noord,67079,,1,,1650780,0,2
152363,3657,379436442,GVB:52:66920,Zuid,66920,,0,,1584595,0,2
152363,3657,379436443,GVB:52:67131,Noord,67131,,1,,1650779,0,2
152363,3657,379436444,GVB:52:66974,Zuid,66974,,0,,1584596,0,2
152363,3657,379436445,GVB:52:66867,Noord,66867,,1,,1650780,0,2
152363,3657,379436446,GVB:52:67026,Zuid,67026,,0,,1584595,0,2
152363,3657,379436447,GVB:52:66921,Noord,66921,,1,,1650779,0,2
152363,3657,379436448,GVB:52:67080,Zuid,67080,,0,,1584596,0,2
152363,3657,379436449,GVB:52:66975,Noord,66975,,1,,1650780,0,2
152363,3657,379436450,GVB:52:67132,Zuid,67132,,0,,1584595,0,2
152363,3657,379436451,GVB:52:67027,Noord,67027,,1,,1650779,0,2
152363,3657,379436452,GVB:52:66868,Zuid,66868,,0,,1584596,0,2
152363,3657,379436453,GVB:52:67081,Noord,67081,,1,,1650780,0,2
152363,3657,379436454,GVB:52:66922,Zuid,66922,,0,,1584595,0,2
152363,3657,379436455,GVB:52:67133,Noord,67133,,1,,1650779,0,2
152363,3657,379436456,GVB:52:66976,Zuid,66976,,0,,1584596,0,2
152363,3657,379436457,GVB:52:66869,Noord,66869,,1,,1650780,0,2
152363,3657,379436458,GVB:52:67028,Zuid,67028,,0,,1584595,0,2
152363,3657,379436459,GVB:52:66923,Noord,66923,,1,,1650779,0,2
152363,3657,379436460,GVB:52:67082,Zuid,67082,,0,,1584596,0,2
152363,3657,379436461,GVB:52:66977,Noord,66977,,1,,1650780,0,2
152363,3657,379436462,GVB:52:67134,Zuid,67134,,0,,1584595,0,2
152363,3657,379436463,GVB:52:67029,Noord,67029,,1,,1650779,0,2
152363,3657,379436464,GVB:52:66870,Zuid,66870,,0,,1584596,0,2
152363,3657,379436465,GVB:52:67083,Noord,67083,,1,,1650780,0,2
152363,3657,379436466,GVB:52:66924,Zuid,66924,,0,,1584595,0,2
152363,3657,379436467,GVB:52:67135,Noord,67135,,1,,1650779,0,2
152363,3657,379436468,GVB:52:66978,Zuid,66978,,0,,1584596,0,2
152363,3657,379436469,GVB:52:66871,Noord,66871,,1,,1650780,0,2
152363,3657,379436470,GVB:52:67030,Zuid,67030,,0,,1584595,0,2
152363,3657,379436471,GVB:52:66925,Noord,66925,,1,,1650779,0,2
152363,3657,379436472,GVB:52:67084,Zuid,67084,,0,,1584596,0,2
152363,3657,379436473,GVB:52:66979,Noord,66979,,1,,1650780,0,2
152363,3657,379436474,GVB:52:67136,Zuid,67136,,0,,1584595,0,2
152363,3657,379436475,GVB:52:67031,Noord,67031,,1,,1650779,0,2
152363,3657,379436476,GVB:52:66872,Zuid,66872,,0,,1584596,0,2
152363,3657,379436477,GVB:52:67085,Noord,67085,,1,,1650780,0,2
152363,3657,379436478,GVB:52:66926,Zuid,66926,,0,,1584595,0,2
152363,3657,379436479,GVB:52:67137,Noord,67137,,1,,1650779,0,2
152363,3657,379436480,GVB:52:66980,Zuid,66980,,0,,1584596,0,2
152363,3657,379436481,GVB:52:66873,Noord,66873,,1,,1650780,0,2
152363,3657,379436482,GVB:52:67032,Zuid,67032,,0,,1584595,0,2
152363,3657,379436483,GVB:52:66927,Noord,66927,,1,,1650779,0,2
152363,3657,379436484,GVB:52:67086,Zuid,67086,,0,,1584596,0,2
152363,3657,379436485,GVB:52:66981,Noord,66981,,1,,1650780,0,2
152363,3657,379436486,GVB:52:67138,Zuid,67138,,0,,1584595,0,2
152363,3657,379436487,GVB:52:67033,Noord,67033,,1,,1650779,0,2
152363,3657,379436488,GVB:52:66874,Zuid,66874,,0,,1584596,0,2
152363,3657,379436489,GVB:52:67087,Noord,67087,,1,,1650780,0,2
152363,3657,379436490,GVB:52:66928,Zuid,66928,,0,,1584595,0,2
152363,3657,379436491,GVB:52:67139,Noord,67139,,1,,1650779,0,2
152363,3657,379436492,GVB:52:66982,Zuid,66982,,0,,1584596,0,2
152363,3657,379436493,GVB:52:66875,Noord,66875,,1,,1650780,0,2
152363,3657,379436494,GVB:52:67034,Zuid,67034,,0,,1584595,0,2
152363,3657,379436495,GVB:52:66929,Noord,66929,,1,,1650779,0,2
152363,3657,379436496,GVB:52:67088,Zuid,67088,,0,,1584596,0,2
152363,3657,379436497,GVB:52:66983,Noord,66983,,1,,1650780,0,2
152363,3657,379436498,GVB:52:67140,Zuid,67140,,0,,1584595,0,2
152363,3657,379436499,GVB:52:67035,Noord,67035,,1,,1650779,0,2
152363,3657,379436500,GVB:52:66876,Zuid,66876,,0,,1584596,0,2
152363,3657,379436501,GVB:52:67089,Noord,67089,,1,,1650780,0,2
152363,3657,379436502,GVB:52:66930,Zuid,66930,,0,,1584595,0,2
152363,3657,379436503,GVB:52:67141,Noord,67141,,1,,1650779,0,2
152363,3657,379436504,GVB:52:66984,Zuid,66984,,0,,1584596,0,2
152363,3657,379436505,GVB:52:66877,Noord,66877,,1,,1650780,0,2
152363,3657,379436506,GVB:52:67036,Zuid,67036,,0,,1584595,0,2
152363,3657,379436507,GVB:52:66931,Noord,66931,,1,,1650779,0,2
152363,3657,379436508,GVB:52:67090,Zuid,67090,,0,,1584596,0,2
152363,3657,379436509,GVB:52:66985,Noord,66985,,1,,1650780,0,2
152363,3657,379436510,GVB:52:67142,Zuid,67142,,0,,1584595,0,2
152363,3657,379436511,GVB:52:67037,Noord,67037,,1,,1650779,0,2
152363,3657,379436512,GVB:52:66878,Zuid,66878,,0,,1584596,0,2
152363,3657,379436513,GVB:52:67091,Noord,67091,,1,,1650780,0,2
152363,3657,379436514,GVB:52:66932,Zuid,66932,,0,,1584595,0,2
152363,3657,379436515,GVB:52:67143,Noord,67143,,1,,1650779,0,2
152363,3657,379436516,GVB:52:66986,Zuid,66986,,0,,1584596,0,2
152363,3657,379436517,GVB:52:66879,Noord,66879,,1,,1650780,0,2
152363,3657,379436518,GVB:52:67038,Zuid,67038,,0,,1584595,0,2
152363,3657,379436519,GVB:52:66933,Noord,66933,,1,,1650779,0,2
152363,3657,379436520,GVB:52:67092,Zuid,67092,,0,,1584596,0,2
152363,3657,379436521,GVB:52:66987,Noord,66987,,1,,1650780,0,2
152363,3657,379436522,GVB:52:67144,Zuid,67144,,0,,1584595,0,2
152363,3657,379436523,GVB:52:67039,Noord,67039,,1,,1650779,0,2
152363,3657,379436524,GVB:52:66880,Zuid,66880,,0,,1584596,0,2
152363,3657,379436525,GVB:52:67093,Noord,67093,,1,,1650780,0,2
152363,3657,379436526,GVB:52:66934,Zuid,66934,,0,,1584595,0,2
152363,3657,379436527,GVB:52:67145,Noord,67145,,1,,1650779,0,2
152363,3657,379436528,GVB:52:66988,Zuid,66988,,0,,1584596,0,2
152363,3657,379436529,GVB:52:66881,Noord,66881,,1,,1650780,0,2
152363,3657,379436530,GVB:52:67040,Zuid,67040,,0,,1584595,0,2
152363,3657,379436531,GVB:52:66935,Noord,66935,,1,,1650779,0,2
152363,3657,379436532,GVB:52:67094,Zuid,67094,,0,,1584596,0,2
152363,3657,379436533,GVB:52:66989,Noord,66989,,1,,1650780,0,2
152363,3657,379436534,GVB:52:67146,Zuid,67146,,0,,1584595,0,2
152363,3657,379436535,GVB:52:67041,Noord,67041,,1,,1650779,0,2
152363,3657,379436536,GVB:52:66882,Zuid,66882,,0,,1584596,0,2
152363,3657,379436537,GVB:52:67095,Noord,67095,,1,,1650780,0,2
152363,3657,379436538,GVB:52:66936,Zuid,66936,,0,,1584595,0,2
152363,3657,379436539,GVB:52:67147,Noord,67147,,1,,1650779,0,2
152363,3657,379436540,GVB:52:66990,Zuid,66990,,0,,1584596,0,2
152363,3657,379436541,GVB:52:66883,Noord,66883,,1,,1650780,0,2
152363,3657,379436542,GVB:52:67042,Zuid,67042,,0,,1584595,0,2
152363,3657,379436543,GVB:52:66937,Noord,66937,,1,,1650779,0,2
152363,3657,379436544,GVB:52:66991,Noord,66991,,1,,1650780,0,2
152363,3657,379436545,GVB:52:67043,Noord,67043,,1,,1650779,0,2
152363,3700,379441335,GVB:52:68692,Zuid,68692,,0,,1584596,0,2
152363,3700,379441336,GVB:52:68746,Zuid,68746,,0,,1584595,0,2
152363,3700,379441337,GVB:52:68693,Noord,68693,,1,,1650780,0,2
152363,3700,379441338,GVB:52:68800,Zuid,68800,,0,,1584596,0,2
152363,3700,379441339,GVB:52:68747,Noord,68747,,1,,1650779,0,2
152363,3700,379441340,GVB:52:68906,Zuid,68906,,0,,1584596,0,2
152363,3700,379441341,GVB:52:68958,Zuid,68958,,0,,1584595,0,2
152363,3700,379441342,GVB:52:68801,Noord,68801,,1,,1650780,0,2
152363,3700,379441343,GVB:52:68694,Zuid,68694,,0,,1584596,0,2
152363,3700,379441344,GVB:52:68907,Noord,68907,,1,,1650780,0,2
152363,3700,379441345,GVB:52:68748,Zuid,68748,,0,,1584595,0,2
152363,3700,379441346,GVB:52:68959,Noord,68959,,1,,1650779,0,2
152363,3700,379441347,GVB:52:68802,Zuid,68802,,0,,1584596,0,2
152363,3700,379441348,GVB:52:68695,Noord,68695,,1,,1650780,0,2
152363,3700,379441349,GVB:52:68854,Zuid,68854,,0,,1584595,0,2
152363,3700,379441350,GVB:52:68749,Noord,68749,,1,,1650779,0,2
152363,3700,379441351,GVB:52:68908,Zuid,68908,,0,,1584596,0,2
152363,3700,379441352,GVB:52:68803,Noord,68803,,1,,1650780,0,2
152363,3700,379441353,GVB:52:68960,Zuid,68960,,0,,1584595,0,2
152363,3700,379441354,GVB:52:68855,Noord,68855,,1,,1650779,0,2
152363,3700,379441355,GVB:52:68696,Zuid,68696,,0,,1584596,0,2
152363,3700,379441356,GVB:52:68909,Noord,68909,,1,,1650780,0,2
152363,3700,379441357,GVB:52:68750,Zuid,68750,,0,,1584595,0,2
152363,3700,379441358,GVB:52:68961,Noord,68961,,1,,1650779,0,2
152363,3700,379441359,GVB:52:68804,Zuid,68804,,0,,1584596,0,2
152363,3700,379441360,GVB:52:68697,Noord,68697,,1,,1650780,0,2
152363,3700,379441361,GVB:52:68856,Zuid,68856,,0,,1584595,0,2
152363,3700,379441362,GVB:52:68751,Noord,68751,,1,,1650779,0,2
152363,3700,379441363,GVB:52:68910,Zuid,68910,,0,,1584596,0,2
152363,3700,379441364,GVB:52:68805,Noord,68805,,1,,1650780,0,2
152363,3700,379441365,GVB:52:68962,Zuid,68962,,0,,1584595,0,2
152363,3700,379441366,GVB:52:68857,Noord,68857,,1,,1650779,0,2
152363,3700,379441367,GVB:52:68698,Zuid,68698,,0,,1584596,0,2
152363,3700,379441368,GVB:52:68911,Noord,68911,,1,,1650780,0,2
152363,3700,379441369,GVB:52:68752,Zuid,68752,,0,,1584595,0,2
152363,3700,379441370,GVB:52:68963,Noord,68963,,1,,1650779,0,2
152363,3700,379441371,GVB:52:68806,Zuid,68806,,0,,1584596,0,2
152363,3700,379441372,GVB:52:68699,Noord,68699,,1,,1650780,0,2
152363,3700,379441373,GVB:52:68858,Zuid,68858,,0,,1584595,0,2
152363,3700,379441374,GVB:52:68753,Noord,68753,,1,,1650779,0,2
152363,3700,379441375,GVB:52:68912,Zuid,68912,,0,,1584596,0,2
152363,3700,379441376,GVB:52:68807,Noord,68807,,1,,1650780,0,2
152363,3700,379441377,GVB:52:68964,Zuid,68964,,0,,1584595,0,2
152363,3700,379441378,GVB:52:68859,Noord,68859,,1,,1650779,0,2
152363,3700,379441379,GVB:52:68700,Zuid,68700,,0,,1584596,0,2
152363,3700,379441380,GVB:52:68913,Noord,68913,,1,,1650780,0,2
152363,3700,379441381,GVB:52:68754,Zuid,68754,,0,,1584595,0,2
152363,3700,379441382,GVB:52:68965,Noord,68965,,1,,1650779,0,2
152363,3700,379441383,GVB:52:68808,Zuid,68808,,0,,1584596,0,2
152363,3700,379441384,GVB:52:68701,Noord,68701,,1,,1650780,0,2
152363,3700,379441385,GVB:52:68860,Zuid,68860,,0,,1584595,0,2
152363,3700,379441386,GVB:52:68755,Noord,68755,,1,,1650779,0,2
152363,3700,379441387,GVB:52:68914,Zuid,68914,,0,,1584596,0,2
152363,3700,379441388,GVB:52:68809,Noord,68809,,1,,1650780,0,2
152363,3700,379441389,GVB:52:68966,Zuid,68966,,0,,1584595,0,2
152363,3700,379441390,GVB:52:68861,Noord,68861,,1,,1650779,0,2
152363,3700,379441391,GVB:52:68702,Zuid,68702,,0,,1584596,0,2
152363,3700,379441392,GVB:52:68915,Noord,68915,,1,,1650780,0,2
152363,3700,379441393,GVB:52:68756,Zuid,68756,,0,,1584595,0,2
152363,3700,379441394,GVB:52:68967,Noord,68967,,1,,1650779,0,2
152363,3700,379441395,GVB:52:68810,Zuid,68810,,0,,1584596,0,2
152363,3700,379441396,GVB:52:68703,Noord,68703,,1,,1650780,0,2
152363,3700,379441397,GVB:52:68862,Zuid,68862,,0,,1584595,0,2
152363,3700,379441398,GVB:52:68757,Noord,68757,,1,,1650779,0,2
152363,3700,379441399,GVB:52:68916,Zuid,68916,,0,,1584596,0,2
152363,3700,379441400,GVB:52:68811,Noord,68811,,1,,1650780,0,2
152363,3700,379441401,GVB:52:68968,Zuid,68968,,0,,1584595,0,2
152363,3700,379441402,GVB:52:68863,Noord,68863,,1,,1650779,0,2
152363,3700,379441403,GVB:52:68704,Zuid,68704,,0,,1584596,0,2
152363,3700,379441404,GVB:52:68917,Noord,68917,,1,,1650780,0,2
152363,3700,379441405,GVB:52:68758,Zuid,68758,,0,,1584595,0,2
152363,3700,379441406,GVB:52:68969,Noord,68969,,1,,1650779,0,2
152363,3700,379441407,GVB:52:68812,Zuid,68812,,0,,1584596,0,2
152363,3700,379441408,GVB:52:68705,Noord,68705,,1,,1650780,0,2
152363,3700,379441409,GVB:52:68864,Zuid,68864,,0,,1584595,0,2
152363,3700,379441410,GVB:52:68759,Noord,68759,,1,,1650779,0,2
152363,3700,379441411,GVB:52:68918,Zuid,68918,,0,,1584596,0,2
152363,3700,379441412,GVB:52:68813,Noord,68813,,1,,1650780,0,2
152363,3700,379441413,GVB:52:68970,Zuid,68970,,0,,1584595,0,2
152363,3700,379441414,GVB:52:68865,Noord,68865,,1,,1650779,0,2
152363,3700,379441415,GVB:52:68706,Zuid,68706,,0,,1584596,0,2
152363,3700,379441416,GVB:52:68919,Noord,68919,,1,,1650780,0,2
152363,3700,379441417,GVB:52:68760,Zuid,68760,,0,,1584595,0,2
152363,3700,379441418,GVB:52:68971,Noord,68971,,1,,1650779,0,2
152363,3700,379441419,GVB:52:68814,Zuid,68814,,0,,1584596,0,2
152363,3700,379441420,GVB:52:68707,Noord,68707,,1,,1650780,0,2
152363,3700,379441421,GVB:52:68866,Zuid,68866,,0,,1584595,0,2
152363,3700,379441422,GVB:52:68761,Noord,68761,,1,,1650779,0,2
152363,3700,379441423,GVB:52:68920,Zuid,68920,,0,,1584596,0,2
152363,3700,379441424,GVB:52:68815,Noord,68815,,1,,1650780,0,2
152363,3700,379441425,GVB:52:68972,Zuid,68972,,0,,1584595,0,2
152363,3700,379441426,GVB:52:68867,Noord,68867,,1,,1650779,0,2
152363,3700,379441427,GVB:52:68708,Zuid,68708,,0,,1584596,0,2
152363,3700,379441428,GVB:52:68921,Noord,68921,,1,,1650780,0,2
152363,3700,379441429,GVB:52:68762,Zuid,68762,,0,,1584595,0,2
152363,3700,379441430,GVB:52:68973,Noord,68973,,1,,1650779,0,2
152363,3700,379441431,GVB:52:68816,Zuid,68816,,0,,1584596,0,2
152363,3700,379441432,GVB:52:68709,Noord,68709,,1,,1650780,0,2
152363,3700,379441433,GVB:52:68868,Zuid,68868,,0,,1584595,0,2
152363,3700,379441434,GVB:52:68763,Noord,68763,,1,,1650779,0,2
152363,3700,379441435,GVB:52:68922,Zuid,68922,,0,,1584596,0,2
152363,3700,379441436,GVB:52:68817,Noord,68817,,1,,1650780,0,2
152363,3700,379441437,GVB:52:68974,Zuid,68974,,0,,1584595,0,2
152363,3700,379441438,GVB:52:68869,Noord,68869,,1,,1650779,0,2
152363,3700,379441439,GVB:52:68710,Zuid,68710,,0,,1584596,0,2
152363,3700,379441440,GVB:52:68923,Noord,68923,,1,,1650780,0,2
152363,3700,379441441,GVB:52:68764,Zuid,68764,,0,,1584595,0,2
152363,3700,379441442,GVB:52:68975,Noord,68975,,1,,1650779,0,2
152363,3700,379441443,GVB:52:68818,Zuid,68818,,0,,1584596,0,2
152363,3700,379441444,GVB:52:68711,Noord,68711,,1,,1650780,0,2
152363,3700,379441445,GVB:52:68870,Zuid,68870,,0,,1584595,0,2
152363,3700,379441446,GVB:52:68765,Noord,68765,,1,,1650779,0,2
152363,3700,379441447,GVB:52:68924,Zuid,68924,,0,,1584596,0,2
152363,3700,379441448,GVB:52:68819,Noord,68819,,1,,1650780,0,2
152363,3700,379441449,GVB:52:68976,Zuid,68976,,0,,1584595,0,2
152363,3700,379441450,GVB:52:68871,Noord,68871,,1,,1650779,0,2
152363,3700,379441451,GVB:52:68712,Zuid,68712,,0,,1584596,0,2
152363,3700,379441452,GVB:52:68925,Noord,68925,,1,,1650780,0,2
152363,3700,379441453,GVB:52:68766,Zuid,68766,,0,,1584595,0,2
152363,3700,379441454,GVB:52:68977,Noord,68977,,1,,1650779,0,2
152363,3700,379441455,GVB:52:68820,Zuid,68820,,0,,1584596,0,2
152363,3700,379441456,GVB:52:68713,Noord,68713,,1,,1650780,0,2
152363,3700,379441457,GVB:52:68872,Zuid,68872,,0,,1584595,0,2
152363,3700,379441458,GVB:52:68767,Noord,68767,,1,,1650779,0,2
152363,3700,379441459,GVB:52:68926,Zuid,68926,,0,,1584596,0,2
152363,3700,379441460,GVB:52:68821,Noord,68821,,1,,1650780,0,2
152363,3700,379441461,GVB:52:68978,Zuid,68978,,0,,1584595,0,2
152363,3700,379441462,GVB:52:68873,Noord,68873,,1,,1650779,0,2
152363,3700,379441463,GVB:52:68714,Zuid,68714,,0,,1584596,0,2
152363,3700,379441464,GVB:52:68927,Noord,68927,,1,,1650780,0,2
152363,3700,379441465,GVB:52:68768,Zuid,68768,,0,,1584595,0,2
152363,3700,379441466,GVB:52:68979,Noord,68979,,1,,1650779,0,2
152363,3700,379441467,GVB:52:68822,Zuid,68822,,0,,1584596,0,2
152363,3700,379441468,GVB:52:68715,Noord,68715,,1,,1650780,0,2
152363,3700,379441469,GVB:52:68874,Zuid,68874,,0,,1584595,0,2
152363,3700,379441470,GVB:52:68769,Noord,68769,,1,,1650779,0,2
152363,3700,379441471,GVB:52:68928,Zuid,68928,,0,,1584596,0,2
152363,3700,379441472,GVB:52:68823,Noord,68823,,1,,1650780,0,2
152363,3700,379441473,GVB:52:68980,Zuid,68980,,0,,1584595,0,2
152363,3700,379441474,GVB:52:68875,Noord,68875,,1,,1650779,0,2
152363,3700,379441475,GVB:52:68716,Zuid,68716,,0,,1584596,0,2
152363,3700,379441476,GVB:52:68929,Noord,68929,,1,,1650780,0,2
152363,3700,379441477,GVB:52:68770,Zuid,68770,,0,,1584595,0,2
152363,3700,379441478,GVB:52:68981,Noord,68981,,1,,1650779,0,2
152363,3700,379441479,GVB:52:68824,Zuid,68824,,0,,1584596,0,2
152363,3700,379441480,GVB:52:68717,Noord,68717,,1,,1650780,0,2
152363,3700,379441481,GVB:52:68876,Zuid,68876,,0,,1584595,0,2
152363,3700,379441482,GVB:52:68771,Noord,68771,,1,,1650779,0,2
152363,3700,379441483,GVB:52:68930,Zuid,68930,,0,,1584596,0,2
152363,3700,379441484,GVB:52:68825,Noord,68825,,1,,1650780,0,2
152363,3700,379441485,GVB:52:68982,Zuid,68982,,0,,1584595,0,2
152363,3700,379441486,GVB:52:68877,Noord,68877,,1,,1650779,0,2
152363,3700,379441487,GVB:52:68718,Zuid,68718,,0,,1584596,0,2
152363,3700,379441488,GVB:52:68931,Noord,68931,,1,,1650780,0,2
152363,3700,379441489,GVB:52:68772,Zuid,68772,,0,,1584595,0,2
152363,3700,379441490,GVB:52:68983,Noord,68983,,1,,1650779,0,2
152363,3700,379441491,GVB:52:68826,Zuid,68826,,0,,1584596,0,2
152363,3700,379441492,GVB:52:68719,Noord,68719,,1,,1650780,0,2
152363,3700,379441493,GVB:52:68878,Zuid,68878,,0,,1584595,0,2
152363,3700,379441494,GVB:52:68773,Noord,68773,,1,,1650779,0,2
152363,3700,379441495,GVB:52:68932,Zuid,68932,,0,,1584596,0,2
152363,3700,379441496,GVB:52:68827,Noord,68827,,1,,1650780,0,2
152363,3700,379441497,GVB:52:68984,Zuid,68984,,0,,1584595,0,2
152363,3700,379441498,GVB:52:68879,Noord,68879,,1,,1650779,0,2
152363,3700,379441499,GVB:52:68720,Zuid,68720,,0,,1584596,0,2
152363,3700,379441500,GVB:52:68933,Noord,68933,,1,,1650780,0,2
152363,3700,379441501,GVB:52:68774,Zuid,68774,,0,,1584595,0,2
152363,3700,379441502,GVB:52:68985,Noord,68985,,1,,1650779,0,2
152363,3700,379441503,GVB:52:68828,Zuid,68828,,0,,1584596,0,2
152363,3700,379441504,GVB:52:68721,Noord,68721,,1,,1650780,0,2
152363,3700,379441505,GVB:52:68880,Zuid,68880,,0,,1584595,0,2
152363,3700,379441506,GVB:52:68775,Noord,68775,,1,,1650779,0,2
152363,3700,379441507,GVB:52:68934,Zuid,68934,,0,,1584596,0,2
152363,3700,379441508,GVB:52:68829,Noord,68829,,1,,1650780,0,2
152363,3700,379441509,GVB:52:68986,Zuid,68986,,0,,1584595,0,2
152363,3700,379441510,GVB:52:68881,Noord,68881,,1,,1650779,0,2
152363,3700,379441511,GVB:52:68722,Zuid,68722,,0,,1584596,0,2
152363,3700,379441512,GVB:52:68935,Noord,68935,,1,,1650780,0,2
152363,3700,379441513,GVB:52:68776,Zuid,68776,,0,,1584595,0,2
152363,3700,379441514,GVB:52:68987,Noord,68987,,1,,1650779,0,2
152363,3700,379441515,GVB:52:68830,Zuid,68830,,0,,1584596,0,2
152363,3700,379441516,GVB:52:68723,Noord,68723,,1,,1650780,0,2
152363,3700,379441517,GVB:52:68882,Zuid,68882,,0,,1584595,0,2
152363,3700,379441518,GVB:52:68777,Noord,68777,,1,,1650779,0,2
152363,3700,379441519,GVB:52:68936,Zuid,68936,,0,,1584596,0,2
152363,3700,379441520,GVB:52:68831,Noord,68831,,1,,1650780,0,2
152363,3700,379441521,GVB:52:68988,Zuid,68988,,0,,1584595,0,2
152363,3700,379441522,GVB:52:68883,Noord,68883,,1,,1650779,0,2
152363,3700,379441523,GVB:52:68724,Zuid,68724,,0,,1584596,0,2
152363,3700,379441524,GVB:52:68937,Noord,68937,,1,,1650780,0,2
152363,3700,379441525,GVB:52:68778,Zuid,68778,,0,,1584595,0,2
152363,3700,379441526,GVB:52:68989,Noord,68989,,1,,1650779,0,2
152363,3700,379441527,GVB:52:68832,Zuid,68832,,0,,1584596,0,2
152363,3700,379441528,GVB:52:68725,Noord,68725,,1,,1650780,0,2
152363,3700,379441529,GVB:52:68884,Zuid,68884,,0,,1584595,0,2
152363,3700,379441530,GVB:52:68779,Noord,68779,,1,,1650779,0,2
152363,3700,379441531,GVB:52:68938,Zuid,68938,,0,,1584596,0,2
152363,3700,379441532,GVB:52:68833,Noord,68833,,1,,1650780,0,2
152363,3700,379441533,GVB:52:68990,Zuid,68990,,0,,1584595,0,2
152363,3700,379441534,GVB:52:68885,Noord,68885,,1,,1650779,0,2
152363,3700,379441535,GVB:52:68726,Zuid,68726,,0,,1584596,0,2
152363,3700,379441536,GVB:52:68939,Noord,68939,,1,,1650780,0,2
152363,3700,379441537,GVB:52:68780,Zuid,68780,,0,,1584595,0,2
152363,3700,379441538,GVB:52:68991,Noord,68991,,1,,1650779,0,2
152363,3700,379441539,GVB:52:68834,Zuid,68834,,0,,1584596,0,2
152363,3700,379441540,GVB:52:68727,Noord,68727,,1,,1650780,0,2
152363,3700,379441541,GVB:52:68886,Zuid,68886,,0,,1584595,0,2
152363,3700,379441542,GVB:52:68781,Noord,68781,,1,,1650779,0,2
152363,3700,379441543,GVB:52:68940,Zuid,68940,,0,,1584596,0,2
152363,3700,379441544,GVB:52:68835,Noord,68835,,1,,1650780,0,2
152363,3700,379441545,GVB:52:68992,Zuid,68992,,0,,1584595,0,2
152363,3700,379441546,GVB:52:68887,Noord,68887,,1,,1650779,0,2
152363,3700,379441547,GVB:52:68728,Zuid,68728,,0,,1584596,0,2
152363,3700,379441548,GVB:52:68941,Noord,68941,,1,,1650780,0,2
152363,3700,379441549,GVB:52:68782,Zuid,68782,,0,,1584595,0,2
152363,3700,379441550,GVB:52:68993,Noord,68993,,1,,1650779,0,2
152363,3700,379441551,GVB:52:68836,Zuid,68836,,0,,1584596,0,2
152363,3700,379441552,GVB:52:68729,Noord,68729,,1,,1650780,0,2
152363,3700,379441553,GVB:52:68888,Zuid,68888,,0,,1584595,0,2
152363,3700,379441554,GVB:52:68783,Noord,68783,,1,,1650779,0,2
152363,3700,379441555,GVB:52:68942,Zuid,68942,,0,,1584596,0,2
152363,3700,379441556,GVB:52:68837,Noord,68837,,1,,1650780,0,2
152363,3700,379441557,GVB:52:68994,Zuid,68994,,0,,1584595,0,2
152363,3700,379441558,GVB:52:68889,Noord,68889,,1,,1650779,0,2
152363,3700,379441559,GVB:52:68730,Zuid,68730,,0,,1584596,0,2
152363,3700,379441560,GVB:52:68943,Noord,68943,,1,,1650780,0,2
152363,3700,379441561,GVB:52:68784,Zuid,68784,,0,,1584595,0,2
152363,3700,379441562,GVB:52:68995,Noord,68995,,1,,1650779,0,2
152363,3700,379441563,GVB:52:68838,Zuid,68838,,0,,1584596,0,2
152363,3700,379441564,GVB:52:68731,Noord,68731,,1,,1650780,0,2
152363,3700,379441565,GVB:52:68890,Zuid,68890,,0,,1584595,0,2
152363,3700,379441566,GVB:52:68785,Noord,68785,,1,,1650779,0,2
152363,3700,379441567,GVB:52:68944,Zuid,68944,,0,,1584596,0,2
152363,3700,379441568,GVB:52:68839,Noord,68839,,1,,1650780,0,2
152363,3700,379441569,GVB:52:68996,Zuid,68996,,0,,1584595,0,2
152363,3700,379441570,GVB:52:68891,Noord,68891,,1,,1650779,0,2
152363,3700,379441571,GVB:52:68732,Zuid,68732,,0,,1584596,0,2
152363,3700,379441572,GVB:52:68945,Noord,68945,,1,,1650780,0,2
152363,3700,379441573,GVB:52:68786,Zuid,68786,,0,,1584595,0,2
152363,3700,379441574,GVB:52:68997,Noord,68997,,1,,1650779,0,2
152363,3700,379441575,GVB:52:68840,Zuid,68840,,0,,1584596,0,2
152363,3700,379441576,GVB:52:68733,Noord,68733,,1,,1650780,0,2
152363,3700,379441577,GVB:52:68892,Zuid,68892,,0,,1584595,0,2
152363,3700,379441578,GVB:52:68787,Noord,68787,,1,,1650779,0,2
152363,3700,379441579,GVB:52:68946,Zuid,68946,,0,,1584596,0,2
152363,3700,379441580,GVB:52:68841,Noord,68841,,1,,1650780,0,2
152363,3700,379441581,GVB:52:68998,Zuid,68998,,0,,1584595,0,2
152363,3700,379441582,GVB:52:68893,Noord,68893,,1,,1650779,0,2
152363,3700,379441583,GVB:52:68734,Zuid,68734,,0,,1584596,0,2
152363,3700,379441584,GVB:52:68947,Noord,68947,,1,,1650780,0,2
152363,3700,379441585,GVB:52:68788,Zuid,68788,,0,,1584595,0,2
152363,3700,379441586,GVB:52:68999,Noord,68999,,1,,1650779,0,2
152363,3700,379441587,GVB:52:68842,Zuid,68842,,0,,1584596,0,2
152363,3700,379441588,GVB:52:68735,Noord,68735,,1,,1650780,0,2
152363,3700,379441589,GVB:52:68894,Zuid,68894,,0,,1584595,0,2
152363,3700,379441590,GVB:52:68789,Noord,68789,,1,,1650779,0,2
152363,3700,379441591,GVB:52:68948,Zuid,68948,,0,,1584596,0,2
152363,3700,379441592,GVB:52:68843,Noord,68843,,1,,1650780,0,2
152363,3700,379441593,GVB:52:69000,Zuid,69000,,0,,1584595,0,2
152363,3700,379441594,GVB:52:68895,Noord,68895,,1,,1650779,0,2
152363,3700,379441595,GVB:52:68736,Zuid,68736,,0,,1584596,0,2
152363,3700,379441596,GVB:52:68949,Noord,68949,,1,,1650780,0,2
152363,3700,379441597,GVB:52:68790,Zuid,68790,,0,,1584595,0,2
152363,3700,379441598,GVB:52:69001,Noord,69001,,1,,1650779,0,2
152363,3700,379441599,GVB:52:68844,Zuid,68844,,0,,1584596,0,2
152363,3700,379441600,GVB:52:68737,Noord,68737,,1,,1650780,0,2
152363,3700,379441601,GVB:52:68896,Zuid,68896,,0,,1584595,0,2
152363,3700,379441602,GVB:52:68791,Noord,68791,,1,,1650779,0,2
152363,3700,379441603,GVB:52:68950,Zuid,68950,,0,,1584596,0,2
152363,3700,379441604,GVB:52:68845,Noord,68845,,1,,1650780,0,2
152363,3700,379441605,GVB:52:69002,Zuid,69002,,0,,1584595,0,2
152363,3700,379441606,GVB:52:68897,Noord,68897,,1,,1650779,0,2
152363,3700,379441607,GVB:52:68738,Zuid,68738,,0,,1584596,0,2
152363,3700,379441608,GVB:52:68951,Noord,68951,,1,,1650780,0,2
152363,3700,379441609,GVB:52:68792,Zuid,68792,,0,,1584595,0,2
152363,3700,379441610,GVB:52:69003,Noord,69003,,1,,1650779,0,2
152363,3700,379441611,GVB:52:68846,Zuid,68846,,0,,1584596,0,2
152363,3700,379441612,GVB:52:68739,Noord,68739,,1,,1650780,0,2
152363,3700,379441613,GVB:52:68898,Zuid,68898,,0,,1584595,0,2
152363,3700,379441614,GVB:52:68793,Noord,68793,,1,,1650779,0,2
152363,3700,379441615,GVB:52:68952,Zuid,68952,,0,,1584596,0,2
152363,3700,379441616,GVB:52:68847,Noord,68847,,1,,1650780,0,2
152363,3700,379441617,GVB:52:69004,Zuid,69004,,0,,1584595,0,2
152363,3700,379441618,GVB:52:68899,Noord,68899,,1,,1650779,0,2
152363,3700,379441619,GVB:52:68740,Zuid,68740,,0,,1584596,0,2
152363,3700,379441620,GVB:52:68953,Noord,68953,,1,,1650780,0,2
152363,3700,379441621,GVB:52:68794,Zuid,68794,,0,,1584595,0,2
152363,3700,379441622,GVB:52:69005,Noord,69005,,1,,1650779,0,2
152363,3700,379441623,GVB:52:68848,Zuid,68848,,0,,1584596,0,2
152363,3700,379441624,GVB:52:68741,Noord,68741,,1,,1650780,0,2
152363,3700,379441625,GVB:52:68900,Zuid,68900,,0,,1584595,0,2
152363,3700,379441626,GVB:52:68795,Noord,68795,,1,,1650779,0,2
152363,3700,379441627,GVB:52:68954,Zuid,68954,,0,,1584596,0,2
152363,3700,379441628,GVB:52:68849,Noord,68849,,1,,1650780,0,2
152363,3700,379441629,GVB:52:69006,Zuid,69006,,0,,1584595,0,2
152363,3700,379441630,GVB:52:68901,Noord,68901,,1,,1650779,0,2
152363,3700,379441631,GVB:52:68742,Zuid,68742,,0,,1584596,0,2
152363,3700,379441632,GVB:52:68955,Noord,68955,,1,,1650780,0,2
152363,3700,379441633,GVB:52:68796,Zuid,68796,,0,,1584595,0,2
152363,3700,379441634,GVB:52:69007,Noord,69007,,1,,1650779,0,2
152363,3700,379441635,GVB:52:68850,Zuid,68850,,0,,1584596,0,2
152363,3700,379441636,GVB:52:68743,Noord,68743,,1,,1650780,0,2
152363,3700,379441637,GVB:52:68902,Zuid,68902,,0,,1584595,0,2
152363,3700,379441638,GVB:52:68797,Noord,68797,,1,,1650779,0,2
152363,3700,379441639,GVB:52:68851,Noord,68851,,1,,1650780,0,2
152363,3700,379441640,GVB:52:68903,Noord,68903,,1,,1650779,0,2
152363,3668,379441641,GVB:52:67590,Zuid,67590,,0,,1584596,0,1
152363,3668,379441642,GVB:52:67742,Zuid,67742,,0,,1584595,0,1
152363,3668,379441643,GVB:52:67642,Zuid,67642,,0,,1584596,0,1
152363,3668,379441644,GVB:52:67591,Noord,67591,,1,,1650780,0,1
152363,3668,379441645,GVB:52:67692,Zuid,67692,,0,,1584595,0,1
152363,3668,379441646,GVB:52:67743,Noord,67743,,1,,1650779,0,1
152363,3668,379441647,GVB:52:67490,Zuid,67490,,0,,1584596,0,1
152363,3668,379441648,GVB:52:67643,Noord,67643,,1,,1650780,0,1
152363,3668,379441649,GVB:52:67540,Zuid,67540,,0,,1584595,0,1
152363,3668,379441650,GVB:52:67693,Noord,67693,,1,,1650779,0,1
152363,3668,379441651,GVB:52:67592,Zuid,67592,,0,,1584596,0,1
152363,3668,379441652,GVB:52:67491,Noord,67491,,1,,1650780,0,1
152363,3668,379441653,GVB:52:67744,Zuid,67744,,0,,1584595,0,1
152363,3668,379441654,GVB:52:67541,Noord,67541,,1,,1650779,0,1
152363,3668,379441655,GVB:52:67644,Zuid,67644,,0,,1584596,0,1
152363,3668,379441656,GVB:52:67593,Noord,67593,,1,,1650780,0,1
152363,3668,379441657,GVB:52:67694,Zuid,67694,,0,,1584595,0,1
152363,3668,379441658,GVB:52:67745,Noord,67745,,1,,1650779,0,1
152363,3668,379441659,GVB:52:67492,Zuid,67492,,0,,1584596,0,1
152363,3668,379441660,GVB:52:67645,Noord,67645,,1,,1650780,0,1
152363,3668,379441661,GVB:52:67542,Zuid,67542,,0,,1584595,0,1
152363,3668,379441662,GVB:52:67695,Noord,67695,,1,,1650779,0,1
152363,3668,379441663,GVB:52:67594,Zuid,67594,,0,,1584596,0,1
152363,3668,379441664,GVB:52:67493,Noord,67493,,1,,1650780,0,1
152363,3668,379441665,GVB:52:67746,Zuid,67746,,0,,1584595,0,1
152363,3668,379441666,GVB:52:67543,Noord,67543,,1,,1650779,0,1
152363,3668,379441667,GVB:52:67646,Zuid,67646,,0,,1584596,0,1
152363,3668,379441668,GVB:52:67595,Noord,67595,,1,,1650780,0,1
152363,3668,379441669,GVB:52:67696,Zuid,67696,,0,,1584595,0,1
152363,3668,379441670,GVB:52:67747,Noord,67747,,1,,1650779,0,1
152363,3668,379441671,GVB:52:67494,Zuid,67494,,0,,1584596,0,1
152363,3668,379441672,GVB:52:67647,Noord,67647,,1,,1650780,0,1
152363,3668,379441673,GVB:52:67544,Zuid,67544,,0,,1584595,0,1
152363,3668,379441674,GVB:52:67697,Noord,67697,,1,,1650779,0,1
152363,3668,379441675,GVB:52:67596,Zuid,67596,,0,,1584596,0,1
152363,3668,379441676,GVB:52:67495,Noord,67495,,1,,1650780,0,1
152363,3668,379441677,GVB:52:67748,Zuid,67748,,0,,1584595,0,1
152363,3668,379441678,GVB:52:67545,Noord,67545,,1,,1650779,0,1
152363,3668,379441679,GVB:52:67648,Zuid,67648,,0,,1584596,0,1
152363,3668,379441680,GVB:52:67597,Noord,67597,,1,,1650780,0,1
152363,3668,379441681,GVB:52:67698,Zuid,67698,,0,,1584595,0,1
152363,3668,379441682,GVB:52:67749,Noord,67749,,1,,1650779,0,1
152363,3668,379441683,GVB:52:67496,Zuid,67496,,0,,1584596,0,1
152363,3668,379441684,GVB:52:67649,Noord,67649,,1,,1650780,0,1
152363,3668,379441685,GVB:52:67546,Zuid,67546,,0,,1584595,0,1
152363,3668,379441686,GVB:52:67699,Noord,67699,,1,,1650779,0,1
152363,3668,379441687,GVB:52:67598,Zuid,67598,,0,,1584596,0,1
152363,3668,379441688,GVB:52:67497,Noord,67497,,1,,1650780,0,1
152363,3668,379441689,GVB:52:67750,Zuid,67750,,0,,1584595,0,1
152363,3668,379441690,GVB:52:67547,Noord,67547,,1,,1650779,0,1
152363,3668,379441691,GVB:52:67650,Zuid,67650,,0,,1584596,0,1
152363,3668,379441692,GVB:52:67599,Noord,67599,,1,,1650780,0,1
152363,3668,379441693,GVB:52:67700,Zuid,67700,,0,,1584595,0,1
152363,3668,379441694,GVB:52:67751,Noord,67751,,1,,1650779,0,1
152363,3668,379441695,GVB:52:67498,Zuid,67498,,0,,1584596,0,1
152363,3668,379441696,GVB:52:67651,Noord,67651,,1,,1650780,0,1
152363,3668,379441697,GVB:52:67548,Zuid,67548,,0,,1584595,0,1
152363,3668,379441698,GVB:52:67701,Noord,67701,,1,,1650779,0,1
152363,3668,379441699,GVB:52:67600,Zuid,67600,,0,,1584596,0,1
152363,3668,379441700,GVB:52:67499,Noord,67499,,1,,1650780,0,1
152363,3668,379441701,GVB:52:67752,Zuid,67752,,0,,1584595,0,1
152363,3668,379441702,GVB:52:67549,Noord,67549,,1,,1650779,0,1
152363,3668,379441703,GVB:52:67652,Zuid,67652,,0,,1584596,0,1
152363,3668,379441704,GVB:52:67601,Noord,67601,,1,,1650780,0,1
152363,3668,379441705,GVB:52:67702,Zuid,67702,,0,,1584595,0,1
152363,3668,379441706,GVB:52:67753,Noord,67753,,1,,1650779,0,1
152363,3668,379441707,GVB:52:67500,Zuid,67500,,0,,1584596,0,1
152363,3668,379441708,GVB:52:67653,Noord,67653,,1,,1650780,0,1
152363,3668,379441709,GVB:52:67550,Zuid,67550,,0,,1584595,0,1
152363,3668,379441710,GVB:52:67703,Noord,67703,,1,,1650779,0,1
152363,3668,379441711,GVB:52:67602,Zuid,67602,,0,,1584596,0,1
152363,3668,379441712,GVB:52:67501,Noord,67501,,1,,1650780,0,1
152363,3668,379441713,GVB:52:67754,Zuid,67754,,0,,1584595,0,1
152363,3668,379441714,GVB:52:67551,Noord,67551,,1,,1650779,0,1
152363,3668,379441715,GVB:52:67654,Zuid,67654,,0,,1584596,0,1
152363,3668,379441716,GVB:52:67603,Noord,67603,,1,,1650780,0,1
152363,3668,379441717,GVB:52:67704,Zuid,67704,,0,,1584595,0,1
152363,3668,379441718,GVB:52:67755,Noord,67755,,1,,1650779,0,1
152363,3668,379441719,GVB:52:67502,Zuid,67502,,0,,1584596,0,1
152363,3668,379441720,GVB:52:67655,Noord,67655,,1,,1650780,0,1
152363,3668,379441721,GVB:52:67552,Zuid,67552,,0,,1584595,0,1
152363,3668,379441722,GVB:52:67705,Noord,67705,,1,,1650779,0,1
152363,3668,379441723,GVB:52:67604,Zuid,67604,,0,,1584596,0,1
152363,3668,379441724,GVB:52:67503,Noord,67503,,1,,1650780,0,1
152363,3668,379441725,GVB:52:67756,Zuid,67756,,0,,1584595,0,1
152363,3668,379441726,GVB:52:67553,Noord,67553,,1,,1650779,0,1
152363,3668,379441727,GVB:52:67656,Zuid,67656,,0,,1584596,0,1
152363,3668,379441728,GVB:52:67605,Noord,67605,,1,,1650780,0,1
152363,3668,379441729,GVB:52:67706,Zuid,67706,,0,,1584595,0,1
152363,3668,379441730,GVB:52:67757,Noord,67757,,1,,1650779,0,1
152363,3668,379441731,GVB:52:67504,Zuid,67504,,0,,1584596,0,1
152363,3668,379441732,GVB:52:67657,Noord,67657,,1,,1650780,0,1
152363,3668,379441733,GVB:52:67554,Zuid,67554,,0,,1584595,0,1
152363,3668,379441734,GVB:52:67707,Noord,67707,,1,,1650779,0,1
152363,3668,379441735,GVB:52:67606,Zuid,67606,,0,,1584596,0,1
152363,3668,379441736,GVB:52:67505,Noord,67505,,1,,1650780,0,1
152363,3668,379441737,GVB:52:67758,Zuid,67758,,0,,1584595,0,1
152363,3668,379441738,GVB:52:67555,Noord,67555,,1,,1650779,0,1
152363,3668,379441739,GVB:52:67658,Zuid,67658,,0,,1584596,0,1
152363,3668,379441740,GVB:52:67607,Noord,67607,,1,,1650780,0,1
152363,3668,379441741,GVB:52:67708,Zuid,67708,,0,,1584595,0,1
152363,3668,379441742,GVB:52:67759,Noord,67759,,1,,1650779,0,1
152363,3668,379441743,GVB:52:67506,Zuid,67506,,0,,1584596,0,1
152363,3668,379441744,GVB:52:67659,Noord,67659,,1,,1650780,0,1
152363,3668,379441745,GVB:52:67556,Zuid,67556,,0,,1584595,0,1
152363,3668,379441746,GVB:52:67709,Noord,67709,,1,,1650779,0,1
152363,3668,379441747,GVB:52:67608,Zuid,67608,,0,,1584596,0,1
152363,3668,379441748,GVB:52:67507,Noord,67507,,1,,1650780,0,1
152363,3668,379441749,GVB:52:67760,Zuid,67760,,0,,1584595,0,1
152363,3668,379441750,GVB:52:67557,Noord,67557,,1,,1650779,0,1
152363,3668,379441751,GVB:52:67660,Zuid,67660,,0,,1584596,0,1
152363,3668,379441752,GVB:52:67609,Noord,67609,,1,,1650780,0,1
152363,3668,379441753,GVB:52:67710,Zuid,67710,,0,,1584595,0,1
152363,3668,379441754,GVB:52:67761,Noord,67761,,1,,1650779,0,1
152363,3668,379441755,GVB:52:67508,Zuid,67508,,0,,1584596,0,1
152363,3668,379441756,GVB:52:67661,Noord,67661,,1,,1650780,0,1
152363,3668,379441757,GVB:52:67558,Zuid,67558,,0,,1584595,0,1
152363,3668,379441758,GVB:52:67711,Noord,67711,,1,,1650779,0,1
152363,3668,379441759,GVB:52:67610,Zuid,67610,,0,,1584596,0,1
152363,3668,379441760,GVB:52:67509,Noord,67509,,1,,1650780,0,1
152363,3668,379441761,GVB:52:67762,Zuid,67762,,0,,1584595,0,1
152363,3668,379441762,GVB:52:67559,Noord,67559,,1,,1650779,0,1
152363,3668,379441763,GVB:52:67662,Zuid,67662,,0,,1584596,0,1
152363,3668,379441764,GVB:52:67611,Noord,67611,,1,,1650780,0,1
152363,3668,379441765,GVB:52:67712,Zuid,67712,,0,,1584595,0,1
152363,3668,379441766,GVB:52:67763,Noord,67763,,1,,1650779,0,1
152363,3668,379441767,GVB:52:67510,Zuid,67510,,0,,1584596,0,1
152363,3668,379441768,GVB:52:67663,Noord,67663,,1,,1650780,0,1
152363,3668,379441769,GVB:52:67560,Zuid,67560,,0,,1584595,0,1
152363,3668,379441770,GVB:52:67713,Noord,67713,,1,,1650779,0,1
152363,3668,379441771,GVB:52:67612,Zuid,67612,,0,,1584596,0,1
152363,3668,379441772,GVB:52:67511,Noord,67511,,1,,1650780,0,1
152363,3668,379441773,GVB:52:67764,Zuid,67764,,0,,1584595,0,1
152363,3668,379441774,GVB:52:67561,Noord,67561,,1,,1650779,0,1
152363,3668,379441775,GVB:52:67664,Zuid,67664,,0,,1584596,0,1
152363,3668,379441776,GVB:52:67613,Noord,67613,,1,,1650780,0,1
152363,3668,379441777,GVB:52:67714,Zuid,67714,,0,,1584595,0,1
152363,3668,379441778,GVB:52:67765,Noord,67765,,1,,1650779,0,1
152363,3668,379441779,GVB:52:67512,Zuid,67512,,0,,1584596,0,1
152363,3668,379441780,GVB:52:67665,Noord,67665,,1,,1650780,0,1
152363,3668,379441781,GVB:52:67562,Zuid,67562,,0,,1584595,0,1
152363,3668,379441782,GVB:52:67715,Noord,67715,,1,,1650779,0,1
152363,3668,379441783,GVB:52:67614,Zuid,67614,,0,,1584596,0,1
152363,3668,379441784,GVB:52:67513,Noord,67513,,1,,1650780,0,1
152363,3668,379441785,GVB:52:67766,Zuid,67766,,0,,1584595,0,1
152363,3668,379441786,GVB:52:67563,Noord,67563,,1,,1650779,0,1
152363,3668,379441787,GVB:52:67666,Zuid,67666,,0,,1584596,0,1
152363,3668,379441788,GVB:52:67615,Noord,67615,,1,,1650780,0,1
152363,3668,379441789,GVB:52:67716,Zuid,67716,,0,,1584595,0,1
152363,3668,379441790,GVB:52:67767,Noord,67767,,1,,1650779,0,1
152363,3668,379441791,GVB:52:67514,Zuid,67514,,0,,1584596,0,1
152363,3668,379441792,GVB:52:67667,Noord,67667,,1,,1650780,0,1
152363,3668,379441793,GVB:52:67564,Zuid,67564,,0,,1584595,0,1
152363,3668,379441794,GVB:52:67717,Noord,67717,,1,,1650779,0,1
152363,3668,379441795,GVB:52:67616,Zuid,67616,,0,,1584596,0,1
152363,3668,379441796,GVB:52:67515,Noord,67515,,1,,1650780,0,1
152363,3668,379441797,GVB:52:67768,Zuid,67768,,0,,1584595,0,1
152363,3668,379441798,GVB:52:67565,Noord,67565,,1,,1650779,0,1
152363,3668,379441799,GVB:52:67668,Zuid,67668,,0,,1584596,0,1
152363,3668,379441800,GVB:52:67617,Noord,67617,,1,,1650780,0,1
152363,3668,379441801,GVB:52:67718,Zuid,67718,,0,,1584595,0,1
152363,3668,379441802,GVB:52:67769,Noord,67769,,1,,1650779,0,1
152363,3668,379441803,GVB:52:67516,Zuid,67516,,0,,1584596,0,1
152363,3668,379441804,GVB:52:67669,Noord,67669,,1,,1650780,0,1
152363,3668,379441805,GVB:52:67566,Zuid,67566,,0,,1584595,0,1
152363,3668,379441806,GVB:52:67719,Noord,67719,,1,,1650779,0,1
152363,3668,379441807,GVB:52:67618,Zuid,67618,,0,,1584596,0,1
152363,3668,379441808,GVB:52:67517,Noord,67517,,1,,1650780,0,1
152363,3668,379441809,GVB:52:67770,Zuid,67770,,0,,1584595,0,1
152363,3668,379441810,GVB:52:67567,Noord,67567,,1,,1650779,0,1
152363,3668,379441811,GVB:52:67670,Zuid,67670,,0,,1584596,0,1
152363,3668,379441812,GVB:52:67619,Noord,67619,,1,,1650780,0,1
152363,3668,379441813,GVB:52:67720,Zuid,67720,,0,,1584595,0,1
152363,3668,379441814,GVB:52:67771,Noord,67771,,1,,1650779,0,1
152363,3668,379441815,GVB:52:67518,Zuid,67518,,0,,1584596,0,1
152363,3668,379441816,GVB:52:67671,Noord,67671,,1,,1650780,0,1
152363,3668,379441817,GVB:52:67568,Zuid,67568,,0,,1584595,0,1
152363,3668,379441818,GVB:52:67721,Noord,67721,,1,,1650779,0,1
152363,3668,379441819,GVB:52:67620,Zuid,67620,,0,,1584596,0,1
152363,3668,379441820,GVB:52:67519,Noord,67519,,1,,1650780,0,1
152363,3668,379441821,GVB:52:67772,Zuid,67772,,0,,1584595,0,1
152363,3668,379441822,GVB:52:67569,Noord,67569,,1,,1650779,0,1
152363,3668,379441823,GVB:52:67672,Zuid,67672,,0,,1584596,0,1
152363,3668,379441824,GVB:52:67621,Noord,67621,,1,,1650780,0,1
152363,3668,379441825,GVB:52:67722,Zuid,67722,,0,,1584595,0,1
152363,3668,379441826,GVB:52:67773,Noord,67773,,1,,1650779,0,1
152363,3668,379441827,GVB:52:67520,Zuid,67520,,0,,1584596,0,1
152363,3668,379441828,GVB:52:67673,Noord,67673,,1,,1650780,0,1
152363,3668,379441829,GVB:52:67570,Zuid,67570,,0,,1584595,0,1
152363,3668,379441830,GVB:52:67723,Noord,67723,,1,,1650779,0,1
152363,3668,379441831,GVB:52:67622,Zuid,67622,,0,,1584596,0,1
152363,3668,379441832,GVB:52:67521,Noord,67521,,1,,1650780,0,1
152363,3668,379441833,GVB:52:67774,Zuid,67774,,0,,1584595,0,1
152363,3668,379441834,GVB:52:67571,Noord,67571,,1,,1650779,0,1
152363,3668,379441835,GVB:52:67674,Zuid,67674,,0,,1584596,0,1
152363,3668,379441836,GVB:52:67623,Noord,67623,,1,,1650780,0,1
152363,3668,379441837,GVB:52:67724,Zuid,67724,,0,,1584595,0,1
152363,3668,379441838,GVB:52:67775,Noord,67775,,1,,1650779,0,1
152363,3668,379441839,GVB:52:67522,Zuid,67522,,0,,1584596,0,1
152363,3668,379441840,GVB:52:67675,Noord,67675,,1,,1650780,0,1
152363,3668,379441841,GVB:52:67572,Zuid,67572,,0,,1584595,0,1
152363,3668,379441842,GVB:52:67725,Noord,67725,,1,,1650779,0,1
152363,3668,379441843,GVB:52:67624,Zuid,67624,,0,,1584596,0,1
152363,3668,379441844,GVB:52:67523,Noord,67523,,1,,1650780,0,1
152363,3668,379441845,GVB:52:67776,Zuid,67776,,0,,1584595,0,1
152363,3668,379441846,GVB:52:67573,Noord,67573,,1,,1650779,0,1
152363,3668,379441847,GVB:52:67676,Zuid,67676,,0,,1584596,0,1
152363,3668,379441848,GVB:52:67625,Noord,67625,,1,,1650780,0,1
152363,3668,379441849,GVB:52:67726,Zuid,67726,,0,,1584595,0,1
152363,3668,379441850,GVB:52:67777,Noord,67777,,1,,1650779,0,1
152363,3668,379441851,GVB:52:67524,Zuid,67524,,0,,1584596,0,1
152363,3668,379441852,GVB:52:67677,Noord,67677,,1,,1650780,0,1
152363,3668,379441853,GVB:52:67574,Zuid,67574,,0,,1584595,0,1
152363,3668,379441854,GVB:52:67727,Noord,67727,,1,,1650779,0,1
152363,3668,379441855,GVB:52:67626,Zuid,67626,,0,,1584596,0,1
152363,3668,379441856,GVB:52:67525,Noord,67525,,1,,1650780,0,1
152363,3668,379441857,GVB:52:67778,Zuid,67778,,0,,1584595,0,1
152363,3668,379441858,GVB:52:67575,Noord,67575,,1,,1650779,0,1
152363,3668,379441859,GVB:52:67678,Zuid,67678,,0,,1584596,0,1
152363,3668,379441860,GVB:52:67627,Noord,67627,,1,,1650780,0,1
152363,3668,379441861,GVB:52:67728,Zuid,67728,,0,,1584595,0,1
152363,3668,379441862,GVB:52:67779,Noord,67779,,1,,1650779,0,1
152363,3668,379441863,GVB:52:67526,Zuid,67526,,0,,1584596,0,1
152363,3668,379441864,GVB:52:67679,Noord,67679,,1,,1650780,0,1
152363,3668,379441865,GVB:52:67576,Zuid,67576,,0,,1584595,0,1
152363,3668,379441866,GVB:52:67729,Noord,67729,,1,,1650779,0,1
152363,3668,379441867,GVB:52:67628,Zuid,67628,,0,,1584596,0,1
152363,3668,379441868,GVB:52:67527,Noord,67527,,1,,1650780,0,1
152363,3668,379441869,GVB:52:67780,Zuid,67780,,0,,1584595,0,1
152363,3668,379441870,GVB:52:67577,Noord,67577,,1,,1650779,0,1
152363,3668,379441871,GVB:52:67680,Zuid,67680,,0,,1584596,0,1
152363,3668,379441872,GVB:52:67629,Noord,67629,,1,,1650780,0,1
152363,3668,379441873,GVB:52:67730,Zuid,67730,,0,,1584595,0,1
152363,3668,379441874,GVB:52:67781,Noord,67781,,1,,1650779,0,1
152363,3668,379441875,GVB:52:67528,Zuid,67528,,0,,1584596,0,1
152363,3668,379441876,GVB:52:67681,Noord,67681,,1,,1650780,0,1
152363,3668,379441877,GVB:52:67578,Zuid,67578,,0,,1584595,0,1
152363,3668,379441878,GVB:52:67731,Noord,67731,,1,,1650779,0,1
152363,3668,379441879,GVB:52:67630,Zuid,67630,,0,,1584596,0,1
152363,3668,379441880,GVB:52:67529,Noord,67529,,1,,1650780,0,1
152363,3668,379441881,GVB:52:67782,Zuid,67782,,0,,1584595,0,1
152363,3668,379441882,GVB:52:67579,Noord,67579,,1,,1650779,0,1
152363,3668,379441883,GVB:52:67682,Zuid,67682,,0,,1584596,0,1
152363,3668,379441884,GVB:52:67631,Noord,67631,,1,,1650780,0,1
152363,3668,379441885,GVB:52:67732,Zuid,67732,,0,,1584595,0,1
152363,3668,379441886,GVB:52:67783,Noord,67783,,1,,1650779,0,1
152363,3668,379441887,GVB:52:67530,Zuid,67530,,0,,1584596,0,1
152363,3668,379441888,GVB:52:67683,Noord,67683,,1,,1650780,0,1
152363,3668,379441889,GVB:52:67580,Zuid,67580,,0,,1584595,0,1
152363,3668,379441890,GVB:52:67733,Noord,67733,,1,,1650779,0,1
152363,3668,379441891,GVB:52:67632,Zuid,67632,,0,,1584596,0,1
152363,3668,379441892,GVB:52:67531,Noord,67531,,1,,1650780,0,1
152363,3668,379441893,GVB:52:67784,Zuid,67784,,0,,1584595,0,1
152363,3668,379441894,GVB:52:67581,Noord,67581,,1,,1650779,0,1
152363,3668,379441895,GVB:52:67684,Zuid,67684,,0,,1584596,0,1
152363,3668,379441896,GVB:52:67633,Noord,67633,,1,,1650780,0,1
152363,3668,379441897,GVB:52:67734,Zuid,67734,,0,,1584595,0,1
152363,3668,379441898,GVB:52:67785,Noord,67785,,1,,1650779,0,1
152363,3668,379441899,GVB:52:67532,Zuid,67532,,0,,1584596,0,1
152363,3668,379441900,GVB:52:67685,Noord,67685,,1,,1650780,0,1
152363,3668,379441901,GVB:52:67582,Zuid,67582,,0,,1584595,0,1
152363,3668,379441902,GVB:52:67735,Noord,67735,,1,,1650779,0,1
152363,3668,379441903,GVB:52:67634,Zuid,67634,,0,,1584596,0,1
152363,3668,379441904,GVB:52:67533,Noord,67533,,1,,1650780,0,1
152363,3668,379441905,GVB:52:67786,Zuid,67786,,0,,1584595,0,1
152363,3668,379441906,GVB:52:67583,Noord,67583,,1,,1650779,0,1
152363,3668,379441907,GVB:52:67686,Zuid,67686,,0,,1584596,0,1
152363,3668,379441908,GVB:52:67635,Noord,67635,,1,,1650780,0,1
152363,3668,379441909,GVB:52:67736,Zuid,67736,,0,,1584595,0,1
152363,3668,379441910,GVB:52:67787,Noord,67787,,1,,1650779,0,1
152363,3668,379441911,GVB:52:67534,Zuid,67534,,0,,1584596,0,1
152363,3668,379441912,GVB:52:67687,Noord,67687,,1,,1650780,0,1
152363,3668,379441913,GVB:52:67584,Zuid,67584,,0,,1584595,0,1
152363,3668,379441914,GVB:52:67737,Noord,67737,,1,,1650779,0,1
152363,3668,379441915,GVB:52:67636,Zuid,67636,,0,,1584596,0,1
152363,3668,379441916,GVB:52:67535,Noord,67535,,1,,1650780,0,1
152363,3668,379441917,GVB:52:67788,Zuid,67788,,0,,1584595,0,1
152363,3668,379441918,GVB:52:67585,Noord,67585,,1,,1650779,0,1
152363,3668,379441919,GVB:52:67688,Zuid,67688,,0,,1584596,0,1
152363,3668,379441920,GVB:52:67637,Noord,67637,,1,,1650780,0,1
152363,3668,379441921,GVB:52:67738,Zuid,67738,,0,,1584595,0,1
152363,3668,379441922,GVB:52:67789,Noord,67789,,1,,1650779,0,1
152363,3668,379441923,GVB:52:67536,Zuid,67536,,0,,1584596,0,1
152363,3668,379441924,GVB:52:67689,Noord,67689,,1,,1650780,0,1
152363,3668,379441925,GVB:52:67586,Zuid,67586,,0,,1584595,0,1
152363,3668,379441926,GVB:52:67739,Noord,67739,,1,,1650779,0,1
152363,3668,379441927,GVB:52:67638,Zuid,67638,,0,,1584596,0,1
152363,3668,379441928,GVB:52:67537,Noord,67537,,1,,1650780,0,1
152363,3668,379441929,GVB:52:67790,Zuid,67790,,0,,1584595,0,1
152363,3668,379441930,GVB:52:67587,Noord,67587,,1,,1650779,0,1
152363,3668,379441931,GVB:52:67639,Noord,67639,,1,,1650780,0,1
152363,3668,379441932,GVB:52:67791,Noord,67791,,1,,1650779,0,1
152363,3689,379441933,GVB:52:68596,Zuid,68596,,0,,1584596,0,1
152363,3689,379441934,GVB:52:68644,Zuid,68644,,0,,1584595,0,1
152363,3689,379441935,GVB:52:68404,Zuid,68404,,0,,1584596,0,1
152363,3689,379441936,GVB:52:68597,Noord,68597,,1,,1650780,0,1
152363,3689,379441937,GVB:52:68452,Zuid,68452,,0,,1584595,0,1
152363,3689,379441938,GVB:52:68645,Noord,68645,,1,,1650779,0,1
152363,3689,379441939,GVB:52:68500,Zuid,68500,,0,,1584596,0,1
152363,3689,379441940,GVB:52:68405,Noord,68405,,1,,1650780,0,1
152363,3689,379441941,GVB:52:68548,Zuid,68548,,0,,1584595,0,1
152363,3689,379441942,GVB:52:68453,Noord,68453,,1,,1650779,0,1
152363,3689,379441943,GVB:52:68598,Zuid,68598,,0,,1584596,0,1
152363,3689,379441944,GVB:52:68501,Noord,68501,,1,,1650780,0,1
152363,3689,379441945,GVB:52:68646,Zuid,68646,,0,,1584595,0,1
152363,3689,379441946,GVB:52:68549,Noord,68549,,1,,1650779,0,1
152363,3689,379441947,GVB:52:68406,Zuid,68406,,0,,1584596,0,1
152363,3689,379441948,GVB:52:68599,Noord,68599,,1,,1650780,0,1
152363,3689,379441949,GVB:52:68454,Zuid,68454,,0,,1584595,0,1
152363,3689,379441950,GVB:52:68647,Noord,68647,,1,,1650779,0,1
152363,3689,379441951,GVB:52:68502,Zuid,68502,,0,,1584596,0,1
152363,3689,379441952,GVB:52:68407,Noord,68407,,1,,1650780,0,1
152363,3689,379441953,GVB:52:68550,Zuid,68550,,0,,1584595,0,1
152363,3689,379441954,GVB:52:68455,Noord,68455,,1,,1650779,0,1
152363,3689,379441955,GVB:52:68600,Zuid,68600,,0,,1584596,0,1
152363,3689,379441956,GVB:52:68503,Noord,68503,,1,,1650780,0,1
152363,3689,379441957,GVB:52:68648,Zuid,68648,,0,,1584595,0,1
152363,3689,379441958,GVB:52:68551,Noord,68551,,1,,1650779,0,1
152363,3689,379441959,GVB:52:68408,Zuid,68408,,0,,1584596,0,1
152363,3689,379441960,GVB:52:68601,Noord,68601,,1,,1650780,0,1
152363,3689,379441961,GVB:52:68456,Zuid,68456,,0,,1584595,0,1
152363,3689,379441962,GVB:52:68649,Noord,68649,,1,,1650779,0,1
152363,3689,379441963,GVB:52:68504,Zuid,68504,,0,,1584596,0,1
152363,3689,379441964,GVB:52:68409,Noord,68409,,1,,1650780,0,1
152363,3689,379441965,GVB:52:68552,Zuid,68552,,0,,1584595,0,1
152363,3689,379441966,GVB:52:68457,Noord,68457,,1,,1650779,0,1
152363,3689,379441967,GVB:52:68602,Zuid,68602,,0,,1584596,0,1
152363,3689,379441968,GVB:52:68505,Noord,68505,,1,,1650780,0,1
152363,3689,379441969,GVB:52:68650,Zuid,68650,,0,,1584595,0,1
152363,3689,379441970,GVB:52:68553,Noord,68553,,1,,1650779,0,1
152363,3689,379441971,GVB:52:68410,Zuid,68410,,0,,1584596,0,1
152363,3689,379441972,GVB:52:68603,Noord,68603,,1,,1650780,0,1
152363,3689,379441973,GVB:52:68458,Zuid,68458,,0,,1584595,0,1
152363,3689,379441974,GVB:52:68651,Noord,68651,,1,,1650779,0,1
152363,3689,379441975,GVB:52:68506,Zuid,68506,,0,,1584596,0,1
152363,3689,379441976,GVB:52:68411,Noord,68411,,1,,1650780,0,1
152363,3689,379441977,GVB:52:68554,Zuid,68554,,0,,1584595,0,1
152363,3689,379441978,GVB:52:68459,Noord,68459,,1,,1650779,0,1
152363,3689,379441979,GVB:52:68604,Zuid,68604,,0,,1584596,0,1
152363,3689,379441980,GVB:52:68507,Noord,68507,,1,,1650780,0,1
152363,3689,379441981,GVB:52:68652,Zuid,68652,,0,,1584595,0,1
152363,3689,379441982,GVB:52:68555,Noord,68555,,1,,1650779,0,1
152363,3689,379441983,GVB:52:68412,Zuid,68412,,0,,1584596,0,1
152363,3689,379441984,GVB:52:68605,Noord,68605,,1,,1650780,0,1
152363,3689,379441985,GVB:52:68460,Zuid,68460,,0,,1584595,0,1
152363,3689,379441986,GVB:52:68653,Noord,68653,,1,,1650779,0,1
152363,3689,379441987,GVB:52:68508,Zuid,68508,,0,,1584596,0,1
152363,3689,379441988,GVB:52:68413,Noord,68413,,1,,1650780,0,1
152363,3689,379441989,GVB:52:68556,Zuid,68556,,0,,1584595,0,1
152363,3689,379441990,GVB:52:68461,Noord,68461,,1,,1650779,0,1
152363,3689,379441991,GVB:52:68606,Zuid,68606,,0,,1584596,0,1
152363,3689,379441992,GVB:52:68509,Noord,68509,,1,,1650780,0,1
152363,3689,379441993,GVB:52:68654,Zuid,68654,,0,,1584595,0,1
152363,3689,379441994,GVB:52:68557,Noord,68557,,1,,1650779,0,1
152363,3689,379441995,GVB:52:68414,Zuid,68414,,0,,1584596,0,1
152363,3689,379441996,GVB:52:68607,Noord,68607,,1,,1650780,0,1
152363,3689,379441997,GVB:52:68462,Zuid,68462,,0,,1584595,0,1
152363,3689,379441998,GVB:52:68655,Noord,68655,,1,,1650779,0,1
152363,3689,379441999,GVB:52:68510,Zuid,68510,,0,,1584596,0,1
152363,3689,379442000,GVB:52:68415,Noord,68415,,1,,1650780,0,1
152363,3689,379442001,GVB:52:68558,Zuid,68558,,0,,1584595,0,1
152363,3689,379442002,GVB:52:68463,Noord,68463,,1,,1650779,0,1
152363,3689,379442003,GVB:52:68608,Zuid,68608,,0,,1584596,0,1
152363,3689,379442004,GVB:52:68511,Noord,68511,,1,,1650780,0,1
152363,3689,379442005,GVB:52:68656,Zuid,68656,,0,,1584595,0,1
152363,3689,379442006,GVB:52:68559,Noord,68559,,1,,1650779,0,1
152363,3689,379442007,GVB:52:68416,Zuid,68416,,0,,1584596,0,1
152363,3689,379442008,GVB:52:68609,Noord,68609,,1,,1650780,0,1
152363,3689,379442009,GVB:52:68464,Zuid,68464,,0,,1584595,0,1
152363,3689,379442010,GVB:52:68657,Noord,68657,,1,,1650779,0,1
152363,3689,379442011,GVB:52:68512,Zuid,68512,,0,,1584596,0,1
152363,3689,379442012,GVB:52:68417,Noord,68417,,1,,1650780,0,1
152363,3689,379442013,GVB:52:68560,Zuid,68560,,0,,1584595,0,1
152363,3689,379442014,GVB:52:68465,Noord,68465,,1,,1650779,0,1
152363,3689,379442015,GVB:52:68610,Zuid,68610,,0,,1584596,0,1
152363,3689,379442016,GVB:52:68513,Noord,68513,,1,,1650780,0,1
152363,3689,379442017,GVB:52:68658,Zuid,68658,,0,,1584595,0,1
152363,3689,379442018,GVB:52:68561,Noord,68561,,1,,1650779,0,1
152363,3689,379442019,GVB:52:68418,Zuid,68418,,0,,1584596,0,1
152363,3689,379442020,GVB:52:68611,Noord,68611,,1,,1650780,0,1
152363,3689,379442021,GVB:52:68466,Zuid,68466,,0,,1584595,0,1
152363,3689,379442022,GVB:52:68659,Noord,68659,,1,,1650779,0,1
152363,3689,379442023,GVB:52:68514,Zuid,68514,,0,,1584596,0,1
152363,3689,379442024,GVB:52:68419,Noord,68419,,1,,1650780,0,1
152363,3689,379442025,GVB:52:68562,Zuid,68562,,0,,1584595,0,1
152363,3689,379442026,GVB:52:68467,Noord,68467,,1,,1650779,0,1
152363,3689,379442027,GVB:52:68612,Zuid,68612,,0,,1584596,0,1
152363,3689,379442028,GVB:52:68515,Noord,68515,,1,,1650780,0,1
152363,3689,379442029,GVB:52:68660,Zuid,68660,,0,,1584595,0,1
152363,3689,379442030,GVB:52:68563,Noord,68563,,1,,1650779,0,1
152363,3689,379442031,GVB:52:68420,Zuid,68420,,0,,1584596,0,1
152363,3689,379442032,GVB:52:68613,Noord,68613,,1,,1650780,0,1
152363,3689,379442033,GVB:52:68468,Zuid,68468,,0,,1584595,0,1
152363,3689,379442034,GVB:52:68661,Noord,68661,,1,,1650779,0,1
152363,3689,379442035,GVB:52:68516,Zuid,68516,,0,,1584596,0,1
152363,3689,379442036,GVB:52:68421,Noord,68421,,1,,1650780,0,1
152363,3689,379442037,GVB:52:68564,Zuid,68564,,0,,1584595,0,1
152363,3689,379442038,GVB:52:68469,Noord,68469,,1,,1650779,0,1
152363,3689,379442039,GVB:52:68614,Zuid,68614,,0,,1584596,0,1
152363,3689,379442040,GVB:52:68517,Noord,68517,,1,,1650780,0,1
152363,3689,379442041,GVB:52:68662,Zuid,68662,,0,,1584595,0,1
152363,3689,379442042,GVB:52:68565,Noord,68565,,1,,1650779,0,1
152363,3689,379442043,GVB:52:68422,Zuid,68422,,0,,1584596,0,1
152363,3689,379442044,GVB:52:68615,Noord,68615,,1,,1650780,0,1
152363,3689,379442045,GVB:52:68470,Zuid,68470,,0,,1584595,0,1
152363,3689,379442046,GVB:52:68663,Noord,68663,,1,,1650779,0,1
152363,3689,379442047,GVB:52:68518,Zuid,68518,,0,,1584596,0,1
152363,3689,379442048,GVB:52:68423,Noord,68423,,1,,1650780,0,1
152363,3689,379442049,GVB:52:68566,Zuid,68566,,0,,1584595,0,1
152363,3689,379442050,GVB:52:68471,Noord,68471,,1,,1650779,0,1
152363,3689,379442051,GVB:52:68616,Zuid,68616,,0,,1584596,0,1
152363,3689,379442052,GVB:52:68519,Noord,68519,,1,,1650780,0,1
152363,3689,379442053,GVB:52:68664,Zuid,68664,,0,,1584595,0,1
152363,3689,379442054,GVB:52:68567,Noord,68567,,1,,1650779,0,1
152363,3689,379442055,GVB:52:68424,Zuid,68424,,0,,1584596,0,1
152363,3689,379442056,GVB:52:68617,Noord,68617,,1,,1650780,0,1
152363,3689,379442057,GVB:52:68472,Zuid,68472,,0,,1584595,0,1
152363,3689,379442058,GVB:52:68665,Noord,68665,,1,,1650779,0,1
152363,3689,379442059,GVB:52:68520,Zuid,68520,,0,,1584596,0,1
152363,3689,379442060,GVB:52:68425,Noord,68425,,1,,1650780,0,1
152363,3689,379442061,GVB:52:68568,Zuid,68568,,0,,1584595,0,1
152363,3689,379442062,GVB:52:68473,Noord,68473,,1,,1650779,0,1
152363,3689,379442063,GVB:52:68618,Zuid,68618,,0,,1584596,0,1
152363,3689,379442064,GVB:52:68521,Noord,68521,,1,,1650780,0,1
152363,3689,379442065,GVB:52:68666,Zuid,68666,,0,,1584595,0,1
152363,3689,379442066,GVB:52:68569,Noord,68569,,1,,1650779,0,1
152363,3689,379442067,GVB:52:68426,Zuid,68426,,0,,1584596,0,1
152363,3689,379442068,GVB:52:68619,Noord,68619,,1,,1650780,0,1
152363,3689,379442069,GVB:52:68474,Zuid,68474,,0,,1584595,0,1
152363,3689,379442070,GVB:52:68667,Noord,68667,,1,,1650779,0,1
152363,3689,379442071,GVB:52:68522,Zuid,68522,,0,,1584596,0,1
152363,3689,379442072,GVB:52:68427,Noord,68427,,1,,1650780,0,1
152363,3689,379442073,GVB:52:68570,Zuid,68570,,0,,1584595,0,1
152363,3689,379442074,GVB:52:68475,Noord,68475,,1,,1650779,0,1
152363,3689,379442075,GVB:52:68620,Zuid,68620,,0,,1584596,0,1
152363,3689,379442076,GVB:52:68523,Noord,68523,,1,,1650780,0,1
152363,3689,379442077,GVB:52:68668,Zuid,68668,,0,,1584595,0,1
152363,3689,379442078,GVB:52:68571,Noord,68571,,1,,1650779,0,1
152363,3689,379442079,GVB:52:68428,Zuid,68428,,0,,1584596,0,1
152363,3689,379442080,GVB:52:68621,Noord,68621,,1,,1650780,0,1
152363,3689,379442081,GVB:52:68476,Zuid,68476,,0,,1584595,0,1
152363,3689,379442082,GVB:52:68669,Noord,68669,,1,,1650779,0,1
152363,3689,379442083,GVB:52:68524,Zuid,68524,,0,,1584596,0,1
152363,3689,379442084,GVB:52:68429,Noord,68429,,1,,1650780,0,1
152363,3689,379442085,GVB:52:68572,Zuid,68572,,0,,1584595,0,1
152363,3689,379442086,GVB:52:68477,Noord,68477,,1,,1650779,0,1
152363,3689,379442087,GVB:52:68622,Zuid,68622,,0,,1584596,0,1
152363,3689,379442088,GVB:52:68525,Noord,68525,,1,,1650780,0,1
152363,3689,379442089,GVB:52:68670,Zuid,68670,,0,,1584595,0,1
152363,3689,379442090,GVB:52:68573,Noord,68573,,1,,1650779,0,1
152363,3689,379442091,GVB:52:68430,Zuid,68430,,0,,1584596,0,1
152363,3689,379442092,GVB:52:68623,Noord,68623,,1,,1650780,0,1
152363,3689,379442093,GVB:52:68478,Zuid,68478,,0,,1584595,0,1
152363,3689,379442094,GVB:52:68671,Noord,68671,,1,,1650779,0,1
152363,3689,379442095,GVB:52:68526,Zuid,68526,,0,,1584596,0,1
152363,3689,379442096,GVB:52:68431,Noord,68431,,1,,1650780,0,1
152363,3689,379442097,GVB:52:68574,Zuid,68574,,0,,1584595,0,1
152363,3689,379442098,GVB:52:68479,Noord,68479,,1,,1650779,0,1
152363,3689,379442099,GVB:52:68624,Zuid,68624,,0,,1584596,0,1
152363,3689,379442100,GVB:52:68527,Noord,68527,,1,,1650780,0,1
152363,3689,379442101,GVB:52:68672,Zuid,68672,,0,,1584595,0,1
152363,3689,379442102,GVB:52:68575,Noord,68575,,1,,1650779,0,1
152363,3689,379442103,GVB:52:68432,Zuid,68432,,0,,1584596,0,1
152363,3689,379442104,GVB:52:68625,Noord,68625,,1,,1650780,0,1
152363,3689,379442105,GVB:52:68480,Zuid,68480,,0,,1584595,0,1
152363,3689,379442106,GVB:52:68673,Noord,68673,,1,,1650779,0,1
152363,3689,379442107,GVB:52:68528,Zuid,68528,,0,,1584596,0,1
152363,3689,379442108,GVB:52:68433,Noord,68433,,1,,1650780,0,1
152363,3689,379442109,GVB:52:68576,Zuid,68576,,0,,1584595,0,1
152363,3689,379442110,GVB:52:68481,Noord,68481,,1,,1650779,0,1
152363,3689,379442111,GVB:52:68626,Zuid,68626,,0,,1584596,0,1
152363,3689,379442112,GVB:52:68529,Noord,68529,,1,,1650780,0,1
152363,3689,379442113,GVB:52:68674,Zuid,68674,,0,,1584595,0,1
152363,3689,379442114,GVB:52:68577,Noord,68577,,1,,1650779,0,1
152363,3689,379442115,GVB:52:68434,Zuid,68434,,0,,1584596,0,1
152363,3689,379442116,GVB:52:68627,Noord,68627,,1,,1650780,0,1
152363,3689,379442117,GVB:52:68482,Zuid,68482,,0,,1584595,0,1
152363,3689,379442118,GVB:52:68675,Noord,68675,,1,,1650779,0,1
152363,3689,379442119,GVB:52:68530,Zuid,68530,,0,,1584596,0,1
152363,3689,379442120,GVB:52:68435,Noord,68435,,1,,1650780,0,1
152363,3689,379442121,GVB:52:68578,Zuid,68578,,0,,1584595,0,1
152363,3689,379442122,GVB:52:68483,Noord,68483,,1,,1650779,0,1
152363,3689,379442123,GVB:52:68628,Zuid,68628,,0,,1584596,0,1
152363,3689,379442124,GVB:52:68531,Noord,68531,,1,,1650780,0,1
152363,3689,379442125,GVB:52:68676,Zuid,68676,,0,,1584595,0,1
152363,3689,379442126,GVB:52:68579,Noord,68579,,1,,1650779,0,1
152363,3689,379442127,GVB:52:68436,Zuid,68436,,0,,1584596,0,1
152363,3689,379442128,GVB:52:68629,Noord,68629,,1,,1650780,0,1
152363,3689,379442129,GVB:52:68484,Zuid,68484,,0,,1584595,0,1
152363,3689,379442130,GVB:52:68677,Noord,68677,,1,,1650779,0,1
152363,3689,379442131,GVB:52:68532,Zuid,68532,,0,,1584596,0,1
152363,3689,379442132,GVB:52:68437,Noord,68437,,1,,1650780,0,1
152363,3689,379442133,GVB:52:68580,Zuid,68580,,0,,1584595,0,1
152363,3689,379442134,GVB:52:68485,Noord,68485,,1,,1650779,0,1
152363,3689,379442135,GVB:52:68630,Zuid,68630,,0,,1584596,0,1
152363,3689,379442136,GVB:52:68533,Noord,68533,,1,,1650780,0,1
152363,3689,379442137,GVB:52:68678,Zuid,68678,,0,,1584595,0,1
152363,3689,379442138,GVB:52:68581,Noord,68581,,1,,1650779,0,1
152363,3689,379442139,GVB:52:68438,Zuid,68438,,0,,1584596,0,1
152363,3689,379442140,GVB:52:68631,Noord,68631,,1,,1650780,0,1
152363,3689,379442141,GVB:52:68486,Zuid,68486,,0,,1584595,0,1
152363,3689,379442142,GVB:52:68679,Noord,68679,,1,,1650779,0,1
152363,3689,379442143,GVB:52:68534,Zuid,68534,,0,,1584596,0,1
152363,3689,379442144,GVB:52:68439,Noord,68439,,1,,1650780,0,1
152363,3689,379442145,GVB:52:68582,Zuid,68582,,0,,1584595,0,1
152363,3689,379442146,GVB:52:68487,Noord,68487,,1,,1650779,0,1
152363,3689,379442147,GVB:52:68632,Zuid,68632,,0,,1584596,0,1
152363,3689,379442148,GVB:52:68535,Noord,68535,,1,,1650780,0,1
152363,3689,379442149,GVB:52:68680,Zuid,68680,,0,,1584595,0,1
152363,3689,379442150,GVB:52:68583,Noord,68583,,1,,1650779,0,1
152363,3689,379442151,GVB:52:68440,Zuid,68440,,0,,1584596,0,1
152363,3689,379442152,GVB:52:68633,Noord,68633,,1,,1650780,0,1
152363,3689,379442153,GVB:52:68488,Zuid,68488,,0,,1584595,0,1
152363,3689,379442154,GVB:52:68681,Noord,68681,,1,,1650779,0,1
152363,3689,379442155,GVB:52:68536,Zuid,68536,,0,,1584596,0,1
152363,3689,379442156,GVB:52:68441,Noord,68441,,1,,1650780,0,1
152363,3689,379442157,GVB:52:68584,Zuid,68584,,0,,1584595,0,1
152363,3689,379442158,GVB:52:68489,Noord,68489,,1,,1650779,0,1
152363,3689,379442159,GVB:52:68634,Zuid,68634,,0,,1584596,0,1
152363,3689,379442160,GVB:52:68537,Noord,68537,,1,,1650780,0,1
152363,3689,379442161,GVB:52:68682,Zuid,68682,,0,,1584595,0,1
152363,3689,379442162,GVB:52:68585,Noord,68585,,1,,1650779,0,1
152363,3689,379442163,GVB:52:68442,Zuid,68442,,0,,1584596,0,1
152363,3689,379442164,GVB:52:68635,Noord,68635,,1,,1650780,0,1
152363,3689,379442165,GVB:52:68490,Zuid,68490,,0,,1584595,0,1
152363,3689,379442166,GVB:52:68683,Noord,68683,,1,,1650779,0,1
152363,3689,379442167,GVB:52:68538,Zuid,68538,,0,,1584596,0,1
152363,3689,379442168,GVB:52:68443,Noord,68443,,1,,1650780,0,1
152363,3689,379442169,GVB:52:68586,Zuid,68586,,0,,1584595,0,1
152363,3689,379442170,GVB:52:68491,Noord,68491,,1,,1650779,0,1
152363,3689,379442171,GVB:52:68636,Zuid,68636,,0,,1584596,0,1
152363,3689,379442172,GVB:52:68539,Noord,68539,,1,,1650780,0,1
152363,3689,379442173,GVB:52:68684,Zuid,68684,,0,,1584595,0,1
152363,3689,379442174,GVB:52:68587,Noord,68587,,1,,1650779,0,1
152363,3689,379442175,GVB:52:68444,Zuid,68444,,0,,1584596,0,1
152363,3689,379442176,GVB:52:68637,Noord,68637,,1,,1650780,0,1
152363,3689,379442177,GVB:52:68492,Zuid,68492,,0,,1584595,0,1
152363,3689,379442178,GVB:52:68685,Noord,68685,,1,,1650779,0,1
152363,3689,379442179,GVB:52:68540,Zuid,68540,,0,,1584596,0,1
152363,3689,379442180,GVB:52:68445,Noord,68445,,1,,1650780,0,1
152363,3689,379442181,GVB:52:68588,Zuid,68588,,0,,1584595,0,1
152363,3689,379442182,GVB:52:68493,Noord,68493,,1,,1650779,0,1
152363,3689,379442183,GVB:52:68638,Zuid,68638,,0,,1584596,0,1
152363,3689,379442184,GVB:52:68541,Noord,68541,,1,,1650780,0,1
152363,3689,379442185,GVB:52:68686,Zuid,68686,,0,,1584595,0,1
152363,3689,379442186,GVB:52:68589,Noord,68589,,1,,1650779,0,1
152363,3689,379442187,GVB:52:68446,Zuid,68446,,0,,1584596,0,1
152363,3689,379442188,GVB:52:68639,Noord,68639,,1,,1650780,0,1
152363,3689,379442189,GVB:52:68494,Zuid,68494,,0,,1584595,0,1
152363,3689,379442190,GVB:52:68687,Noord,68687,,1,,1650779,0,1
152363,3689,379442191,GVB:52:68542,Zuid,68542,,0,,1584596,0,1
152363,3689,379442192,GVB:52:68447,Noord,68447,,1,,1650780,0,1
152363,3689,379442193,GVB:52:68590,Zuid,68590,,0,,1584595,0,1
152363,3689,379442194,GVB:52:68495,Noord,68495,,1,,1650779,0,1
152363,3689,379442195,GVB:52:68640,Zuid,68640,,0,,1584596,0,1
152363,3689,379442196,GVB:52:68543,Noord,68543,,1,,1650780,0,1
152363,3689,379442197,GVB:52:68688,Zuid,68688,,0,,1584595,0,1
152363,3689,379442198,GVB:52:68591,Noord,68591,,1,,1650779,0,1
152363,3689,379442199,GVB:52:68448,Zuid,68448,,0,,1584596,0,1
152363,3689,379442200,GVB:52:68641,Noord,68641,,1,,1650780,0,1
152363,3689,379442201,GVB:52:68496,Zuid,68496,,0,,1584595,0,1
152363,3689,379442202,GVB:52:68689,Noord,68689,,1,,1650779,0,1
152363,3689,379442203,GVB:52:68544,Zuid,68544,,0,,1584596,0,1
152363,3689,379442204,GVB:52:68449,Noord,68449,,1,,1650780,0,1
152363,3689,379442205,GVB:52:68592,Zuid,68592,,0,,1584595,0,1
152363,3689,379442206,GVB:52:68497,Noord,68497,,1,,1650779,0,1
152363,3689,379442207,GVB:52:68545,Noord,68545,,1,,1650780,0,1
152363,3689,379442208,GVB:52:68593,Noord,68593,,1,,1650779,0,1
152364,446,379395213,GVB:54:72536,Centraal Station,72536,,0,,1584669,0,2
152364,446,379395214,GVB:54:72771,Centraal Station,72771,,0,,1584633,0,2
152364,446,379395215,GVB:54:72465,Gein,72465,,1,,1584639,0,2
152364,446,379395216,GVB:54:72537,Gein,72537,,1,,1584637,0,2
152364,446,379395217,GVB:54:72675,Centraal Station,72675,,0,,1584670,0,2
152364,446,379395218,GVB:54:72506,Centraal Station,72506,,0,,1584635,0,2
152364,446,379395219,GVB:54:72676,Gein,72676,,1,,1584638,0,2
152364,446,379395220,GVB:54:72466,Centraal Station,72466,,0,,1584633,0,2
152364,446,379395221,GVB:54:72810,Gein,72810,,1,,1584637,0,2
152364,446,379395222,GVB:54:72538,Centraal Station,72538,,0,,1584635,0,2
152364,446,379395223,GVB:54:72610,Gein,72610,,1,,1584638,0,2
152364,446,379395224,GVB:54:72677,Centraal Station,72677,,0,,1584633,0,2
152364,446,379395225,GVB:54:72648,Gein,72648,,1,,1584637,0,2
152364,446,379395226,GVB:54:72811,Centraal Station,72811,,0,,1584635,0,2
152364,446,379395227,GVB:54:72850,Gein,72850,,1,,1584631,0,2
152364,446,379395228,GVB:54:72611,Centraal Station,72611,,0,,1584633,0,2
152364,446,379395229,GVB:54:72574,Centraal Station,72574,,0,,1584636,0,2
152364,446,379395230,GVB:54:72774,Gein,72774,,1,,1584637,0,2
152364,446,379395231,GVB:54:72651,Centraal Station,72651,,0,,1584634,0,2
152364,446,379395232,GVB:54:72509,Gein,72509,,1,,1584631,0,2
152364,446,379395233,GVB:54:72851,Centraal Station,72851,,0,,1584636,0,2
152364,446,379395234,GVB:54:72469,Gein,72469,,1,,1584637,0,2
152364,446,379395235,GVB:54:72713,Centraal Station,72713,,0,,1584634,0,2
152364,446,379395236,GVB:54:72736,Gein,72736,,1,,1584631,0,2
152364,446,379395237,GVB:54:72775,Centraal Station,72775,,0,,1584635,0,2
152364,446,379395238,GVB:54:72541,Gein,72541,,1,,1584637,0,2
152364,446,379395239,GVB:54:72510,Centraal Station,72510,,0,,1584634,0,2
152364,446,379395240,GVB:54:72680,Gein,72680,,1,,1584631,0,2
152364,446,379395241,GVB:54:72470,Centraal Station,72470,,0,,1584635,0,2
152364,446,379395242,GVB:54:72814,Gein,72814,,1,,1584637,0,2
152364,446,379395243,GVB:54:72737,Centraal Station,72737,,0,,1584634,0,2
152364,446,379395244,GVB:54:72614,Gein,72614,,1,,1584631,0,2
152364,446,379395245,GVB:54:72542,Centraal Station,72542,,0,,1584635,0,2
152364,446,379395246,GVB:54:72577,Gein,72577,,1,,1584637,0,2
152364,446,379395247,GVB:54:72681,Centraal Station,72681,,0,,1584634,0,2
152364,446,379395248,GVB:54:72654,Gein,72654,,1,,1584631,0,2
152364,446,379395249,GVB:54:72815,Centraal Station,72815,,0,,1584635,0,2
152364,446,379395250,GVB:54:72854,Gein,72854,,1,,1584637,0,2
152364,446,379395251,GVB:54:72615,Centraal Station,72615,,0,,1584634,0,2
152364,446,379395252,GVB:54:72716,Gein,72716,,1,,1584631,0,2
152364,446,379395253,GVB:54:72578,Centraal Station,72578,,0,,1584635,0,2
152364,446,379395254,GVB:54:72778,Gein,72778,,1,,1584637,0,2
152364,446,379395255,GVB:54:72655,Centraal Station,72655,,0,,1584634,0,2
152364,446,379395256,GVB:54:72513,Gein,72513,,1,,1584631,0,2
152364,446,379395257,GVB:54:72855,Centraal Station,72855,,0,,1584635,0,2
152364,446,379395258,GVB:54:72473,Gein,72473,,1,,1584637,0,2
152364,446,379395259,GVB:54:72717,Centraal Station,72717,,0,,1584634,0,2
152364,446,379395260,GVB:54:72740,Gein,72740,,1,,1584631,0,2
152364,446,379395261,GVB:54:72779,Centraal Station,72779,,0,,1584635,0,2
152364,446,379395262,GVB:54:72545,Gein,72545,,1,,1584637,0,2
152364,446,379395263,GVB:54:72514,Centraal Station,72514,,0,,1584634,0,2
152364,446,379395264,GVB:54:72684,Gein,72684,,1,,1584631,0,2
152364,446,379395265,GVB:54:72474,Centraal Station,72474,,0,,1584635,0,2
152364,446,379395266,GVB:54:72818,Gein,72818,,1,,1584637,0,2
152364,446,379395267,GVB:54:72741,Centraal Station,72741,,0,,1584634,0,2
152364,446,379395268,GVB:54:72618,Gein,72618,,1,,1584631,0,2
152364,446,379395269,GVB:54:72546,Centraal Station,72546,,0,,1584635,0,2
152364,446,379395270,GVB:54:72581,Gein,72581,,1,,1584637,0,2
152364,446,379395271,GVB:54:72685,Centraal Station,72685,,0,,1584634,0,2
152364,446,379395272,GVB:54:72658,Gein,72658,,1,,1584631,0,2
152364,446,379395273,GVB:54:72819,Centraal Station,72819,,0,,1584635,0,2
152364,446,379395274,GVB:54:72858,Gein,72858,,1,,1584637,0,2
152364,446,379395275,GVB:54:72619,Centraal Station,72619,,0,,1584634,0,2
152364,446,379395276,GVB:54:72720,Gein,72720,,1,,1584631,0,2
152364,446,379395277,GVB:54:72582,Centraal Station,72582,,0,,1584635,0,2
152364,446,379395278,GVB:54:72782,Gein,72782,,1,,1584637,0,2
152364,446,379395279,GVB:54:72659,Centraal Station,72659,,0,,1584634,0,2
152364,446,379395280,GVB:54:72517,Gein,72517,,1,,1584631,0,2
152364,446,379395281,GVB:54:72859,Centraal Station,72859,,0,,1584635,0,2
152364,446,379395282,GVB:54:72477,Gein,72477,,1,,1584637,0,2
152364,446,379395283,GVB:54:72721,Centraal Station,72721,,0,,1584634,0,2
152364,446,379395284,GVB:54:72744,Gein,72744,,1,,1584631,0,2
152364,446,379395285,GVB:54:72783,Centraal Station,72783,,0,,1584635,0,2
152364,446,379395286,GVB:54:72549,Gein,72549,,1,,1584637,0,2
152364,446,379395287,GVB:54:72518,Centraal Station,72518,,0,,1584634,0,2
152364,446,379395288,GVB:54:72688,Gein,72688,,1,,1584631,0,2
152364,446,379395289,GVB:54:72478,Centraal Station,72478,,0,,1584635,0,2
152364,446,379395290,GVB:54:72822,Gein,72822,,1,,1584637,0,2
152364,446,379395291,GVB:54:72745,Centraal Station,72745,,0,,1584634,0,2
152364,446,379395292,GVB:54:72622,Gein,72622,,1,,1584631,0,2
152364,446,379395293,GVB:54:72550,Centraal Station,72550,,0,,1584635,0,2
152364,446,379395294,GVB:54:72585,Gein,72585,,1,,1584637,0,2
152364,446,379395295,GVB:54:72689,Centraal Station,72689,,0,,1584634,0,2
152364,446,379395296,GVB:54:72662,Gein,72662,,1,,1584631,0,2
152364,446,379395297,GVB:54:72823,Centraal Station,72823,,0,,1584635,0,2
152364,446,379395298,GVB:54:72862,Gein,72862,,1,,1584637,0,2
152364,446,379395299,GVB:54:72623,Centraal Station,72623,,0,,1584634,0,2
152364,446,379395300,GVB:54:72724,Gein,72724,,1,,1584631,0,2
152364,446,379395301,GVB:54:72586,Centraal Station,72586,,0,,1584635,0,2
152364,446,379395302,GVB:54:72786,Gein,72786,,1,,1584637,0,2
152364,446,379395303,GVB:54:72663,Centraal Station,72663,,0,,1584634,0,2
152364,446,379395304,GVB:54:72521,Gein,72521,,1,,1584631,0,2
152364,446,379395305,GVB:54:72863,Centraal Station,72863,,0,,1584635,0,2
152364,446,379395306,GVB:54:72481,Gein,72481,,1,,1584637,0,2
152364,446,379395307,GVB:54:72725,Centraal Station,72725,,0,,1584634,0,2
152364,446,379395308,GVB:54:72748,Gein,72748,,1,,1584631,0,2
152364,446,379395309,GVB:54:72787,Centraal Station,72787,,0,,1584635,0,2
152364,446,379395310,GVB:54:72553,Gein,72553,,1,,1584637,0,2
152364,446,379395311,GVB:54:72522,Centraal Station,72522,,0,,1584634,0,2
152364,446,379395312,GVB:54:72692,Gein,72692,,1,,1584631,0,2
152364,446,379395313,GVB:54:72482,Centraal Station,72482,,0,,1584635,0,2
152364,446,379395314,GVB:54:72826,Gein,72826,,1,,1584637,0,2
152364,446,379395315,GVB:54:72749,Centraal Station,72749,,0,,1584634,0,2
152364,446,379395316,GVB:54:72626,Gein,72626,,1,,1584631,0,2
152364,446,379395317,GVB:54:72554,Centraal Station,72554,,0,,1584635,0,2
152364,446,379395318,GVB:54:72589,Gein,72589,,1,,1584637,0,2
152364,446,379395319,GVB:54:72693,Centraal Station,72693,,0,,1584634,0,2
152364,446,379395320,GVB:54:72666,Gein,72666,,1,,1584631,0,2
152364,446,379395321,GVB:54:72827,Centraal Station,72827,,0,,1584635,0,2
152364,446,379395322,GVB:54:72866,Gein,72866,,1,,1584637,0,2
152364,446,379395323,GVB:54:72627,Centraal Station,72627,,0,,1584634,0,2
152364,446,379395324,GVB:54:72728,Gein,72728,,1,,1584631,0,2
152364,446,379395325,GVB:54:72590,Centraal Station,72590,,0,,1584635,0,2
152364,446,379395326,GVB:54:72790,Gein,72790,,1,,1584637,0,2
152364,446,379395327,GVB:54:72667,Centraal Station,72667,,0,,1584634,0,2
152364,446,379395328,GVB:54:72525,Gein,72525,,1,,1584631,0,2
152364,446,379395329,GVB:54:72867,Centraal Station,72867,,0,,1584635,0,2
152364,446,379395330,GVB:54:72485,Gein,72485,,1,,1584637,0,2
152364,446,379395331,GVB:54:72729,Centraal Station,72729,,0,,1584634,0,2
152364,446,379395332,GVB:54:72752,Gein,72752,,1,,1584631,0,2
152364,446,379395333,GVB:54:72791,Centraal Station,72791,,0,,1584635,0,2
152364,446,379395334,GVB:54:72557,Gein,72557,,1,,1584637,0,2
152364,446,379395335,GVB:54:72526,Centraal Station,72526,,0,,1584634,0,2
152364,446,379395336,GVB:54:72696,Gein,72696,,1,,1584631,0,2
152364,446,379395337,GVB:54:72486,Centraal Station,72486,,0,,1584635,0,2
152364,446,379395338,GVB:54:72830,Gein,72830,,1,,1584637,0,2
152364,446,379395339,GVB:54:72753,Centraal Station,72753,,0,,1584634,0,2
152364,446,379395340,GVB:54:72630,Gein,72630,,1,,1584631,0,2
152364,446,379395341,GVB:54:72558,Centraal Station,72558,,0,,1584635,0,2
152364,446,379395342,GVB:54:72593,Gein,72593,,1,,1584637,0,2
152364,446,379395343,GVB:54:72697,Centraal Station,72697,,0,,1584634,0,2
152364,446,379395344,GVB:54:72670,Gein,72670,,1,,1584631,0,2
152364,446,379395345,GVB:54:72831,Centraal Station,72831,,0,,1584635,0,2
152364,446,379395346,GVB:54:72870,Gein,72870,,1,,1584637,0,2
152364,446,379395347,GVB:54:72631,Centraal Station,72631,,0,,1584634,0,2
152364,446,379395348,GVB:54:72732,Gein,72732,,1,,1584638,0,2
152364,446,379395349,GVB:54:72594,Centraal Station,72594,,0,,1584635,0,2
152364,446,379395350,GVB:54:72794,Gein,72794,,1,,1584637,0,2
152364,446,379395351,GVB:54:72671,Centraal Station,72671,,0,,1584634,0,2
152364,446,379395352,GVB:54:72529,Gein,72529,,1,,1584638,0,2
152364,446,379395353,GVB:54:72873,Centraal Station,72873,,0,,1584634,0,2
152364,446,379395354,GVB:54:72489,Gein,72489,,1,,1584637,0,2
152364,446,379395355,GVB:54:72756,Gein,72756,,1,,1584638,0,2
152364,446,379395356,GVB:54:72795,Centraal Station,72795,,0,,1584633,0,2
152364,446,379395357,GVB:54:72561,Gein,72561,,1,,1584631,0,2
152364,446,379395358,GVB:54:72530,Centraal Station,72530,,0,,1584633,0,2
152364,446,379395359,GVB:54:72700,Gein,72700,,1,,1584638,0,2
152364,446,379395360,GVB:54:72492,Centraal Station,72492,,0,,1584634,0,2
152364,446,379395361,GVB:54:72834,Gein,72834,,1,,1584631,0,2
152364,446,379395362,GVB:54:72757,Centraal Station,72757,,0,,1584633,0,2
152364,446,379395363,GVB:54:72634,Gein,72634,,1,,1584638,0,2
152364,446,379395364,GVB:54:72562,Centraal Station,72562,,0,,1584634,0,2
152364,446,379395365,GVB:54:72597,Gein,72597,,1,,1584631,0,2
152364,446,379395366,GVB:54:72701,Centraal Station,72701,,0,,1584633,0,2
152364,446,379395367,GVB:54:72876,Gein,72876,,1,,1584638,0,2
152364,446,379395368,GVB:54:72835,Centraal Station,72835,,0,,1584634,0,2
152364,446,379395369,GVB:54:72798,Gein,72798,,1,,1584631,0,2
152364,446,379395370,GVB:54:72635,Centraal Station,72635,,0,,1584633,0,2
152364,446,379395371,GVB:54:72533,Gein,72533,,1,,1584638,0,2
152364,446,379395372,GVB:54:72598,Centraal Station,72598,,0,,1584634,0,2
152364,446,379395373,GVB:54:72495,Gein,72495,,1,,1584638,0,2
152364,446,379395374,GVB:54:72877,Centraal Station,72877,,0,,1584635,0,2
152364,446,379395375,GVB:54:72760,Gein,72760,,1,,1584638,0,2
152364,446,379395376,GVB:54:72799,Centraal Station,72799,,0,,1584634,0,2
152364,446,379395377,GVB:54:72565,Gein,72565,,1,,1584637,0,2
152364,446,379395378,GVB:54:72496,Centraal Station,72496,,0,,1584635,0,2
152364,446,379395379,GVB:54:72704,Gein,72704,,1,,1584638,0,2
152364,446,379395380,GVB:54:72761,Centraal Station,72761,,0,,1584633,0,2
152364,446,379395381,GVB:54:72838,Gein,72838,,1,,1584637,0,2
152364,446,379395382,GVB:54:72566,Centraal Station,72566,,0,,1584635,0,2
152364,446,379395383,GVB:54:72638,Gein,72638,,1,,1584638,0,2
152364,446,379395384,GVB:54:72705,Centraal Station,72705,,0,,1584633,0,2
152364,446,379395385,GVB:54:72601,Gein,72601,,1,,1584637,0,2
152364,446,379395386,GVB:54:72839,Centraal Station,72839,,0,,1584635,0,2
152364,446,379395387,GVB:54:72880,Gein,72880,,1,,1584638,0,2
152364,446,379395388,GVB:54:72639,Centraal Station,72639,,0,,1584633,0,2
152364,446,379395389,GVB:54:72802,Gein,72802,,1,,1584637,0,2
152364,446,379395390,GVB:54:72602,Centraal Station,72602,,0,,1584635,0,2
152364,446,379395391,GVB:54:72499,Gein,72499,,1,,1584638,0,2
152364,446,379395392,GVB:54:72881,Centraal Station,72881,,0,,1584633,0,2
152364,446,379395393,GVB:54:72764,Gein,72764,,1,,1584637,0,2
152364,446,379395394,GVB:54:72803,Centraal Station,72803,,0,,1584635,0,2
152364,446,379395395,GVB:54:72569,Gein,72569,,1,,1584638,0,2
152364,446,379395396,GVB:54:72500,Centraal Station,72500,,0,,1584633,0,2
152364,446,379395397,GVB:54:72708,Gein,72708,,1,,1584637,0,2
152364,446,379395398,GVB:54:72765,Centraal Station,72765,,0,,1584635,0,2
152364,446,379395399,GVB:54:72842,Gein,72842,,1,,1584638,0,2
152364,446,379395400,GVB:54:72570,Centraal Station,72570,,0,,1584633,0,2
152364,446,379395401,GVB:54:72642,Gein,72642,,1,,1584637,0,2
152364,446,379395402,GVB:54:72709,Centraal Station,72709,,0,,1584635,0,2
152364,446,379395403,GVB:54:72605,Gein,72605,,1,,1584631,0,2
152364,446,379395404,GVB:54:72843,Centraal Station,72843,,0,,1584633,0,2
152364,446,379395405,GVB:54:72884,Gein,72884,,1,,1584637,0,2
152364,446,379395406,GVB:54:72643,Centraal Station,72643,,0,,1584635,0,2
152364,446,379395407,GVB:54:72806,Gein,72806,,1,,1584638,0,2
152364,446,379395408,GVB:54:72503,Gein,72503,,1,,1584637,0,2
152364,2199,379395579,GVB:54:71673,Centraal Station,71673,,0,,1584633,0,1
152364,2199,379395580,GVB:54:71821,Centraal Station,71821,,0,,1584635,0,1
152364,2199,379395581,GVB:54:71784,Centraal Station,71784,,0,,1584633,0,1
152364,2199,379395582,GVB:54:71858,Centraal Station,71858,,0,,1584635,0,1
152364,2199,379395583,GVB:54:71960,Centraal Station,71960,,0,,1584633,0,1
152364,2199,379395584,GVB:54:71749,Centraal Station,71749,,0,,1584635,0,1
152364,2199,379395585,GVB:54:71607,Centraal Station,71607,,0,,1584633,0,1
152364,2199,379395586,GVB:54:71926,Centraal Station,71926,,0,,1584635,0,1
152364,2199,379395587,GVB:54:71641,Centraal Station,71641,,0,,1584633,0,1
152364,2199,379395588,GVB:54:71677,Centraal Station,71677,,0,,1584635,0,1
152364,2199,379395589,GVB:54:71825,Centraal Station,71825,,0,,1584633,0,1
152364,2199,379395590,GVB:54:71806,Centraal Station,71806,,0,,1584634,0,1
152364,2199,379395591,GVB:54:71880,Centraal Station,71880,,0,,1584633,0,1
152364,2199,379395592,GVB:54:71980,Centraal Station,71980,,0,,1584633,0,1
152364,2199,379395593,GVB:54:71733,Centraal Station,71733,,0,,1584634,0,1
152364,2199,379395594,GVB:54:71769,Centraal Station,71769,,0,,1584633,0,1
152364,2199,379395595,GVB:54:71627,Centraal Station,71627,,0,,1584634,0,1
152364,2199,379395596,GVB:54:71946,Centraal Station,71946,,0,,1584633,0,1
152364,2199,379395597,GVB:54:71912,Centraal Station,71912,,0,,1584634,0,1
152364,2199,379395598,GVB:54:71661,Centraal Station,71661,,0,,1584633,0,1
152364,2199,379395599,GVB:54:71845,Centraal Station,71845,,0,,1584634,0,1
152364,2199,379395600,GVB:54:71810,Centraal Station,71810,,0,,1584635,0,1
152364,2199,379395601,GVB:54:71884,Centraal Station,71884,,0,,1584634,0,1
152364,2199,379395602,GVB:54:71737,Centraal Station,71737,,0,,1584635,0,1
152364,2199,379395603,GVB:54:71773,Centraal Station,71773,,0,,1584633,0,1
152364,2199,379395604,GVB:54:71631,Centraal Station,71631,,0,,1584635,0,1
152364,2199,379395605,GVB:54:71950,Centraal Station,71950,,0,,1584633,0,1
152364,2199,379395606,GVB:54:71916,Centraal Station,71916,,0,,1584635,0,1
152364,2199,379395607,GVB:54:71665,Centraal Station,71665,,0,,1584633,0,1
152364,2199,379395608,GVB:54:71849,Centraal Station,71849,,0,,1584635,0,1
152364,2199,379395609,GVB:54:71814,Centraal Station,71814,,0,,1584633,0,1
152364,2199,379395610,GVB:54:71888,Centraal Station,71888,,0,,1584635,0,1
152364,2199,379395611,GVB:54:71741,Centraal Station,71741,,0,,1584633,0,1
152364,2199,379395612,GVB:54:71777,Centraal Station,71777,,0,,1584635,0,1
152364,2199,379395613,GVB:54:71635,Centraal Station,71635,,0,,1584633,0,1
152364,2199,379395614,GVB:54:71954,Centraal Station,71954,,0,,1584635,0,1
152364,2199,379395615,GVB:54:71920,Centraal Station,71920,,0,,1584633,0,1
152364,2199,379395616,GVB:54:71669,Centraal Station,71669,,0,,1584635,0,1
152364,2199,379395617,GVB:54:71857,Gein,71857,,1,,1584637,0,1
152364,2199,379395618,GVB:54:71959,Gein,71959,,1,,1584638,0,1
152364,2199,379395619,GVB:54:71748,Gein,71748,,1,,1584637,0,1
152364,2199,379395620,GVB:54:71606,Gein,71606,,1,,1584638,0,1
152364,2199,379395621,GVB:54:71925,Gein,71925,,1,,1584637,0,1
152364,2199,379395622,GVB:54:71640,Gein,71640,,1,,1584638,0,1
152364,2199,379395623,GVB:54:71676,Gein,71676,,1,,1584637,0,1
152364,2199,379395624,GVB:54:71824,Gein,71824,,1,,1584638,0,1
152364,2199,379395625,GVB:54:71787,Gein,71787,,1,,1584637,0,1
152364,2199,379395626,GVB:54:71861,Gein,71861,,1,,1584638,0,1
152364,2199,379395627,GVB:54:71963,Gein,71963,,1,,1584632,0,1
152364,2199,379395628,GVB:54:71752,Gein,71752,,1,,1584631,0,1
152364,2199,379395629,GVB:54:71768,Gein,71768,,1,,1584638,0,1
152364,2199,379395630,GVB:54:71626,Gein,71626,,1,,1584631,0,1
152364,2199,379395631,GVB:54:71945,Gein,71945,,1,,1584638,0,1
152364,2199,379395632,GVB:54:71911,Gein,71911,,1,,1584631,0,1
152364,2199,379395633,GVB:54:71660,Gein,71660,,1,,1584638,0,1
152364,2199,379395634,GVB:54:71844,Gein,71844,,1,,1584631,0,1
152364,2199,379395635,GVB:54:71809,Gein,71809,,1,,1584638,0,1
152364,2199,379395636,GVB:54:71883,Gein,71883,,1,,1584631,0,1
152364,2199,379395637,GVB:54:71983,Gein,71983,,1,,1584638,0,1
152364,2199,379395638,GVB:54:71736,Gein,71736,,1,,1584638,0,1
152364,2199,379395639,GVB:54:71772,Gein,71772,,1,,1584638,0,1
152364,2199,379395640,GVB:54:71630,Gein,71630,,1,,1584637,0,1
152364,2199,379395641,GVB:54:71949,Gein,71949,,1,,1584638,0,1
152364,2199,379395642,GVB:54:71915,Gein,71915,,1,,1584637,0,1
152364,2199,379395643,GVB:54:71664,Gein,71664,,1,,1584638,0,1
152364,2199,379395644,GVB:54:71848,Gein,71848,,1,,1584637,0,1
152364,2199,379395645,GVB:54:71813,Gein,71813,,1,,1584638,0,1
152364,2199,379395646,GVB:54:71887,Gein,71887,,1,,1584637,0,1
152364,2199,379395647,GVB:54:71740,Gein,71740,,1,,1584638,0,1
152364,2199,379395648,GVB:54:71776,Gein,71776,,1,,1584637,0,1
152364,2199,379395649,GVB:54:71634,Gein,71634,,1,,1584638,0,1
152364,2199,379395650,GVB:54:71953,Gein,71953,,1,,1584637,0,1
152364,2199,379395651,GVB:54:71919,Gein,71919,,1,,1584638,0,1
152364,2199,379395652,GVB:54:71668,Gein,71668,,1,,1584637,0,1
152364,2199,379395653,GVB:54:71852,Gein,71852,,1,,1584631,0,1
152364,2199,379395654,GVB:54:71817,Gein,71817,,1,,1584637,0,1
152364,2199,379395655,GVB:54:71891,Gein,71891,,1,,1584638,0,1
152364,2199,379395656,GVB:54:71744,Gein,71744,,1,,1584637,0,1
152364,2199,379395657,GVB:54:71841,Centraal Station,71841,,0,,1584634,0,1
152364,2199,379395658,GVB:54:71964,Centraal Station,71964,,0,,1584634,0,1
152364,2199,379395659,GVB:54:71753,Centraal Station,71753,,0,,1584634,0,1
152364,2199,379395660,GVB:54:71930,Centraal Station,71930,,0,,1584634,0,1
152364,2199,379395661,GVB:54:71645,Centraal Station,71645,,0,,1584634,0,1
152364,2199,379395662,GVB:54:71829,Centraal Station,71829,,0,,1584634,0,1
152364,2199,379395663,GVB:54:71701,Centraal Station,71701,,0,,1584634,0,1
152364,2199,379395664,GVB:54:71968,Centraal Station,71968,,0,,1584634,0,1
152364,2199,379395665,GVB:54:71757,Centraal Station,71757,,0,,1584634,0,1
152364,2199,379395666,GVB:54:71934,Centraal Station,71934,,0,,1584634,0,1
152364,2199,379395667,GVB:54:71649,Centraal Station,71649,,0,,1584634,0,1
152364,2199,379395668,GVB:54:71833,Centraal Station,71833,,0,,1584634,0,1
152364,2199,379395669,GVB:54:71705,Centraal Station,71705,,0,,1584634,0,1
152364,2199,379395670,GVB:54:71972,Centraal Station,71972,,0,,1584634,0,1
152364,2199,379395671,GVB:54:71761,Centraal Station,71761,,0,,1584634,0,1
152364,2199,379395672,GVB:54:71938,Centraal Station,71938,,0,,1584634,0,1
152364,2199,379395673,GVB:54:71653,Centraal Station,71653,,0,,1584634,0,1
152364,2199,379395674,GVB:54:71837,Centraal Station,71837,,0,,1584634,0,1
152364,2199,379395675,GVB:54:71709,Centraal Station,71709,,0,,1584634,0,1
152364,2199,379395676,GVB:54:71976,Centraal Station,71976,,0,,1584634,0,1
152364,2199,379395677,GVB:54:71765,Centraal Station,71765,,0,,1584634,0,1
152364,2199,379395678,GVB:54:71942,Centraal Station,71942,,0,,1584634,0,1
152364,2199,379395679,GVB:54:71657,Centraal Station,71657,,0,,1584634,0,1
152364,2199,379395680,GVB:54:71788,Centraal Station,71788,,0,,1584635,0,1
152364,2199,379395681,GVB:54:71864,Centraal Station,71864,,0,,1584636,0,1
152364,2199,379395682,GVB:54:71715,Centraal Station,71715,,0,,1584635,0,1
152364,2199,379395683,GVB:54:71611,Centraal Station,71611,,0,,1584635,0,1
152364,2199,379395684,GVB:54:71896,Centraal Station,71896,,0,,1584635,0,1
152364,2199,379395685,GVB:54:71681,Centraal Station,71681,,0,,1584635,0,1
152364,2199,379395686,GVB:54:71792,Centraal Station,71792,,0,,1584635,0,1
152364,2199,379395687,GVB:54:71868,Centraal Station,71868,,0,,1584635,0,1
152364,2199,379395688,GVB:54:71719,Centraal Station,71719,,0,,1584635,0,1
152364,2199,379395689,GVB:54:71615,Centraal Station,71615,,0,,1584635,0,1
152364,2199,379395690,GVB:54:71900,Centraal Station,71900,,0,,1584635,0,1
152364,2199,379395691,GVB:54:71685,Centraal Station,71685,,0,,1584635,0,1
152364,2199,379395692,GVB:54:71796,Centraal Station,71796,,0,,1584635,0,1
152364,2199,379395693,GVB:54:71872,Centraal Station,71872,,0,,1584635,0,1
152364,2199,379395694,GVB:54:71723,Centraal Station,71723,,0,,1584635,0,1
152364,2199,379395695,GVB:54:71619,Centraal Station,71619,,0,,1584635,0,1
152364,2199,379395696,GVB:54:71904,Centraal Station,71904,,0,,1584635,0,1
152364,2199,379395697,GVB:54:71689,Centraal Station,71689,,0,,1584635,0,1
152364,2199,379395698,GVB:54:71800,Centraal Station,71800,,0,,1584635,0,1
152364,2199,379395699,GVB:54:71876,Centraal Station,71876,,0,,1584635,0,1
152364,2199,379395700,GVB:54:71727,Centraal Station,71727,,0,,1584635,0,1
152364,2199,379395701,GVB:54:71623,Centraal Station,71623,,0,,1584635,0,1
152364,2199,379395702,GVB:54:71908,Centraal Station,71908,,0,,1584635,0,1
152364,2199,379395703,GVB:54:71693,Centraal Station,71693,,0,,1584635,0,1
152364,2199,379395704,GVB:54:71697,Centraal Station,71697,,0,,1584634,0,1
152364,2199,379395705,GVB:54:71610,Gein,71610,,1,,1584637,0,1
152364,2199,379395706,GVB:54:71895,Gein,71895,,1,,1584637,0,1
152364,2199,379395707,GVB:54:71680,Gein,71680,,1,,1584637,0,1
152364,2199,379395708,GVB:54:71791,Gein,71791,,1,,1584637,0,1
152364,2199,379395709,GVB:54:71867,Gein,71867,,1,,1584637,0,1
152364,2199,379395710,GVB:54:71718,Gein,71718,,1,,1584637,0,1
152364,2199,379395711,GVB:54:71614,Gein,71614,,1,,1584637,0,1
152364,2199,379395712,GVB:54:71899,Gein,71899,,1,,1584637,0,1
152364,2199,379395713,GVB:54:71684,Gein,71684,,1,,1584637,0,1
152364,2199,379395714,GVB:54:71795,Gein,71795,,1,,1584637,0,1
152364,2199,379395715,GVB:54:71871,Gein,71871,,1,,1584637,0,1
152364,2199,379395716,GVB:54:71722,Gein,71722,,1,,1584637,0,1
152364,2199,379395717,GVB:54:71618,Gein,71618,,1,,1584637,0,1
152364,2199,379395718,GVB:54:71903,Gein,71903,,1,,1584637,0,1
152364,2199,379395719,GVB:54:71688,Gein,71688,,1,,1584637,0,1
152364,2199,379395720,GVB:54:71799,Gein,71799,,1,,1584637,0,1
152364,2199,379395721,GVB:54:71875,Gein,71875,,1,,1584637,0,1
152364,2199,379395722,GVB:54:71726,Gein,71726,,1,,1584637,0,1
152364,2199,379395723,GVB:54:71622,Gein,71622,,1,,1584637,0,1
152364,2199,379395724,GVB:54:71907,Gein,71907,,1,,1584637,0,1
152364,2199,379395725,GVB:54:71692,Gein,71692,,1,,1584637,0,1
152364,2199,379395726,GVB:54:71803,Gein,71803,,1,,1584637,0,1
152364,2199,379395727,GVB:54:71879,Gein,71879,,1,,1584637,0,1
152364,2199,379395728,GVB:54:71730,Gein,71730,,1,,1584637,0,1
152364,2199,379395729,GVB:54:71929,Gein,71929,,1,,1584631,0,1
152364,2199,379395730,GVB:54:71644,Gein,71644,,1,,1584631,0,1
152364,2199,379395731,GVB:54:71828,Gein,71828,,1,,1584631,0,1
152364,2199,379395732,GVB:54:71700,Gein,71700,,1,,1584631,0,1
152364,2199,379395733,GVB:54:71967,Gein,71967,,1,,1584631,0,1
152364,2199,379395734,GVB:54:71756,Gein,71756,,1,,1584631,0,1
152364,2199,379395735,GVB:54:71933,Gein,71933,,1,,1584631,0,1
152364,2199,379395736,GVB:54:71648,Gein,71648,,1,,1584631,0,1
152364,2199,379395737,GVB:54:71832,Gein,71832,,1,,1584631,0,1
152364,2199,379395738,GVB:54:71704,Gein,71704,,1,,1584631,0,1
152364,2199,379395739,GVB:54:71971,Gein,71971,,1,,1584631,0,1
152364,2199,379395740,GVB:54:71760,Gein,71760,,1,,1584631,0,1
152364,2199,379395741,GVB:54:71937,Gein,71937,,1,,1584631,0,1
152364,2199,379395742,GVB:54:71652,Gein,71652,,1,,1584631,0,1
152364,2199,379395743,GVB:54:71836,Gein,71836,,1,,1584631,0,1
152364,2199,379395744,GVB:54:71708,Gein,71708,,1,,1584631,0,1
152364,2199,379395745,GVB:54:71975,Gein,71975,,1,,1584631,0,1
152364,2199,379395746,GVB:54:71764,Gein,71764,,1,,1584631,0,1
152364,2199,379395747,GVB:54:71941,Gein,71941,,1,,1584631,0,1
152364,2199,379395748,GVB:54:71656,Gein,71656,,1,,1584631,0,1
152364,2199,379395749,GVB:54:71840,Gein,71840,,1,,1584631,0,1
152364,2199,379395750,GVB:54:71712,Gein,71712,,1,,1584638,0,1
152364,2199,379395751,GVB:54:71979,Gein,71979,,1,,1584638,0,1
152364,2199,379395752,GVB:54:71783,Gein,71783,,1,,1584639,0,1
152364,2199,379395753,GVB:54:71958,Centraal Station,71958,,0,,1584658,0,1
152364,2199,379395754,GVB:54:71856,Centraal Station,71856,,0,,1584657,0,1
152364,2199,379395755,GVB:54:71747,Centraal Station,71747,,0,,1584657,0,1
152364,1874,379395934,GVB:54:70763,Centraal Station,70763,,0,,1584633,0,1
152364,1874,379395935,GVB:54:70955,Centraal Station,70955,,0,,1584635,0,1
152364,1874,379395936,GVB:54:71031,Centraal Station,71031,,0,,1584633,0,1
152364,1874,379395937,GVB:54:70919,Centraal Station,70919,,0,,1584635,0,1
152364,1874,379395938,GVB:54:70803,Centraal Station,70803,,0,,1584633,0,1
152364,1874,379395939,GVB:54:71125,Centraal Station,71125,,0,,1584635,0,1
152364,1874,379395940,GVB:54:70993,Centraal Station,70993,,0,,1584633,0,1
152364,1874,379395941,GVB:54:71069,Centraal Station,71069,,0,,1584635,0,1
152364,1874,379395942,GVB:54:70829,Centraal Station,70829,,0,,1584633,0,1
152364,1874,379395943,GVB:54:70767,Centraal Station,70767,,0,,1584635,0,1
152364,1874,379395944,GVB:54:70959,Centraal Station,70959,,0,,1584633,0,1
152364,1874,379395945,GVB:54:71035,Centraal Station,71035,,0,,1584635,0,1
152364,1874,379395946,GVB:54:70923,Centraal Station,70923,,0,,1584633,0,1
152364,1874,379395947,GVB:54:70807,Centraal Station,70807,,0,,1584635,0,1
152364,1874,379395948,GVB:54:71129,Centraal Station,71129,,0,,1584633,0,1
152364,1874,379395949,GVB:54:71015,Centraal Station,71015,,0,,1584634,0,1
152364,1874,379395950,GVB:54:71091,Centraal Station,71091,,0,,1584633,0,1
152364,1874,379395951,GVB:54:70849,Centraal Station,70849,,0,,1584633,0,1
152364,1874,379395952,GVB:54:70873,Centraal Station,70873,,0,,1584634,0,1
152364,1874,379395953,GVB:54:70787,Centraal Station,70787,,0,,1584633,0,1
152364,1874,379395954,GVB:54:70979,Centraal Station,70979,,0,,1584634,0,1
152364,1874,379395955,GVB:54:71055,Centraal Station,71055,,0,,1584633,0,1
152364,1874,379395956,GVB:54:70905,Centraal Station,70905,,0,,1584634,0,1
152364,1874,379395957,GVB:54:70943,Centraal Station,70943,,0,,1584633,0,1
152364,1874,379395958,GVB:54:71149,Centraal Station,71149,,0,,1584634,0,1
152364,1874,379395959,GVB:54:71019,Centraal Station,71019,,0,,1584635,0,1
152364,1874,379395960,GVB:54:71095,Centraal Station,71095,,0,,1584634,0,1
152364,1874,379395961,GVB:54:70877,Centraal Station,70877,,0,,1584635,0,1
152364,1874,379395962,GVB:54:70791,Centraal Station,70791,,0,,1584633,0,1
152364,1874,379395963,GVB:54:70983,Centraal Station,70983,,0,,1584635,0,1
152364,1874,379395964,GVB:54:71059,Centraal Station,71059,,0,,1584633,0,1
152364,1874,379395965,GVB:54:70909,Centraal Station,70909,,0,,1584635,0,1
152364,1874,379395966,GVB:54:70947,Centraal Station,70947,,0,,1584633,0,1
152364,1874,379395967,GVB:54:71153,Centraal Station,71153,,0,,1584635,0,1
152364,1874,379395968,GVB:54:71023,Centraal Station,71023,,0,,1584633,0,1
152364,1874,379395969,GVB:54:71099,Centraal Station,71099,,0,,1584635,0,1
152364,1874,379395970,GVB:54:70881,Centraal Station,70881,,0,,1584633,0,1
152364,1874,379395971,GVB:54:70795,Centraal Station,70795,,0,,1584635,0,1
152364,1874,379395972,GVB:54:70987,Centraal Station,70987,,0,,1584633,0,1
152364,1874,379395973,GVB:54:71063,Centraal Station,71063,,0,,1584635,0,1
152364,1874,379395974,GVB:54:70913,Centraal Station,70913,,0,,1584633,0,1
152364,1874,379395975,GVB:54:70951,Centraal Station,70951,,0,,1584635,0,1
152364,1874,379395976,GVB:54:70918,Gein,70918,,1,,1584637,0,1
152364,1874,379395977,GVB:54:70802,Gein,70802,,1,,1584638,0,1
152364,1874,379395978,GVB:54:71124,Gein,71124,,1,,1584637,0,1
152364,1874,379395979,GVB:54:70992,Gein,70992,,1,,1584638,0,1
152364,1874,379395980,GVB:54:71068,Gein,71068,,1,,1584637,0,1
152364,1874,379395981,GVB:54:70828,Gein,70828,,1,,1584638,0,1
152364,1874,379395982,GVB:54:70766,Gein,70766,,1,,1584637,0,1
152364,1874,379395983,GVB:54:70958,Gein,70958,,1,,1584638,0,1
152364,1874,379395984,GVB:54:71034,Gein,71034,,1,,1584637,0,1
152364,1874,379395985,GVB:54:70922,Gein,70922,,1,,1584638,0,1
152364,1874,379395986,GVB:54:70806,Gein,70806,,1,,1584637,0,1
152364,1874,379395987,GVB:54:71128,Gein,71128,,1,,1584638,0,1
152364,1874,379395988,GVB:54:70996,Gein,70996,,1,,1584637,0,1
152364,1874,379395989,GVB:54:71072,Gein,71072,,1,,1584638,0,1
152364,1874,379395990,GVB:54:70832,Gein,70832,,1,,1584632,0,1
152364,1874,379395991,GVB:54:70770,Gein,70770,,1,,1584631,0,1
152364,1874,379395992,GVB:54:70786,Gein,70786,,1,,1584638,0,1
152364,1874,379395993,GVB:54:70978,Gein,70978,,1,,1584631,0,1
152364,1874,379395994,GVB:54:71054,Gein,71054,,1,,1584638,0,1
152364,1874,379395995,GVB:54:70904,Gein,70904,,1,,1584631,0,1
152364,1874,379395996,GVB:54:70942,Gein,70942,,1,,1584638,0,1
152364,1874,379395997,GVB:54:71148,Gein,71148,,1,,1584631,0,1
152364,1874,379395998,GVB:54:71018,Gein,71018,,1,,1584638,0,1
152364,1874,379395999,GVB:54:71094,Gein,71094,,1,,1584631,0,1
152364,1874,379396000,GVB:54:70852,Gein,70852,,1,,1584638,0,1
152364,1874,379396001,GVB:54:70876,Gein,70876,,1,,1584638,0,1
152364,1874,379396002,GVB:54:70790,Gein,70790,,1,,1584638,0,1
152364,1874,379396003,GVB:54:70982,Gein,70982,,1,,1584637,0,1
152364,1874,379396004,GVB:54:71058,Gein,71058,,1,,1584638,0,1
152364,1874,379396005,GVB:54:70908,Gein,70908,,1,,1584637,0,1
152364,1874,379396006,GVB:54:70946,Gein,70946,,1,,1584638,0,1
152364,1874,379396007,GVB:54:71152,Gein,71152,,1,,1584637,0,1
152364,1874,379396008,GVB:54:71022,Gein,71022,,1,,1584638,0,1
152364,1874,379396009,GVB:54:71098,Gein,71098,,1,,1584637,0,1
152364,1874,379396010,GVB:54:70880,Gein,70880,,1,,1584638,0,1
152364,1874,379396011,GVB:54:70794,Gein,70794,,1,,1584637,0,1
152364,1874,379396012,GVB:54:70986,Gein,70986,,1,,1584638,0,1
152364,1874,379396013,GVB:54:71062,Gein,71062,,1,,1584637,0,1
152364,1874,379396014,GVB:54:70912,Gein,70912,,1,,1584638,0,1
152364,1874,379396015,GVB:54:70950,Gein,70950,,1,,1584637,0,1
152364,1874,379396016,GVB:54:71156,Gein,71156,,1,,1584631,0,1
152364,1874,379396017,GVB:54:71026,Gein,71026,,1,,1584637,0,1
152364,1874,379396018,GVB:54:71102,Gein,71102,,1,,1584638,0,1
152364,1874,379396019,GVB:54:70884,Gein,70884,,1,,1584637,0,1
152364,1874,379396020,GVB:54:71145,Centraal Station,71145,,0,,1584634,0,1
152364,1874,379396021,GVB:54:70833,Centraal Station,70833,,0,,1584634,0,1
152364,1874,379396022,GVB:54:70771,Centraal Station,70771,,0,,1584634,0,1
152364,1874,379396023,GVB:54:71039,Centraal Station,71039,,0,,1584634,0,1
152364,1874,379396024,GVB:54:70927,Centraal Station,70927,,0,,1584634,0,1
152364,1874,379396025,GVB:54:71133,Centraal Station,71133,,0,,1584634,0,1
152364,1874,379396026,GVB:54:71109,Centraal Station,71109,,0,,1584634,0,1
152364,1874,379396027,GVB:54:70837,Centraal Station,70837,,0,,1584634,0,1
152364,1874,379396028,GVB:54:70775,Centraal Station,70775,,0,,1584634,0,1
152364,1874,379396029,GVB:54:71043,Centraal Station,71043,,0,,1584634,0,1
152364,1874,379396030,GVB:54:70931,Centraal Station,70931,,0,,1584634,0,1
152364,1874,379396031,GVB:54:71137,Centraal Station,71137,,0,,1584634,0,1
152364,1874,379396032,GVB:54:71113,Centraal Station,71113,,0,,1584634,0,1
152364,1874,379396033,GVB:54:70841,Centraal Station,70841,,0,,1584634,0,1
152364,1874,379396034,GVB:54:70779,Centraal Station,70779,,0,,1584634,0,1
152364,1874,379396035,GVB:54:71047,Centraal Station,71047,,0,,1584634,0,1
152364,1874,379396036,GVB:54:70935,Centraal Station,70935,,0,,1584634,0,1
152364,1874,379396037,GVB:54:71141,Centraal Station,71141,,0,,1584634,0,1
152364,1874,379396038,GVB:54:71117,Centraal Station,71117,,0,,1584634,0,1
152364,1874,379396039,GVB:54:70845,Centraal Station,70845,,0,,1584634,0,1
152364,1874,379396040,GVB:54:70783,Centraal Station,70783,,0,,1584634,0,1
152364,1874,379396041,GVB:54:71051,Centraal Station,71051,,0,,1584634,0,1
152364,1874,379396042,GVB:54:70939,Centraal Station,70939,,0,,1584634,0,1
152364,1874,379396043,GVB:54:70997,Centraal Station,70997,,0,,1584635,0,1
152364,1874,379396044,GVB:54:71075,Centraal Station,71075,,0,,1584636,0,1
152364,1874,379396045,GVB:54:70855,Centraal Station,70855,,0,,1584635,0,1
152364,1874,379396046,GVB:54:70963,Centraal Station,70963,,0,,1584635,0,1
152364,1874,379396047,GVB:54:70889,Centraal Station,70889,,0,,1584635,0,1
152364,1874,379396048,GVB:54:70811,Centraal Station,70811,,0,,1584635,0,1
152364,1874,379396049,GVB:54:71001,Centraal Station,71001,,0,,1584635,0,1
152364,1874,379396050,GVB:54:71079,Centraal Station,71079,,0,,1584635,0,1
152364,1874,379396051,GVB:54:70859,Centraal Station,70859,,0,,1584635,0,1
152364,1874,379396052,GVB:54:70967,Centraal Station,70967,,0,,1584635,0,1
152364,1874,379396053,GVB:54:70893,Centraal Station,70893,,0,,1584635,0,1
152364,1874,379396054,GVB:54:70815,Centraal Station,70815,,0,,1584635,0,1
152364,1874,379396055,GVB:54:71005,Centraal Station,71005,,0,,1584635,0,1
152364,1874,379396056,GVB:54:71083,Centraal Station,71083,,0,,1584635,0,1
152364,1874,379396057,GVB:54:70863,Centraal Station,70863,,0,,1584635,0,1
152364,1874,379396058,GVB:54:70971,Centraal Station,70971,,0,,1584635,0,1
152364,1874,379396059,GVB:54:70897,Centraal Station,70897,,0,,1584635,0,1
152364,1874,379396060,GVB:54:70819,Centraal Station,70819,,0,,1584635,0,1
152364,1874,379396061,GVB:54:71009,Centraal Station,71009,,0,,1584635,0,1
152364,1874,379396062,GVB:54:71087,Centraal Station,71087,,0,,1584635,0,1
152364,1874,379396063,GVB:54:70867,Centraal Station,70867,,0,,1584635,0,1
152364,1874,379396064,GVB:54:70975,Centraal Station,70975,,0,,1584635,0,1
152364,1874,379396065,GVB:54:70901,Centraal Station,70901,,0,,1584635,0,1
152364,1874,379396066,GVB:54:70823,Centraal Station,70823,,0,,1584635,0,1
152364,1874,379396067,GVB:54:71105,Centraal Station,71105,,0,,1584634,0,1
152364,1874,379396068,GVB:54:70962,Gein,70962,,1,,1584637,0,1
152364,1874,379396069,GVB:54:70888,Gein,70888,,1,,1584637,0,1
152364,1874,379396070,GVB:54:70810,Gein,70810,,1,,1584637,0,1
152364,1874,379396071,GVB:54:71000,Gein,71000,,1,,1584637,0,1
152364,1874,379396072,GVB:54:71078,Gein,71078,,1,,1584637,0,1
152364,1874,379396073,GVB:54:70858,Gein,70858,,1,,1584637,0,1
152364,1874,379396074,GVB:54:70966,Gein,70966,,1,,1584637,0,1
152364,1874,379396075,GVB:54:70892,Gein,70892,,1,,1584637,0,1
152364,1874,379396076,GVB:54:70814,Gein,70814,,1,,1584637,0,1
152364,1874,379396077,GVB:54:71004,Gein,71004,,1,,1584637,0,1
152364,1874,379396078,GVB:54:71082,Gein,71082,,1,,1584637,0,1
152364,1874,379396079,GVB:54:70862,Gein,70862,,1,,1584637,0,1
152364,1874,379396080,GVB:54:70970,Gein,70970,,1,,1584637,0,1
152364,1874,379396081,GVB:54:70896,Gein,70896,,1,,1584637,0,1
152364,1874,379396082,GVB:54:70818,Gein,70818,,1,,1584637,0,1
152364,1874,379396083,GVB:54:71008,Gein,71008,,1,,1584637,0,1
152364,1874,379396084,GVB:54:71086,Gein,71086,,1,,1584637,0,1
152364,1874,379396085,GVB:54:70866,Gein,70866,,1,,1584637,0,1
152364,1874,379396086,GVB:54:70974,Gein,70974,,1,,1584637,0,1
152364,1874,379396087,GVB:54:70900,Gein,70900,,1,,1584637,0,1
152364,1874,379396088,GVB:54:70822,Gein,70822,,1,,1584637,0,1
152364,1874,379396089,GVB:54:71012,Gein,71012,,1,,1584637,0,1
152364,1874,379396090,GVB:54:71090,Gein,71090,,1,,1584637,0,1
152364,1874,379396091,GVB:54:70870,Gein,70870,,1,,1584637,0,1
152364,1874,379396092,GVB:54:71038,Gein,71038,,1,,1584631,0,1
152364,1874,379396093,GVB:54:70926,Gein,70926,,1,,1584631,0,1
152364,1874,379396094,GVB:54:71132,Gein,71132,,1,,1584631,0,1
152364,1874,379396095,GVB:54:71108,Gein,71108,,1,,1584631,0,1
152364,1874,379396096,GVB:54:70836,Gein,70836,,1,,1584631,0,1
152364,1874,379396097,GVB:54:70774,Gein,70774,,1,,1584631,0,1
152364,1874,379396098,GVB:54:71042,Gein,71042,,1,,1584631,0,1
152364,1874,379396099,GVB:54:70930,Gein,70930,,1,,1584631,0,1
152364,1874,379396100,GVB:54:71136,Gein,71136,,1,,1584631,0,1
152364,1874,379396101,GVB:54:71112,Gein,71112,,1,,1584631,0,1
152364,1874,379396102,GVB:54:70840,Gein,70840,,1,,1584631,0,1
152364,1874,379396103,GVB:54:70778,Gein,70778,,1,,1584631,0,1
152364,1874,379396104,GVB:54:71046,Gein,71046,,1,,1584631,0,1
152364,1874,379396105,GVB:54:70934,Gein,70934,,1,,1584631,0,1
152364,1874,379396106,GVB:54:71140,Gein,71140,,1,,1584631,0,1
152364,1874,379396107,GVB:54:71116,Gein,71116,,1,,1584631,0,1
152364,1874,379396108,GVB:54:70844,Gein,70844,,1,,1584631,0,1
152364,1874,379396109,GVB:54:70782,Gein,70782,,1,,1584631,0,1
152364,1874,379396110,GVB:54:71050,Gein,71050,,1,,1584631,0,1
152364,1874,379396111,GVB:54:70938,Gein,70938,,1,,1584631,0,1
152364,1874,379396112,GVB:54:71144,Gein,71144,,1,,1584631,0,1
152364,1874,379396113,GVB:54:71120,Gein,71120,,1,,1584638,0,1
152364,1874,379396114,GVB:54:70848,Gein,70848,,1,,1584638,0,1
152364,1874,379396115,GVB:54:71030,Gein,71030,,1,,1584639,0,1
152364,1874,379396116,GVB:54:70801,Centraal Station,70801,,0,,1584658,0,1
152364,1874,379396117,GVB:54:70917,Centraal Station,70917,,0,,1584657,0,1
152364,1874,379396118,GVB:54:71123,Centraal Station,71123,,0,,1584657,0,1
152364,1468,379396312,GVB:54:69463,Centraal Station,69463,,0,,1584669,0,2
152364,1468,379396313,GVB:54:69698,Centraal Station,69698,,0,,1584633,0,2
152364,1468,379396314,GVB:54:69392,Gein,69392,,1,,1584639,0,2
152364,1468,379396315,GVB:54:69464,Gein,69464,,1,,1584637,0,2
152364,1468,379396316,GVB:54:69602,Centraal Station,69602,,0,,1584670,0,2
152364,1468,379396317,GVB:54:69433,Centraal Station,69433,,0,,1584635,0,2
152364,1468,379396318,GVB:54:69603,Gein,69603,,1,,1584638,0,2
152364,1468,379396319,GVB:54:69393,Centraal Station,69393,,0,,1584633,0,2
152364,1468,379396320,GVB:54:69737,Gein,69737,,1,,1584637,0,2
152364,1468,379396321,GVB:54:69465,Centraal Station,69465,,0,,1584635,0,2
152364,1468,379396322,GVB:54:69537,Gein,69537,,1,,1584638,0,2
152364,1468,379396323,GVB:54:69604,Centraal Station,69604,,0,,1584633,0,2
152364,1468,379396324,GVB:54:69575,Gein,69575,,1,,1584637,0,2
152364,1468,379396325,GVB:54:69738,Centraal Station,69738,,0,,1584635,0,2
152364,1468,379396326,GVB:54:69777,Gein,69777,,1,,1584631,0,2
152364,1468,379396327,GVB:54:69538,Centraal Station,69538,,0,,1584633,0,2
152364,1468,379396328,GVB:54:69501,Centraal Station,69501,,0,,1584636,0,2
152364,1468,379396329,GVB:54:69701,Gein,69701,,1,,1584637,0,2
152364,1468,379396330,GVB:54:69578,Centraal Station,69578,,0,,1584634,0,2
152364,1468,379396331,GVB:54:69436,Gein,69436,,1,,1584631,0,2
152364,1468,379396332,GVB:54:69778,Centraal Station,69778,,0,,1584636,0,2
152364,1468,379396333,GVB:54:69396,Gein,69396,,1,,1584637,0,2
152364,1468,379396334,GVB:54:69640,Centraal Station,69640,,0,,1584634,0,2
152364,1468,379396335,GVB:54:69663,Gein,69663,,1,,1584631,0,2
152364,1468,379396336,GVB:54:69702,Centraal Station,69702,,0,,1584635,0,2
152364,1468,379396337,GVB:54:69468,Gein,69468,,1,,1584637,0,2
152364,1468,379396338,GVB:54:69437,Centraal Station,69437,,0,,1584634,0,2
152364,1468,379396339,GVB:54:69607,Gein,69607,,1,,1584631,0,2
152364,1468,379396340,GVB:54:69397,Centraal Station,69397,,0,,1584635,0,2
152364,1468,379396341,GVB:54:69741,Gein,69741,,1,,1584637,0,2
152364,1468,379396342,GVB:54:69664,Centraal Station,69664,,0,,1584634,0,2
152364,1468,379396343,GVB:54:69541,Gein,69541,,1,,1584631,0,2
152364,1468,379396344,GVB:54:69469,Centraal Station,69469,,0,,1584635,0,2
152364,1468,379396345,GVB:54:69504,Gein,69504,,1,,1584637,0,2
152364,1468,379396346,GVB:54:69608,Centraal Station,69608,,0,,1584634,0,2
152364,1468,379396347,GVB:54:69581,Gein,69581,,1,,1584631,0,2
152364,1468,379396348,GVB:54:69742,Centraal Station,69742,,0,,1584635,0,2
152364,1468,379396349,GVB:54:69781,Gein,69781,,1,,1584637,0,2
152364,1468,379396350,GVB:54:69542,Centraal Station,69542,,0,,1584634,0,2
152364,1468,379396351,GVB:54:69643,Gein,69643,,1,,1584631,0,2
152364,1468,379396352,GVB:54:69505,Centraal Station,69505,,0,,1584635,0,2
152364,1468,379396353,GVB:54:69705,Gein,69705,,1,,1584637,0,2
152364,1468,379396354,GVB:54:69582,Centraal Station,69582,,0,,1584634,0,2
152364,1468,379396355,GVB:54:69440,Gein,69440,,1,,1584631,0,2
152364,1468,379396356,GVB:54:69782,Centraal Station,69782,,0,,1584635,0,2
152364,1468,379396357,GVB:54:69400,Gein,69400,,1,,1584637,0,2
152364,1468,379396358,GVB:54:69644,Centraal Station,69644,,0,,1584634,0,2
152364,1468,379396359,GVB:54:69667,Gein,69667,,1,,1584631,0,2
152364,1468,379396360,GVB:54:69706,Centraal Station,69706,,0,,1584635,0,2
152364,1468,379396361,GVB:54:69472,Gein,69472,,1,,1584637,0,2
152364,1468,379396362,GVB:54:69441,Centraal Station,69441,,0,,1584634,0,2
152364,1468,379396363,GVB:54:69611,Gein,69611,,1,,1584631,0,2
152364,1468,379396364,GVB:54:69401,Centraal Station,69401,,0,,1584635,0,2
152364,1468,379396365,GVB:54:69745,Gein,69745,,1,,1584637,0,2
152364,1468,379396366,GVB:54:69668,Centraal Station,69668,,0,,1584634,0,2
152364,1468,379396367,GVB:54:69545,Gein,69545,,1,,1584631,0,2
152364,1468,379396368,GVB:54:69473,Centraal Station,69473,,0,,1584635,0,2
152364,1468,379396369,GVB:54:69508,Gein,69508,,1,,1584637,0,2
152364,1468,379396370,GVB:54:69612,Centraal Station,69612,,0,,1584634,0,2
152364,1468,379396371,GVB:54:69585,Gein,69585,,1,,1584631,0,2
152364,1468,379396372,GVB:54:69746,Centraal Station,69746,,0,,1584635,0,2
152364,1468,379396373,GVB:54:69785,Gein,69785,,1,,1584637,0,2
152364,1468,379396374,GVB:54:69546,Centraal Station,69546,,0,,1584634,0,2
152364,1468,379396375,GVB:54:69647,Gein,69647,,1,,1584631,0,2
152364,1468,379396376,GVB:54:69509,Centraal Station,69509,,0,,1584635,0,2
152364,1468,379396377,GVB:54:69709,Gein,69709,,1,,1584637,0,2
152364,1468,379396378,GVB:54:69586,Centraal Station,69586,,0,,1584634,0,2
152364,1468,379396379,GVB:54:69444,Gein,69444,,1,,1584631,0,2
152364,1468,379396380,GVB:54:69786,Centraal Station,69786,,0,,1584635,0,2
152364,1468,379396381,GVB:54:69404,Gein,69404,,1,,1584637,0,2
152364,1468,379396382,GVB:54:69648,Centraal Station,69648,,0,,1584634,0,2
152364,1468,379396383,GVB:54:69671,Gein,69671,,1,,1584631,0,2
152364,1468,379396384,GVB:54:69710,Centraal Station,69710,,0,,1584635,0,2
152364,1468,379396385,GVB:54:69476,Gein,69476,,1,,1584637,0,2
152364,1468,379396386,GVB:54:69445,Centraal Station,69445,,0,,1584634,0,2
152364,1468,379396387,GVB:54:69615,Gein,69615,,1,,1584631,0,2
152364,1468,379396388,GVB:54:69405,Centraal Station,69405,,0,,1584635,0,2
152364,1468,379396389,GVB:54:69749,Gein,69749,,1,,1584637,0,2
152364,1468,379396390,GVB:54:69672,Centraal Station,69672,,0,,1584634,0,2
152364,1468,379396391,GVB:54:69549,Gein,69549,,1,,1584631,0,2
152364,1468,379396392,GVB:54:69477,Centraal Station,69477,,0,,1584635,0,2
152364,1468,379396393,GVB:54:69512,Gein,69512,,1,,1584637,0,2
152364,1468,379396394,GVB:54:69616,Centraal Station,69616,,0,,1584634,0,2
152364,1468,379396395,GVB:54:69589,Gein,69589,,1,,1584631,0,2
152364,1468,379396396,GVB:54:69750,Centraal Station,69750,,0,,1584635,0,2
152364,1468,379396397,GVB:54:69789,Gein,69789,,1,,1584637,0,2
152364,1468,379396398,GVB:54:69550,Centraal Station,69550,,0,,1584634,0,2
152364,1468,379396399,GVB:54:69651,Gein,69651,,1,,1584631,0,2
152364,1468,379396400,GVB:54:69513,Centraal Station,69513,,0,,1584635,0,2
152364,1468,379396401,GVB:54:69713,Gein,69713,,1,,1584637,0,2
152364,1468,379396402,GVB:54:69590,Centraal Station,69590,,0,,1584634,0,2
152364,1468,379396403,GVB:54:69448,Gein,69448,,1,,1584631,0,2
152364,1468,379396404,GVB:54:69790,Centraal Station,69790,,0,,1584635,0,2
152364,1468,379396405,GVB:54:69408,Gein,69408,,1,,1584637,0,2
152364,1468,379396406,GVB:54:69652,Centraal Station,69652,,0,,1584634,0,2
152364,1468,379396407,GVB:54:69675,Gein,69675,,1,,1584631,0,2
152364,1468,379396408,GVB:54:69714,Centraal Station,69714,,0,,1584635,0,2
152364,1468,379396409,GVB:54:69480,Gein,69480,,1,,1584637,0,2
152364,1468,379396410,GVB:54:69449,Centraal Station,69449,,0,,1584634,0,2
152364,1468,379396411,GVB:54:69619,Gein,69619,,1,,1584631,0,2
152364,1468,379396412,GVB:54:69409,Centraal Station,69409,,0,,1584635,0,2
152364,1468,379396413,GVB:54:69753,Gein,69753,,1,,1584637,0,2
152364,1468,379396414,GVB:54:69676,Centraal Station,69676,,0,,1584634,0,2
152364,1468,379396415,GVB:54:69553,Gein,69553,,1,,1584631,0,2
152364,1468,379396416,GVB:54:69481,Centraal Station,69481,,0,,1584635,0,2
152364,1468,379396417,GVB:54:69516,Gein,69516,,1,,1584637,0,2
152364,1468,379396418,GVB:54:69620,Centraal Station,69620,,0,,1584634,0,2
152364,1468,379396419,GVB:54:69593,Gein,69593,,1,,1584631,0,2
152364,1468,379396420,GVB:54:69754,Centraal Station,69754,,0,,1584635,0,2
152364,1468,379396421,GVB:54:69793,Gein,69793,,1,,1584637,0,2
152364,1468,379396422,GVB:54:69554,Centraal Station,69554,,0,,1584634,0,2
152364,1468,379396423,GVB:54:69655,Gein,69655,,1,,1584631,0,2
152364,1468,379396424,GVB:54:69517,Centraal Station,69517,,0,,1584635,0,2
152364,1468,379396425,GVB:54:69717,Gein,69717,,1,,1584637,0,2
152364,1468,379396426,GVB:54:69594,Centraal Station,69594,,0,,1584634,0,2
152364,1468,379396427,GVB:54:69452,Gein,69452,,1,,1584631,0,2
152364,1468,379396428,GVB:54:69794,Centraal Station,69794,,0,,1584635,0,2
152364,1468,379396429,GVB:54:69412,Gein,69412,,1,,1584637,0,2
152364,1468,379396430,GVB:54:69656,Centraal Station,69656,,0,,1584634,0,2
152364,1468,379396431,GVB:54:69679,Gein,69679,,1,,1584631,0,2
152364,1468,379396432,GVB:54:69718,Centraal Station,69718,,0,,1584635,0,2
152364,1468,379396433,GVB:54:69484,Gein,69484,,1,,1584637,0,2
152364,1468,379396434,GVB:54:69453,Centraal Station,69453,,0,,1584634,0,2
152364,1468,379396435,GVB:54:69623,Gein,69623,,1,,1584631,0,2
152364,1468,379396436,GVB:54:69413,Centraal Station,69413,,0,,1584635,0,2
152364,1468,379396437,GVB:54:69757,Gein,69757,,1,,1584637,0,2
152364,1468,379396438,GVB:54:69680,Centraal Station,69680,,0,,1584634,0,2
152364,1468,379396439,GVB:54:69557,Gein,69557,,1,,1584631,0,2
152364,1468,379396440,GVB:54:69485,Centraal Station,69485,,0,,1584635,0,2
152364,1468,379396441,GVB:54:69520,Gein,69520,,1,,1584637,0,2
152364,1468,379396442,GVB:54:69624,Centraal Station,69624,,0,,1584634,0,2
152364,1468,379396443,GVB:54:69597,Gein,69597,,1,,1584631,0,2
152364,1468,379396444,GVB:54:69758,Centraal Station,69758,,0,,1584635,0,2
152364,1468,379396445,GVB:54:69797,Gein,69797,,1,,1584637,0,2
152364,1468,379396446,GVB:54:69558,Centraal Station,69558,,0,,1584634,0,2
152364,1468,379396447,GVB:54:69659,Gein,69659,,1,,1584638,0,2
152364,1468,379396448,GVB:54:69521,Centraal Station,69521,,0,,1584635,0,2
152364,1468,379396449,GVB:54:69721,Gein,69721,,1,,1584637,0,2
152364,1468,379396450,GVB:54:69598,Centraal Station,69598,,0,,1584634,0,2
152364,1468,379396451,GVB:54:69456,Gein,69456,,1,,1584638,0,2
152364,1468,379396452,GVB:54:69800,Centraal Station,69800,,0,,1584634,0,2
152364,1468,379396453,GVB:54:69416,Gein,69416,,1,,1584637,0,2
152364,1468,379396454,GVB:54:69683,Gein,69683,,1,,1584638,0,2
152364,1468,379396455,GVB:54:69722,Centraal Station,69722,,0,,1584633,0,2
152364,1468,379396456,GVB:54:69488,Gein,69488,,1,,1584631,0,2
152364,1468,379396457,GVB:54:69457,Centraal Station,69457,,0,,1584633,0,2
152364,1468,379396458,GVB:54:69627,Gein,69627,,1,,1584638,0,2
152364,1468,379396459,GVB:54:69419,Centraal Station,69419,,0,,1584634,0,2
152364,1468,379396460,GVB:54:69761,Gein,69761,,1,,1584631,0,2
152364,1468,379396461,GVB:54:69684,Centraal Station,69684,,0,,1584633,0,2
152364,1468,379396462,GVB:54:69561,Gein,69561,,1,,1584638,0,2
152364,1468,379396463,GVB:54:69489,Centraal Station,69489,,0,,1584634,0,2
152364,1468,379396464,GVB:54:69524,Gein,69524,,1,,1584631,0,2
152364,1468,379396465,GVB:54:69628,Centraal Station,69628,,0,,1584633,0,2
152364,1468,379396466,GVB:54:69803,Gein,69803,,1,,1584638,0,2
152364,1468,379396467,GVB:54:69762,Centraal Station,69762,,0,,1584634,0,2
152364,1468,379396468,GVB:54:69725,Gein,69725,,1,,1584631,0,2
152364,1468,379396469,GVB:54:69562,Centraal Station,69562,,0,,1584633,0,2
152364,1468,379396470,GVB:54:69460,Gein,69460,,1,,1584638,0,2
152364,1468,379396471,GVB:54:69525,Centraal Station,69525,,0,,1584634,0,2
152364,1468,379396472,GVB:54:69422,Gein,69422,,1,,1584638,0,2
152364,1468,379396473,GVB:54:69804,Centraal Station,69804,,0,,1584635,0,2
152364,1468,379396474,GVB:54:69687,Gein,69687,,1,,1584638,0,2
152364,1468,379396475,GVB:54:69726,Centraal Station,69726,,0,,1584634,0,2
152364,1468,379396476,GVB:54:69492,Gein,69492,,1,,1584637,0,2
152364,1468,379396477,GVB:54:69423,Centraal Station,69423,,0,,1584635,0,2
152364,1468,379396478,GVB:54:69631,Gein,69631,,1,,1584638,0,2
152364,1468,379396479,GVB:54:69688,Centraal Station,69688,,0,,1584633,0,2
152364,1468,379396480,GVB:54:69765,Gein,69765,,1,,1584637,0,2
152364,1468,379396481,GVB:54:69493,Centraal Station,69493,,0,,1584635,0,2
152364,1468,379396482,GVB:54:69565,Gein,69565,,1,,1584638,0,2
152364,1468,379396483,GVB:54:69632,Centraal Station,69632,,0,,1584633,0,2
152364,1468,379396484,GVB:54:69528,Gein,69528,,1,,1584637,0,2
152364,1468,379396485,GVB:54:69766,Centraal Station,69766,,0,,1584635,0,2
152364,1468,379396486,GVB:54:69807,Gein,69807,,1,,1584638,0,2
152364,1468,379396487,GVB:54:69566,Centraal Station,69566,,0,,1584633,0,2
152364,1468,379396488,GVB:54:69729,Gein,69729,,1,,1584637,0,2
152364,1468,379396489,GVB:54:69529,Centraal Station,69529,,0,,1584635,0,2
152364,1468,379396490,GVB:54:69426,Gein,69426,,1,,1584638,0,2
152364,1468,379396491,GVB:54:69808,Centraal Station,69808,,0,,1584633,0,2
152364,1468,379396492,GVB:54:69691,Gein,69691,,1,,1584637,0,2
152364,1468,379396493,GVB:54:69730,Centraal Station,69730,,0,,1584635,0,2
152364,1468,379396494,GVB:54:69496,Gein,69496,,1,,1584638,0,2
152364,1468,379396495,GVB:54:69427,Centraal Station,69427,,0,,1584633,0,2
152364,1468,379396496,GVB:54:69635,Gein,69635,,1,,1584637,0,2
152364,1468,379396497,GVB:54:69692,Centraal Station,69692,,0,,1584635,0,2
152364,1468,379396498,GVB:54:69769,Gein,69769,,1,,1584638,0,2
152364,1468,379396499,GVB:54:69497,Centraal Station,69497,,0,,1584633,0,2
152364,1468,379396500,GVB:54:69569,Gein,69569,,1,,1584637,0,2
152364,1468,379396501,GVB:54:69636,Centraal Station,69636,,0,,1584635,0,2
152364,1468,379396502,GVB:54:69532,Gein,69532,,1,,1584631,0,2
152364,1468,379396503,GVB:54:69770,Centraal Station,69770,,0,,1584633,0,2
152364,1468,379396504,GVB:54:69811,Gein,69811,,1,,1584637,0,2
152364,1468,379396505,GVB:54:69570,Centraal Station,69570,,0,,1584635,0,2
152364,1468,379396506,GVB:54:69733,Gein,69733,,1,,1584638,0,2
152364,1468,379396507,GVB:54:69430,Gein,69430,,1,,1584637,0,2
152364,3862,379418623,GVB:54:72955,Centraal Station,72955,,0,,1584669,0,2
152364,3862,379418624,GVB:54:72989,Centraal Station,72989,,0,,1624900,0,2
152364,3862,379418625,GVB:54:73056,Centraal Station,73056,,0,,1584669,0,2
152364,3862,379418626,GVB:54:72956,Gein,72956,,1,,1624901,0,2
152364,3862,379418627,GVB:54:72888,Gein,72888,,1,,1624902,0,2
152364,3862,379418628,GVB:54:72921,Centraal Station,72921,,0,,1624905,0,2
152364,3862,379418629,GVB:54:73057,Gein,73057,,1,,1624904,0,2
152364,3862,379418630,GVB:54:73023,Centraal Station,73023,,0,,1624900,0,2
152364,3862,379418631,GVB:54:72990,Gein,72990,,1,,1624901,0,2
152364,3862,379418632,GVB:54:72889,Centraal Station,72889,,0,,1624905,0,2
152364,3862,379418633,GVB:54:72922,Gein,72922,,1,,1624904,0,2
152364,3862,379418634,GVB:54:72957,Centraal Station,72957,,0,,1624900,0,2
152364,3862,379418635,GVB:54:73024,Gein,73024,,1,,1624901,0,2
152364,3862,379418636,GVB:54:73058,Centraal Station,73058,,0,,1624905,0,2
152364,3862,379418637,GVB:54:72890,Gein,72890,,1,,1624904,0,2
152364,3862,379418638,GVB:54:72991,Centraal Station,72991,,0,,1624900,0,2
152364,3862,379418639,GVB:54:72958,Gein,72958,,1,,1624901,0,2
152364,3862,379418640,GVB:54:72923,Centraal Station,72923,,0,,1624905,0,2
152364,3862,379418641,GVB:54:73059,Gein,73059,,1,,1624904,0,2
152364,3862,379418642,GVB:54:73025,Centraal Station,73025,,0,,1624900,0,2
152364,3862,379418643,GVB:54:72992,Gein,72992,,1,,1624901,0,2
152364,3862,379418644,GVB:54:72891,Centraal Station,72891,,0,,1624905,0,2
152364,3862,379418645,GVB:54:72924,Gein,72924,,1,,1624904,0,2
152364,3862,379418646,GVB:54:72959,Centraal Station,72959,,0,,1624900,0,2
152364,3862,379418647,GVB:54:73026,Gein,73026,,1,,1624901,0,2
152364,3862,379418648,GVB:54:73060,Centraal Station,73060,,0,,1624905,0,2
152364,3862,379418649,GVB:54:72892,Gein,72892,,1,,1624904,0,2
152364,3862,379418650,GVB:54:72993,Centraal Station,72993,,0,,1624900,0,2
152364,3862,379418651,GVB:54:72960,Gein,72960,,1,,1624901,0,2
152364,3862,379418652,GVB:54:72925,Centraal Station,72925,,0,,1624905,0,2
152364,3862,379418653,GVB:54:73061,Gein,73061,,1,,1624904,0,2
152364,3862,379418654,GVB:54:73027,Centraal Station,73027,,0,,1624900,0,2
152364,3862,379418655,GVB:54:72994,Gein,72994,,1,,1624901,0,2
152364,3862,379418656,GVB:54:72893,Centraal Station,72893,,0,,1624905,0,2
152364,3862,379418657,GVB:54:72926,Gein,72926,,1,,1624904,0,2
152364,3862,379418658,GVB:54:72961,Centraal Station,72961,,0,,1624900,0,2
152364,3862,379418659,GVB:54:73028,Gein,73028,,1,,1624901,0,2
152364,3862,379418660,GVB:54:73062,Centraal Station,73062,,0,,1624905,0,2
152364,3862,379418661,GVB:54:72894,Gein,72894,,1,,1624904,0,2
152364,3862,379418662,GVB:54:72995,Centraal Station,72995,,0,,1624900,0,2
152364,3862,379418663,GVB:54:72962,Gein,72962,,1,,1624901,0,2
152364,3862,379418664,GVB:54:72927,Centraal Station,72927,,0,,1624905,0,2
152364,3862,379418665,GVB:54:73063,Gein,73063,,1,,1624904,0,2
152364,3862,379418666,GVB:54:73029,Centraal Station,73029,,0,,1624900,0,2
152364,3862,379418667,GVB:54:72996,Gein,72996,,1,,1624901,0,2
152364,3862,379418668,GVB:54:72895,Centraal Station,72895,,0,,1624905,0,2
152364,3862,379418669,GVB:54:72928,Gein,72928,,1,,1624904,0,2
152364,3862,379418670,GVB:54:72963,Centraal Station,72963,,0,,1624900,0,2
152364,3862,379418671,GVB:54:73030,Gein,73030,,1,,1624901,0,2
152364,3862,379418672,GVB:54:73064,Centraal Station,73064,,0,,1624905,0,2
152364,3862,379418673,GVB:54:72896,Gein,72896,,1,,1624904,0,2
152364,3862,379418674,GVB:54:72997,Centraal Station,72997,,0,,1624900,0,2
152364,3862,379418675,GVB:54:72964,Gein,72964,,1,,1624901,0,2
152364,3862,379418676,GVB:54:72929,Centraal Station,72929,,0,,1624905,0,2
152364,3862,379418677,GVB:54:73065,Gein,73065,,1,,1624904,0,2
152364,3862,379418678,GVB:54:73031,Centraal Station,73031,,0,,1624900,0,2
152364,3862,379418679,GVB:54:72998,Gein,72998,,1,,1624901,0,2
152364,3862,379418680,GVB:54:72897,Centraal Station,72897,,0,,1624905,0,2
152364,3862,379418681,GVB:54:72930,Gein,72930,,1,,1624904,0,2
152364,3862,379418682,GVB:54:72965,Centraal Station,72965,,0,,1624900,0,2
152364,3862,379418683,GVB:54:73032,Gein,73032,,1,,1624901,0,2
152364,3862,379418684,GVB:54:73066,Centraal Station,73066,,0,,1624905,0,2
152364,3862,379418685,GVB:54:72898,Gein,72898,,1,,1624904,0,2
152364,3862,379418686,GVB:54:72999,Centraal Station,72999,,0,,1624900,0,2
152364,3862,379418687,GVB:54:72966,Gein,72966,,1,,1624901,0,2
152364,3862,379418688,GVB:54:72931,Centraal Station,72931,,0,,1624905,0,2
152364,3862,379418689,GVB:54:73067,Gein,73067,,1,,1624904,0,2
152364,3862,379418690,GVB:54:73033,Centraal Station,73033,,0,,1624900,0,2
152364,3862,379418691,GVB:54:73000,Gein,73000,,1,,1624901,0,2
152364,3862,379418692,GVB:54:72899,Centraal Station,72899,,0,,1624905,0,2
152364,3862,379418693,GVB:54:72932,Gein,72932,,1,,1624904,0,2
152364,3862,379418694,GVB:54:72967,Centraal Station,72967,,0,,1624900,0,2
152364,3862,379418695,GVB:54:73034,Gein,73034,,1,,1624901,0,2
152364,3862,379418696,GVB:54:73068,Centraal Station,73068,,0,,1624905,0,2
152364,3862,379418697,GVB:54:72900,Gein,72900,,1,,1624904,0,2
152364,3862,379418698,GVB:54:73001,Centraal Station,73001,,0,,1624900,0,2
152364,3862,379418699,GVB:54:72968,Gein,72968,,1,,1624901,0,2
152364,3862,379418700,GVB:54:72933,Centraal Station,72933,,0,,1624905,0,2
152364,3862,379418701,GVB:54:73069,Gein,73069,,1,,1624904,0,2
152364,3862,379418702,GVB:54:73035,Centraal Station,73035,,0,,1624900,0,2
152364,3862,379418703,GVB:54:73002,Gein,73002,,1,,1624901,0,2
152364,3862,379418704,GVB:54:72901,Centraal Station,72901,,0,,1624905,0,2
152364,3862,379418705,GVB:54:72934,Gein,72934,,1,,1624904,0,2
152364,3862,379418706,GVB:54:72969,Centraal Station,72969,,0,,1624900,0,2
152364,3862,379418707,GVB:54:73036,Gein,73036,,1,,1624901,0,2
152364,3862,379418708,GVB:54:73070,Centraal Station,73070,,0,,1624905,0,2
152364,3862,379418709,GVB:54:72902,Gein,72902,,1,,1624904,0,2
152364,3862,379418710,GVB:54:73003,Centraal Station,73003,,0,,1624900,0,2
152364,3862,379418711,GVB:54:72970,Gein,72970,,1,,1624901,0,2
152364,3862,379418712,GVB:54:72935,Centraal Station,72935,,0,,1624905,0,2
152364,3862,379418713,GVB:54:73071,Gein,73071,,1,,1624904,0,2
152364,3862,379418714,GVB:54:73037,Centraal Station,73037,,0,,1624900,0,2
152364,3862,379418715,GVB:54:73004,Gein,73004,,1,,1624901,0,2
152364,3862,379418716,GVB:54:72903,Centraal Station,72903,,0,,1624905,0,2
152364,3862,379418717,GVB:54:72936,Gein,72936,,1,,1624904,0,2
152364,3862,379418718,GVB:54:72971,Centraal Station,72971,,0,,1624900,0,2
152364,3862,379418719,GVB:54:73038,Gein,73038,,1,,1624901,0,2
152364,3862,379418720,GVB:54:73072,Centraal Station,73072,,0,,1624905,0,2
152364,3862,379418721,GVB:54:72904,Gein,72904,,1,,1624904,0,2
152364,3862,379418722,GVB:54:73005,Centraal Station,73005,,0,,1624900,0,2
152364,3862,379418723,GVB:54:72972,Gein,72972,,1,,1624901,0,2
152364,3862,379418724,GVB:54:72937,Centraal Station,72937,,0,,1624905,0,2
152364,3862,379418725,GVB:54:73073,Gein,73073,,1,,1624904,0,2
152364,3862,379418726,GVB:54:73039,Centraal Station,73039,,0,,1624900,0,2
152364,3862,379418727,GVB:54:73006,Gein,73006,,1,,1624901,0,2
152364,3862,379418728,GVB:54:72905,Centraal Station,72905,,0,,1624905,0,2
152364,3862,379418729,GVB:54:72938,Gein,72938,,1,,1624904,0,2
152364,3862,379418730,GVB:54:72973,Centraal Station,72973,,0,,1624900,0,2
152364,3862,379418731,GVB:54:73040,Gein,73040,,1,,1624901,0,2
152364,3862,379418732,GVB:54:73074,Centraal Station,73074,,0,,1624905,0,2
152364,3862,379418733,GVB:54:72906,Gein,72906,,1,,1624904,0,2
152364,3862,379418734,GVB:54:73007,Centraal Station,73007,,0,,1624900,0,2
152364,3862,379418735,GVB:54:72974,Gein,72974,,1,,1624901,0,2
152364,3862,379418736,GVB:54:72939,Centraal Station,72939,,0,,1624905,0,2
152364,3862,379418737,GVB:54:73075,Gein,73075,,1,,1624904,0,2
152364,3862,379418738,GVB:54:73041,Centraal Station,73041,,0,,1624900,0,2
152364,3862,379418739,GVB:54:73008,Gein,73008,,1,,1624901,0,2
152364,3862,379418740,GVB:54:72907,Centraal Station,72907,,0,,1624905,0,2
152364,3862,379418741,GVB:54:72940,Gein,72940,,1,,1624904,0,2
152364,3862,379418742,GVB:54:72975,Centraal Station,72975,,0,,1624900,0,2
152364,3862,379418743,GVB:54:73042,Gein,73042,,1,,1624901,0,2
152364,3862,379418744,GVB:54:73076,Centraal Station,73076,,0,,1624905,0,2
152364,3862,379418745,GVB:54:72908,Gein,72908,,1,,1624904,0,2
152364,3862,379418746,GVB:54:73009,Centraal Station,73009,,0,,1624900,0,2
152364,3862,379418747,GVB:54:72976,Gein,72976,,1,,1624901,0,2
152364,3862,379418748,GVB:54:72941,Centraal Station,72941,,0,,1624905,0,2
152364,3862,379418749,GVB:54:73077,Gein,73077,,1,,1624904,0,2
152364,3862,379418750,GVB:54:73043,Centraal Station,73043,,0,,1624900,0,2
152364,3862,379418751,GVB:54:73010,Gein,73010,,1,,1624901,0,2
152364,3862,379418752,GVB:54:72909,Centraal Station,72909,,0,,1624905,0,2
152364,3862,379418753,GVB:54:72942,Gein,72942,,1,,1624904,0,2
152364,3862,379418754,GVB:54:72977,Centraal Station,72977,,0,,1624900,0,2
152364,3862,379418755,GVB:54:73044,Gein,73044,,1,,1624901,0,2
152364,3862,379418756,GVB:54:73078,Centraal Station,73078,,0,,1624905,0,2
152364,3862,379418757,GVB:54:72910,Gein,72910,,1,,1624904,0,2
152364,3862,379418758,GVB:54:73011,Centraal Station,73011,,0,,1624900,0,2
152364,3862,379418759,GVB:54:72978,Gein,72978,,1,,1624901,0,2
152364,3862,379418760,GVB:54:72943,Centraal Station,72943,,0,,1624905,0,2
152364,3862,379418761,GVB:54:73079,Gein,73079,,1,,1624904,0,2
152364,3862,379418762,GVB:54:73045,Centraal Station,73045,,0,,1624900,0,2
152364,3862,379418763,GVB:54:73012,Gein,73012,,1,,1624901,0,2
152364,3862,379418764,GVB:54:72911,Centraal Station,72911,,0,,1624905,0,2
152364,3862,379418765,GVB:54:72944,Gein,72944,,1,,1624904,0,2
152364,3862,379418766,GVB:54:72979,Centraal Station,72979,,0,,1624900,0,2
152364,3862,379418767,GVB:54:73046,Gein,73046,,1,,1624901,0,2
152364,3862,379418768,GVB:54:73080,Centraal Station,73080,,0,,1624905,0,2
152364,3862,379418769,GVB:54:72912,Gein,72912,,1,,1624904,0,2
152364,3862,379418770,GVB:54:73013,Centraal Station,73013,,0,,1624900,0,2
152364,3862,379418771,GVB:54:72980,Gein,72980,,1,,1624901,0,2
152364,3862,379418772,GVB:54:72945,Centraal Station,72945,,0,,1624905,0,2
152364,3862,379418773,GVB:54:73081,Gein,73081,,1,,1624904,0,2
152364,3862,379418774,GVB:54:73047,Centraal Station,73047,,0,,1624900,0,2
152364,3862,379418775,GVB:54:73014,Gein,73014,,1,,1624901,0,2
152364,3862,379418776,GVB:54:72913,Centraal Station,72913,,0,,1624905,0,2
152364,3862,379418777,GVB:54:72946,Gein,72946,,1,,1624904,0,2
152364,3862,379418778,GVB:54:72981,Centraal Station,72981,,0,,1624900,0,2
152364,3862,379418779,GVB:54:73048,Gein,73048,,1,,1624901,0,2
152364,3862,379418780,GVB:54:73082,Centraal Station,73082,,0,,1624905,0,2
152364,3862,379418781,GVB:54:72914,Gein,72914,,1,,1624904,0,2
152364,3862,379418782,GVB:54:73015,Centraal Station,73015,,0,,1624900,0,2
152364,3862,379418783,GVB:54:72982,Gein,72982,,1,,1624901,0,2
152364,3862,379418784,GVB:54:72947,Centraal Station,72947,,0,,1624905,0,2
152364,3862,379418785,GVB:54:73083,Gein,73083,,1,,1624904,0,2
152364,3862,379418786,GVB:54:73049,Centraal Station,73049,,0,,1624900,0,2
152364,3862,379418787,GVB:54:73016,Gein,73016,,1,,1624901,0,2
152364,3862,379418788,GVB:54:72915,Centraal Station,72915,,0,,1624905,0,2
152364,3862,379418789,GVB:54:72948,Gein,72948,,1,,1624904,0,2
152364,3862,379418790,GVB:54:72983,Centraal Station,72983,,0,,1624900,0,2
152364,3862,379418791,GVB:54:73050,Gein,73050,,1,,1624901,0,2
152364,3862,379418792,GVB:54:73084,Centraal Station,73084,,0,,1624905,0,2
152364,3862,379418793,GVB:54:72916,Gein,72916,,1,,1624904,0,2
152364,3862,379418794,GVB:54:73017,Centraal Station,73017,,0,,1624900,0,2
152364,3862,379418795,GVB:54:72984,Gein,72984,,1,,1624901,0,2
152364,3862,379418796,GVB:54:72949,Centraal Station,72949,,0,,1624905,0,2
152364,3862,379418797,GVB:54:73085,Gein,73085,,1,,1624904,0,2
152364,3862,379418798,GVB:54:73051,Centraal Station,73051,,0,,1624900,0,2
152364,3862,379418799,GVB:54:73018,Gein,73018,,1,,1624901,0,2
152364,3862,379418800,GVB:54:72917,Centraal Station,72917,,0,,1624905,0,2
152364,3862,379418801,GVB:54:72950,Gein,72950,,1,,1624904,0,2
152364,3862,379418802,GVB:54:72985,Centraal Station,72985,,0,,1624900,0,2
152364,3862,379418803,GVB:54:73052,Gein,73052,,1,,1624901,0,2
152364,3862,379418804,GVB:54:73086,Centraal Station,73086,,0,,1624905,0,2
152364,3862,379418805,GVB:54:72918,Gein,72918,,1,,1624904,0,2
152364,3862,379418806,GVB:54:73019,Centraal Station,73019,,0,,1624900,0,2
152364,3862,379418807,GVB:54:72986,Gein,72986,,1,,1624901,0,2
152364,3862,379418808,GVB:54:72951,Centraal Station,72951,,0,,1624905,0,2
152364,3862,379418809,GVB:54:73087,Gein,73087,,1,,1624904,0,2
152364,3877,379421142,GVB:54:73392,Centraal Station,73392,,0,,1584669,0,1
152364,3877,379421143,GVB:54:73292,Gein,73292,,1,,1624902,0,1
152364,3877,379421144,GVB:54:73325,Centraal Station,73325,,0,,1624905,0,1
152364,3877,379421145,GVB:54:73458,Centraal Station,73458,,0,,1584669,0,1
152364,3877,379421146,GVB:54:73393,Gein,73393,,1,,1624904,0,1
152364,3877,379421147,GVB:54:73359,Centraal Station,73359,,0,,1624900,0,1
152364,3877,379421148,GVB:54:73459,Gein,73459,,1,,1624901,0,1
152364,3877,379421149,GVB:54:73293,Centraal Station,73293,,0,,1624905,0,1
152364,3877,379421150,GVB:54:73326,Gein,73326,,1,,1624904,0,1
152364,3877,379421151,GVB:54:73426,Centraal Station,73426,,0,,1624900,0,1
152364,3877,379421152,GVB:54:73360,Gein,73360,,1,,1624901,0,1
152364,3877,379421153,GVB:54:73394,Centraal Station,73394,,0,,1624905,0,1
152364,3877,379421154,GVB:54:73294,Gein,73294,,1,,1624904,0,1
152364,3877,379421155,GVB:54:73460,Centraal Station,73460,,0,,1624900,0,1
152364,3877,379421156,GVB:54:73427,Gein,73427,,1,,1624901,0,1
152364,3877,379421157,GVB:54:73327,Centraal Station,73327,,0,,1624905,0,1
152364,3877,379421158,GVB:54:73395,Gein,73395,,1,,1624904,0,1
152364,3877,379421159,GVB:54:73361,Centraal Station,73361,,0,,1624900,0,1
152364,3877,379421160,GVB:54:73461,Gein,73461,,1,,1624901,0,1
152364,3877,379421161,GVB:54:73295,Centraal Station,73295,,0,,1624905,0,1
152364,3877,379421162,GVB:54:73328,Gein,73328,,1,,1624904,0,1
152364,3877,379421163,GVB:54:73428,Centraal Station,73428,,0,,1624900,0,1
152364,3877,379421164,GVB:54:73362,Gein,73362,,1,,1624901,0,1
152364,3877,379421165,GVB:54:73396,Centraal Station,73396,,0,,1624905,0,1
152364,3877,379421166,GVB:54:73296,Gein,73296,,1,,1624904,0,1
152364,3877,379421167,GVB:54:73462,Centraal Station,73462,,0,,1624900,0,1
152364,3877,379421168,GVB:54:73429,Gein,73429,,1,,1624901,0,1
152364,3877,379421169,GVB:54:73329,Centraal Station,73329,,0,,1624905,0,1
152364,3877,379421170,GVB:54:73397,Gein,73397,,1,,1624904,0,1
152364,3877,379421171,GVB:54:73363,Centraal Station,73363,,0,,1624900,0,1
152364,3877,379421172,GVB:54:73463,Gein,73463,,1,,1624901,0,1
152364,3877,379421173,GVB:54:73297,Centraal Station,73297,,0,,1624905,0,1
152364,3877,379421174,GVB:54:73330,Gein,73330,,1,,1624904,0,1
152364,3877,379421175,GVB:54:73430,Centraal Station,73430,,0,,1624900,0,1
152364,3877,379421176,GVB:54:73364,Gein,73364,,1,,1624901,0,1
152364,3877,379421177,GVB:54:73398,Centraal Station,73398,,0,,1624905,0,1
152364,3877,379421178,GVB:54:73298,Gein,73298,,1,,1624904,0,1
152364,3877,379421179,GVB:54:73464,Centraal Station,73464,,0,,1624900,0,1
152364,3877,379421180,GVB:54:73431,Gein,73431,,1,,1624901,0,1
152364,3877,379421181,GVB:54:73331,Centraal Station,73331,,0,,1624905,0,1
152364,3877,379421182,GVB:54:73399,Gein,73399,,1,,1624904,0,1
152364,3877,379421183,GVB:54:73365,Centraal Station,73365,,0,,1624900,0,1
152364,3877,379421184,GVB:54:73465,Gein,73465,,1,,1624901,0,1
152364,3877,379421185,GVB:54:73299,Centraal Station,73299,,0,,1624905,0,1
152364,3877,379421186,GVB:54:73332,Gein,73332,,1,,1624904,0,1
152364,3877,379421187,GVB:54:73432,Centraal Station,73432,,0,,1624900,0,1
152364,3877,379421188,GVB:54:73366,Gein,73366,,1,,1624901,0,1
152364,3877,379421189,GVB:54:73400,Centraal Station,73400,,0,,1624905,0,1
152364,3877,379421190,GVB:54:73300,Gein,73300,,1,,1624904,0,1
152364,3877,379421191,GVB:54:73466,Centraal Station,73466,,0,,1624900,0,1
152364,3877,379421192,GVB:54:73433,Gein,73433,,1,,1624901,0,1
152364,3877,379421193,GVB:54:73333,Centraal Station,73333,,0,,1624905,0,1
152364,3877,379421194,GVB:54:73401,Gein,73401,,1,,1624904,0,1
152364,3877,379421195,GVB:54:73367,Centraal Station,73367,,0,,1624900,0,1
152364,3877,379421196,GVB:54:73467,Gein,73467,,1,,1624901,0,1
152364,3877,379421197,GVB:54:73301,Centraal Station,73301,,0,,1624905,0,1
152364,3877,379421198,GVB:54:73334,Gein,73334,,1,,1624904,0,1
152364,3877,379421199,GVB:54:73434,Centraal Station,73434,,0,,1624900,0,1
152364,3877,379421200,GVB:54:73368,Gein,73368,,1,,1624901,0,1
152364,3877,379421201,GVB:54:73402,Centraal Station,73402,,0,,1624905,0,1
152364,3877,379421202,GVB:54:73302,Gein,73302,,1,,1624904,0,1
152364,3877,379421203,GVB:54:73468,Centraal Station,73468,,0,,1624900,0,1
152364,3877,379421204,GVB:54:73435,Gein,73435,,1,,1624901,0,1
152364,3877,379421205,GVB:54:73335,Centraal Station,73335,,0,,1624905,0,1
152364,3877,379421206,GVB:54:73403,Gein,73403,,1,,1624904,0,1
152364,3877,379421207,GVB:54:73369,Centraal Station,73369,,0,,1624900,0,1
152364,3877,379421208,GVB:54:73469,Gein,73469,,1,,1624901,0,1
152364,3877,379421209,GVB:54:73303,Centraal Station,73303,,0,,1624905,0,1
152364,3877,379421210,GVB:54:73336,Gein,73336,,1,,1624904,0,1
152364,3877,379421211,GVB:54:73436,Centraal Station,73436,,0,,1624900,0,1
152364,3877,379421212,GVB:54:73370,Gein,73370,,1,,1624901,0,1
152364,3877,379421213,GVB:54:73404,Centraal Station,73404,,0,,1624905,0,1
152364,3877,379421214,GVB:54:73304,Gein,73304,,1,,1624904,0,1
152364,3877,379421215,GVB:54:73470,Centraal Station,73470,,0,,1624900,0,1
152364,3877,379421216,GVB:54:73437,Gein,73437,,1,,1624901,0,1
152364,3877,379421217,GVB:54:73337,Centraal Station,73337,,0,,1624905,0,1
152364,3877,379421218,GVB:54:73405,Gein,73405,,1,,1624904,0,1
152364,3877,379421219,GVB:54:73371,Centraal Station,73371,,0,,1624900,0,1
152364,3877,379421220,GVB:54:73471,Gein,73471,,1,,1624901,0,1
152364,3877,379421221,GVB:54:73305,Centraal Station,73305,,0,,1624905,0,1
152364,3877,379421222,GVB:54:73338,Gein,73338,,1,,1624904,0,1
152364,3877,379421223,GVB:54:73438,Centraal Station,73438,,0,,1624900,0,1
152364,3877,379421224,GVB:54:73372,Gein,73372,,1,,1624901,0,1
152364,3877,379421225,GVB:54:73406,Centraal Station,73406,,0,,1624905,0,1
152364,3877,379421226,GVB:54:73306,Gein,73306,,1,,1624904,0,1
152364,3877,379421227,GVB:54:73472,Centraal Station,73472,,0,,1624900,0,1
152364,3877,379421228,GVB:54:73439,Gein,73439,,1,,1624901,0,1
152364,3877,379421229,GVB:54:73339,Centraal Station,73339,,0,,1624905,0,1
152364,3877,379421230,GVB:54:73407,Gein,73407,,1,,1624904,0,1
152364,3877,379421231,GVB:54:73373,Centraal Station,73373,,0,,1624900,0,1
152364,3877,379421232,GVB:54:73473,Gein,73473,,1,,1624901,0,1
152364,3877,379421233,GVB:54:73307,Centraal Station,73307,,0,,1624905,0,1
152364,3877,379421234,GVB:54:73340,Gein,73340,,1,,1624904,0,1
152364,3877,379421235,GVB:54:73440,Centraal Station,73440,,0,,1624900,0,1
152364,3877,379421236,GVB:54:73374,Gein,73374,,1,,1624901,0,1
152364,3877,379421237,GVB:54:73408,Centraal Station,73408,,0,,1624905,0,1
152364,3877,379421238,GVB:54:73308,Gein,73308,,1,,1624904,0,1
152364,3877,379421239,GVB:54:73474,Centraal Station,73474,,0,,1624900,0,1
152364,3877,379421240,GVB:54:73441,Gein,73441,,1,,1624901,0,1
152364,3877,379421241,GVB:54:73341,Centraal Station,73341,,0,,1624905,0,1
152364,3877,379421242,GVB:54:73409,Gein,73409,,1,,1624904,0,1
152364,3877,379421243,GVB:54:73375,Centraal Station,73375,,0,,1624900,0,1
152364,3877,379421244,GVB:54:73475,Gein,73475,,1,,1624901,0,1
152364,3877,379421245,GVB:54:73309,Centraal Station,73309,,0,,1624905,0,1
152364,3877,379421246,GVB:54:73342,Gein,73342,,1,,1624904,0,1
152364,3877,379421247,GVB:54:73442,Centraal Station,73442,,0,,1624900,0,1
152364,3877,379421248,GVB:54:73376,Gein,73376,,1,,1624901,0,1
152364,3877,379421249,GVB:54:73410,Centraal Station,73410,,0,,1624905,0,1
152364,3877,379421250,GVB:54:73310,Gein,73310,,1,,1624904,0,1
152364,3877,379421251,GVB:54:73476,Centraal Station,73476,,0,,1624900,0,1
152364,3877,379421252,GVB:54:73443,Gein,73443,,1,,1624901,0,1
152364,3877,379421253,GVB:54:73343,Centraal Station,73343,,0,,1624905,0,1
152364,3877,379421254,GVB:54:73411,Gein,73411,,1,,1624904,0,1
152364,3877,379421255,GVB:54:73377,Centraal Station,73377,,0,,1624900,0,1
152364,3877,379421256,GVB:54:73477,Gein,73477,,1,,1624901,0,1
152364,3877,379421257,GVB:54:73311,Centraal Station,73311,,0,,1624905,0,1
152364,3877,379421258,GVB:54:73344,Gein,73344,,1,,1624904,0,1
152364,3877,379421259,GVB:54:73444,Centraal Station,73444,,0,,1624900,0,1
152364,3877,379421260,GVB:54:73378,Gein,73378,,1,,1624901,0,1
152364,3877,379421261,GVB:54:73412,Centraal Station,73412,,0,,1624905,0,1
152364,3877,379421262,GVB:54:73312,Gein,73312,,1,,1624904,0,1
152364,3877,379421263,GVB:54:73478,Centraal Station,73478,,0,,1624900,0,1
152364,3877,379421264,GVB:54:73445,Gein,73445,,1,,1624901,0,1
152364,3877,379421265,GVB:54:73345,Centraal Station,73345,,0,,1624905,0,1
152364,3877,379421266,GVB:54:73413,Gein,73413,,1,,1624904,0,1
152364,3877,379421267,GVB:54:73379,Centraal Station,73379,,0,,1624900,0,1
152364,3877,379421268,GVB:54:73479,Gein,73479,,1,,1624901,0,1
152364,3877,379421269,GVB:54:73313,Centraal Station,73313,,0,,1624905,0,1
152364,3877,379421270,GVB:54:73346,Gein,73346,,1,,1624904,0,1
152364,3877,379421271,GVB:54:73446,Centraal Station,73446,,0,,1624900,0,1
152364,3877,379421272,GVB:54:73380,Gein,73380,,1,,1624901,0,1
152364,3877,379421273,GVB:54:73414,Centraal Station,73414,,0,,1624905,0,1
152364,3877,379421274,GVB:54:73314,Gein,73314,,1,,1624904,0,1
152364,3877,379421275,GVB:54:73480,Centraal Station,73480,,0,,1624900,0,1
152364,3877,379421276,GVB:54:73447,Gein,73447,,1,,1624901,0,1
152364,3877,379421277,GVB:54:73347,Centraal Station,73347,,0,,1624905,0,1
152364,3877,379421278,GVB:54:73415,Gein,73415,,1,,1624904,0,1
152364,3877,379421279,GVB:54:73381,Centraal Station,73381,,0,,1624900,0,1
152364,3877,379421280,GVB:54:73481,Gein,73481,,1,,1624901,0,1
152364,3877,379421281,GVB:54:73315,Centraal Station,73315,,0,,1624905,0,1
152364,3877,379421282,GVB:54:73348,Gein,73348,,1,,1624904,0,1
152364,3877,379421283,GVB:54:73448,Centraal Station,73448,,0,,1624900,0,1
152364,3877,379421284,GVB:54:73382,Gein,73382,,1,,1624901,0,1
152364,3877,379421285,GVB:54:73416,Centraal Station,73416,,0,,1624905,0,1
152364,3877,379421286,GVB:54:73316,Gein,73316,,1,,1624904,0,1
152364,3877,379421287,GVB:54:73482,Centraal Station,73482,,0,,1624900,0,1
152364,3877,379421288,GVB:54:73449,Gein,73449,,1,,1624901,0,1
152364,3877,379421289,GVB:54:73349,Centraal Station,73349,,0,,1624905,0,1
152364,3877,379421290,GVB:54:73417,Gein,73417,,1,,1624904,0,1
152364,3877,379421291,GVB:54:73383,Centraal Station,73383,,0,,1624900,0,1
152364,3877,379421292,GVB:54:73483,Gein,73483,,1,,1624901,0,1
152364,3877,379421293,GVB:54:73317,Centraal Station,73317,,0,,1624905,0,1
152364,3877,379421294,GVB:54:73350,Gein,73350,,1,,1624904,0,1
152364,3877,379421295,GVB:54:73450,Centraal Station,73450,,0,,1624900,0,1
152364,3877,379421296,GVB:54:73384,Gein,73384,,1,,1624901,0,1
152364,3877,379421297,GVB:54:73418,Centraal Station,73418,,0,,1624905,0,1
152364,3877,379421298,GVB:54:73318,Gein,73318,,1,,1624904,0,1
152364,3877,379421299,GVB:54:73484,Centraal Station,73484,,0,,1624900,0,1
152364,3877,379421300,GVB:54:73451,Gein,73451,,1,,1624901,0,1
152364,3877,379421301,GVB:54:73351,Centraal Station,73351,,0,,1624905,0,1
152364,3877,379421302,GVB:54:73419,Gein,73419,,1,,1624904,0,1
152364,3877,379421303,GVB:54:73385,Centraal Station,73385,,0,,1624900,0,1
152364,3877,379421304,GVB:54:73485,Gein,73485,,1,,1624901,0,1
152364,3877,379421305,GVB:54:73319,Centraal Station,73319,,0,,1624905,0,1
152364,3877,379421306,GVB:54:73352,Gein,73352,,1,,1624904,0,1
152364,3877,379421307,GVB:54:73452,Centraal Station,73452,,0,,1624900,0,1
152364,3877,379421308,GVB:54:73386,Gein,73386,,1,,1624901,0,1
152364,3877,379421309,GVB:54:73420,Centraal Station,73420,,0,,1624905,0,1
152364,3877,379421310,GVB:54:73320,Gein,73320,,1,,1624904,0,1
152364,3877,379421311,GVB:54:73486,Centraal Station,73486,,0,,1624900,0,1
152364,3877,379421312,GVB:54:73453,Gein,73453,,1,,1624901,0,1
152364,3877,379421313,GVB:54:73353,Centraal Station,73353,,0,,1624905,0,1
152364,3877,379421314,GVB:54:73421,Gein,73421,,1,,1624904,0,1
152364,3877,379421315,GVB:54:73387,Centraal Station,73387,,0,,1624900,0,1
152364,3877,379421316,GVB:54:73487,Gein,73487,,1,,1624901,0,1
152364,3877,379421317,GVB:54:73321,Centraal Station,73321,,0,,1624905,0,1
152364,3877,379421318,GVB:54:73354,Gein,73354,,1,,1624904,0,1
152364,3877,379421319,GVB:54:73454,Centraal Station,73454,,0,,1624900,0,1
152364,3877,379421320,GVB:54:73388,Gein,73388,,1,,1624901,0,1
152364,3877,379421321,GVB:54:73422,Centraal Station,73422,,0,,1624905,0,1
152364,3877,379421322,GVB:54:73322,Gein,73322,,1,,1624904,0,1
152364,3877,379421323,GVB:54:73488,Centraal Station,73488,,0,,1624900,0,1
152364,3877,379421324,GVB:54:73455,Gein,73455,,1,,1624901,0,1
152364,3877,379421325,GVB:54:73355,Centraal Station,73355,,0,,1624905,0,1
152364,3877,379421326,GVB:54:73423,Gein,73423,,1,,1624904,0,1
152364,3890,379424656,GVB:54:73756,Centraal Station,73756,,0,,1584669,0,1
152364,3890,379424657,GVB:54:73850,Gein,73850,,1,,1584639,0,1
152364,3890,379424658,GVB:54:73724,Centraal Station,73724,,0,,1624900,0,1
152364,3890,379424659,GVB:54:73818,Centraal Station,73818,,0,,1584669,0,1
152364,3890,379424660,GVB:54:73757,Gein,73757,,1,,1624901,0,1
152364,3890,379424661,GVB:54:73692,Centraal Station,73692,,0,,1624905,0,1
152364,3890,379424662,GVB:54:73819,Gein,73819,,1,,1624904,0,1
152364,3890,379424663,GVB:54:73851,Centraal Station,73851,,0,,1624900,0,1
152364,3890,379424664,GVB:54:73725,Gein,73725,,1,,1624901,0,1
152364,3890,379424665,GVB:54:73788,Centraal Station,73788,,0,,1624905,0,1
152364,3890,379424666,GVB:54:73693,Gein,73693,,1,,1624904,0,1
152364,3890,379424667,GVB:54:73758,Centraal Station,73758,,0,,1624900,0,1
152364,3890,379424668,GVB:54:73852,Gein,73852,,1,,1624901,0,1
152364,3890,379424669,GVB:54:73820,Centraal Station,73820,,0,,1624905,0,1
152364,3890,379424670,GVB:54:73789,Gein,73789,,1,,1624904,0,1
152364,3890,379424671,GVB:54:73726,Centraal Station,73726,,0,,1624900,0,1
152364,3890,379424672,GVB:54:73759,Gein,73759,,1,,1624901,0,1
152364,3890,379424673,GVB:54:73694,Centraal Station,73694,,0,,1624905,0,1
152364,3890,379424674,GVB:54:73821,Gein,73821,,1,,1624904,0,1
152364,3890,379424675,GVB:54:73853,Centraal Station,73853,,0,,1624900,0,1
152364,3890,379424676,GVB:54:73727,Gein,73727,,1,,1624901,0,1
152364,3890,379424677,GVB:54:73790,Centraal Station,73790,,0,,1624905,0,1
152364,3890,379424678,GVB:54:73695,Gein,73695,,1,,1624904,0,1
152364,3890,379424679,GVB:54:73760,Centraal Station,73760,,0,,1624900,0,1
152364,3890,379424680,GVB:54:73854,Gein,73854,,1,,1624901,0,1
152364,3890,379424681,GVB:54:73822,Centraal Station,73822,,0,,1624905,0,1
152364,3890,379424682,GVB:54:73791,Gein,73791,,1,,1624904,0,1
152364,3890,379424683,GVB:54:73728,Centraal Station,73728,,0,,1624900,0,1
152364,3890,379424684,GVB:54:73761,Gein,73761,,1,,1624901,0,1
152364,3890,379424685,GVB:54:73696,Centraal Station,73696,,0,,1624905,0,1
152364,3890,379424686,GVB:54:73823,Gein,73823,,1,,1624904,0,1
152364,3890,379424687,GVB:54:73855,Centraal Station,73855,,0,,1624900,0,1
152364,3890,379424688,GVB:54:73729,Gein,73729,,1,,1624901,0,1
152364,3890,379424689,GVB:54:73792,Centraal Station,73792,,0,,1624905,0,1
152364,3890,379424690,GVB:54:73697,Gein,73697,,1,,1624904,0,1
152364,3890,379424691,GVB:54:73762,Centraal Station,73762,,0,,1624900,0,1
152364,3890,379424692,GVB:54:73856,Gein,73856,,1,,1624901,0,1
152364,3890,379424693,GVB:54:73824,Centraal Station,73824,,0,,1624905,0,1
152364,3890,379424694,GVB:54:73793,Gein,73793,,1,,1624904,0,1
152364,3890,379424695,GVB:54:73730,Centraal Station,73730,,0,,1624900,0,1
152364,3890,379424696,GVB:54:73763,Gein,73763,,1,,1624901,0,1
152364,3890,379424697,GVB:54:73698,Centraal Station,73698,,0,,1624905,0,1
152364,3890,379424698,GVB:54:73825,Gein,73825,,1,,1624904,0,1
152364,3890,379424699,GVB:54:73857,Centraal Station,73857,,0,,1624900,0,1
152364,3890,379424700,GVB:54:73731,Gein,73731,,1,,1624901,0,1
152364,3890,379424701,GVB:54:73794,Centraal Station,73794,,0,,1624905,0,1
152364,3890,379424702,GVB:54:73699,Gein,73699,,1,,1624904,0,1
152364,3890,379424703,GVB:54:73764,Centraal Station,73764,,0,,1624900,0,1
152364,3890,379424704,GVB:54:73858,Gein,73858,,1,,1624901,0,1
152364,3890,379424705,GVB:54:73826,Centraal Station,73826,,0,,1624905,0,1
152364,3890,379424706,GVB:54:73795,Gein,73795,,1,,1624904,0,1
152364,3890,379424707,GVB:54:73732,Centraal Station,73732,,0,,1624900,0,1
152364,3890,379424708,GVB:54:73765,Gein,73765,,1,,1624901,0,1
152364,3890,379424709,GVB:54:73700,Centraal Station,73700,,0,,1624905,0,1
152364,3890,379424710,GVB:54:73827,Gein,73827,,1,,1624904,0,1
152364,3890,379424711,GVB:54:73859,Centraal Station,73859,,0,,1624900,0,1
152364,3890,379424712,GVB:54:73733,Gein,73733,,1,,1624901,0,1
152364,3890,379424713,GVB:54:73796,Centraal Station,73796,,0,,1624905,0,1
152364,3890,379424714,GVB:54:73701,Gein,73701,,1,,1624904,0,1
152364,3890,379424715,GVB:54:73766,Centraal Station,73766,,0,,1624900,0,1
152364,3890,379424716,GVB:54:73860,Gein,73860,,1,,1624901,0,1
152364,3890,379424717,GVB:54:73828,Centraal Station,73828,,0,,1624905,0,1
152364,3890,379424718,GVB:54:73797,Gein,73797,,1,,1624904,0,1
152364,3890,379424719,GVB:54:73734,Centraal Station,73734,,0,,1624900,0,1
152364,3890,379424720,GVB:54:73767,Gein,73767,,1,,1624901,0,1
152364,3890,379424721,GVB:54:73702,Centraal Station,73702,,0,,1624905,0,1
152364,3890,379424722,GVB:54:73829,Gein,73829,,1,,1624904,0,1
152364,3890,379424723,GVB:54:73861,Centraal Station,73861,,0,,1624900,0,1
152364,3890,379424724,GVB:54:73735,Gein,73735,,1,,1624901,0,1
152364,3890,379424725,GVB:54:73798,Centraal Station,73798,,0,,1624905,0,1
152364,3890,379424726,GVB:54:73703,Gein,73703,,1,,1624904,0,1
152364,3890,379424727,GVB:54:73768,Centraal Station,73768,,0,,1624900,0,1
152364,3890,379424728,GVB:54:73862,Gein,73862,,1,,1624901,0,1
152364,3890,379424729,GVB:54:73830,Centraal Station,73830,,0,,1624905,0,1
152364,3890,379424730,GVB:54:73799,Gein,73799,,1,,1624904,0,1
152364,3890,379424731,GVB:54:73736,Centraal Station,73736,,0,,1624900,0,1
152364,3890,379424732,GVB:54:73769,Gein,73769,,1,,1624901,0,1
152364,3890,379424733,GVB:54:73704,Centraal Station,73704,,0,,1624905,0,1
152364,3890,379424734,GVB:54:73831,Gein,73831,,1,,1624904,0,1
152364,3890,379424735,GVB:54:73863,Centraal Station,73863,,0,,1624900,0,1
152364,3890,379424736,GVB:54:73737,Gein,73737,,1,,1624901,0,1
152364,3890,379424737,GVB:54:73800,Centraal Station,73800,,0,,1624905,0,1
152364,3890,379424738,GVB:54:73705,Gein,73705,,1,,1624904,0,1
152364,3890,379424739,GVB:54:73770,Centraal Station,73770,,0,,1624900,0,1
152364,3890,379424740,GVB:54:73864,Gein,73864,,1,,1624901,0,1
152364,3890,379424741,GVB:54:73832,Centraal Station,73832,,0,,1624905,0,1
152364,3890,379424742,GVB:54:73801,Gein,73801,,1,,1624904,0,1
152364,3890,379424743,GVB:54:73738,Centraal Station,73738,,0,,1624900,0,1
152364,3890,379424744,GVB:54:73771,Gein,73771,,1,,1624901,0,1
152364,3890,379424745,GVB:54:73706,Centraal Station,73706,,0,,1624905,0,1
152364,3890,379424746,GVB:54:73833,Gein,73833,,1,,1624904,0,1
152364,3890,379424747,GVB:54:73865,Centraal Station,73865,,0,,1624900,0,1
152364,3890,379424748,GVB:54:73739,Gein,73739,,1,,1624901,0,1
152364,3890,379424749,GVB:54:73802,Centraal Station,73802,,0,,1624905,0,1
152364,3890,379424750,GVB:54:73707,Gein,73707,,1,,1624904,0,1
152364,3890,379424751,GVB:54:73772,Centraal Station,73772,,0,,1624900,0,1
152364,3890,379424752,GVB:54:73866,Gein,73866,,1,,1624901,0,1
152364,3890,379424753,GVB:54:73834,Centraal Station,73834,,0,,1624905,0,1
152364,3890,379424754,GVB:54:73803,Gein,73803,,1,,1624904,0,1
152364,3890,379424755,GVB:54:73740,Centraal Station,73740,,0,,1624900,0,1
152364,3890,379424756,GVB:54:73773,Gein,73773,,1,,1624901,0,1
152364,3890,379424757,GVB:54:73708,Centraal Station,73708,,0,,1624905,0,1
152364,3890,379424758,GVB:54:73835,Gein,73835,,1,,1624904,0,1
152364,3890,379424759,GVB:54:73867,Centraal Station,73867,,0,,1624900,0,1
152364,3890,379424760,GVB:54:73741,Gein,73741,,1,,1624901,0,1
152364,3890,379424761,GVB:54:73804,Centraal Station,73804,,0,,1624905,0,1
152364,3890,379424762,GVB:54:73709,Gein,73709,,1,,1624904,0,1
152364,3890,379424763,GVB:54:73774,Centraal Station,73774,,0,,1624900,0,1
152364,3890,379424764,GVB:54:73868,Gein,73868,,1,,1624901,0,1
152364,3890,379424765,GVB:54:73836,Centraal Station,73836,,0,,1624905,0,1
152364,3890,379424766,GVB:54:73805,Gein,73805,,1,,1624904,0,1
152364,3890,379424767,GVB:54:73742,Centraal Station,73742,,0,,1624900,0,1
152364,3890,379424768,GVB:54:73775,Gein,73775,,1,,1624901,0,1
152364,3890,379424769,GVB:54:73710,Centraal Station,73710,,0,,1624905,0,1
152364,3890,379424770,GVB:54:73837,Gein,73837,,1,,1624904,0,1
152364,3890,379424771,GVB:54:73869,Centraal Station,73869,,0,,1624900,0,1
152364,3890,379424772,GVB:54:73743,Gein,73743,,1,,1624901,0,1
152364,3890,379424773,GVB:54:73806,Centraal Station,73806,,0,,1624905,0,1
152364,3890,379424774,GVB:54:73711,Gein,73711,,1,,1624904,0,1
152364,3890,379424775,GVB:54:73776,Centraal Station,73776,,0,,1624900,0,1
152364,3890,379424776,GVB:54:73870,Gein,73870,,1,,1624901,0,1
152364,3890,379424777,GVB:54:73838,Centraal Station,73838,,0,,1624905,0,1
152364,3890,379424778,GVB:54:73807,Gein,73807,,1,,1624904,0,1
152364,3890,379424779,GVB:54:73744,Centraal Station,73744,,0,,1624900,0,1
152364,3890,379424780,GVB:54:73777,Gein,73777,,1,,1624901,0,1
152364,3890,379424781,GVB:54:73712,Centraal Station,73712,,0,,1624905,0,1
152364,3890,379424782,GVB:54:73839,Gein,73839,,1,,1624904,0,1
152364,3890,379424783,GVB:54:73871,Centraal Station,73871,,0,,1624900,0,1
152364,3890,379424784,GVB:54:73745,Gein,73745,,1,,1624901,0,1
152364,3890,379424785,GVB:54:73808,Centraal Station,73808,,0,,1624905,0,1
152364,3890,379424786,GVB:54:73713,Gein,73713,,1,,1624904,0,1
152364,3890,379424787,GVB:54:73778,Centraal Station,73778,,0,,1624900,0,1
152364,3890,379424788,GVB:54:73872,Gein,73872,,1,,1624901,0,1
152364,3890,379424789,GVB:54:73840,Centraal Station,73840,,0,,1624905,0,1
152364,3890,379424790,GVB:54:73809,Gein,73809,,1,,1624904,0,1
152364,3890,379424791,GVB:54:73746,Centraal Station,73746,,0,,1624900,0,1
152364,3890,379424792,GVB:54:73779,Gein,73779,,1,,1624901,0,1
152364,3890,379424793,GVB:54:73714,Centraal Station,73714,,0,,1624905,0,1
152364,3890,379424794,GVB:54:73841,Gein,73841,,1,,1624904,0,1
152364,3890,379424795,GVB:54:73873,Centraal Station,73873,,0,,1624900,0,1
152364,3890,379424796,GVB:54:73747,Gein,73747,,1,,1624901,0,1
152364,3890,379424797,GVB:54:73810,Centraal Station,73810,,0,,1624905,0,1
152364,3890,379424798,GVB:54:73715,Gein,73715,,1,,1624904,0,1
152364,3890,379424799,GVB:54:73780,Centraal Station,73780,,0,,1624900,0,1
152364,3890,379424800,GVB:54:73874,Gein,73874,,1,,1624901,0,1
152364,3890,379424801,GVB:54:73842,Centraal Station,73842,,0,,1624905,0,1
152364,3890,379424802,GVB:54:73811,Gein,73811,,1,,1624904,0,1
152364,3890,379424803,GVB:54:73748,Centraal Station,73748,,0,,1624900,0,1
152364,3890,379424804,GVB:54:73781,Gein,73781,,1,,1624901,0,1
152364,3890,379424805,GVB:54:73716,Centraal Station,73716,,0,,1624905,0,1
152364,3890,379424806,GVB:54:73843,Gein,73843,,1,,1624904,0,1
152364,3890,379424807,GVB:54:73875,Centraal Station,73875,,0,,1624900,0,1
152364,3890,379424808,GVB:54:73749,Gein,73749,,1,,1624901,0,1
152364,3890,379424809,GVB:54:73812,Centraal Station,73812,,0,,1624905,0,1
152364,3890,379424810,GVB:54:73717,Gein,73717,,1,,1624904,0,1
152364,3890,379424811,GVB:54:73782,Centraal Station,73782,,0,,1624900,0,1
152364,3890,379424812,GVB:54:73876,Gein,73876,,1,,1624901,0,1
152364,3890,379424813,GVB:54:73844,Centraal Station,73844,,0,,1624905,0,1
152364,3890,379424814,GVB:54:73813,Gein,73813,,1,,1624904,0,1
152364,3890,379424815,GVB:54:73750,Centraal Station,73750,,0,,1624900,0,1
152364,3890,379424816,GVB:54:73783,Gein,73783,,1,,1624901,0,1
152364,3890,379424817,GVB:54:73718,Centraal Station,73718,,0,,1624905,0,1
152364,3890,379424818,GVB:54:73845,Gein,73845,,1,,1624904,0,1
152364,3890,379424819,GVB:54:73877,Centraal Station,73877,,0,,1624900,0,1
152364,3890,379424820,GVB:54:73751,Gein,73751,,1,,1624901,0,1
152364,3890,379424821,GVB:54:73814,Centraal Station,73814,,0,,1624905,0,1
152364,3890,379424822,GVB:54:73719,Gein,73719,,1,,1624904,0,1
152364,3890,379424823,GVB:54:73784,Centraal Station,73784,,0,,1624900,0,1
152364,3890,379424824,GVB:54:73878,Gein,73878,,1,,1624901,0,1
152364,3890,379424825,GVB:54:73846,Centraal Station,73846,,0,,1624905,0,1
152364,3890,379424826,GVB:54:73815,Gein,73815,,1,,1624904,0,1
152364,3890,379424827,GVB:54:73752,Centraal Station,73752,,0,,1624900,0,1
152364,3890,379424828,GVB:54:73785,Gein,73785,,1,,1624901,0,1
152364,3890,379424829,GVB:54:73720,Centraal Station,73720,,0,,1624905,0,1
152364,3890,379424830,GVB:54:73847,Gein,73847,,1,,1624904,0,1
152364,3922,379425378,GVB:54:73157,Centraal Station,73157,,0,,1584669,0,2
152364,3922,379425379,GVB:54:73191,Centraal Station,73191,,0,,1624908,0,2
152364,3922,379425380,GVB:54:73258,Centraal Station,73258,,0,,1584669,0,2
152364,3922,379425381,GVB:54:73158,Gein,73158,,1,,1624907,0,2
152364,3922,379425382,GVB:54:73090,Gein,73090,,1,,1624902,0,2
152364,3922,379425383,GVB:54:73123,Centraal Station,73123,,0,,1624909,0,2
152364,3922,379425384,GVB:54:73259,Gein,73259,,1,,1624906,0,2
152364,3922,379425385,GVB:54:73225,Centraal Station,73225,,0,,1624908,0,2
152364,3922,379425386,GVB:54:73192,Gein,73192,,1,,1624907,0,2
152364,3922,379425387,GVB:54:73091,Centraal Station,73091,,0,,1624909,0,2
152364,3922,379425388,GVB:54:73124,Gein,73124,,1,,1624906,0,2
152364,3922,379425389,GVB:54:73159,Centraal Station,73159,,0,,1624908,0,2
152364,3922,379425390,GVB:54:73226,Gein,73226,,1,,1624907,0,2
152364,3922,379425391,GVB:54:73260,Centraal Station,73260,,0,,1624909,0,2
152364,3922,379425392,GVB:54:73092,Gein,73092,,1,,1624906,0,2
152364,3922,379425393,GVB:54:73193,Centraal Station,73193,,0,,1624908,0,2
152364,3922,379425394,GVB:54:73160,Gein,73160,,1,,1624907,0,2
152364,3922,379425395,GVB:54:73125,Centraal Station,73125,,0,,1624909,0,2
152364,3922,379425396,GVB:54:73261,Gein,73261,,1,,1624906,0,2
152364,3922,379425397,GVB:54:73227,Centraal Station,73227,,0,,1624908,0,2
152364,3922,379425398,GVB:54:73194,Gein,73194,,1,,1624907,0,2
152364,3922,379425399,GVB:54:73093,Centraal Station,73093,,0,,1624909,0,2
152364,3922,379425400,GVB:54:73126,Gein,73126,,1,,1624906,0,2
152364,3922,379425401,GVB:54:73161,Centraal Station,73161,,0,,1624908,0,2
152364,3922,379425402,GVB:54:73228,Gein,73228,,1,,1624907,0,2
152364,3922,379425403,GVB:54:73262,Centraal Station,73262,,0,,1624909,0,2
152364,3922,379425404,GVB:54:73094,Gein,73094,,1,,1624906,0,2
152364,3922,379425405,GVB:54:73195,Centraal Station,73195,,0,,1624908,0,2
152364,3922,379425406,GVB:54:73162,Gein,73162,,1,,1624907,0,2
152364,3922,379425407,GVB:54:73127,Centraal Station,73127,,0,,1624909,0,2
152364,3922,379425408,GVB:54:73263,Gein,73263,,1,,1624906,0,2
152364,3922,379425409,GVB:54:73229,Centraal Station,73229,,0,,1624908,0,2
152364,3922,379425410,GVB:54:73196,Gein,73196,,1,,1624907,0,2
152364,3922,379425411,GVB:54:73095,Centraal Station,73095,,0,,1624909,0,2
152364,3922,379425412,GVB:54:73128,Gein,73128,,1,,1624906,0,2
152364,3922,379425413,GVB:54:73163,Centraal Station,73163,,0,,1624908,0,2
152364,3922,379425414,GVB:54:73230,Gein,73230,,1,,1624907,0,2
152364,3922,379425415,GVB:54:73264,Centraal Station,73264,,0,,1624909,0,2
152364,3922,379425416,GVB:54:73096,Gein,73096,,1,,1624906,0,2
152364,3922,379425417,GVB:54:73197,Centraal Station,73197,,0,,1624908,0,2
152364,3922,379425418,GVB:54:73164,Gein,73164,,1,,1624907,0,2
152364,3922,379425419,GVB:54:73129,Centraal Station,73129,,0,,1624909,0,2
152364,3922,379425420,GVB:54:73265,Gein,73265,,1,,1624906,0,2
152364,3922,379425421,GVB:54:73231,Centraal Station,73231,,0,,1624908,0,2
152364,3922,379425422,GVB:54:73198,Gein,73198,,1,,1624907,0,2
152364,3922,379425423,GVB:54:73097,Centraal Station,73097,,0,,1624909,0,2
152364,3922,379425424,GVB:54:73130,Gein,73130,,1,,1624906,0,2
152364,3922,379425425,GVB:54:73165,Centraal Station,73165,,0,,1624908,0,2
152364,3922,379425426,GVB:54:73232,Gein,73232,,1,,1624907,0,2
152364,3922,379425427,GVB:54:73266,Centraal Station,73266,,0,,1624909,0,2
152364,3922,379425428,GVB:54:73098,Gein,73098,,1,,1624906,0,2
152364,3922,379425429,GVB:54:73199,Centraal Station,73199,,0,,1624908,0,2
152364,3922,379425430,GVB:54:73166,Gein,73166,,1,,1624907,0,2
152364,3922,379425431,GVB:54:73131,Centraal Station,73131,,0,,1624909,0,2
152364,3922,379425432,GVB:54:73267,Gein,73267,,1,,1624906,0,2
152364,3922,379425433,GVB:54:73233,Centraal Station,73233,,0,,1624908,0,2
152364,3922,379425434,GVB:54:73200,Gein,73200,,1,,1624907,0,2
152364,3922,379425435,GVB:54:73099,Centraal Station,73099,,0,,1624909,0,2
152364,3922,379425436,GVB:54:73132,Gein,73132,,1,,1624906,0,2
152364,3922,379425437,GVB:54:73167,Centraal Station,73167,,0,,1624908,0,2
152364,3922,379425438,GVB:54:73234,Gein,73234,,1,,1624907,0,2
152364,3922,379425439,GVB:54:73268,Centraal Station,73268,,0,,1624909,0,2
152364,3922,379425440,GVB:54:73100,Gein,73100,,1,,1624906,0,2
152364,3922,379425441,GVB:54:73201,Centraal Station,73201,,0,,1624908,0,2
152364,3922,379425442,GVB:54:73168,Gein,73168,,1,,1624907,0,2
152364,3922,379425443,GVB:54:73133,Centraal Station,73133,,0,,1624909,0,2
152364,3922,379425444,GVB:54:73269,Gein,73269,,1,,1624906,0,2
152364,3922,379425445,GVB:54:73235,Centraal Station,73235,,0,,1624908,0,2
152364,3922,379425446,GVB:54:73202,Gein,73202,,1,,1624907,0,2
152364,3922,379425447,GVB:54:73101,Centraal Station,73101,,0,,1624909,0,2
152364,3922,379425448,GVB:54:73134,Gein,73134,,1,,1624906,0,2
152364,3922,379425449,GVB:54:73169,Centraal Station,73169,,0,,1624908,0,2
152364,3922,379425450,GVB:54:73236,Gein,73236,,1,,1624907,0,2
152364,3922,379425451,GVB:54:73270,Centraal Station,73270,,0,,1624909,0,2
152364,3922,379425452,GVB:54:73102,Gein,73102,,1,,1624906,0,2
152364,3922,379425453,GVB:54:73203,Centraal Station,73203,,0,,1624908,0,2
152364,3922,379425454,GVB:54:73170,Gein,73170,,1,,1624907,0,2
152364,3922,379425455,GVB:54:73135,Centraal Station,73135,,0,,1624909,0,2
152364,3922,379425456,GVB:54:73271,Gein,73271,,1,,1624906,0,2
152364,3922,379425457,GVB:54:73237,Centraal Station,73237,,0,,1624908,0,2
152364,3922,379425458,GVB:54:73204,Gein,73204,,1,,1624907,0,2
152364,3922,379425459,GVB:54:73103,Centraal Station,73103,,0,,1624909,0,2
152364,3922,379425460,GVB:54:73136,Gein,73136,,1,,1624906,0,2
152364,3922,379425461,GVB:54:73171,Centraal Station,73171,,0,,1624908,0,2
152364,3922,379425462,GVB:54:73238,Gein,73238,,1,,1624907,0,2
152364,3922,379425463,GVB:54:73272,Centraal Station,73272,,0,,1624909,0,2
152364,3922,379425464,GVB:54:73104,Gein,73104,,1,,1624906,0,2
152364,3922,379425465,GVB:54:73205,Centraal Station,73205,,0,,1624908,0,2
152364,3922,379425466,GVB:54:73172,Gein,73172,,1,,1624907,0,2
152364,3922,379425467,GVB:54:73137,Centraal Station,73137,,0,,1624909,0,2
152364,3922,379425468,GVB:54:73273,Gein,73273,,1,,1624906,0,2
152364,3922,379425469,GVB:54:73239,Centraal Station,73239,,0,,1624908,0,2
152364,3922,379425470,GVB:54:73206,Gein,73206,,1,,1624907,0,2
152364,3922,379425471,GVB:54:73105,Centraal Station,73105,,0,,1624909,0,2
152364,3922,379425472,GVB:54:73138,Gein,73138,,1,,1624906,0,2
152364,3922,379425473,GVB:54:73173,Centraal Station,73173,,0,,1624908,0,2
152364,3922,379425474,GVB:54:73240,Gein,73240,,1,,1624907,0,2
152364,3922,379425475,GVB:54:73274,Centraal Station,73274,,0,,1624909,0,2
152364,3922,379425476,GVB:54:73106,Gein,73106,,1,,1624906,0,2
152364,3922,379425477,GVB:54:73207,Centraal Station,73207,,0,,1624908,0,2
152364,3922,379425478,GVB:54:73174,Gein,73174,,1,,1624907,0,2
152364,3922,379425479,GVB:54:73139,Centraal Station,73139,,0,,1624909,0,2
152364,3922,379425480,GVB:54:73275,Gein,73275,,1,,1624906,0,2
152364,3922,379425481,GVB:54:73241,Centraal Station,73241,,0,,1624908,0,2
152364,3922,379425482,GVB:54:73208,Gein,73208,,1,,1624907,0,2
152364,3922,379425483,GVB:54:73107,Centraal Station,73107,,0,,1624909,0,2
152364,3922,379425484,GVB:54:73140,Gein,73140,,1,,1624906,0,2
152364,3922,379425485,GVB:54:73175,Centraal Station,73175,,0,,1624908,0,2
152364,3922,379425486,GVB:54:73242,Gein,73242,,1,,1624907,0,2
152364,3922,379425487,GVB:54:73276,Centraal Station,73276,,0,,1624909,0,2
152364,3922,379425488,GVB:54:73108,Gein,73108,,1,,1624906,0,2
152364,3922,379425489,GVB:54:73209,Centraal Station,73209,,0,,1624908,0,2
152364,3922,379425490,GVB:54:73176,Gein,73176,,1,,1624907,0,2
152364,3922,379425491,GVB:54:73141,Centraal Station,73141,,0,,1624909,0,2
152364,3922,379425492,GVB:54:73277,Gein,73277,,1,,1624906,0,2
152364,3922,379425493,GVB:54:73243,Centraal Station,73243,,0,,1624908,0,2
152364,3922,379425494,GVB:54:73210,Gein,73210,,1,,1624907,0,2
152364,3922,379425495,GVB:54:73109,Centraal Station,73109,,0,,1624909,0,2
152364,3922,379425496,GVB:54:73142,Gein,73142,,1,,1624906,0,2
152364,3922,379425497,GVB:54:73177,Centraal Station,73177,,0,,1624908,0,2
152364,3922,379425498,GVB:54:73244,Gein,73244,,1,,1624907,0,2
152364,3922,379425499,GVB:54:73278,Centraal Station,73278,,0,,1624909,0,2
152364,3922,379425500,GVB:54:73110,Gein,73110,,1,,1624906,0,2
152364,3922,379425501,GVB:54:73211,Centraal Station,73211,,0,,1624908,0,2
152364,3922,379425502,GVB:54:73178,Gein,73178,,1,,1624907,0,2
152364,3922,379425503,GVB:54:73143,Centraal Station,73143,,0,,1624909,0,2
152364,3922,379425504,GVB:54:73279,Gein,73279,,1,,1624906,0,2
152364,3922,379425505,GVB:54:73245,Centraal Station,73245,,0,,1624908,0,2
152364,3922,379425506,GVB:54:73212,Gein,73212,,1,,1624907,0,2
152364,3922,379425507,GVB:54:73111,Centraal Station,73111,,0,,1624909,0,2
152364,3922,379425508,GVB:54:73144,Gein,73144,,1,,1624906,0,2
152364,3922,379425509,GVB:54:73179,Centraal Station,73179,,0,,1624908,0,2
152364,3922,379425510,GVB:54:73246,Gein,73246,,1,,1624907,0,2
152364,3922,379425511,GVB:54:73280,Centraal Station,73280,,0,,1624909,0,2
152364,3922,379425512,GVB:54:73112,Gein,73112,,1,,1624906,0,2
152364,3922,379425513,GVB:54:73213,Centraal Station,73213,,0,,1624908,0,2
152364,3922,379425514,GVB:54:73180,Gein,73180,,1,,1624907,0,2
152364,3922,379425515,GVB:54:73145,Centraal Station,73145,,0,,1624909,0,2
152364,3922,379425516,GVB:54:73281,Gein,73281,,1,,1624906,0,2
152364,3922,379425517,GVB:54:73247,Centraal Station,73247,,0,,1624908,0,2
152364,3922,379425518,GVB:54:73214,Gein,73214,,1,,1624907,0,2
152364,3922,379425519,GVB:54:73113,Centraal Station,73113,,0,,1624909,0,2
152364,3922,379425520,GVB:54:73146,Gein,73146,,1,,1624906,0,2
152364,3922,379425521,GVB:54:73181,Centraal Station,73181,,0,,1624908,0,2
152364,3922,379425522,GVB:54:73248,Gein,73248,,1,,1624907,0,2
152364,3922,379425523,GVB:54:73282,Centraal Station,73282,,0,,1624909,0,2
152364,3922,379425524,GVB:54:73114,Gein,73114,,1,,1624906,0,2
152364,3922,379425525,GVB:54:73215,Centraal Station,73215,,0,,1624908,0,2
152364,3922,379425526,GVB:54:73182,Gein,73182,,1,,1624907,0,2
152364,3922,379425527,GVB:54:73147,Centraal Station,73147,,0,,1624909,0,2
152364,3922,379425528,GVB:54:73283,Gein,73283,,1,,1624906,0,2
152364,3922,379425529,GVB:54:73249,Centraal Station,73249,,0,,1624908,0,2
152364,3922,379425530,GVB:54:73216,Gein,73216,,1,,1624907,0,2
152364,3922,379425531,GVB:54:73115,Centraal Station,73115,,0,,1624909,0,2
152364,3922,379425532,GVB:54:73148,Gein,73148,,1,,1624906,0,2
152364,3922,379425533,GVB:54:73183,Centraal Station,73183,,0,,1624908,0,2
152364,3922,379425534,GVB:54:73250,Gein,73250,,1,,1624907,0,2
152364,3922,379425535,GVB:54:73284,Centraal Station,73284,,0,,1624909,0,2
152364,3922,379425536,GVB:54:73116,Gein,73116,,1,,1624906,0,2
152364,3922,379425537,GVB:54:73217,Centraal Station,73217,,0,,1624908,0,2
152364,3922,379425538,GVB:54:73184,Gein,73184,,1,,1624907,0,2
152364,3922,379425539,GVB:54:73149,Centraal Station,73149,,0,,1624909,0,2
152364,3922,379425540,GVB:54:73285,Gein,73285,,1,,1624906,0,2
152364,3922,379425541,GVB:54:73251,Centraal Station,73251,,0,,1624908,0,2
152364,3922,379425542,GVB:54:73218,Gein,73218,,1,,1624907,0,2
152364,3922,379425543,GVB:54:73117,Centraal Station,73117,,0,,1624909,0,2
152364,3922,379425544,GVB:54:73150,Gein,73150,,1,,1624906,0,2
152364,3922,379425545,GVB:54:73185,Centraal Station,73185,,0,,1624908,0,2
152364,3922,379425546,GVB:54:73252,Gein,73252,,1,,1624907,0,2
152364,3922,379425547,GVB:54:73286,Centraal Station,73286,,0,,1624909,0,2
152364,3922,379425548,GVB:54:73118,Gein,73118,,1,,1624906,0,2
152364,3922,379425549,GVB:54:73219,Centraal Station,73219,,0,,1624908,0,2
152364,3922,379425550,GVB:54:73186,Gein,73186,,1,,1624907,0,2
152364,3922,379425551,GVB:54:73151,Centraal Station,73151,,0,,1624909,0,2
152364,3922,379425552,GVB:54:73287,Gein,73287,,1,,1624906,0,2
152364,3922,379425553,GVB:54:73253,Centraal Station,73253,,0,,1624908,0,2
152364,3922,379425554,GVB:54:73220,Gein,73220,,1,,1624907,0,2
152364,3922,379425555,GVB:54:73119,Centraal Station,73119,,0,,1624909,0,2
152364,3922,379425556,GVB:54:73152,Gein,73152,,1,,1624906,0,2
152364,3922,379425557,GVB:54:73187,Centraal Station,73187,,0,,1624908,0,2
152364,3922,379425558,GVB:54:73254,Gein,73254,,1,,1624907,0,2
152364,3922,379425559,GVB:54:73288,Centraal Station,73288,,0,,1624909,0,2
152364,3922,379425560,GVB:54:73120,Gein,73120,,1,,1624906,0,2
152364,3922,379425561,GVB:54:73221,Centraal Station,73221,,0,,1624908,0,2
152364,3922,379425562,GVB:54:73188,Gein,73188,,1,,1624907,0,2
152364,3922,379425563,GVB:54:73153,Centraal Station,73153,,0,,1624909,0,2
152364,3922,379425564,GVB:54:73289,Gein,73289,,1,,1624906,0,2
152364,3923,379425565,GVB:54:73592,Centraal Station,73592,,0,,1584669,0,1
152364,3923,379425566,GVB:54:73492,Gein,73492,,1,,1624902,0,1
152364,3923,379425567,GVB:54:73525,Centraal Station,73525,,0,,1624909,0,1
152364,3923,379425568,GVB:54:73658,Centraal Station,73658,,0,,1584669,0,1
152364,3923,379425569,GVB:54:73593,Gein,73593,,1,,1624906,0,1
152364,3923,379425570,GVB:54:73559,Centraal Station,73559,,0,,1624908,0,1
152364,3923,379425571,GVB:54:73659,Gein,73659,,1,,1624907,0,1
152364,3923,379425572,GVB:54:73493,Centraal Station,73493,,0,,1624909,0,1
152364,3923,379425573,GVB:54:73526,Gein,73526,,1,,1624906,0,1
152364,3923,379425574,GVB:54:73626,Centraal Station,73626,,0,,1624908,0,1
152364,3923,379425575,GVB:54:73560,Gein,73560,,1,,1624907,0,1
152364,3923,379425576,GVB:54:73594,Centraal Station,73594,,0,,1624909,0,1
152364,3923,379425577,GVB:54:73494,Gein,73494,,1,,1624906,0,1
152364,3923,379425578,GVB:54:73660,Centraal Station,73660,,0,,1624908,0,1
152364,3923,379425579,GVB:54:73627,Gein,73627,,1,,1624907,0,1
152364,3923,379425580,GVB:54:73527,Centraal Station,73527,,0,,1624909,0,1
152364,3923,379425581,GVB:54:73595,Gein,73595,,1,,1624906,0,1
152364,3923,379425582,GVB:54:73561,Centraal Station,73561,,0,,1624908,0,1
152364,3923,379425583,GVB:54:73661,Gein,73661,,1,,1624907,0,1
152364,3923,379425584,GVB:54:73495,Centraal Station,73495,,0,,1624909,0,1
152364,3923,379425585,GVB:54:73528,Gein,73528,,1,,1624906,0,1
152364,3923,379425586,GVB:54:73628,Centraal Station,73628,,0,,1624908,0,1
152364,3923,379425587,GVB:54:73562,Gein,73562,,1,,1624907,0,1
152364,3923,379425588,GVB:54:73596,Centraal Station,73596,,0,,1624909,0,1
152364,3923,379425589,GVB:54:73496,Gein,73496,,1,,1624906,0,1
152364,3923,379425590,GVB:54:73662,Centraal Station,73662,,0,,1624908,0,1
152364,3923,379425591,GVB:54:73629,Gein,73629,,1,,1624907,0,1
152364,3923,379425592,GVB:54:73529,Centraal Station,73529,,0,,1624909,0,1
152364,3923,379425593,GVB:54:73597,Gein,73597,,1,,1624906,0,1
152364,3923,379425594,GVB:54:73563,Centraal Station,73563,,0,,1624908,0,1
152364,3923,379425595,GVB:54:73663,Gein,73663,,1,,1624907,0,1
152364,3923,379425596,GVB:54:73497,Centraal Station,73497,,0,,1624909,0,1
152364,3923,379425597,GVB:54:73530,Gein,73530,,1,,1624906,0,1
152364,3923,379425598,GVB:54:73630,Centraal Station,73630,,0,,1624908,0,1
152364,3923,379425599,GVB:54:73564,Gein,73564,,1,,1624907,0,1
152364,3923,379425600,GVB:54:73598,Centraal Station,73598,,0,,1624909,0,1
152364,3923,379425601,GVB:54:73498,Gein,73498,,1,,1624906,0,1
152364,3923,379425602,GVB:54:73664,Centraal Station,73664,,0,,1624908,0,1
152364,3923,379425603,GVB:54:73631,Gein,73631,,1,,1624907,0,1
152364,3923,379425604,GVB:54:73531,Centraal Station,73531,,0,,1624909,0,1
152364,3923,379425605,GVB:54:73599,Gein,73599,,1,,1624906,0,1
152364,3923,379425606,GVB:54:73565,Centraal Station,73565,,0,,1624908,0,1
152364,3923,379425607,GVB:54:73665,Gein,73665,,1,,1624907,0,1
152364,3923,379425608,GVB:54:73499,Centraal Station,73499,,0,,1624909,0,1
152364,3923,379425609,GVB:54:73532,Gein,73532,,1,,1624906,0,1
152364,3923,379425610,GVB:54:73632,Centraal Station,73632,,0,,1624908,0,1
152364,3923,379425611,GVB:54:73566,Gein,73566,,1,,1624907,0,1
152364,3923,379425612,GVB:54:73600,Centraal Station,73600,,0,,1624909,0,1
152364,3923,379425613,GVB:54:73500,Gein,73500,,1,,1624906,0,1
152364,3923,379425614,GVB:54:73666,Centraal Station,73666,,0,,1624908,0,1
152364,3923,379425615,GVB:54:73633,Gein,73633,,1,,1624907,0,1
152364,3923,379425616,GVB:54:73533,Centraal Station,73533,,0,,1624909,0,1
152364,3923,379425617,GVB:54:73601,Gein,73601,,1,,1624906,0,1
152364,3923,379425618,GVB:54:73567,Centraal Station,73567,,0,,1624908,0,1
152364,3923,379425619,GVB:54:73667,Gein,73667,,1,,1624907,0,1
152364,3923,379425620,GVB:54:73501,Centraal Station,73501,,0,,1624909,0,1
152364,3923,379425621,GVB:54:73534,Gein,73534,,1,,1624906,0,1
152364,3923,379425622,GVB:54:73634,Centraal Station,73634,,0,,1624908,0,1
152364,3923,379425623,GVB:54:73568,Gein,73568,,1,,1624907,0,1
152364,3923,379425624,GVB:54:73602,Centraal Station,73602,,0,,1624909,0,1
152364,3923,379425625,GVB:54:73502,Gein,73502,,1,,1624906,0,1
152364,3923,379425626,GVB:54:73668,Centraal Station,73668,,0,,1624908,0,1
152364,3923,379425627,GVB:54:73635,Gein,73635,,1,,1624907,0,1
152364,3923,379425628,GVB:54:73535,Centraal Station,73535,,0,,1624909,0,1
152364,3923,379425629,GVB:54:73603,Gein,73603,,1,,1624906,0,1
152364,3923,379425630,GVB:54:73569,Centraal Station,73569,,0,,1624908,0,1
152364,3923,379425631,GVB:54:73669,Gein,73669,,1,,1624907,0,1
152364,3923,379425632,GVB:54:73503,Centraal Station,73503,,0,,1624909,0,1
152364,3923,379425633,GVB:54:73536,Gein,73536,,1,,1624906,0,1
152364,3923,379425634,GVB:54:73636,Centraal Station,73636,,0,,1624908,0,1
152364,3923,379425635,GVB:54:73570,Gein,73570,,1,,1624907,0,1
152364,3923,379425636,GVB:54:73604,Centraal Station,73604,,0,,1624909,0,1
152364,3923,379425637,GVB:54:73504,Gein,73504,,1,,1624906,0,1
152364,3923,379425638,GVB:54:73670,Centraal Station,73670,,0,,1624908,0,1
152364,3923,379425639,GVB:54:73637,Gein,73637,,1,,1624907,0,1
152364,3923,379425640,GVB:54:73537,Centraal Station,73537,,0,,1624909,0,1
152364,3923,379425641,GVB:54:73605,Gein,73605,,1,,1624906,0,1
152364,3923,379425642,GVB:54:73571,Centraal Station,73571,,0,,1624908,0,1
152364,3923,379425643,GVB:54:73671,Gein,73671,,1,,1624907,0,1
152364,3923,379425644,GVB:54:73505,Centraal Station,73505,,0,,1624909,0,1
152364,3923,379425645,GVB:54:73538,Gein,73538,,1,,1624906,0,1
152364,3923,379425646,GVB:54:73638,Centraal Station,73638,,0,,1624908,0,1
152364,3923,379425647,GVB:54:73572,Gein,73572,,1,,1624907,0,1
152364,3923,379425648,GVB:54:73606,Centraal Station,73606,,0,,1624909,0,1
152364,3923,379425649,GVB:54:73506,Gein,73506,,1,,1624906,0,1
152364,3923,379425650,GVB:54:73672,Centraal Station,73672,,0,,1624908,0,1
152364,3923,379425651,GVB:54:73639,Gein,73639,,1,,1624907,0,1
152364,3923,379425652,GVB:54:73539,Centraal Station,73539,,0,,1624909,0,1
152364,3923,379425653,GVB:54:73607,Gein,73607,,1,,1624906,0,1
152364,3923,379425654,GVB:54:73573,Centraal Station,73573,,0,,1624908,0,1
152364,3923,379425655,GVB:54:73673,Gein,73673,,1,,1624907,0,1
152364,3923,379425656,GVB:54:73507,Centraal Station,73507,,0,,1624909,0,1
152364,3923,379425657,GVB:54:73540,Gein,73540,,1,,1624906,0,1
152364,3923,379425658,GVB:54:73640,Centraal Station,73640,,0,,1624908,0,1
152364,3923,379425659,GVB:54:73574,Gein,73574,,1,,1624907,0,1
152364,3923,379425660,GVB:54:73608,Centraal Station,73608,,0,,1624909,0,1
152364,3923,379425661,GVB:54:73508,Gein,73508,,1,,1624906,0,1
152364,3923,379425662,GVB:54:73674,Centraal Station,73674,,0,,1624908,0,1
152364,3923,379425663,GVB:54:73641,Gein,73641,,1,,1624907,0,1
152364,3923,379425664,GVB:54:73541,Centraal Station,73541,,0,,1624909,0,1
152364,3923,379425665,GVB:54:73609,Gein,73609,,1,,1624906,0,1
152364,3923,379425666,GVB:54:73575,Centraal Station,73575,,0,,1624908,0,1
152364,3923,379425667,GVB:54:73675,Gein,73675,,1,,1624907,0,1
152364,3923,379425668,GVB:54:73509,Centraal Station,73509,,0,,1624909,0,1
152364,3923,379425669,GVB:54:73542,Gein,73542,,1,,1624906,0,1
152364,3923,379425670,GVB:54:73642,Centraal Station,73642,,0,,1624908,0,1
152364,3923,379425671,GVB:54:73576,Gein,73576,,1,,1624907,0,1
152364,3923,379425672,GVB:54:73610,Centraal Station,73610,,0,,1624909,0,1
152364,3923,379425673,GVB:54:73510,Gein,73510,,1,,1624906,0,1
152364,3923,379425674,GVB:54:73676,Centraal Station,73676,,0,,1624908,0,1
152364,3923,379425675,GVB:54:73643,Gein,73643,,1,,1624907,0,1
152364,3923,379425676,GVB:54:73543,Centraal Station,73543,,0,,1624909,0,1
152364,3923,379425677,GVB:54:73611,Gein,73611,,1,,1624906,0,1
152364,3923,379425678,GVB:54:73577,Centraal Station,73577,,0,,1624908,0,1
152364,3923,379425679,GVB:54:73677,Gein,73677,,1,,1624907,0,1
152364,3923,379425680,GVB:54:73511,Centraal Station,73511,,0,,1624909,0,1
152364,3923,379425681,GVB:54:73544,Gein,73544,,1,,1624906,0,1
152364,3923,379425682,GVB:54:73644,Centraal Station,73644,,0,,1624908,0,1
152364,3923,379425683,GVB:54:73578,Gein,73578,,1,,1624907,0,1
152364,3923,379425684,GVB:54:73612,Centraal Station,73612,,0,,1624909,0,1
152364,3923,379425685,GVB:54:73512,Gein,73512,,1,,1624906,0,1
152364,3923,379425686,GVB:54:73678,Centraal Station,73678,,0,,1624908,0,1
152364,3923,379425687,GVB:54:73645,Gein,73645,,1,,1624907,0,1
152364,3923,379425688,GVB:54:73545,Centraal Station,73545,,0,,1624909,0,1
152364,3923,379425689,GVB:54:73613,Gein,73613,,1,,1624906,0,1
152364,3923,379425690,GVB:54:73579,Centraal Station,73579,,0,,1624908,0,1
152364,3923,379425691,GVB:54:73679,Gein,73679,,1,,1624907,0,1
152364,3923,379425692,GVB:54:73513,Centraal Station,73513,,0,,1624909,0,1
152364,3923,379425693,GVB:54:73546,Gein,73546,,1,,1624906,0,1
152364,3923,379425694,GVB:54:73646,Centraal Station,73646,,0,,1624908,0,1
152364,3923,379425695,GVB:54:73580,Gein,73580,,1,,1624907,0,1
152364,3923,379425696,GVB:54:73614,Centraal Station,73614,,0,,1624909,0,1
152364,3923,379425697,GVB:54:73514,Gein,73514,,1,,1624906,0,1
152364,3923,379425698,GVB:54:73680,Centraal Station,73680,,0,,1624908,0,1
152364,3923,379425699,GVB:54:73647,Gein,73647,,1,,1624907,0,1
152364,3923,379425700,GVB:54:73547,Centraal Station,73547,,0,,1624909,0,1
152364,3923,379425701,GVB:54:73615,Gein,73615,,1,,1624906,0,1
152364,3923,379425702,GVB:54:73581,Centraal Station,73581,,0,,1624908,0,1
152364,3923,379425703,GVB:54:73681,Gein,73681,,1,,1624907,0,1
152364,3923,379425704,GVB:54:73515,Centraal Station,73515,,0,,1624909,0,1
152364,3923,379425705,GVB:54:73548,Gein,73548,,1,,1624906,0,1
152364,3923,379425706,GVB:54:73648,Centraal Station,73648,,0,,1624908,0,1
152364,3923,379425707,GVB:54:73582,Gein,73582,,1,,1624907,0,1
152364,3923,379425708,GVB:54:73616,Centraal Station,73616,,0,,1624909,0,1
152364,3923,379425709,GVB:54:73516,Gein,73516,,1,,1624906,0,1
152364,3923,379425710,GVB:54:73682,Centraal Station,73682,,0,,1624908,0,1
152364,3923,379425711,GVB:54:73649,Gein,73649,,1,,1624907,0,1
152364,3923,379425712,GVB:54:73549,Centraal Station,73549,,0,,1624909,0,1
152364,3923,379425713,GVB:54:73617,Gein,73617,,1,,1624906,0,1
152364,3923,379425714,GVB:54:73583,Centraal Station,73583,,0,,1624908,0,1
152364,3923,379425715,GVB:54:73683,Gein,73683,,1,,1624907,0,1
152364,3923,379425716,GVB:54:73517,Centraal Station,73517,,0,,1624909,0,1
152364,3923,379425717,GVB:54:73550,Gein,73550,,1,,1624906,0,1
152364,3923,379425718,GVB:54:73650,Centraal Station,73650,,0,,1624908,0,1
152364,3923,379425719,GVB:54:73584,Gein,73584,,1,,1624907,0,1
152364,3923,379425720,GVB:54:73618,Centraal Station,73618,,0,,1624909,0,1
152364,3923,379425721,GVB:54:73518,Gein,73518,,1,,1624906,0,1
152364,3923,379425722,GVB:54:73684,Centraal Station,73684,,0,,1624908,0,1
152364,3923,379425723,GVB:54:73651,Gein,73651,,1,,1624907,0,1
152364,3923,379425724,GVB:54:73551,Centraal Station,73551,,0,,1624909,0,1
152364,3923,379425725,GVB:54:73619,Gein,73619,,1,,1624906,0,1
152364,3923,379425726,GVB:54:73585,Centraal Station,73585,,0,,1624908,0,1
152364,3923,379425727,GVB:54:73685,Gein,73685,,1,,1624907,0,1
152364,3923,379425728,GVB:54:73519,Centraal Station,73519,,0,,1624909,0,1
152364,3923,379425729,GVB:54:73552,Gein,73552,,1,,1624906,0,1
152364,3923,379425730,GVB:54:73652,Centraal Station,73652,,0,,1624908,0,1
152364,3923,379425731,GVB:54:73586,Gein,73586,,1,,1624907,0,1
152364,3923,379425732,GVB:54:73620,Centraal Station,73620,,0,,1624909,0,1
152364,3923,379425733,GVB:54:73520,Gein,73520,,1,,1624906,0,1
152364,3923,379425734,GVB:54:73686,Centraal Station,73686,,0,,1624908,0,1
152364,3923,379425735,GVB:54:73653,Gein,73653,,1,,1624907,0,1
152364,3923,379425736,GVB:54:73553,Centraal Station,73553,,0,,1624909,0,1
152364,3923,379425737,GVB:54:73621,Gein,73621,,1,,1624906,0,1
152364,3923,379425738,GVB:54:73587,Centraal Station,73587,,0,,1624908,0,1
152364,3923,379425739,GVB:54:73687,Gein,73687,,1,,1624907,0,1
152364,3923,379425740,GVB:54:73521,Centraal Station,73521,,0,,1624909,0,1
152364,3923,379425741,GVB:54:73554,Gein,73554,,1,,1624906,0,1
152364,3923,379425742,GVB:54:73654,Centraal Station,73654,,0,,1624908,0,1
152364,3923,379425743,GVB:54:73588,Gein,73588,,1,,1624907,0,1
152364,3923,379425744,GVB:54:73622,Centraal Station,73622,,0,,1624909,0,1
152364,3923,379425745,GVB:54:73522,Gein,73522,,1,,1624906,0,1
152364,3923,379425746,GVB:54:73688,Centraal Station,73688,,0,,1624908,0,1
152364,3923,379425747,GVB:54:73655,Gein,73655,,1,,1624907,0,1
152364,3923,379425748,GVB:54:73555,Centraal Station,73555,,0,,1624909,0,1
152364,3923,379425749,GVB:54:73623,Gein,73623,,1,,1624906,0,1
152364,3927,379425750,GVB:54:73946,Centraal Station,73946,,0,,1584669,0,1
152364,3927,379425751,GVB:54:74040,Gein,74040,,1,,1584639,0,1
152364,3927,379425752,GVB:54:73914,Centraal Station,73914,,0,,1624908,0,1
152364,3927,379425753,GVB:54:74008,Centraal Station,74008,,0,,1584669,0,1
152364,3927,379425754,GVB:54:73947,Gein,73947,,1,,1624907,0,1
152364,3927,379425755,GVB:54:73882,Centraal Station,73882,,0,,1624909,0,1
152364,3927,379425756,GVB:54:74009,Gein,74009,,1,,1624906,0,1
152364,3927,379425757,GVB:54:74041,Centraal Station,74041,,0,,1624908,0,1
152364,3927,379425758,GVB:54:73915,Gein,73915,,1,,1624907,0,1
152364,3927,379425759,GVB:54:73978,Centraal Station,73978,,0,,1624909,0,1
152364,3927,379425760,GVB:54:73883,Gein,73883,,1,,1624906,0,1
152364,3927,379425761,GVB:54:73948,Centraal Station,73948,,0,,1624908,0,1
152364,3927,379425762,GVB:54:74042,Gein,74042,,1,,1624907,0,1
152364,3927,379425763,GVB:54:74010,Centraal Station,74010,,0,,1624909,0,1
152364,3927,379425764,GVB:54:73979,Gein,73979,,1,,1624906,0,1
152364,3927,379425765,GVB:54:73916,Centraal Station,73916,,0,,1624908,0,1
152364,3927,379425766,GVB:54:73949,Gein,73949,,1,,1624907,0,1
152364,3927,379425767,GVB:54:73884,Centraal Station,73884,,0,,1624909,0,1
152364,3927,379425768,GVB:54:74011,Gein,74011,,1,,1624906,0,1
152364,3927,379425769,GVB:54:74043,Centraal Station,74043,,0,,1624908,0,1
152364,3927,379425770,GVB:54:73917,Gein,73917,,1,,1624907,0,1
152364,3927,379425771,GVB:54:73980,Centraal Station,73980,,0,,1624909,0,1
152364,3927,379425772,GVB:54:73885,Gein,73885,,1,,1624906,0,1
152364,3927,379425773,GVB:54:73950,Centraal Station,73950,,0,,1624908,0,1
152364,3927,379425774,GVB:54:74044,Gein,74044,,1,,1624907,0,1
152364,3927,379425775,GVB:54:74012,Centraal Station,74012,,0,,1624909,0,1
152364,3927,379425776,GVB:54:73981,Gein,73981,,1,,1624906,0,1
152364,3927,379425777,GVB:54:73918,Centraal Station,73918,,0,,1624908,0,1
152364,3927,379425778,GVB:54:73951,Gein,73951,,1,,1624907,0,1
152364,3927,379425779,GVB:54:73886,Centraal Station,73886,,0,,1624909,0,1
152364,3927,379425780,GVB:54:74013,Gein,74013,,1,,1624906,0,1
152364,3927,379425781,GVB:54:74045,Centraal Station,74045,,0,,1624908,0,1
152364,3927,379425782,GVB:54:73919,Gein,73919,,1,,1624907,0,1
152364,3927,379425783,GVB:54:73982,Centraal Station,73982,,0,,1624909,0,1
152364,3927,379425784,GVB:54:73887,Gein,73887,,1,,1624906,0,1
152364,3927,379425785,GVB:54:73952,Centraal Station,73952,,0,,1624908,0,1
152364,3927,379425786,GVB:54:74046,Gein,74046,,1,,1624907,0,1
152364,3927,379425787,GVB:54:74014,Centraal Station,74014,,0,,1624909,0,1
152364,3927,379425788,GVB:54:73983,Gein,73983,,1,,1624906,0,1
152364,3927,379425789,GVB:54:73920,Centraal Station,73920,,0,,1624908,0,1
152364,3927,379425790,GVB:54:73953,Gein,73953,,1,,1624907,0,1
152364,3927,379425791,GVB:54:73888,Centraal Station,73888,,0,,1624909,0,1
152364,3927,379425792,GVB:54:74015,Gein,74015,,1,,1624906,0,1
152364,3927,379425793,GVB:54:74047,Centraal Station,74047,,0,,1624908,0,1
152364,3927,379425794,GVB:54:73921,Gein,73921,,1,,1624907,0,1
152364,3927,379425795,GVB:54:73984,Centraal Station,73984,,0,,1624909,0,1
152364,3927,379425796,GVB:54:73889,Gein,73889,,1,,1624906,0,1
152364,3927,379425797,GVB:54:73954,Centraal Station,73954,,0,,1624908,0,1
152364,3927,379425798,GVB:54:74048,Gein,74048,,1,,1624907,0,1
152364,3927,379425799,GVB:54:74016,Centraal Station,74016,,0,,1624909,0,1
152364,3927,379425800,GVB:54:73985,Gein,73985,,1,,1624906,0,1
152364,3927,379425801,GVB:54:73922,Centraal Station,73922,,0,,1624908,0,1
152364,3927,379425802,GVB:54:73955,Gein,73955,,1,,1624907,0,1
152364,3927,379425803,GVB:54:73890,Centraal Station,73890,,0,,1624909,0,1
152364,3927,379425804,GVB:54:74017,Gein,74017,,1,,1624906,0,1
152364,3927,379425805,GVB:54:74049,Centraal Station,74049,,0,,1624908,0,1
152364,3927,379425806,GVB:54:73923,Gein,73923,,1,,1624907,0,1
152364,3927,379425807,GVB:54:73986,Centraal Station,73986,,0,,1624909,0,1
152364,3927,379425808,GVB:54:73891,Gein,73891,,1,,1624906,0,1
152364,3927,379425809,GVB:54:73956,Centraal Station,73956,,0,,1624908,0,1
152364,3927,379425810,GVB:54:74050,Gein,74050,,1,,1624907,0,1
152364,3927,379425811,GVB:54:74018,Centraal Station,74018,,0,,1624909,0,1
152364,3927,379425812,GVB:54:73987,Gein,73987,,1,,1624906,0,1
152364,3927,379425813,GVB:54:73924,Centraal Station,73924,,0,,1624908,0,1
152364,3927,379425814,GVB:54:73957,Gein,73957,,1,,1624907,0,1
152364,3927,379425815,GVB:54:73892,Centraal Station,73892,,0,,1624909,0,1
152364,3927,379425816,GVB:54:74019,Gein,74019,,1,,1624906,0,1
152364,3927,379425817,GVB:54:74051,Centraal Station,74051,,0,,1624908,0,1
152364,3927,379425818,GVB:54:73925,Gein,73925,,1,,1624907,0,1
152364,3927,379425819,GVB:54:73988,Centraal Station,73988,,0,,1624909,0,1
152364,3927,379425820,GVB:54:73893,Gein,73893,,1,,1624906,0,1
152364,3927,379425821,GVB:54:73958,Centraal Station,73958,,0,,1624908,0,1
152364,3927,379425822,GVB:54:74052,Gein,74052,,1,,1624907,0,1
152364,3927,379425823,GVB:54:74020,Centraal Station,74020,,0,,1624909,0,1
152364,3927,379425824,GVB:54:73989,Gein,73989,,1,,1624906,0,1
152364,3927,379425825,GVB:54:73926,Centraal Station,73926,,0,,1624908,0,1
152364,3927,379425826,GVB:54:73959,Gein,73959,,1,,1624907,0,1
152364,3927,379425827,GVB:54:73894,Centraal Station,73894,,0,,1624909,0,1
152364,3927,379425828,GVB:54:74021,Gein,74021,,1,,1624906,0,1
152364,3927,379425829,GVB:54:74053,Centraal Station,74053,,0,,1624908,0,1
152364,3927,379425830,GVB:54:73927,Gein,73927,,1,,1624907,0,1
152364,3927,379425831,GVB:54:73990,Centraal Station,73990,,0,,1624909,0,1
152364,3927,379425832,GVB:54:73895,Gein,73895,,1,,1624906,0,1
152364,3927,379425833,GVB:54:73960,Centraal Station,73960,,0,,1624908,0,1
152364,3927,379425834,GVB:54:74054,Gein,74054,,1,,1624907,0,1
152364,3927,379425835,GVB:54:74022,Centraal Station,74022,,0,,1624909,0,1
152364,3927,379425836,GVB:54:73991,Gein,73991,,1,,1624906,0,1
152364,3927,379425837,GVB:54:73928,Centraal Station,73928,,0,,1624908,0,1
152364,3927,379425838,GVB:54:73961,Gein,73961,,1,,1624907,0,1
152364,3927,379425839,GVB:54:73896,Centraal Station,73896,,0,,1624909,0,1
152364,3927,379425840,GVB:54:74023,Gein,74023,,1,,1624906,0,1
152364,3927,379425841,GVB:54:74055,Centraal Station,74055,,0,,1624908,0,1
152364,3927,379425842,GVB:54:73929,Gein,73929,,1,,1624907,0,1
152364,3927,379425843,GVB:54:73992,Centraal Station,73992,,0,,1624909,0,1
152364,3927,379425844,GVB:54:73897,Gein,73897,,1,,1624906,0,1
152364,3927,379425845,GVB:54:73962,Centraal Station,73962,,0,,1624908,0,1
152364,3927,379425846,GVB:54:74056,Gein,74056,,1,,1624907,0,1
152364,3927,379425847,GVB:54:74024,Centraal Station,74024,,0,,1624909,0,1
152364,3927,379425848,GVB:54:73993,Gein,73993,,1,,1624906,0,1
152364,3927,379425849,GVB:54:73930,Centraal Station,73930,,0,,1624908,0,1
152364,3927,379425850,GVB:54:73963,Gein,73963,,1,,1624907,0,1
152364,3927,379425851,GVB:54:73898,Centraal Station,73898,,0,,1624909,0,1
152364,3927,379425852,GVB:54:74025,Gein,74025,,1,,1624906,0,1
152364,3927,379425853,GVB:54:74057,Centraal Station,74057,,0,,1624908,0,1
152364,3927,379425854,GVB:54:73931,Gein,73931,,1,,1624907,0,1
152364,3927,379425855,GVB:54:73994,Centraal Station,73994,,0,,1624909,0,1
152364,3927,379425856,GVB:54:73899,Gein,73899,,1,,1624906,0,1
152364,3927,379425857,GVB:54:73964,Centraal Station,73964,,0,,1624908,0,1
152364,3927,379425858,GVB:54:74058,Gein,74058,,1,,1624907,0,1
152364,3927,379425859,GVB:54:74026,Centraal Station,74026,,0,,1624909,0,1
152364,3927,379425860,GVB:54:73995,Gein,73995,,1,,1624906,0,1
152364,3927,379425861,GVB:54:73932,Centraal Station,73932,,0,,1624908,0,1
152364,3927,379425862,GVB:54:73965,Gein,73965,,1,,1624907,0,1
152364,3927,379425863,GVB:54:73900,Centraal Station,73900,,0,,1624909,0,1
152364,3927,379425864,GVB:54:74027,Gein,74027,,1,,1624906,0,1
152364,3927,379425865,GVB:54:74059,Centraal Station,74059,,0,,1624908,0,1
152364,3927,379425866,GVB:54:73933,Gein,73933,,1,,1624907,0,1
152364,3927,379425867,GVB:54:73996,Centraal Station,73996,,0,,1624909,0,1
152364,3927,379425868,GVB:54:73901,Gein,73901,,1,,1624906,0,1
152364,3927,379425869,GVB:54:73966,Centraal Station,73966,,0,,1624908,0,1
152364,3927,379425870,GVB:54:74060,Gein,74060,,1,,1624907,0,1
152364,3927,379425871,GVB:54:74028,Centraal Station,74028,,0,,1624909,0,1
152364,3927,379425872,GVB:54:73997,Gein,73997,,1,,1624906,0,1
152364,3927,379425873,GVB:54:73934,Centraal Station,73934,,0,,1624908,0,1
152364,3927,379425874,GVB:54:73967,Gein,73967,,1,,1624907,0,1
152364,3927,379425875,GVB:54:73902,Centraal Station,73902,,0,,1624909,0,1
152364,3927,379425876,GVB:54:74029,Gein,74029,,1,,1624906,0,1
152364,3927,379425877,GVB:54:74061,Centraal Station,74061,,0,,1624908,0,1
152364,3927,379425878,GVB:54:73935,Gein,73935,,1,,1624907,0,1
152364,3927,379425879,GVB:54:73998,Centraal Station,73998,,0,,1624909,0,1
152364,3927,379425880,GVB:54:73903,Gein,73903,,1,,1624906,0,1
152364,3927,379425881,GVB:54:73968,Centraal Station,73968,,0,,1624908,0,1
152364,3927,379425882,GVB:54:74062,Gein,74062,,1,,1624907,0,1
152364,3927,379425883,GVB:54:74030,Centraal Station,74030,,0,,1624909,0,1
152364,3927,379425884,GVB:54:73999,Gein,73999,,1,,1624906,0,1
152364,3927,379425885,GVB:54:73936,Centraal Station,73936,,0,,1624908,0,1
152364,3927,379425886,GVB:54:73969,Gein,73969,,1,,1624907,0,1
152364,3927,379425887,GVB:54:73904,Centraal Station,73904,,0,,1624909,0,1
152364,3927,379425888,GVB:54:74031,Gein,74031,,1,,1624906,0,1
152364,3927,379425889,GVB:54:74063,Centraal Station,74063,,0,,1624908,0,1
152364,3927,379425890,GVB:54:73937,Gein,73937,,1,,1624907,0,1
152364,3927,379425891,GVB:54:74000,Centraal Station,74000,,0,,1624909,0,1
152364,3927,379425892,GVB:54:73905,Gein,73905,,1,,1624906,0,1
152364,3927,379425893,GVB:54:73970,Centraal Station,73970,,0,,1624908,0,1
152364,3927,379425894,GVB:54:74064,Gein,74064,,1,,1624907,0,1
152364,3927,379425895,GVB:54:74032,Centraal Station,74032,,0,,1624909,0,1
152364,3927,379425896,GVB:54:74001,Gein,74001,,1,,1624906,0,1
152364,3927,379425897,GVB:54:73938,Centraal Station,73938,,0,,1624908,0,1
152364,3927,379425898,GVB:54:73971,Gein,73971,,1,,1624907,0,1
152364,3927,379425899,GVB:54:73906,Centraal Station,73906,,0,,1624909,0,1
152364,3927,379425900,GVB:54:74033,Gein,74033,,1,,1624906,0,1
152364,3927,379425901,GVB:54:74065,Centraal Station,74065,,0,,1624908,0,1
152364,3927,379425902,GVB:54:73939,Gein,73939,,1,,1624907,0,1
152364,3927,379425903,GVB:54:74002,Centraal Station,74002,,0,,1624909,0,1
152364,3927,379425904,GVB:54:73907,Gein,73907,,1,,1624906,0,1
152364,3927,379425905,GVB:54:73972,Centraal Station,73972,,0,,1624908,0,1
152364,3927,379425906,GVB:54:74066,Gein,74066,,1,,1624907,0,1
152364,3927,379425907,GVB:54:74034,Centraal Station,74034,,0,,1624909,0,1
152364,3927,379425908,GVB:54:74003,Gein,74003,,1,,1624906,0,1
152364,3927,379425909,GVB:54:73940,Centraal Station,73940,,0,,1624908,0,1
152364,3927,379425910,GVB:54:73973,Gein,73973,,1,,1624907,0,1
152364,3927,379425911,GVB:54:73908,Centraal Station,73908,,0,,1624909,0,1
152364,3927,379425912,GVB:54:74035,Gein,74035,,1,,1624906,0,1
152364,3927,379425913,GVB:54:74067,Centraal Station,74067,,0,,1624908,0,1
152364,3927,379425914,GVB:54:73941,Gein,73941,,1,,1624907,0,1
152364,3927,379425915,GVB:54:74004,Centraal Station,74004,,0,,1624909,0,1
152364,3927,379425916,GVB:54:73909,Gein,73909,,1,,1624906,0,1
152364,3927,379425917,GVB:54:73974,Centraal Station,73974,,0,,1624908,0,1
152364,3927,379425918,GVB:54:74068,Gein,74068,,1,,1624907,0,1
152364,3927,379425919,GVB:54:74036,Centraal Station,74036,,0,,1624909,0,1
152364,3927,379425920,GVB:54:74005,Gein,74005,,1,,1624906,0,1
152364,3927,379425921,GVB:54:73942,Centraal Station,73942,,0,,1624908,0,1
152364,3927,379425922,GVB:54:73975,Gein,73975,,1,,1624907,0,1
152364,3927,379425923,GVB:54:73910,Centraal Station,73910,,0,,1624909,0,1
152364,3927,379425924,GVB:54:74037,Gein,74037,,1,,1624906,0,1
152364,3656,379435789,GVB:54:69815,Centraal Station,69815,,0,,1584669,0,2
152364,3656,379435790,GVB:54:69926,Centraal Station,69926,,0,,1584633,0,2
152364,3656,379435791,GVB:54:70073,Gein,70073,,1,,1584639,0,2
152364,3656,379435792,GVB:54:69962,Centraal Station,69962,,0,,1584669,0,2
152364,3656,379435793,GVB:54:69816,Gein,69816,,1,,1584637,0,2
152364,3656,379435794,GVB:54:70000,Centraal Station,70000,,0,,1584633,0,2
152364,3656,379435795,GVB:54:70036,Gein,70036,,1,,1584639,0,2
152364,3656,379435796,GVB:54:70257,Centraal Station,70257,,0,,1584669,0,2
152364,3656,379435797,GVB:54:69963,Gein,69963,,1,,1584637,0,2
152364,3656,379435798,GVB:54:70074,Centraal Station,70074,,0,,1584633,0,2
152364,3656,379435799,GVB:54:70258,Gein,70258,,1,,1584637,0,2
152364,3656,379435800,GVB:54:70037,Centraal Station,70037,,0,,1584633,0,2
152364,3656,379435801,GVB:54:69890,Gein,69890,,1,,1584637,0,2
152364,3656,379435802,GVB:54:69817,Centraal Station,69817,,0,,1584633,0,2
152364,3656,379435803,GVB:54:70221,Gein,70221,,1,,1584637,0,2
152364,3656,379435804,GVB:54:69964,Centraal Station,69964,,0,,1584633,0,2
152364,3656,379435805,GVB:54:69854,Gein,69854,,1,,1584637,0,2
152364,3656,379435806,GVB:54:70259,Centraal Station,70259,,0,,1584633,0,2
152364,3656,379435807,GVB:54:70111,Gein,70111,,1,,1584637,0,2
152364,3656,379435808,GVB:54:69891,Centraal Station,69891,,0,,1584633,0,2
152364,3656,379435809,GVB:54:70147,Gein,70147,,1,,1584637,0,2
152364,3656,379435810,GVB:54:70222,Centraal Station,70222,,0,,1584633,0,2
152364,3656,379435811,GVB:54:70185,Gein,70185,,1,,1584637,0,2
152364,3656,379435812,GVB:54:69855,Centraal Station,69855,,0,,1584633,0,2
152364,3656,379435813,GVB:54:69929,Gein,69929,,1,,1584637,0,2
152364,3656,379435814,GVB:54:70112,Centraal Station,70112,,0,,1584633,0,2
152364,3656,379435815,GVB:54:70003,Gein,70003,,1,,1584637,0,2
152364,3656,379435816,GVB:54:70148,Centraal Station,70148,,0,,1584633,0,2
152364,3656,379435817,GVB:54:70077,Gein,70077,,1,,1584637,0,2
152364,3656,379435818,GVB:54:70186,Centraal Station,70186,,0,,1584633,0,2
152364,3656,379435819,GVB:54:70040,Gein,70040,,1,,1584637,0,2
152364,3656,379435820,GVB:54:69930,Centraal Station,69930,,0,,1584633,0,2
152364,3656,379435821,GVB:54:69820,Gein,69820,,1,,1584637,0,2
152364,3656,379435822,GVB:54:70004,Centraal Station,70004,,0,,1584633,0,2
152364,3656,379435823,GVB:54:69967,Gein,69967,,1,,1584637,0,2
152364,3656,379435824,GVB:54:70078,Centraal Station,70078,,0,,1584633,0,2
152364,3656,379435825,GVB:54:70262,Gein,70262,,1,,1584637,0,2
152364,3656,379435826,GVB:54:70041,Centraal Station,70041,,0,,1584633,0,2
152364,3656,379435827,GVB:54:69894,Gein,69894,,1,,1584637,0,2
152364,3656,379435828,GVB:54:69821,Centraal Station,69821,,0,,1584633,0,2
152364,3656,379435829,GVB:54:70225,Gein,70225,,1,,1584637,0,2
152364,3656,379435830,GVB:54:69968,Centraal Station,69968,,0,,1584633,0,2
152364,3656,379435831,GVB:54:69858,Gein,69858,,1,,1584637,0,2
152364,3656,379435832,GVB:54:70263,Centraal Station,70263,,0,,1584633,0,2
152364,3656,379435833,GVB:54:70115,Gein,70115,,1,,1584637,0,2
152364,3656,379435834,GVB:54:69895,Centraal Station,69895,,0,,1584633,0,2
152364,3656,379435835,GVB:54:70151,Gein,70151,,1,,1584637,0,2
152364,3656,379435836,GVB:54:70226,Centraal Station,70226,,0,,1584633,0,2
152364,3656,379435837,GVB:54:70189,Gein,70189,,1,,1584637,0,2
152364,3656,379435838,GVB:54:69859,Centraal Station,69859,,0,,1584633,0,2
152364,3656,379435839,GVB:54:69933,Gein,69933,,1,,1584637,0,2
152364,3656,379435840,GVB:54:70116,Centraal Station,70116,,0,,1584633,0,2
152364,3656,379435841,GVB:54:70007,Gein,70007,,1,,1584637,0,2
152364,3656,379435842,GVB:54:70152,Centraal Station,70152,,0,,1584633,0,2
152364,3656,379435843,GVB:54:70081,Gein,70081,,1,,1584637,0,2
152364,3656,379435844,GVB:54:70190,Centraal Station,70190,,0,,1584633,0,2
152364,3656,379435845,GVB:54:70044,Gein,70044,,1,,1584637,0,2
152364,3656,379435846,GVB:54:69934,Centraal Station,69934,,0,,1584633,0,2
152364,3656,379435847,GVB:54:69824,Gein,69824,,1,,1584637,0,2
152364,3656,379435848,GVB:54:70008,Centraal Station,70008,,0,,1584633,0,2
152364,3656,379435849,GVB:54:69971,Gein,69971,,1,,1584637,0,2
152364,3656,379435850,GVB:54:70082,Centraal Station,70082,,0,,1584633,0,2
152364,3656,379435851,GVB:54:70266,Gein,70266,,1,,1584637,0,2
152364,3656,379435852,GVB:54:70045,Centraal Station,70045,,0,,1584633,0,2
152364,3656,379435853,GVB:54:69898,Gein,69898,,1,,1584637,0,2
152364,3656,379435854,GVB:54:69825,Centraal Station,69825,,0,,1584633,0,2
152364,3656,379435855,GVB:54:70229,Gein,70229,,1,,1584637,0,2
152364,3656,379435856,GVB:54:69972,Centraal Station,69972,,0,,1584633,0,2
152364,3656,379435857,GVB:54:69862,Gein,69862,,1,,1584637,0,2
152364,3656,379435858,GVB:54:70267,Centraal Station,70267,,0,,1584633,0,2
152364,3656,379435859,GVB:54:70119,Gein,70119,,1,,1584637,0,2
152364,3656,379435860,GVB:54:69899,Centraal Station,69899,,0,,1584633,0,2
152364,3656,379435861,GVB:54:70155,Gein,70155,,1,,1584637,0,2
152364,3656,379435862,GVB:54:70230,Centraal Station,70230,,0,,1584633,0,2
152364,3656,379435863,GVB:54:70193,Gein,70193,,1,,1584637,0,2
152364,3656,379435864,GVB:54:69863,Centraal Station,69863,,0,,1584633,0,2
152364,3656,379435865,GVB:54:69937,Gein,69937,,1,,1584637,0,2
152364,3656,379435866,GVB:54:70120,Centraal Station,70120,,0,,1584633,0,2
152364,3656,379435867,GVB:54:70011,Gein,70011,,1,,1584637,0,2
152364,3656,379435868,GVB:54:70156,Centraal Station,70156,,0,,1584633,0,2
152364,3656,379435869,GVB:54:70085,Gein,70085,,1,,1584637,0,2
152364,3656,379435870,GVB:54:70194,Centraal Station,70194,,0,,1584633,0,2
152364,3656,379435871,GVB:54:70048,Gein,70048,,1,,1584637,0,2
152364,3656,379435872,GVB:54:69938,Centraal Station,69938,,0,,1584633,0,2
152364,3656,379435873,GVB:54:69828,Gein,69828,,1,,1584637,0,2
152364,3656,379435874,GVB:54:70012,Centraal Station,70012,,0,,1584633,0,2
152364,3656,379435875,GVB:54:69975,Gein,69975,,1,,1584637,0,2
152364,3656,379435876,GVB:54:70086,Centraal Station,70086,,0,,1584633,0,2
152364,3656,379435877,GVB:54:70270,Gein,70270,,1,,1584637,0,2
152364,3656,379435878,GVB:54:70049,Centraal Station,70049,,0,,1584633,0,2
152364,3656,379435879,GVB:54:69902,Gein,69902,,1,,1584637,0,2
152364,3656,379435880,GVB:54:69829,Centraal Station,69829,,0,,1584633,0,2
152364,3656,379435881,GVB:54:70233,Gein,70233,,1,,1584637,0,2
152364,3656,379435882,GVB:54:69976,Centraal Station,69976,,0,,1584633,0,2
152364,3656,379435883,GVB:54:69866,Gein,69866,,1,,1584637,0,2
152364,3656,379435884,GVB:54:70271,Centraal Station,70271,,0,,1584633,0,2
152364,3656,379435885,GVB:54:70123,Gein,70123,,1,,1584637,0,2
152364,3656,379435886,GVB:54:69903,Centraal Station,69903,,0,,1584633,0,2
152364,3656,379435887,GVB:54:70159,Gein,70159,,1,,1584637,0,2
152364,3656,379435888,GVB:54:70234,Centraal Station,70234,,0,,1584633,0,2
152364,3656,379435889,GVB:54:70197,Gein,70197,,1,,1584637,0,2
152364,3656,379435890,GVB:54:69867,Centraal Station,69867,,0,,1584633,0,2
152364,3656,379435891,GVB:54:69941,Gein,69941,,1,,1584637,0,2
152364,3656,379435892,GVB:54:70124,Centraal Station,70124,,0,,1584633,0,2
152364,3656,379435893,GVB:54:70015,Gein,70015,,1,,1584637,0,2
152364,3656,379435894,GVB:54:70160,Centraal Station,70160,,0,,1584633,0,2
152364,3656,379435895,GVB:54:70089,Gein,70089,,1,,1584637,0,2
152364,3656,379435896,GVB:54:70198,Centraal Station,70198,,0,,1584633,0,2
152364,3656,379435897,GVB:54:70052,Gein,70052,,1,,1584637,0,2
152364,3656,379435898,GVB:54:69942,Centraal Station,69942,,0,,1584633,0,2
152364,3656,379435899,GVB:54:69832,Gein,69832,,1,,1584637,0,2
152364,3656,379435900,GVB:54:70016,Centraal Station,70016,,0,,1584633,0,2
152364,3656,379435901,GVB:54:69979,Gein,69979,,1,,1584637,0,2
152364,3656,379435902,GVB:54:70090,Centraal Station,70090,,0,,1584633,0,2
152364,3656,379435903,GVB:54:70274,Gein,70274,,1,,1584637,0,2
152364,3656,379435904,GVB:54:70053,Centraal Station,70053,,0,,1584633,0,2
152364,3656,379435905,GVB:54:69906,Gein,69906,,1,,1584637,0,2
152364,3656,379435906,GVB:54:69833,Centraal Station,69833,,0,,1584633,0,2
152364,3656,379435907,GVB:54:70237,Gein,70237,,1,,1584637,0,2
152364,3656,379435908,GVB:54:69980,Centraal Station,69980,,0,,1584633,0,2
152364,3656,379435909,GVB:54:69870,Gein,69870,,1,,1584637,0,2
152364,3656,379435910,GVB:54:70275,Centraal Station,70275,,0,,1584633,0,2
152364,3656,379435911,GVB:54:70127,Gein,70127,,1,,1584637,0,2
152364,3656,379435912,GVB:54:69907,Centraal Station,69907,,0,,1584633,0,2
152364,3656,379435913,GVB:54:70163,Gein,70163,,1,,1584637,0,2
152364,3656,379435914,GVB:54:70238,Centraal Station,70238,,0,,1584633,0,2
152364,3656,379435915,GVB:54:70201,Gein,70201,,1,,1584637,0,2
152364,3656,379435916,GVB:54:69871,Centraal Station,69871,,0,,1584633,0,2
152364,3656,379435917,GVB:54:69945,Gein,69945,,1,,1584637,0,2
152364,3656,379435918,GVB:54:70128,Centraal Station,70128,,0,,1584633,0,2
152364,3656,379435919,GVB:54:70019,Gein,70019,,1,,1584637,0,2
152364,3656,379435920,GVB:54:70164,Centraal Station,70164,,0,,1584633,0,2
152364,3656,379435921,GVB:54:70093,Gein,70093,,1,,1584637,0,2
152364,3656,379435922,GVB:54:70202,Centraal Station,70202,,0,,1584633,0,2
152364,3656,379435923,GVB:54:70056,Gein,70056,,1,,1584637,0,2
152364,3656,379435924,GVB:54:69946,Centraal Station,69946,,0,,1584633,0,2
152364,3656,379435925,GVB:54:69836,Gein,69836,,1,,1584637,0,2
152364,3656,379435926,GVB:54:70020,Centraal Station,70020,,0,,1584633,0,2
152364,3656,379435927,GVB:54:69983,Gein,69983,,1,,1584637,0,2
152364,3656,379435928,GVB:54:70094,Centraal Station,70094,,0,,1584633,0,2
152364,3656,379435929,GVB:54:70278,Gein,70278,,1,,1584637,0,2
152364,3656,379435930,GVB:54:70057,Centraal Station,70057,,0,,1584633,0,2
152364,3656,379435931,GVB:54:69910,Gein,69910,,1,,1584637,0,2
152364,3656,379435932,GVB:54:69837,Centraal Station,69837,,0,,1584633,0,2
152364,3656,379435933,GVB:54:70241,Gein,70241,,1,,1584637,0,2
152364,3656,379435934,GVB:54:69984,Centraal Station,69984,,0,,1584633,0,2
152364,3656,379435935,GVB:54:69874,Gein,69874,,1,,1584637,0,2
152364,3656,379435936,GVB:54:70279,Centraal Station,70279,,0,,1584633,0,2
152364,3656,379435937,GVB:54:70131,Gein,70131,,1,,1584637,0,2
152364,3656,379435938,GVB:54:69911,Centraal Station,69911,,0,,1584633,0,2
152364,3656,379435939,GVB:54:70167,Gein,70167,,1,,1584637,0,2
152364,3656,379435940,GVB:54:70242,Centraal Station,70242,,0,,1584633,0,2
152364,3656,379435941,GVB:54:70205,Gein,70205,,1,,1584637,0,2
152364,3656,379435942,GVB:54:69875,Centraal Station,69875,,0,,1584633,0,2
152364,3656,379435943,GVB:54:69949,Gein,69949,,1,,1584637,0,2
152364,3656,379435944,GVB:54:70132,Centraal Station,70132,,0,,1584633,0,2
152364,3656,379435945,GVB:54:70023,Gein,70023,,1,,1584637,0,2
152364,3656,379435946,GVB:54:70168,Centraal Station,70168,,0,,1584633,0,2
152364,3656,379435947,GVB:54:70097,Gein,70097,,1,,1584637,0,2
152364,3656,379435948,GVB:54:70206,Centraal Station,70206,,0,,1584633,0,2
152364,3656,379435949,GVB:54:70060,Gein,70060,,1,,1584637,0,2
152364,3656,379435950,GVB:54:69950,Centraal Station,69950,,0,,1584633,0,2
152364,3656,379435951,GVB:54:69840,Gein,69840,,1,,1584637,0,2
152364,3656,379435952,GVB:54:70024,Centraal Station,70024,,0,,1584633,0,2
152364,3656,379435953,GVB:54:69987,Gein,69987,,1,,1584637,0,2
152364,3656,379435954,GVB:54:70098,Centraal Station,70098,,0,,1584633,0,2
152364,3656,379435955,GVB:54:70282,Gein,70282,,1,,1584637,0,2
152364,3656,379435956,GVB:54:70061,Centraal Station,70061,,0,,1584633,0,2
152364,3656,379435957,GVB:54:69914,Gein,69914,,1,,1584637,0,2
152364,3656,379435958,GVB:54:69841,Centraal Station,69841,,0,,1584633,0,2
152364,3656,379435959,GVB:54:70245,Gein,70245,,1,,1584637,0,2
152364,3656,379435960,GVB:54:69988,Centraal Station,69988,,0,,1584633,0,2
152364,3656,379435961,GVB:54:69878,Gein,69878,,1,,1584637,0,2
152364,3656,379435962,GVB:54:70283,Centraal Station,70283,,0,,1584633,0,2
152364,3656,379435963,GVB:54:70135,Gein,70135,,1,,1584637,0,2
152364,3656,379435964,GVB:54:69915,Centraal Station,69915,,0,,1584633,0,2
152364,3656,379435965,GVB:54:70171,Gein,70171,,1,,1584637,0,2
152364,3656,379435966,GVB:54:70246,Centraal Station,70246,,0,,1584633,0,2
152364,3656,379435967,GVB:54:70209,Gein,70209,,1,,1584637,0,2
152364,3656,379435968,GVB:54:69879,Centraal Station,69879,,0,,1584633,0,2
152364,3656,379435969,GVB:54:69953,Gein,69953,,1,,1584637,0,2
152364,3656,379435970,GVB:54:70136,Centraal Station,70136,,0,,1584633,0,2
152364,3656,379435971,GVB:54:70027,Gein,70027,,1,,1584637,0,2
152364,3656,379435972,GVB:54:70172,Centraal Station,70172,,0,,1584633,0,2
152364,3656,379435973,GVB:54:70101,Gein,70101,,1,,1584637,0,2
152364,3656,379435974,GVB:54:70210,Centraal Station,70210,,0,,1584633,0,2
152364,3656,379435975,GVB:54:70064,Gein,70064,,1,,1584637,0,2
152364,3656,379435976,GVB:54:69954,Centraal Station,69954,,0,,1584633,0,2
152364,3656,379435977,GVB:54:69844,Gein,69844,,1,,1584637,0,2
152364,3656,379435978,GVB:54:70028,Centraal Station,70028,,0,,1584633,0,2
152364,3656,379435979,GVB:54:69991,Gein,69991,,1,,1584637,0,2
152364,3656,379435980,GVB:54:70102,Centraal Station,70102,,0,,1584633,0,2
152364,3656,379435981,GVB:54:70286,Gein,70286,,1,,1584637,0,2
152364,3656,379435982,GVB:54:70065,Centraal Station,70065,,0,,1584633,0,2
152364,3656,379435983,GVB:54:69918,Gein,69918,,1,,1584637,0,2
152364,3656,379435984,GVB:54:69845,Centraal Station,69845,,0,,1584633,0,2
152364,3656,379435985,GVB:54:70249,Gein,70249,,1,,1584637,0,2
152364,3656,379435986,GVB:54:69992,Centraal Station,69992,,0,,1584633,0,2
152364,3656,379435987,GVB:54:69882,Gein,69882,,1,,1584637,0,2
152364,3656,379435988,GVB:54:70287,Centraal Station,70287,,0,,1584633,0,2
152364,3656,379435989,GVB:54:70139,Gein,70139,,1,,1584637,0,2
152364,3656,379435990,GVB:54:69919,Centraal Station,69919,,0,,1584633,0,2
152364,3656,379435991,GVB:54:70175,Gein,70175,,1,,1584637,0,2
152364,3656,379435992,GVB:54:70250,Centraal Station,70250,,0,,1584633,0,2
152364,3656,379435993,GVB:54:70213,Gein,70213,,1,,1584637,0,2
152364,3656,379435994,GVB:54:69883,Centraal Station,69883,,0,,1584633,0,2
152364,3656,379435995,GVB:54:69957,Gein,69957,,1,,1584637,0,2
152364,3656,379435996,GVB:54:70140,Centraal Station,70140,,0,,1584633,0,2
152364,3656,379435997,GVB:54:70031,Gein,70031,,1,,1584637,0,2
152364,3656,379435998,GVB:54:70176,Centraal Station,70176,,0,,1584633,0,2
152364,3656,379435999,GVB:54:70105,Gein,70105,,1,,1584637,0,2
152364,3656,379436000,GVB:54:70214,Centraal Station,70214,,0,,1584633,0,2
152364,3656,379436001,GVB:54:70068,Gein,70068,,1,,1584637,0,2
152364,3656,379436002,GVB:54:69958,Centraal Station,69958,,0,,1584633,0,2
152364,3656,379436003,GVB:54:69848,Gein,69848,,1,,1584637,0,2
152364,3656,379436004,GVB:54:70032,Centraal Station,70032,,0,,1584633,0,2
152364,3656,379436005,GVB:54:69995,Gein,69995,,1,,1584637,0,2
152364,3656,379436006,GVB:54:70106,Centraal Station,70106,,0,,1584633,0,2
152364,3656,379436007,GVB:54:70290,Gein,70290,,1,,1584637,0,2
152364,3656,379436008,GVB:54:70069,Centraal Station,70069,,0,,1584633,0,2
152364,3656,379436009,GVB:54:69922,Gein,69922,,1,,1584637,0,2
152364,3656,379436010,GVB:54:69849,Centraal Station,69849,,0,,1584633,0,2
152364,3656,379436011,GVB:54:70253,Gein,70253,,1,,1584637,0,2
152364,3656,379436012,GVB:54:69996,Centraal Station,69996,,0,,1584635,0,2
152364,3656,379436013,GVB:54:69886,Gein,69886,,1,,1584637,0,2
152364,3656,379436014,GVB:54:70143,Gein,70143,,1,,1584637,0,2
152364,3700,379439807,GVB:54:71986,Centraal Station,71986,,0,,1584669,0,2
152364,3700,379439808,GVB:54:72097,Centraal Station,72097,,0,,1584633,0,2
152364,3700,379439809,GVB:54:72244,Gein,72244,,1,,1584639,0,2
152364,3700,379439810,GVB:54:72133,Centraal Station,72133,,0,,1584669,0,2
152364,3700,379439811,GVB:54:71987,Gein,71987,,1,,1584637,0,2
152364,3700,379439812,GVB:54:72171,Centraal Station,72171,,0,,1584633,0,2
152364,3700,379439813,GVB:54:72207,Gein,72207,,1,,1584639,0,2
152364,3700,379439814,GVB:54:72428,Centraal Station,72428,,0,,1584669,0,2
152364,3700,379439815,GVB:54:72134,Gein,72134,,1,,1584637,0,2
152364,3700,379439816,GVB:54:72245,Centraal Station,72245,,0,,1584633,0,2
152364,3700,379439817,GVB:54:72429,Gein,72429,,1,,1584637,0,2
152364,3700,379439818,GVB:54:72208,Centraal Station,72208,,0,,1584633,0,2
152364,3700,379439819,GVB:54:72061,Gein,72061,,1,,1584637,0,2
152364,3700,379439820,GVB:54:71988,Centraal Station,71988,,0,,1584633,0,2
152364,3700,379439821,GVB:54:72392,Gein,72392,,1,,1584637,0,2
152364,3700,379439822,GVB:54:72135,Centraal Station,72135,,0,,1584633,0,2
152364,3700,379439823,GVB:54:72025,Gein,72025,,1,,1584637,0,2
152364,3700,379439824,GVB:54:72430,Centraal Station,72430,,0,,1584633,0,2
152364,3700,379439825,GVB:54:72282,Gein,72282,,1,,1584637,0,2
152364,3700,379439826,GVB:54:72062,Centraal Station,72062,,0,,1584633,0,2
152364,3700,379439827,GVB:54:72318,Gein,72318,,1,,1584637,0,2
152364,3700,379439828,GVB:54:72393,Centraal Station,72393,,0,,1584633,0,2
152364,3700,379439829,GVB:54:72356,Gein,72356,,1,,1584637,0,2
152364,3700,379439830,GVB:54:72026,Centraal Station,72026,,0,,1584633,0,2
152364,3700,379439831,GVB:54:72100,Gein,72100,,1,,1584637,0,2
152364,3700,379439832,GVB:54:72283,Centraal Station,72283,,0,,1584633,0,2
152364,3700,379439833,GVB:54:72174,Gein,72174,,1,,1584637,0,2
152364,3700,379439834,GVB:54:72319,Centraal Station,72319,,0,,1584633,0,2
152364,3700,379439835,GVB:54:72248,Gein,72248,,1,,1584637,0,2
152364,3700,379439836,GVB:54:72357,Centraal Station,72357,,0,,1584633,0,2
152364,3700,379439837,GVB:54:72211,Gein,72211,,1,,1584637,0,2
152364,3700,379439838,GVB:54:72101,Centraal Station,72101,,0,,1584633,0,2
152364,3700,379439839,GVB:54:71991,Gein,71991,,1,,1584637,0,2
152364,3700,379439840,GVB:54:72175,Centraal Station,72175,,0,,1584633,0,2
152364,3700,379439841,GVB:54:72138,Gein,72138,,1,,1584637,0,2
152364,3700,379439842,GVB:54:72249,Centraal Station,72249,,0,,1584633,0,2
152364,3700,379439843,GVB:54:72433,Gein,72433,,1,,1584637,0,2
152364,3700,379439844,GVB:54:72212,Centraal Station,72212,,0,,1584633,0,2
152364,3700,379439845,GVB:54:72065,Gein,72065,,1,,1584637,0,2
152364,3700,379439846,GVB:54:71992,Centraal Station,71992,,0,,1584633,0,2
152364,3700,379439847,GVB:54:72396,Gein,72396,,1,,1584637,0,2
152364,3700,379439848,GVB:54:72139,Centraal Station,72139,,0,,1584633,0,2
152364,3700,379439849,GVB:54:72029,Gein,72029,,1,,1584637,0,2
152364,3700,379439850,GVB:54:72434,Centraal Station,72434,,0,,1584633,0,2
152364,3700,379439851,GVB:54:72286,Gein,72286,,1,,1584637,0,2
152364,3700,379439852,GVB:54:72066,Centraal Station,72066,,0,,1584633,0,2
152364,3700,379439853,GVB:54:72322,Gein,72322,,1,,1584637,0,2
152364,3700,379439854,GVB:54:72397,Centraal Station,72397,,0,,1584633,0,2
152364,3700,379439855,GVB:54:72360,Gein,72360,,1,,1584637,0,2
152364,3700,379439856,GVB:54:72030,Centraal Station,72030,,0,,1584633,0,2
152364,3700,379439857,GVB:54:72104,Gein,72104,,1,,1584637,0,2
152364,3700,379439858,GVB:54:72287,Centraal Station,72287,,0,,1584633,0,2
152364,3700,379439859,GVB:54:72178,Gein,72178,,1,,1584637,0,2
152364,3700,379439860,GVB:54:72323,Centraal Station,72323,,0,,1584633,0,2
152364,3700,379439861,GVB:54:72252,Gein,72252,,1,,1584637,0,2
152364,3700,379439862,GVB:54:72361,Centraal Station,72361,,0,,1584633,0,2
152364,3700,379439863,GVB:54:72215,Gein,72215,,1,,1584637,0,2
152364,3700,379439864,GVB:54:72105,Centraal Station,72105,,0,,1584633,0,2
152364,3700,379439865,GVB:54:71995,Gein,71995,,1,,1584637,0,2
152364,3700,379439866,GVB:54:72179,Centraal Station,72179,,0,,1584633,0,2
152364,3700,379439867,GVB:54:72142,Gein,72142,,1,,1584637,0,2
152364,3700,379439868,GVB:54:72253,Centraal Station,72253,,0,,1584633,0,2
152364,3700,379439869,GVB:54:72437,Gein,72437,,1,,1584637,0,2
152364,3700,379439870,GVB:54:72216,Centraal Station,72216,,0,,1584633,0,2
152364,3700,379439871,GVB:54:72069,Gein,72069,,1,,1584637,0,2
152364,3700,379439872,GVB:54:71996,Centraal Station,71996,,0,,1584633,0,2
152364,3700,379439873,GVB:54:72400,Gein,72400,,1,,1584637,0,2
152364,3700,379439874,GVB:54:72143,Centraal Station,72143,,0,,1584633,0,2
152364,3700,379439875,GVB:54:72033,Gein,72033,,1,,1584637,0,2
152364,3700,379439876,GVB:54:72438,Centraal Station,72438,,0,,1584633,0,2
152364,3700,379439877,GVB:54:72290,Gein,72290,,1,,1584637,0,2
152364,3700,379439878,GVB:54:72070,Centraal Station,72070,,0,,1584633,0,2
152364,3700,379439879,GVB:54:72326,Gein,72326,,1,,1584637,0,2
152364,3700,379439880,GVB:54:72401,Centraal Station,72401,,0,,1584633,0,2
152364,3700,379439881,GVB:54:72364,Gein,72364,,1,,1584637,0,2
152364,3700,379439882,GVB:54:72034,Centraal Station,72034,,0,,1584633,0,2
152364,3700,379439883,GVB:54:72108,Gein,72108,,1,,1584637,0,2
152364,3700,379439884,GVB:54:72291,Centraal Station,72291,,0,,1584633,0,2
152364,3700,379439885,GVB:54:72182,Gein,72182,,1,,1584637,0,2
152364,3700,379439886,GVB:54:72327,Centraal Station,72327,,0,,1584633,0,2
152364,3700,379439887,GVB:54:72256,Gein,72256,,1,,1584637,0,2
152364,3700,379439888,GVB:54:72365,Centraal Station,72365,,0,,1584633,0,2
152364,3700,379439889,GVB:54:72219,Gein,72219,,1,,1584637,0,2
152364,3700,379439890,GVB:54:72109,Centraal Station,72109,,0,,1584633,0,2
152364,3700,379439891,GVB:54:71999,Gein,71999,,1,,1584637,0,2
152364,3700,379439892,GVB:54:72183,Centraal Station,72183,,0,,1584633,0,2
152364,3700,379439893,GVB:54:72146,Gein,72146,,1,,1584637,0,2
152364,3700,379439894,GVB:54:72257,Centraal Station,72257,,0,,1584633,0,2
152364,3700,379439895,GVB:54:72441,Gein,72441,,1,,1584637,0,2
152364,3700,379439896,GVB:54:72220,Centraal Station,72220,,0,,1584633,0,2
152364,3700,379439897,GVB:54:72073,Gein,72073,,1,,1584637,0,2
152364,3700,379439898,GVB:54:72000,Centraal Station,72000,,0,,1584633,0,2
152364,3700,379439899,GVB:54:72404,Gein,72404,,1,,1584637,0,2
152364,3700,379439900,GVB:54:72147,Centraal Station,72147,,0,,1584633,0,2
152364,3700,379439901,GVB:54:72037,Gein,72037,,1,,1584637,0,2
152364,3700,379439902,GVB:54:72442,Centraal Station,72442,,0,,1584633,0,2
152364,3700,379439903,GVB:54:72294,Gein,72294,,1,,1584637,0,2
152364,3700,379439904,GVB:54:72074,Centraal Station,72074,,0,,1584633,0,2
152364,3700,379439905,GVB:54:72330,Gein,72330,,1,,1584637,0,2
152364,3700,379439906,GVB:54:72405,Centraal Station,72405,,0,,1584633,0,2
152364,3700,379439907,GVB:54:72368,Gein,72368,,1,,1584637,0,2
152364,3700,379439908,GVB:54:72038,Centraal Station,72038,,0,,1584633,0,2
152364,3700,379439909,GVB:54:72112,Gein,72112,,1,,1584637,0,2
152364,3700,379439910,GVB:54:72295,Centraal Station,72295,,0,,1584633,0,2
152364,3700,379439911,GVB:54:72186,Gein,72186,,1,,1584637,0,2
152364,3700,379439912,GVB:54:72331,Centraal Station,72331,,0,,1584633,0,2
152364,3700,379439913,GVB:54:72260,Gein,72260,,1,,1584637,0,2
152364,3700,379439914,GVB:54:72369,Centraal Station,72369,,0,,1584633,0,2
152364,3700,379439915,GVB:54:72223,Gein,72223,,1,,1584637,0,2
152364,3700,379439916,GVB:54:72113,Centraal Station,72113,,0,,1584633,0,2
152364,3700,379439917,GVB:54:72003,Gein,72003,,1,,1584637,0,2
152364,3700,379439918,GVB:54:72187,Centraal Station,72187,,0,,1584633,0,2
152364,3700,379439919,GVB:54:72150,Gein,72150,,1,,1584637,0,2
152364,3700,379439920,GVB:54:72261,Centraal Station,72261,,0,,1584633,0,2
152364,3700,379439921,GVB:54:72445,Gein,72445,,1,,1584637,0,2
152364,3700,379439922,GVB:54:72224,Centraal Station,72224,,0,,1584633,0,2
152364,3700,379439923,GVB:54:72077,Gein,72077,,1,,1584637,0,2
152364,3700,379439924,GVB:54:72004,Centraal Station,72004,,0,,1584633,0,2
152364,3700,379439925,GVB:54:72408,Gein,72408,,1,,1584637,0,2
152364,3700,379439926,GVB:54:72151,Centraal Station,72151,,0,,1584633,0,2
152364,3700,379439927,GVB:54:72041,Gein,72041,,1,,1584637,0,2
152364,3700,379439928,GVB:54:72446,Centraal Station,72446,,0,,1584633,0,2
152364,3700,379439929,GVB:54:72298,Gein,72298,,1,,1584637,0,2
152364,3700,379439930,GVB:54:72078,Centraal Station,72078,,0,,1584633,0,2
152364,3700,379439931,GVB:54:72334,Gein,72334,,1,,1584637,0,2
152364,3700,379439932,GVB:54:72409,Centraal Station,72409,,0,,1584633,0,2
152364,3700,379439933,GVB:54:72372,Gein,72372,,1,,1584637,0,2
152364,3700,379439934,GVB:54:72042,Centraal Station,72042,,0,,1584633,0,2
152364,3700,379439935,GVB:54:72116,Gein,72116,,1,,1584637,0,2
152364,3700,379439936,GVB:54:72299,Centraal Station,72299,,0,,1584633,0,2
152364,3700,379439937,GVB:54:72190,Gein,72190,,1,,1584637,0,2
152364,3700,379439938,GVB:54:72335,Centraal Station,72335,,0,,1584633,0,2
152364,3700,379439939,GVB:54:72264,Gein,72264,,1,,1584637,0,2
152364,3700,379439940,GVB:54:72373,Centraal Station,72373,,0,,1584633,0,2
152364,3700,379439941,GVB:54:72227,Gein,72227,,1,,1584637,0,2
152364,3700,379439942,GVB:54:72117,Centraal Station,72117,,0,,1584633,0,2
152364,3700,379439943,GVB:54:72007,Gein,72007,,1,,1584637,0,2
152364,3700,379439944,GVB:54:72191,Centraal Station,72191,,0,,1584633,0,2
152364,3700,379439945,GVB:54:72154,Gein,72154,,1,,1584637,0,2
152364,3700,379439946,GVB:54:72265,Centraal Station,72265,,0,,1584633,0,2
152364,3700,379439947,GVB:54:72449,Gein,72449,,1,,1584637,0,2
152364,3700,379439948,GVB:54:72228,Centraal Station,72228,,0,,1584633,0,2
152364,3700,379439949,GVB:54:72081,Gein,72081,,1,,1584637,0,2
152364,3700,379439950,GVB:54:72008,Centraal Station,72008,,0,,1584633,0,2
152364,3700,379439951,GVB:54:72412,Gein,72412,,1,,1584637,0,2
152364,3700,379439952,GVB:54:72155,Centraal Station,72155,,0,,1584633,0,2
152364,3700,379439953,GVB:54:72045,Gein,72045,,1,,1584637,0,2
152364,3700,379439954,GVB:54:72450,Centraal Station,72450,,0,,1584633,0,2
152364,3700,379439955,GVB:54:72302,Gein,72302,,1,,1584637,0,2
152364,3700,379439956,GVB:54:72082,Centraal Station,72082,,0,,1584633,0,2
152364,3700,379439957,GVB:54:72338,Gein,72338,,1,,1584637,0,2
152364,3700,379439958,GVB:54:72413,Centraal Station,72413,,0,,1584633,0,2
152364,3700,379439959,GVB:54:72376,Gein,72376,,1,,1584637,0,2
152364,3700,379439960,GVB:54:72046,Centraal Station,72046,,0,,1584633,0,2
152364,3700,379439961,GVB:54:72120,Gein,72120,,1,,1584637,0,2
152364,3700,379439962,GVB:54:72303,Centraal Station,72303,,0,,1584633,0,2
152364,3700,379439963,GVB:54:72194,Gein,72194,,1,,1584637,0,2
152364,3700,379439964,GVB:54:72339,Centraal Station,72339,,0,,1584633,0,2
152364,3700,379439965,GVB:54:72268,Gein,72268,,1,,1584637,0,2
152364,3700,379439966,GVB:54:72377,Centraal Station,72377,,0,,1584633,0,2
152364,3700,379439967,GVB:54:72231,Gein,72231,,1,,1584637,0,2
152364,3700,379439968,GVB:54:72121,Centraal Station,72121,,0,,1584633,0,2
152364,3700,379439969,GVB:54:72011,Gein,72011,,1,,1584637,0,2
152364,3700,379439970,GVB:54:72195,Centraal Station,72195,,0,,1584633,0,2
152364,3700,379439971,GVB:54:72158,Gein,72158,,1,,1584637,0,2
152364,3700,379439972,GVB:54:72269,Centraal Station,72269,,0,,1584633,0,2
152364,3700,379439973,GVB:54:72453,Gein,72453,,1,,1584637,0,2
152364,3700,379439974,GVB:54:72232,Centraal Station,72232,,0,,1584633,0,2
152364,3700,379439975,GVB:54:72085,Gein,72085,,1,,1584637,0,2
152364,3700,379439976,GVB:54:72012,Centraal Station,72012,,0,,1584633,0,2
152364,3700,379439977,GVB:54:72416,Gein,72416,,1,,1584637,0,2
152364,3700,379439978,GVB:54:72159,Centraal Station,72159,,0,,1584633,0,2
152364,3700,379439979,GVB:54:72049,Gein,72049,,1,,1584637,0,2
152364,3700,379439980,GVB:54:72454,Centraal Station,72454,,0,,1584633,0,2
152364,3700,379439981,GVB:54:72306,Gein,72306,,1,,1584637,0,2
152364,3700,379439982,GVB:54:72086,Centraal Station,72086,,0,,1584633,0,2
152364,3700,379439983,GVB:54:72342,Gein,72342,,1,,1584637,0,2
152364,3700,379439984,GVB:54:72417,Centraal Station,72417,,0,,1584633,0,2
152364,3700,379439985,GVB:54:72380,Gein,72380,,1,,1584637,0,2
152364,3700,379439986,GVB:54:72050,Centraal Station,72050,,0,,1584633,0,2
152364,3700,379439987,GVB:54:72124,Gein,72124,,1,,1584637,0,2
152364,3700,379439988,GVB:54:72307,Centraal Station,72307,,0,,1584633,0,2
152364,3700,379439989,GVB:54:72198,Gein,72198,,1,,1584637,0,2
152364,3700,379439990,GVB:54:72343,Centraal Station,72343,,0,,1584633,0,2
152364,3700,379439991,GVB:54:72272,Gein,72272,,1,,1584637,0,2
152364,3700,379439992,GVB:54:72381,Centraal Station,72381,,0,,1584633,0,2
152364,3700,379439993,GVB:54:72235,Gein,72235,,1,,1584637,0,2
152364,3700,379439994,GVB:54:72125,Centraal Station,72125,,0,,1584633,0,2
152364,3700,379439995,GVB:54:72015,Gein,72015,,1,,1584637,0,2
152364,3700,379439996,GVB:54:72199,Centraal Station,72199,,0,,1584633,0,2
152364,3700,379439997,GVB:54:72162,Gein,72162,,1,,1584637,0,2
152364,3700,379439998,GVB:54:72273,Centraal Station,72273,,0,,1584633,0,2
152364,3700,379439999,GVB:54:72457,Gein,72457,,1,,1584637,0,2
152364,3700,379440000,GVB:54:72236,Centraal Station,72236,,0,,1584633,0,2
152364,3700,379440001,GVB:54:72089,Gein,72089,,1,,1584637,0,2
152364,3700,379440002,GVB:54:72016,Centraal Station,72016,,0,,1584633,0,2
152364,3700,379440003,GVB:54:72420,Gein,72420,,1,,1584637,0,2
152364,3700,379440004,GVB:54:72163,Centraal Station,72163,,0,,1584633,0,2
152364,3700,379440005,GVB:54:72053,Gein,72053,,1,,1584637,0,2
152364,3700,379440006,GVB:54:72458,Centraal Station,72458,,0,,1584633,0,2
152364,3700,379440007,GVB:54:72310,Gein,72310,,1,,1584637,0,2
152364,3700,379440008,GVB:54:72090,Centraal Station,72090,,0,,1584633,0,2
152364,3700,379440009,GVB:54:72346,Gein,72346,,1,,1584637,0,2
152364,3700,379440010,GVB:54:72421,Centraal Station,72421,,0,,1584633,0,2
152364,3700,379440011,GVB:54:72384,Gein,72384,,1,,1584637,0,2
152364,3700,379440012,GVB:54:72054,Centraal Station,72054,,0,,1584633,0,2
152364,3700,379440013,GVB:54:72128,Gein,72128,,1,,1584637,0,2
152364,3700,379440014,GVB:54:72311,Centraal Station,72311,,0,,1584633,0,2
152364,3700,379440015,GVB:54:72202,Gein,72202,,1,,1584637,0,2
152364,3700,379440016,GVB:54:72347,Centraal Station,72347,,0,,1584633,0,2
152364,3700,379440017,GVB:54:72276,Gein,72276,,1,,1584637,0,2
152364,3700,379440018,GVB:54:72385,Centraal Station,72385,,0,,1584633,0,2
152364,3700,379440019,GVB:54:72239,Gein,72239,,1,,1584637,0,2
152364,3700,379440020,GVB:54:72129,Centraal Station,72129,,0,,1584633,0,2
152364,3700,379440021,GVB:54:72019,Gein,72019,,1,,1584637,0,2
152364,3700,379440022,GVB:54:72203,Centraal Station,72203,,0,,1584633,0,2
152364,3700,379440023,GVB:54:72166,Gein,72166,,1,,1584637,0,2
152364,3700,379440024,GVB:54:72277,Centraal Station,72277,,0,,1584633,0,2
152364,3700,379440025,GVB:54:72461,Gein,72461,,1,,1584637,0,2
152364,3700,379440026,GVB:54:72240,Centraal Station,72240,,0,,1584633,0,2
152364,3700,379440027,GVB:54:72093,Gein,72093,,1,,1584637,0,2
152364,3700,379440028,GVB:54:72020,Centraal Station,72020,,0,,1584633,0,2
152364,3700,379440029,GVB:54:72424,Gein,72424,,1,,1584637,0,2
152364,3700,379440030,GVB:54:72167,Centraal Station,72167,,0,,1584635,0,2
152364,3700,379440031,GVB:54:72057,Gein,72057,,1,,1584637,0,2
152364,3700,379440032,GVB:54:72314,Gein,72314,,1,,1584637,0,2
152364,3666,379440247,GVB:54:70330,Centraal Station,70330,,0,,1584669,0,1
152364,3666,379440248,GVB:54:70474,Centraal Station,70474,,0,,1584633,0,1
152364,3666,379440249,GVB:54:70583,Centraal Station,70583,,0,,1584669,0,1
152364,3666,379440250,GVB:54:70367,Gein,70367,,1,,1584639,0,1
152364,3666,379440251,GVB:54:70331,Gein,70331,,1,,1584637,0,1
152364,3666,379440252,GVB:54:70691,Centraal Station,70691,,0,,1584633,0,1
152364,3666,379440253,GVB:54:70510,Centraal Station,70510,,0,,1584669,0,1
152364,3666,379440254,GVB:54:70654,Gein,70654,,1,,1584639,0,1
152364,3666,379440255,GVB:54:70584,Gein,70584,,1,,1584637,0,1
152364,3666,379440256,GVB:54:70368,Centraal Station,70368,,0,,1584633,0,1
152364,3666,379440257,GVB:54:70404,Centraal Station,70404,,0,,1584669,0,1
152364,3666,379440258,GVB:54:70511,Gein,70511,,1,,1584637,0,1
152364,3666,379440259,GVB:54:70655,Centraal Station,70655,,0,,1584633,0,1
152364,3666,379440260,GVB:54:70405,Gein,70405,,1,,1584637,0,1
152364,3666,379440261,GVB:54:70332,Centraal Station,70332,,0,,1584633,0,1
152364,3666,379440262,GVB:54:70295,Gein,70295,,1,,1584637,0,1
152364,3666,379440263,GVB:54:70585,Centraal Station,70585,,0,,1584633,0,1
152364,3666,379440264,GVB:54:70548,Gein,70548,,1,,1584637,0,1
152364,3666,379440265,GVB:54:70512,Centraal Station,70512,,0,,1584633,0,1
152364,3666,379440266,GVB:54:70728,Gein,70728,,1,,1584637,0,1
152364,3666,379440267,GVB:54:70406,Centraal Station,70406,,0,,1584633,0,1
152364,3666,379440268,GVB:54:70621,Gein,70621,,1,,1584637,0,1
152364,3666,379440269,GVB:54:70296,Centraal Station,70296,,0,,1584633,0,1
152364,3666,379440270,GVB:54:70441,Gein,70441,,1,,1584637,0,1
152364,3666,379440271,GVB:54:70549,Centraal Station,70549,,0,,1584633,0,1
152364,3666,379440272,GVB:54:70477,Gein,70477,,1,,1584637,0,1
152364,3666,379440273,GVB:54:70729,Centraal Station,70729,,0,,1584633,0,1
152364,3666,379440274,GVB:54:70694,Gein,70694,,1,,1584637,0,1
152364,3666,379440275,GVB:54:70622,Centraal Station,70622,,0,,1584633,0,1
152364,3666,379440276,GVB:54:70371,Gein,70371,,1,,1584637,0,1
152364,3666,379440277,GVB:54:70442,Centraal Station,70442,,0,,1584633,0,1
152364,3666,379440278,GVB:54:70658,Gein,70658,,1,,1584637,0,1
152364,3666,379440279,GVB:54:70478,Centraal Station,70478,,0,,1584633,0,1
152364,3666,379440280,GVB:54:70335,Gein,70335,,1,,1584637,0,1
152364,3666,379440281,GVB:54:70695,Centraal Station,70695,,0,,1584633,0,1
152364,3666,379440282,GVB:54:70588,Gein,70588,,1,,1584637,0,1
152364,3666,379440283,GVB:54:70372,Centraal Station,70372,,0,,1584633,0,1
152364,3666,379440284,GVB:54:70515,Gein,70515,,1,,1584637,0,1
152364,3666,379440285,GVB:54:70659,Centraal Station,70659,,0,,1584633,0,1
152364,3666,379440286,GVB:54:70409,Gein,70409,,1,,1584637,0,1
152364,3666,379440287,GVB:54:70336,Centraal Station,70336,,0,,1584633,0,1
152364,3666,379440288,GVB:54:70299,Gein,70299,,1,,1584637,0,1
152364,3666,379440289,GVB:54:70589,Centraal Station,70589,,0,,1584633,0,1
152364,3666,379440290,GVB:54:70552,Gein,70552,,1,,1584637,0,1
152364,3666,379440291,GVB:54:70516,Centraal Station,70516,,0,,1584633,0,1
152364,3666,379440292,GVB:54:70732,Gein,70732,,1,,1584637,0,1
152364,3666,379440293,GVB:54:70410,Centraal Station,70410,,0,,1584633,0,1
152364,3666,379440294,GVB:54:70625,Gein,70625,,1,,1584637,0,1
152364,3666,379440295,GVB:54:70300,Centraal Station,70300,,0,,1584633,0,1
152364,3666,379440296,GVB:54:70445,Gein,70445,,1,,1584637,0,1
152364,3666,379440297,GVB:54:70553,Centraal Station,70553,,0,,1584633,0,1
152364,3666,379440298,GVB:54:70481,Gein,70481,,1,,1584637,0,1
152364,3666,379440299,GVB:54:70733,Centraal Station,70733,,0,,1584633,0,1
152364,3666,379440300,GVB:54:70698,Gein,70698,,1,,1584637,0,1
152364,3666,379440301,GVB:54:70626,Centraal Station,70626,,0,,1584633,0,1
152364,3666,379440302,GVB:54:70375,Gein,70375,,1,,1584637,0,1
152364,3666,379440303,GVB:54:70446,Centraal Station,70446,,0,,1584633,0,1
152364,3666,379440304,GVB:54:70662,Gein,70662,,1,,1584637,0,1
152364,3666,379440305,GVB:54:70482,Centraal Station,70482,,0,,1584633,0,1
152364,3666,379440306,GVB:54:70339,Gein,70339,,1,,1584637,0,1
152364,3666,379440307,GVB:54:70699,Centraal Station,70699,,0,,1584633,0,1
152364,3666,379440308,GVB:54:70592,Gein,70592,,1,,1584637,0,1
152364,3666,379440309,GVB:54:70376,Centraal Station,70376,,0,,1584633,0,1
152364,3666,379440310,GVB:54:70519,Gein,70519,,1,,1584637,0,1
152364,3666,379440311,GVB:54:70663,Centraal Station,70663,,0,,1584633,0,1
152364,3666,379440312,GVB:54:70413,Gein,70413,,1,,1584637,0,1
152364,3666,379440313,GVB:54:70340,Centraal Station,70340,,0,,1584633,0,1
152364,3666,379440314,GVB:54:70303,Gein,70303,,1,,1584637,0,1
152364,3666,379440315,GVB:54:70593,Centraal Station,70593,,0,,1584633,0,1
152364,3666,379440316,GVB:54:70556,Gein,70556,,1,,1584637,0,1
152364,3666,379440317,GVB:54:70520,Centraal Station,70520,,0,,1584633,0,1
152364,3666,379440318,GVB:54:70736,Gein,70736,,1,,1584637,0,1
152364,3666,379440319,GVB:54:70414,Centraal Station,70414,,0,,1584633,0,1
152364,3666,379440320,GVB:54:70629,Gein,70629,,1,,1584637,0,1
152364,3666,379440321,GVB:54:70304,Centraal Station,70304,,0,,1584633,0,1
152364,3666,379440322,GVB:54:70449,Gein,70449,,1,,1584637,0,1
152364,3666,379440323,GVB:54:70557,Centraal Station,70557,,0,,1584633,0,1
152364,3666,379440324,GVB:54:70485,Gein,70485,,1,,1584637,0,1
152364,3666,379440325,GVB:54:70737,Centraal Station,70737,,0,,1584633,0,1
152364,3666,379440326,GVB:54:70702,Gein,70702,,1,,1584637,0,1
152364,3666,379440327,GVB:54:70630,Centraal Station,70630,,0,,1584633,0,1
152364,3666,379440328,GVB:54:70379,Gein,70379,,1,,1584637,0,1
152364,3666,379440329,GVB:54:70450,Centraal Station,70450,,0,,1584633,0,1
152364,3666,379440330,GVB:54:70666,Gein,70666,,1,,1584637,0,1
152364,3666,379440331,GVB:54:70486,Centraal Station,70486,,0,,1584633,0,1
152364,3666,379440332,GVB:54:70343,Gein,70343,,1,,1584637,0,1
152364,3666,379440333,GVB:54:70703,Centraal Station,70703,,0,,1584633,0,1
152364,3666,379440334,GVB:54:70596,Gein,70596,,1,,1584637,0,1
152364,3666,379440335,GVB:54:70380,Centraal Station,70380,,0,,1584633,0,1
152364,3666,379440336,GVB:54:70523,Gein,70523,,1,,1584637,0,1
152364,3666,379440337,GVB:54:70667,Centraal Station,70667,,0,,1584633,0,1
152364,3666,379440338,GVB:54:70417,Gein,70417,,1,,1584637,0,1
152364,3666,379440339,GVB:54:70344,Centraal Station,70344,,0,,1584633,0,1
152364,3666,379440340,GVB:54:70307,Gein,70307,,1,,1584637,0,1
152364,3666,379440341,GVB:54:70597,Centraal Station,70597,,0,,1584633,0,1
152364,3666,379440342,GVB:54:70560,Gein,70560,,1,,1584637,0,1
152364,3666,379440343,GVB:54:70524,Centraal Station,70524,,0,,1584633,0,1
152364,3666,379440344,GVB:54:70740,Gein,70740,,1,,1584637,0,1
152364,3666,379440345,GVB:54:70418,Centraal Station,70418,,0,,1584633,0,1
152364,3666,379440346,GVB:54:70633,Gein,70633,,1,,1584637,0,1
152364,3666,379440347,GVB:54:70308,Centraal Station,70308,,0,,1584633,0,1
152364,3666,379440348,GVB:54:70453,Gein,70453,,1,,1584637,0,1
152364,3666,379440349,GVB:54:70561,Centraal Station,70561,,0,,1584633,0,1
152364,3666,379440350,GVB:54:70489,Gein,70489,,1,,1584637,0,1
152364,3666,379440351,GVB:54:70741,Centraal Station,70741,,0,,1584633,0,1
152364,3666,379440352,GVB:54:70706,Gein,70706,,1,,1584637,0,1
152364,3666,379440353,GVB:54:70634,Centraal Station,70634,,0,,1584633,0,1
152364,3666,379440354,GVB:54:70383,Gein,70383,,1,,1584637,0,1
152364,3666,379440355,GVB:54:70454,Centraal Station,70454,,0,,1584633,0,1
152364,3666,379440356,GVB:54:70670,Gein,70670,,1,,1584637,0,1
152364,3666,379440357,GVB:54:70490,Centraal Station,70490,,0,,1584633,0,1
152364,3666,379440358,GVB:54:70347,Gein,70347,,1,,1584637,0,1
152364,3666,379440359,GVB:54:70707,Centraal Station,70707,,0,,1584633,0,1
152364,3666,379440360,GVB:54:70600,Gein,70600,,1,,1584637,0,1
152364,3666,379440361,GVB:54:70384,Centraal Station,70384,,0,,1584633,0,1
152364,3666,379440362,GVB:54:70527,Gein,70527,,1,,1584637,0,1
152364,3666,379440363,GVB:54:70671,Centraal Station,70671,,0,,1584633,0,1
152364,3666,379440364,GVB:54:70421,Gein,70421,,1,,1584637,0,1
152364,3666,379440365,GVB:54:70348,Centraal Station,70348,,0,,1584633,0,1
152364,3666,379440366,GVB:54:70311,Gein,70311,,1,,1584637,0,1
152364,3666,379440367,GVB:54:70601,Centraal Station,70601,,0,,1584633,0,1
152364,3666,379440368,GVB:54:70564,Gein,70564,,1,,1584637,0,1
152364,3666,379440369,GVB:54:70528,Centraal Station,70528,,0,,1584633,0,1
152364,3666,379440370,GVB:54:70744,Gein,70744,,1,,1584637,0,1
152364,3666,379440371,GVB:54:70422,Centraal Station,70422,,0,,1584633,0,1
152364,3666,379440372,GVB:54:70637,Gein,70637,,1,,1584637,0,1
152364,3666,379440373,GVB:54:70312,Centraal Station,70312,,0,,1584633,0,1
152364,3666,379440374,GVB:54:70457,Gein,70457,,1,,1584637,0,1
152364,3666,379440375,GVB:54:70565,Centraal Station,70565,,0,,1584633,0,1
152364,3666,379440376,GVB:54:70493,Gein,70493,,1,,1584637,0,1
152364,3666,379440377,GVB:54:70745,Centraal Station,70745,,0,,1584633,0,1
152364,3666,379440378,GVB:54:70710,Gein,70710,,1,,1584637,0,1
152364,3666,379440379,GVB:54:70638,Centraal Station,70638,,0,,1584633,0,1
152364,3666,379440380,GVB:54:70387,Gein,70387,,1,,1584637,0,1
152364,3666,379440381,GVB:54:70458,Centraal Station,70458,,0,,1584633,0,1
152364,3666,379440382,GVB:54:70674,Gein,70674,,1,,1584637,0,1
152364,3666,379440383,GVB:54:70494,Centraal Station,70494,,0,,1584633,0,1
152364,3666,379440384,GVB:54:70351,Gein,70351,,1,,1584637,0,1
152364,3666,379440385,GVB:54:70711,Centraal Station,70711,,0,,1584633,0,1
152364,3666,379440386,GVB:54:70604,Gein,70604,,1,,1584637,0,1
152364,3666,379440387,GVB:54:70388,Centraal Station,70388,,0,,1584633,0,1
152364,3666,379440388,GVB:54:70531,Gein,70531,,1,,1584637,0,1
152364,3666,379440389,GVB:54:70675,Centraal Station,70675,,0,,1584633,0,1
152364,3666,379440390,GVB:54:70425,Gein,70425,,1,,1584637,0,1
152364,3666,379440391,GVB:54:70352,Centraal Station,70352,,0,,1584633,0,1
152364,3666,379440392,GVB:54:70315,Gein,70315,,1,,1584637,0,1
152364,3666,379440393,GVB:54:70605,Centraal Station,70605,,0,,1584633,0,1
152364,3666,379440394,GVB:54:70568,Gein,70568,,1,,1584637,0,1
152364,3666,379440395,GVB:54:70532,Centraal Station,70532,,0,,1584633,0,1
152364,3666,379440396,GVB:54:70748,Gein,70748,,1,,1584637,0,1
152364,3666,379440397,GVB:54:70426,Centraal Station,70426,,0,,1584633,0,1
152364,3666,379440398,GVB:54:70641,Gein,70641,,1,,1584637,0,1
152364,3666,379440399,GVB:54:70316,Centraal Station,70316,,0,,1584633,0,1
152364,3666,379440400,GVB:54:70461,Gein,70461,,1,,1584637,0,1
152364,3666,379440401,GVB:54:70569,Centraal Station,70569,,0,,1584633,0,1
152364,3666,379440402,GVB:54:70497,Gein,70497,,1,,1584637,0,1
152364,3666,379440403,GVB:54:70749,Centraal Station,70749,,0,,1584633,0,1
152364,3666,379440404,GVB:54:70714,Gein,70714,,1,,1584637,0,1
152364,3666,379440405,GVB:54:70642,Centraal Station,70642,,0,,1584633,0,1
152364,3666,379440406,GVB:54:70391,Gein,70391,,1,,1584637,0,1
152364,3666,379440407,GVB:54:70462,Centraal Station,70462,,0,,1584633,0,1
152364,3666,379440408,GVB:54:70678,Gein,70678,,1,,1584637,0,1
152364,3666,379440409,GVB:54:70498,Centraal Station,70498,,0,,1584633,0,1
152364,3666,379440410,GVB:54:70355,Gein,70355,,1,,1584637,0,1
152364,3666,379440411,GVB:54:70715,Centraal Station,70715,,0,,1584633,0,1
152364,3666,379440412,GVB:54:70608,Gein,70608,,1,,1584637,0,1
152364,3666,379440413,GVB:54:70392,Centraal Station,70392,,0,,1584633,0,1
152364,3666,379440414,GVB:54:70535,Gein,70535,,1,,1584637,0,1
152364,3666,379440415,GVB:54:70679,Centraal Station,70679,,0,,1584633,0,1
152364,3666,379440416,GVB:54:70429,Gein,70429,,1,,1584637,0,1
152364,3666,379440417,GVB:54:70356,Centraal Station,70356,,0,,1584633,0,1
152364,3666,379440418,GVB:54:70319,Gein,70319,,1,,1584637,0,1
152364,3666,379440419,GVB:54:70609,Centraal Station,70609,,0,,1584633,0,1
152364,3666,379440420,GVB:54:70572,Gein,70572,,1,,1584637,0,1
152364,3666,379440421,GVB:54:70536,Centraal Station,70536,,0,,1584633,0,1
152364,3666,379440422,GVB:54:70752,Gein,70752,,1,,1584637,0,1
152364,3666,379440423,GVB:54:70430,Centraal Station,70430,,0,,1584633,0,1
152364,3666,379440424,GVB:54:70645,Gein,70645,,1,,1584637,0,1
152364,3666,379440425,GVB:54:70320,Centraal Station,70320,,0,,1584633,0,1
152364,3666,379440426,GVB:54:70465,Gein,70465,,1,,1584637,0,1
152364,3666,379440427,GVB:54:70573,Centraal Station,70573,,0,,1584633,0,1
152364,3666,379440428,GVB:54:70501,Gein,70501,,1,,1584637,0,1
152364,3666,379440429,GVB:54:70753,Centraal Station,70753,,0,,1584633,0,1
152364,3666,379440430,GVB:54:70718,Gein,70718,,1,,1584637,0,1
152364,3666,379440431,GVB:54:70646,Centraal Station,70646,,0,,1584633,0,1
152364,3666,379440432,GVB:54:70395,Gein,70395,,1,,1584637,0,1
152364,3666,379440433,GVB:54:70466,Centraal Station,70466,,0,,1584633,0,1
152364,3666,379440434,GVB:54:70682,Gein,70682,,1,,1584637,0,1
152364,3666,379440435,GVB:54:70502,Centraal Station,70502,,0,,1584633,0,1
152364,3666,379440436,GVB:54:70359,Gein,70359,,1,,1584637,0,1
152364,3666,379440437,GVB:54:70719,Centraal Station,70719,,0,,1584633,0,1
152364,3666,379440438,GVB:54:70612,Gein,70612,,1,,1584637,0,1
152364,3666,379440439,GVB:54:70396,Centraal Station,70396,,0,,1584633,0,1
152364,3666,379440440,GVB:54:70539,Gein,70539,,1,,1584637,0,1
152364,3666,379440441,GVB:54:70683,Centraal Station,70683,,0,,1584633,0,1
152364,3666,379440442,GVB:54:70433,Gein,70433,,1,,1584637,0,1
152364,3666,379440443,GVB:54:70360,Centraal Station,70360,,0,,1584633,0,1
152364,3666,379440444,GVB:54:70323,Gein,70323,,1,,1584637,0,1
152364,3666,379440445,GVB:54:70613,Centraal Station,70613,,0,,1584633,0,1
152364,3666,379440446,GVB:54:70576,Gein,70576,,1,,1584637,0,1
152364,3666,379440447,GVB:54:70540,Centraal Station,70540,,0,,1584633,0,1
152364,3666,379440448,GVB:54:70756,Gein,70756,,1,,1584637,0,1
152364,3666,379440449,GVB:54:70434,Centraal Station,70434,,0,,1584633,0,1
152364,3666,379440450,GVB:54:70649,Gein,70649,,1,,1584637,0,1
152364,3666,379440451,GVB:54:70324,Centraal Station,70324,,0,,1584633,0,1
152364,3666,379440452,GVB:54:70469,Gein,70469,,1,,1584637,0,1
152364,3666,379440453,GVB:54:70577,Centraal Station,70577,,0,,1584633,0,1
152364,3666,379440454,GVB:54:70505,Gein,70505,,1,,1584637,0,1
152364,3666,379440455,GVB:54:70757,Centraal Station,70757,,0,,1584633,0,1
152364,3666,379440456,GVB:54:70722,Gein,70722,,1,,1584637,0,1
152364,3666,379440457,GVB:54:70650,Centraal Station,70650,,0,,1584633,0,1
152364,3666,379440458,GVB:54:70399,Gein,70399,,1,,1584637,0,1
152364,3666,379440459,GVB:54:70470,Centraal Station,70470,,0,,1584633,0,1
152364,3666,379440460,GVB:54:70686,Gein,70686,,1,,1584637,0,1
152364,3666,379440461,GVB:54:70506,Centraal Station,70506,,0,,1584633,0,1
152364,3666,379440462,GVB:54:70363,Gein,70363,,1,,1584637,0,1
152364,3666,379440463,GVB:54:70723,Centraal Station,70723,,0,,1584633,0,1
152364,3666,379440464,GVB:54:70616,Gein,70616,,1,,1584637,0,1
152364,3666,379440465,GVB:54:70400,Centraal Station,70400,,0,,1584633,0,1
152364,3666,379440466,GVB:54:70543,Gein,70543,,1,,1584637,0,1
152364,3666,379440467,GVB:54:70687,Centraal Station,70687,,0,,1584635,0,1
152364,3666,379440468,GVB:54:70437,Gein,70437,,1,,1584637,0,1
152364,3666,379440469,GVB:54:70327,Gein,70327,,1,,1584637,0,1
152364,3689,379440672,GVB:54:71431,Centraal Station,71431,,0,,1584669,0,1
152364,3689,379440673,GVB:54:71295,Centraal Station,71295,,0,,1584633,0,1
152364,3689,379440674,GVB:54:71330,Centraal Station,71330,,0,,1584669,0,1
152364,3689,379440675,GVB:54:71467,Gein,71467,,1,,1584639,0,1
152364,3689,379440676,GVB:54:71432,Gein,71432,,1,,1584637,0,1
152364,3689,379440677,GVB:54:71536,Centraal Station,71536,,0,,1584633,0,1
152364,3689,379440678,GVB:54:71261,Centraal Station,71261,,0,,1584669,0,1
152364,3689,379440679,GVB:54:71570,Gein,71570,,1,,1584639,0,1
152364,3689,379440680,GVB:54:71331,Gein,71331,,1,,1584637,0,1
152364,3689,379440681,GVB:54:71227,Centraal Station,71227,,0,,1584669,0,1
152364,3689,379440682,GVB:54:71468,Centraal Station,71468,,0,,1584633,0,1
152364,3689,379440683,GVB:54:71262,Gein,71262,,1,,1584637,0,1
152364,3689,379440684,GVB:54:71571,Centraal Station,71571,,0,,1584633,0,1
152364,3689,379440685,GVB:54:71228,Gein,71228,,1,,1584637,0,1
152364,3689,379440686,GVB:54:71433,Centraal Station,71433,,0,,1584633,0,1
152364,3689,379440687,GVB:54:71161,Gein,71161,,1,,1584637,0,1
152364,3689,379440688,GVB:54:71332,Centraal Station,71332,,0,,1584633,0,1
152364,3689,379440689,GVB:54:71503,Gein,71503,,1,,1584637,0,1
152364,3689,379440690,GVB:54:71263,Centraal Station,71263,,0,,1584633,0,1
152364,3689,379440691,GVB:54:71398,Gein,71398,,1,,1584637,0,1
152364,3689,379440692,GVB:54:71229,Centraal Station,71229,,0,,1584633,0,1
152364,3689,379440693,GVB:54:71195,Gein,71195,,1,,1584637,0,1
152364,3689,379440694,GVB:54:71162,Centraal Station,71162,,0,,1584633,0,1
152364,3689,379440695,GVB:54:71365,Gein,71365,,1,,1584637,0,1
152364,3689,379440696,GVB:54:71504,Centraal Station,71504,,0,,1584633,0,1
152364,3689,379440697,GVB:54:71298,Gein,71298,,1,,1584637,0,1
152364,3689,379440698,GVB:54:71399,Centraal Station,71399,,0,,1584633,0,1
152364,3689,379440699,GVB:54:71539,Gein,71539,,1,,1584637,0,1
152364,3689,379440700,GVB:54:71196,Centraal Station,71196,,0,,1584633,0,1
152364,3689,379440701,GVB:54:71471,Gein,71471,,1,,1584637,0,1
152364,3689,379440702,GVB:54:71366,Centraal Station,71366,,0,,1584633,0,1
152364,3689,379440703,GVB:54:71574,Gein,71574,,1,,1584637,0,1
152364,3689,379440704,GVB:54:71299,Centraal Station,71299,,0,,1584633,0,1
152364,3689,379440705,GVB:54:71436,Gein,71436,,1,,1584637,0,1
152364,3689,379440706,GVB:54:71540,Centraal Station,71540,,0,,1584633,0,1
152364,3689,379440707,GVB:54:71335,Gein,71335,,1,,1584637,0,1
152364,3689,379440708,GVB:54:71472,Centraal Station,71472,,0,,1584633,0,1
152364,3689,379440709,GVB:54:71266,Gein,71266,,1,,1584637,0,1
152364,3689,379440710,GVB:54:71575,Centraal Station,71575,,0,,1584633,0,1
152364,3689,379440711,GVB:54:71232,Gein,71232,,1,,1584637,0,1
152364,3689,379440712,GVB:54:71437,Centraal Station,71437,,0,,1584633,0,1
152364,3689,379440713,GVB:54:71165,Gein,71165,,1,,1584637,0,1
152364,3689,379440714,GVB:54:71336,Centraal Station,71336,,0,,1584633,0,1
152364,3689,379440715,GVB:54:71507,Gein,71507,,1,,1584637,0,1
152364,3689,379440716,GVB:54:71267,Centraal Station,71267,,0,,1584633,0,1
152364,3689,379440717,GVB:54:71402,Gein,71402,,1,,1584637,0,1
152364,3689,379440718,GVB:54:71233,Centraal Station,71233,,0,,1584633,0,1
152364,3689,379440719,GVB:54:71199,Gein,71199,,1,,1584637,0,1
152364,3689,379440720,GVB:54:71166,Centraal Station,71166,,0,,1584633,0,1
152364,3689,379440721,GVB:54:71369,Gein,71369,,1,,1584637,0,1
152364,3689,379440722,GVB:54:71508,Centraal Station,71508,,0,,1584633,0,1
152364,3689,379440723,GVB:54:71302,Gein,71302,,1,,1584637,0,1
152364,3689,379440724,GVB:54:71403,Centraal Station,71403,,0,,1584633,0,1
152364,3689,379440725,GVB:54:71543,Gein,71543,,1,,1584637,0,1
152364,3689,379440726,GVB:54:71200,Centraal Station,71200,,0,,1584633,0,1
152364,3689,379440727,GVB:54:71475,Gein,71475,,1,,1584637,0,1
152364,3689,379440728,GVB:54:71370,Centraal Station,71370,,0,,1584633,0,1
152364,3689,379440729,GVB:54:71578,Gein,71578,,1,,1584637,0,1
152364,3689,379440730,GVB:54:71303,Centraal Station,71303,,0,,1584633,0,1
152364,3689,379440731,GVB:54:71440,Gein,71440,,1,,1584637,0,1
152364,3689,379440732,GVB:54:71544,Centraal Station,71544,,0,,1584633,0,1
152364,3689,379440733,GVB:54:71339,Gein,71339,,1,,1584637,0,1
152364,3689,379440734,GVB:54:71476,Centraal Station,71476,,0,,1584633,0,1
152364,3689,379440735,GVB:54:71270,Gein,71270,,1,,1584637,0,1
152364,3689,379440736,GVB:54:71579,Centraal Station,71579,,0,,1584633,0,1
152364,3689,379440737,GVB:54:71236,Gein,71236,,1,,1584637,0,1
152364,3689,379440738,GVB:54:71441,Centraal Station,71441,,0,,1584633,0,1
152364,3689,379440739,GVB:54:71169,Gein,71169,,1,,1584637,0,1
152364,3689,379440740,GVB:54:71340,Centraal Station,71340,,0,,1584633,0,1
152364,3689,379440741,GVB:54:71511,Gein,71511,,1,,1584637,0,1
152364,3689,379440742,GVB:54:71271,Centraal Station,71271,,0,,1584633,0,1
152364,3689,379440743,GVB:54:71406,Gein,71406,,1,,1584637,0,1
152364,3689,379440744,GVB:54:71237,Centraal Station,71237,,0,,1584633,0,1
152364,3689,379440745,GVB:54:71203,Gein,71203,,1,,1584637,0,1
152364,3689,379440746,GVB:54:71170,Centraal Station,71170,,0,,1584633,0,1
152364,3689,379440747,GVB:54:71373,Gein,71373,,1,,1584637,0,1
152364,3689,379440748,GVB:54:71512,Centraal Station,71512,,0,,1584633,0,1
152364,3689,379440749,GVB:54:71306,Gein,71306,,1,,1584637,0,1
152364,3689,379440750,GVB:54:71407,Centraal Station,71407,,0,,1584633,0,1
152364,3689,379440751,GVB:54:71547,Gein,71547,,1,,1584637,0,1
152364,3689,379440752,GVB:54:71204,Centraal Station,71204,,0,,1584633,0,1
152364,3689,379440753,GVB:54:71479,Gein,71479,,1,,1584637,0,1
152364,3689,379440754,GVB:54:71374,Centraal Station,71374,,0,,1584633,0,1
152364,3689,379440755,GVB:54:71582,Gein,71582,,1,,1584637,0,1
152364,3689,379440756,GVB:54:71307,Centraal Station,71307,,0,,1584633,0,1
152364,3689,379440757,GVB:54:71444,Gein,71444,,1,,1584637,0,1
152364,3689,379440758,GVB:54:71548,Centraal Station,71548,,0,,1584633,0,1
152364,3689,379440759,GVB:54:71343,Gein,71343,,1,,1584637,0,1
152364,3689,379440760,GVB:54:71480,Centraal Station,71480,,0,,1584633,0,1
152364,3689,379440761,GVB:54:71274,Gein,71274,,1,,1584637,0,1
152364,3689,379440762,GVB:54:71583,Centraal Station,71583,,0,,1584633,0,1
152364,3689,379440763,GVB:54:71240,Gein,71240,,1,,1584637,0,1
152364,3689,379440764,GVB:54:71445,Centraal Station,71445,,0,,1584633,0,1
152364,3689,379440765,GVB:54:71173,Gein,71173,,1,,1584637,0,1
152364,3689,379440766,GVB:54:71344,Centraal Station,71344,,0,,1584633,0,1
152364,3689,379440767,GVB:54:71515,Gein,71515,,1,,1584637,0,1
152364,3689,379440768,GVB:54:71275,Centraal Station,71275,,0,,1584633,0,1
152364,3689,379440769,GVB:54:71410,Gein,71410,,1,,1584637,0,1
152364,3689,379440770,GVB:54:71241,Centraal Station,71241,,0,,1584633,0,1
152364,3689,379440771,GVB:54:71207,Gein,71207,,1,,1584637,0,1
152364,3689,379440772,GVB:54:71174,Centraal Station,71174,,0,,1584633,0,1
152364,3689,379440773,GVB:54:71377,Gein,71377,,1,,1584637,0,1
152364,3689,379440774,GVB:54:71516,Centraal Station,71516,,0,,1584633,0,1
152364,3689,379440775,GVB:54:71310,Gein,71310,,1,,1584637,0,1
152364,3689,379440776,GVB:54:71411,Centraal Station,71411,,0,,1584633,0,1
152364,3689,379440777,GVB:54:71551,Gein,71551,,1,,1584637,0,1
152364,3689,379440778,GVB:54:71208,Centraal Station,71208,,0,,1584633,0,1
152364,3689,379440779,GVB:54:71483,Gein,71483,,1,,1584637,0,1
152364,3689,379440780,GVB:54:71378,Centraal Station,71378,,0,,1584633,0,1
152364,3689,379440781,GVB:54:71586,Gein,71586,,1,,1584637,0,1
152364,3689,379440782,GVB:54:71311,Centraal Station,71311,,0,,1584633,0,1
152364,3689,379440783,GVB:54:71448,Gein,71448,,1,,1584637,0,1
152364,3689,379440784,GVB:54:71552,Centraal Station,71552,,0,,1584633,0,1
152364,3689,379440785,GVB:54:71347,Gein,71347,,1,,1584637,0,1
152364,3689,379440786,GVB:54:71484,Centraal Station,71484,,0,,1584633,0,1
152364,3689,379440787,GVB:54:71278,Gein,71278,,1,,1584637,0,1
152364,3689,379440788,GVB:54:71587,Centraal Station,71587,,0,,1584633,0,1
152364,3689,379440789,GVB:54:71244,Gein,71244,,1,,1584637,0,1
152364,3689,379440790,GVB:54:71449,Centraal Station,71449,,0,,1584633,0,1
152364,3689,379440791,GVB:54:71177,Gein,71177,,1,,1584637,0,1
152364,3689,379440792,GVB:54:71348,Centraal Station,71348,,0,,1584633,0,1
152364,3689,379440793,GVB:54:71519,Gein,71519,,1,,1584637,0,1
152364,3689,379440794,GVB:54:71279,Centraal Station,71279,,0,,1584633,0,1
152364,3689,379440795,GVB:54:71414,Gein,71414,,1,,1584637,0,1
152364,3689,379440796,GVB:54:71245,Centraal Station,71245,,0,,1584633,0,1
152364,3689,379440797,GVB:54:71211,Gein,71211,,1,,1584637,0,1
152364,3689,379440798,GVB:54:71178,Centraal Station,71178,,0,,1584633,0,1
152364,3689,379440799,GVB:54:71381,Gein,71381,,1,,1584637,0,1
152364,3689,379440800,GVB:54:71520,Centraal Station,71520,,0,,1584633,0,1
152364,3689,379440801,GVB:54:71314,Gein,71314,,1,,1584637,0,1
152364,3689,379440802,GVB:54:71415,Centraal Station,71415,,0,,1584633,0,1
152364,3689,379440803,GVB:54:71555,Gein,71555,,1,,1584637,0,1
152364,3689,379440804,GVB:54:71212,Centraal Station,71212,,0,,1584633,0,1
152364,3689,379440805,GVB:54:71487,Gein,71487,,1,,1584637,0,1
152364,3689,379440806,GVB:54:71382,Centraal Station,71382,,0,,1584633,0,1
152364,3689,379440807,GVB:54:71590,Gein,71590,,1,,1584637,0,1
152364,3689,379440808,GVB:54:71315,Centraal Station,71315,,0,,1584633,0,1
152364,3689,379440809,GVB:54:71452,Gein,71452,,1,,1584637,0,1
152364,3689,379440810,GVB:54:71556,Centraal Station,71556,,0,,1584633,0,1
152364,3689,379440811,GVB:54:71351,Gein,71351,,1,,1584637,0,1
152364,3689,379440812,GVB:54:71488,Centraal Station,71488,,0,,1584633,0,1
152364,3689,379440813,GVB:54:71282,Gein,71282,,1,,1584637,0,1
152364,3689,379440814,GVB:54:71591,Centraal Station,71591,,0,,1584633,0,1
152364,3689,379440815,GVB:54:71248,Gein,71248,,1,,1584637,0,1
152364,3689,379440816,GVB:54:71453,Centraal Station,71453,,0,,1584633,0,1
152364,3689,379440817,GVB:54:71181,Gein,71181,,1,,1584637,0,1
152364,3689,379440818,GVB:54:71352,Centraal Station,71352,,0,,1584633,0,1
152364,3689,379440819,GVB:54:71523,Gein,71523,,1,,1584637,0,1
152364,3689,379440820,GVB:54:71283,Centraal Station,71283,,0,,1584633,0,1
152364,3689,379440821,GVB:54:71418,Gein,71418,,1,,1584637,0,1
152364,3689,379440822,GVB:54:71249,Centraal Station,71249,,0,,1584633,0,1
152364,3689,379440823,GVB:54:71215,Gein,71215,,1,,1584637,0,1
152364,3689,379440824,GVB:54:71182,Centraal Station,71182,,0,,1584633,0,1
152364,3689,379440825,GVB:54:71385,Gein,71385,,1,,1584637,0,1
152364,3689,379440826,GVB:54:71524,Centraal Station,71524,,0,,1584633,0,1
152364,3689,379440827,GVB:54:71318,Gein,71318,,1,,1584637,0,1
152364,3689,379440828,GVB:54:71419,Centraal Station,71419,,0,,1584633,0,1
152364,3689,379440829,GVB:54:71559,Gein,71559,,1,,1584637,0,1
152364,3689,379440830,GVB:54:71216,Centraal Station,71216,,0,,1584633,0,1
152364,3689,379440831,GVB:54:71491,Gein,71491,,1,,1584637,0,1
152364,3689,379440832,GVB:54:71386,Centraal Station,71386,,0,,1584633,0,1
152364,3689,379440833,GVB:54:71594,Gein,71594,,1,,1584637,0,1
152364,3689,379440834,GVB:54:71319,Centraal Station,71319,,0,,1584633,0,1
152364,3689,379440835,GVB:54:71456,Gein,71456,,1,,1584637,0,1
152364,3689,379440836,GVB:54:71560,Centraal Station,71560,,0,,1584633,0,1
152364,3689,379440837,GVB:54:71355,Gein,71355,,1,,1584637,0,1
152364,3689,379440838,GVB:54:71492,Centraal Station,71492,,0,,1584633,0,1
152364,3689,379440839,GVB:54:71286,Gein,71286,,1,,1584637,0,1
152364,3689,379440840,GVB:54:71595,Centraal Station,71595,,0,,1584633,0,1
152364,3689,379440841,GVB:54:71252,Gein,71252,,1,,1584637,0,1
152364,3689,379440842,GVB:54:71457,Centraal Station,71457,,0,,1584633,0,1
152364,3689,379440843,GVB:54:71185,Gein,71185,,1,,1584637,0,1
152364,3689,379440844,GVB:54:71356,Centraal Station,71356,,0,,1584633,0,1
152364,3689,379440845,GVB:54:71527,Gein,71527,,1,,1584637,0,1
152364,3689,379440846,GVB:54:71287,Centraal Station,71287,,0,,1584633,0,1
152364,3689,379440847,GVB:54:71422,Gein,71422,,1,,1584637,0,1
152364,3689,379440848,GVB:54:71253,Centraal Station,71253,,0,,1584633,0,1
152364,3689,379440849,GVB:54:71219,Gein,71219,,1,,1584637,0,1
152364,3689,379440850,GVB:54:71186,Centraal Station,71186,,0,,1584633,0,1
152364,3689,379440851,GVB:54:71389,Gein,71389,,1,,1584637,0,1
152364,3689,379440852,GVB:54:71528,Centraal Station,71528,,0,,1584633,0,1
152364,3689,379440853,GVB:54:71322,Gein,71322,,1,,1584637,0,1
152364,3689,379440854,GVB:54:71423,Centraal Station,71423,,0,,1584633,0,1
152364,3689,379440855,GVB:54:71563,Gein,71563,,1,,1584637,0,1
152364,3689,379440856,GVB:54:71220,Centraal Station,71220,,0,,1584633,0,1
152364,3689,379440857,GVB:54:71495,Gein,71495,,1,,1584637,0,1
152364,3689,379440858,GVB:54:71390,Centraal Station,71390,,0,,1584633,0,1
152364,3689,379440859,GVB:54:71598,Gein,71598,,1,,1584637,0,1
152364,3689,379440860,GVB:54:71323,Centraal Station,71323,,0,,1584633,0,1
152364,3689,379440861,GVB:54:71460,Gein,71460,,1,,1584637,0,1
152364,3689,379440862,GVB:54:71564,Centraal Station,71564,,0,,1584633,0,1
152364,3689,379440863,GVB:54:71359,Gein,71359,,1,,1584637,0,1
152364,3689,379440864,GVB:54:71496,Centraal Station,71496,,0,,1584633,0,1
152364,3689,379440865,GVB:54:71290,Gein,71290,,1,,1584637,0,1
152364,3689,379440866,GVB:54:71599,Centraal Station,71599,,0,,1584633,0,1
152364,3689,379440867,GVB:54:71256,Gein,71256,,1,,1584637,0,1
152364,3689,379440868,GVB:54:71461,Centraal Station,71461,,0,,1584633,0,1
152364,3689,379440869,GVB:54:71189,Gein,71189,,1,,1584637,0,1
152364,3689,379440870,GVB:54:71360,Centraal Station,71360,,0,,1584633,0,1
152364,3689,379440871,GVB:54:71531,Gein,71531,,1,,1584637,0,1
152364,3689,379440872,GVB:54:71291,Centraal Station,71291,,0,,1584633,0,1
152364,3689,379440873,GVB:54:71426,Gein,71426,,1,,1584637,0,1
152364,3689,379440874,GVB:54:71257,Centraal Station,71257,,0,,1584633,0,1
152364,3689,379440875,GVB:54:71223,Gein,71223,,1,,1584637,0,1
152364,3689,379440876,GVB:54:71190,Centraal Station,71190,,0,,1584633,0,1
152364,3689,379440877,GVB:54:71393,Gein,71393,,1,,1584637,0,1
152364,3689,379440878,GVB:54:71532,Centraal Station,71532,,0,,1584633,0,1
152364,3689,379440879,GVB:54:71326,Gein,71326,,1,,1584637,0,1
152364,3689,379440880,GVB:54:71427,Centraal Station,71427,,0,,1584635,0,1
152364,3689,379440881,GVB:54:71567,Gein,71567,,1,,1584637,0,1
152364,3689,379440882,GVB:54:71499,Gein,71499,,1,,1584637,0,1
152365,446,379395020,GVB:53:72847,Centraal Station,72847,,0,,1584613,0,2
152365,446,379395021,GVB:53:72809,Centraal Station,72809,,0,,1584622,0,2
152365,446,379395022,GVB:53:72848,Gaasperplas,72848,,1,,1584627,0,2
152365,446,379395023,GVB:53:72609,Centraal Station,72609,,0,,1584623,0,2
152365,446,379395024,GVB:53:72772,Gaasperplas,72772,,1,,1584628,0,2
152365,446,379395025,GVB:53:72647,Centraal Station,72647,,0,,1584622,0,2
152365,446,379395026,GVB:53:72507,Gaasperplas,72507,,1,,1584627,0,2
152365,446,379395027,GVB:53:72849,Centraal Station,72849,,0,,1584623,0,2
152365,446,379395028,GVB:53:72467,Gaasperplas,72467,,1,,1584628,0,2
152365,446,379395029,GVB:53:72773,Centraal Station,72773,,0,,1584622,0,2
152365,446,379395030,GVB:53:72539,Gaasperplas,72539,,1,,1584627,0,2
152365,446,379395031,GVB:53:72508,Centraal Station,72508,,0,,1584623,0,2
152365,446,379395032,GVB:53:72678,Gaasperplas,72678,,1,,1584628,0,2
152365,446,379395033,GVB:53:72468,Centraal Station,72468,,0,,1584622,0,2
152365,446,379395034,GVB:53:72735,Centraal Station,72735,,0,,1584625,0,2
152365,446,379395035,GVB:53:72812,Gaasperplas,72812,,1,,1584627,0,2
152365,446,379395036,GVB:53:72540,Centraal Station,72540,,0,,1584622,0,2
152365,446,379395037,GVB:53:72612,Gaasperplas,72612,,1,,1584628,0,2
152365,446,379395038,GVB:53:72679,Centraal Station,72679,,0,,1584623,0,2
152365,446,379395039,GVB:53:72575,Gaasperplas,72575,,1,,1584627,0,2
152365,446,379395040,GVB:53:72813,Centraal Station,72813,,0,,1584622,0,2
152365,446,379395041,GVB:53:72652,Gaasperplas,72652,,1,,1584628,0,2
152365,446,379395042,GVB:53:72613,Centraal Station,72613,,0,,1584623,0,2
152365,446,379395043,GVB:53:72852,Gaasperplas,72852,,1,,1584627,0,2
152365,446,379395044,GVB:53:72576,Centraal Station,72576,,0,,1584622,0,2
152365,446,379395045,GVB:53:72714,Gaasperplas,72714,,1,,1584628,0,2
152365,446,379395046,GVB:53:72653,Centraal Station,72653,,0,,1584623,0,2
152365,446,379395047,GVB:53:72776,Gaasperplas,72776,,1,,1584627,0,2
152365,446,379395048,GVB:53:72853,Centraal Station,72853,,0,,1584622,0,2
152365,446,379395049,GVB:53:72511,Gaasperplas,72511,,1,,1584628,0,2
152365,446,379395050,GVB:53:72715,Centraal Station,72715,,0,,1584623,0,2
152365,446,379395051,GVB:53:72471,Gaasperplas,72471,,1,,1584627,0,2
152365,446,379395052,GVB:53:72777,Centraal Station,72777,,0,,1584622,0,2
152365,446,379395053,GVB:53:72738,Gaasperplas,72738,,1,,1584628,0,2
152365,446,379395054,GVB:53:72512,Centraal Station,72512,,0,,1584623,0,2
152365,446,379395055,GVB:53:72543,Gaasperplas,72543,,1,,1584627,0,2
152365,446,379395056,GVB:53:72472,Centraal Station,72472,,0,,1584622,0,2
152365,446,379395057,GVB:53:72682,Gaasperplas,72682,,1,,1584628,0,2
152365,446,379395058,GVB:53:72739,Centraal Station,72739,,0,,1584623,0,2
152365,446,379395059,GVB:53:72816,Gaasperplas,72816,,1,,1584627,0,2
152365,446,379395060,GVB:53:72544,Centraal Station,72544,,0,,1584622,0,2
152365,446,379395061,GVB:53:72616,Gaasperplas,72616,,1,,1584628,0,2
152365,446,379395062,GVB:53:72683,Centraal Station,72683,,0,,1584623,0,2
152365,446,379395063,GVB:53:72579,Gaasperplas,72579,,1,,1584627,0,2
152365,446,379395064,GVB:53:72817,Centraal Station,72817,,0,,1584622,0,2
152365,446,379395065,GVB:53:72656,Gaasperplas,72656,,1,,1584628,0,2
152365,446,379395066,GVB:53:72617,Centraal Station,72617,,0,,1584623,0,2
152365,446,379395067,GVB:53:72856,Gaasperplas,72856,,1,,1584627,0,2
152365,446,379395068,GVB:53:72580,Centraal Station,72580,,0,,1584622,0,2
152365,446,379395069,GVB:53:72718,Gaasperplas,72718,,1,,1584628,0,2
152365,446,379395070,GVB:53:72657,Centraal Station,72657,,0,,1584623,0,2
152365,446,379395071,GVB:53:72780,Gaasperplas,72780,,1,,1584627,0,2
152365,446,379395072,GVB:53:72857,Centraal Station,72857,,0,,1584622,0,2
152365,446,379395073,GVB:53:72515,Gaasperplas,72515,,1,,1584628,0,2
152365,446,379395074,GVB:53:72719,Centraal Station,72719,,0,,1584623,0,2
152365,446,379395075,GVB:53:72475,Gaasperplas,72475,,1,,1584627,0,2
152365,446,379395076,GVB:53:72781,Centraal Station,72781,,0,,1584622,0,2
152365,446,379395077,GVB:53:72742,Gaasperplas,72742,,1,,1584628,0,2
152365,446,379395078,GVB:53:72516,Centraal Station,72516,,0,,1584623,0,2
152365,446,379395079,GVB:53:72547,Gaasperplas,72547,,1,,1584627,0,2
152365,446,379395080,GVB:53:72476,Centraal Station,72476,,0,,1584622,0,2
152365,446,379395081,GVB:53:72686,Gaasperplas,72686,,1,,1584628,0,2
152365,446,379395082,GVB:53:72743,Centraal Station,72743,,0,,1584623,0,2
152365,446,379395083,GVB:53:72820,Gaasperplas,72820,,1,,1584627,0,2
152365,446,379395084,GVB:53:72548,Centraal Station,72548,,0,,1584622,0,2
152365,446,379395085,GVB:53:72620,Gaasperplas,72620,,1,,1584628,0,2
152365,446,379395086,GVB:53:72687,Centraal Station,72687,,0,,1584623,0,2
152365,446,379395087,GVB:53:72583,Gaasperplas,72583,,1,,1584627,0,2
152365,446,379395088,GVB:53:72821,Centraal Station,72821,,0,,1584622,0,2
152365,446,379395089,GVB:53:72660,Gaasperplas,72660,,1,,1584628,0,2
152365,446,379395090,GVB:53:72621,Centraal Station,72621,,0,,1584623,0,2
152365,446,379395091,GVB:53:72860,Gaasperplas,72860,,1,,1584627,0,2
152365,446,379395092,GVB:53:72584,Centraal Station,72584,,0,,1584622,0,2
152365,446,379395093,GVB:53:72722,Gaasperplas,72722,,1,,1584628,0,2
152365,446,379395094,GVB:53:72661,Centraal Station,72661,,0,,1584623,0,2
152365,446,379395095,GVB:53:72784,Gaasperplas,72784,,1,,1584627,0,2
152365,446,379395096,GVB:53:72861,Centraal Station,72861,,0,,1584622,0,2
152365,446,379395097,GVB:53:72519,Gaasperplas,72519,,1,,1584628,0,2
152365,446,379395098,GVB:53:72723,Centraal Station,72723,,0,,1584623,0,2
152365,446,379395099,GVB:53:72479,Gaasperplas,72479,,1,,1584627,0,2
152365,446,379395100,GVB:53:72785,Centraal Station,72785,,0,,1584622,0,2
152365,446,379395101,GVB:53:72746,Gaasperplas,72746,,1,,1584628,0,2
152365,446,379395102,GVB:53:72520,Centraal Station,72520,,0,,1584623,0,2
152365,446,379395103,GVB:53:72551,Gaasperplas,72551,,1,,1584627,0,2
152365,446,379395104,GVB:53:72480,Centraal Station,72480,,0,,1584622,0,2
152365,446,379395105,GVB:53:72690,Gaasperplas,72690,,1,,1584628,0,2
152365,446,379395106,GVB:53:72747,Centraal Station,72747,,0,,1584623,0,2
152365,446,379395107,GVB:53:72824,Gaasperplas,72824,,1,,1584627,0,2
152365,446,379395108,GVB:53:72552,Centraal Station,72552,,0,,1584622,0,2
152365,446,379395109,GVB:53:72624,Gaasperplas,72624,,1,,1584628,0,2
152365,446,379395110,GVB:53:72691,Centraal Station,72691,,0,,1584623,0,2
152365,446,379395111,GVB:53:72587,Gaasperplas,72587,,1,,1584627,0,2
152365,446,379395112,GVB:53:72825,Centraal Station,72825,,0,,1584622,0,2
152365,446,379395113,GVB:53:72664,Gaasperplas,72664,,1,,1584628,0,2
152365,446,379395114,GVB:53:72625,Centraal Station,72625,,0,,1584623,0,2
152365,446,379395115,GVB:53:72864,Gaasperplas,72864,,1,,1584627,0,2
152365,446,379395116,GVB:53:72588,Centraal Station,72588,,0,,1584622,0,2
152365,446,379395117,GVB:53:72726,Gaasperplas,72726,,1,,1584628,0,2
152365,446,379395118,GVB:53:72665,Centraal Station,72665,,0,,1584623,0,2
152365,446,379395119,GVB:53:72788,Gaasperplas,72788,,1,,1584627,0,2
152365,446,379395120,GVB:53:72865,Centraal Station,72865,,0,,1584622,0,2
152365,446,379395121,GVB:53:72523,Gaasperplas,72523,,1,,1584628,0,2
152365,446,379395122,GVB:53:72727,Centraal Station,72727,,0,,1584623,0,2
152365,446,379395123,GVB:53:72483,Gaasperplas,72483,,1,,1584627,0,2
152365,446,379395124,GVB:53:72789,Centraal Station,72789,,0,,1584622,0,2
152365,446,379395125,GVB:53:72750,Gaasperplas,72750,,1,,1584628,0,2
152365,446,379395126,GVB:53:72524,Centraal Station,72524,,0,,1584623,0,2
152365,446,379395127,GVB:53:72555,Gaasperplas,72555,,1,,1584627,0,2
152365,446,379395128,GVB:53:72484,Centraal Station,72484,,0,,1584622,0,2
152365,446,379395129,GVB:53:72694,Gaasperplas,72694,,1,,1584628,0,2
152365,446,379395130,GVB:53:72751,Centraal Station,72751,,0,,1584623,0,2
152365,446,379395131,GVB:53:72828,Gaasperplas,72828,,1,,1584627,0,2
152365,446,379395132,GVB:53:72556,Centraal Station,72556,,0,,1584622,0,2
152365,446,379395133,GVB:53:72628,Gaasperplas,72628,,1,,1584628,0,2
152365,446,379395134,GVB:53:72695,Centraal Station,72695,,0,,1584623,0,2
152365,446,379395135,GVB:53:72591,Gaasperplas,72591,,1,,1584627,0,2
152365,446,379395136,GVB:53:72829,Centraal Station,72829,,0,,1584622,0,2
152365,446,379395137,GVB:53:72668,Gaasperplas,72668,,1,,1584628,0,2
152365,446,379395138,GVB:53:72629,Centraal Station,72629,,0,,1584623,0,2
152365,446,379395139,GVB:53:72868,Gaasperplas,72868,,1,,1584627,0,2
152365,446,379395140,GVB:53:72592,Centraal Station,72592,,0,,1584622,0,2
152365,446,379395141,GVB:53:72730,Gaasperplas,72730,,1,,1584628,0,2
152365,446,379395142,GVB:53:72669,Centraal Station,72669,,0,,1584623,0,2
152365,446,379395143,GVB:53:72792,Gaasperplas,72792,,1,,1584627,0,2
152365,446,379395144,GVB:53:72869,Centraal Station,72869,,0,,1584622,0,2
152365,446,379395145,GVB:53:72527,Gaasperplas,72527,,1,,1584628,0,2
152365,446,379395146,GVB:53:72731,Centraal Station,72731,,0,,1584623,0,2
152365,446,379395147,GVB:53:72487,Gaasperplas,72487,,1,,1584627,0,2
152365,446,379395148,GVB:53:72793,Centraal Station,72793,,0,,1584622,0,2
152365,446,379395149,GVB:53:72754,Gaasperplas,72754,,1,,1584628,0,2
152365,446,379395150,GVB:53:72528,Centraal Station,72528,,0,,1584623,0,2
152365,446,379395151,GVB:53:72559,Gaasperplas,72559,,1,,1584627,0,2
152365,446,379395152,GVB:53:72488,Centraal Station,72488,,0,,1584622,0,2
152365,446,379395153,GVB:53:72698,Gaasperplas,72698,,1,,1584628,0,2
152365,446,379395154,GVB:53:72755,Centraal Station,72755,,0,,1584623,0,2
152365,446,379395155,GVB:53:72832,Gaasperplas,72832,,1,,1584630,0,2
152365,446,379395156,GVB:53:72632,Gaasperplas,72632,,1,,1584628,0,2
152365,446,379395157,GVB:53:72560,Centraal Station,72560,,0,,1584623,0,2
152365,446,379395158,GVB:53:72595,Gaasperplas,72595,,1,,1584630,0,2
152365,446,379395159,GVB:53:72699,Centraal Station,72699,,0,,1584623,0,2
152365,446,379395160,GVB:53:72672,Gaasperplas,72672,,1,,1584628,0,2
152365,446,379395161,GVB:53:72833,Centraal Station,72833,,0,,1584625,0,2
152365,446,379395162,GVB:53:72874,Gaasperplas,72874,,1,,1584628,0,2
152365,446,379395163,GVB:53:72633,Centraal Station,72633,,0,,1584623,0,2
152365,446,379395164,GVB:53:72796,Gaasperplas,72796,,1,,1584628,0,2
152365,446,379395165,GVB:53:72596,Centraal Station,72596,,0,,1584625,0,2
152365,446,379395166,GVB:53:72531,Gaasperplas,72531,,1,,1584628,0,2
152365,446,379395167,GVB:53:72875,Centraal Station,72875,,0,,1584623,0,2
152365,446,379395168,GVB:53:72493,Gaasperplas,72493,,1,,1584628,0,2
152365,446,379395169,GVB:53:72797,Centraal Station,72797,,0,,1584623,0,2
152365,446,379395170,GVB:53:72758,Gaasperplas,72758,,1,,1584628,0,2
152365,446,379395171,GVB:53:72532,Centraal Station,72532,,0,,1584623,0,2
152365,446,379395172,GVB:53:72563,Gaasperplas,72563,,1,,1584628,0,2
152365,446,379395173,GVB:53:72494,Centraal Station,72494,,0,,1584623,0,2
152365,446,379395174,GVB:53:72702,Gaasperplas,72702,,1,,1584628,0,2
152365,446,379395175,GVB:53:72759,Centraal Station,72759,,0,,1584623,0,2
152365,446,379395176,GVB:53:72836,Gaasperplas,72836,,1,,1584628,0,2
152365,446,379395177,GVB:53:72564,Centraal Station,72564,,0,,1584622,0,2
152365,446,379395178,GVB:53:72636,Gaasperplas,72636,,1,,1584628,0,2
152365,446,379395179,GVB:53:72703,Centraal Station,72703,,0,,1584623,0,2
152365,446,379395180,GVB:53:72599,Gaasperplas,72599,,1,,1584628,0,2
152365,446,379395181,GVB:53:72837,Centraal Station,72837,,0,,1584622,0,2
152365,446,379395182,GVB:53:72878,Gaasperplas,72878,,1,,1584627,0,2
152365,446,379395183,GVB:53:72637,Centraal Station,72637,,0,,1584623,0,2
152365,446,379395184,GVB:53:72800,Gaasperplas,72800,,1,,1584628,0,2
152365,446,379395185,GVB:53:72600,Centraal Station,72600,,0,,1584622,0,2
152365,446,379395186,GVB:53:72497,Gaasperplas,72497,,1,,1584627,0,2
152365,446,379395187,GVB:53:72879,Centraal Station,72879,,0,,1584623,0,2
152365,446,379395188,GVB:53:72762,Gaasperplas,72762,,1,,1584628,0,2
152365,446,379395189,GVB:53:72801,Centraal Station,72801,,0,,1584622,0,2
152365,446,379395190,GVB:53:72567,Gaasperplas,72567,,1,,1584627,0,2
152365,446,379395191,GVB:53:72498,Centraal Station,72498,,0,,1584623,0,2
152365,446,379395192,GVB:53:72706,Gaasperplas,72706,,1,,1584628,0,2
152365,446,379395193,GVB:53:72763,Centraal Station,72763,,0,,1584622,0,2
152365,446,379395194,GVB:53:72840,Gaasperplas,72840,,1,,1584627,0,2
152365,446,379395195,GVB:53:72568,Centraal Station,72568,,0,,1584623,0,2
152365,446,379395196,GVB:53:72640,Gaasperplas,72640,,1,,1584628,0,2
152365,446,379395197,GVB:53:72707,Centraal Station,72707,,0,,1584622,0,2
152365,446,379395198,GVB:53:72603,Gaasperplas,72603,,1,,1584627,0,2
152365,446,379395199,GVB:53:72841,Centraal Station,72841,,0,,1584623,0,2
152365,446,379395200,GVB:53:72882,Gaasperplas,72882,,1,,1584628,0,2
152365,446,379395201,GVB:53:72641,Centraal Station,72641,,0,,1584622,0,2
152365,446,379395202,GVB:53:72804,Gaasperplas,72804,,1,,1584627,0,2
152365,446,379395203,GVB:53:72604,Centraal Station,72604,,0,,1584623,0,2
152365,446,379395204,GVB:53:72501,Gaasperplas,72501,,1,,1584629,0,2
152365,446,379395205,GVB:53:72883,Centraal Station,72883,,0,,1584622,0,2
152365,446,379395206,GVB:53:72766,Gaasperplas,72766,,1,,1584627,0,2
152365,446,379395207,GVB:53:72805,Centraal Station,72805,,0,,1584623,0,2
152365,446,379395208,GVB:53:72571,Gaasperplas,72571,,1,,1584629,0,2
152365,446,379395209,GVB:53:72502,Centraal Station,72502,,0,,1584626,0,2
152365,446,379395210,GVB:53:72710,Gaasperplas,72710,,1,,1584630,0,2
152365,446,379395211,GVB:53:72767,Centraal Station,72767,,0,,1584622,0,2
152365,446,379395212,GVB:53:72844,Gaasperplas,72844,,1,,1584629,0,2
152365,2199,379395409,GVB:53:71605,Centraal Station,71605,,0,,1584623,0,1
152365,2199,379395410,GVB:53:71924,Centraal Station,71924,,0,,1584622,0,1
152365,2199,379395411,GVB:53:71639,Centraal Station,71639,,0,,1584623,0,1
152365,2199,379395412,GVB:53:71675,Centraal Station,71675,,0,,1584622,0,1
152365,2199,379395413,GVB:53:71823,Centraal Station,71823,,0,,1584623,0,1
152365,2199,379395414,GVB:53:71786,Centraal Station,71786,,0,,1584622,0,1
152365,2199,379395415,GVB:53:71860,Centraal Station,71860,,0,,1584623,0,1
152365,2199,379395416,GVB:53:71962,Centraal Station,71962,,0,,1584622,0,1
152365,2199,379395417,GVB:53:71751,Centraal Station,71751,,0,,1584623,0,1
152365,2199,379395418,GVB:53:71609,Centraal Station,71609,,0,,1584622,0,1
152365,2199,379395419,GVB:53:71944,Centraal Station,71944,,0,,1584623,0,1
152365,2199,379395420,GVB:53:71910,Centraal Station,71910,,0,,1584625,0,1
152365,2199,379395421,GVB:53:71659,Centraal Station,71659,,0,,1584623,0,1
152365,2199,379395422,GVB:53:71843,Centraal Station,71843,,0,,1584623,0,1
152365,2199,379395423,GVB:53:71808,Centraal Station,71808,,0,,1584623,0,1
152365,2199,379395424,GVB:53:71882,Centraal Station,71882,,0,,1584623,0,1
152365,2199,379395425,GVB:53:71982,Centraal Station,71982,,0,,1584623,0,1
152365,2199,379395426,GVB:53:71735,Centraal Station,71735,,0,,1584623,0,1
152365,2199,379395427,GVB:53:71771,Centraal Station,71771,,0,,1584623,0,1
152365,2199,379395428,GVB:53:71629,Centraal Station,71629,,0,,1584622,0,1
152365,2199,379395429,GVB:53:71948,Centraal Station,71948,,0,,1584623,0,1
152365,2199,379395430,GVB:53:71914,Centraal Station,71914,,0,,1584622,0,1
152365,2199,379395431,GVB:53:71663,Centraal Station,71663,,0,,1584623,0,1
152365,2199,379395432,GVB:53:71847,Centraal Station,71847,,0,,1584622,0,1
152365,2199,379395433,GVB:53:71812,Centraal Station,71812,,0,,1584623,0,1
152365,2199,379395434,GVB:53:71886,Centraal Station,71886,,0,,1584622,0,1
152365,2199,379395435,GVB:53:71739,Centraal Station,71739,,0,,1584623,0,1
152365,2199,379395436,GVB:53:71775,Centraal Station,71775,,0,,1584622,0,1
152365,2199,379395437,GVB:53:71633,Centraal Station,71633,,0,,1584623,0,1
152365,2199,379395438,GVB:53:71952,Centraal Station,71952,,0,,1584622,0,1
152365,2199,379395439,GVB:53:71918,Centraal Station,71918,,0,,1584623,0,1
152365,2199,379395440,GVB:53:71667,Centraal Station,71667,,0,,1584622,0,1
152365,2199,379395441,GVB:53:71851,Centraal Station,71851,,0,,1584623,0,1
152365,2199,379395442,GVB:53:71816,Centraal Station,71816,,0,,1584622,0,1
152365,2199,379395443,GVB:53:71890,Centraal Station,71890,,0,,1584623,0,1
152365,2199,379395444,GVB:53:71743,Centraal Station,71743,,0,,1584626,0,1
152365,2199,379395445,GVB:53:71779,Centraal Station,71779,,0,,1584622,0,1
152365,2199,379395446,GVB:53:71674,Gaasperplas,71674,,1,,1584628,0,1
152365,2199,379395447,GVB:53:71822,Gaasperplas,71822,,1,,1584627,0,1
152365,2199,379395448,GVB:53:71785,Gaasperplas,71785,,1,,1584628,0,1
152365,2199,379395449,GVB:53:71859,Gaasperplas,71859,,1,,1584627,0,1
152365,2199,379395450,GVB:53:71961,Gaasperplas,71961,,1,,1584628,0,1
152365,2199,379395451,GVB:53:71750,Gaasperplas,71750,,1,,1584627,0,1
152365,2199,379395452,GVB:53:71608,Gaasperplas,71608,,1,,1584628,0,1
152365,2199,379395453,GVB:53:71927,Gaasperplas,71927,,1,,1584627,0,1
152365,2199,379395454,GVB:53:71642,Gaasperplas,71642,,1,,1584628,0,1
152365,2199,379395455,GVB:53:71678,Gaasperplas,71678,,1,,1584627,0,1
152365,2199,379395456,GVB:53:71842,Gaasperplas,71842,,1,,1584628,0,1
152365,2199,379395457,GVB:53:71807,Gaasperplas,71807,,1,,1584628,0,1
152365,2199,379395458,GVB:53:71881,Gaasperplas,71881,,1,,1584628,0,1
152365,2199,379395459,GVB:53:71981,Gaasperplas,71981,,1,,1584628,0,1
152365,2199,379395460,GVB:53:71734,Gaasperplas,71734,,1,,1584628,0,1
152365,2199,379395461,GVB:53:71770,Gaasperplas,71770,,1,,1584628,0,1
152365,2199,379395462,GVB:53:71628,Gaasperplas,71628,,1,,1584628,0,1
152365,2199,379395463,GVB:53:71947,Gaasperplas,71947,,1,,1584628,0,1
152365,2199,379395464,GVB:53:71913,Gaasperplas,71913,,1,,1584628,0,1
152365,2199,379395465,GVB:53:71662,Gaasperplas,71662,,1,,1584628,0,1
152365,2199,379395466,GVB:53:71846,Gaasperplas,71846,,1,,1584628,0,1
152365,2199,379395467,GVB:53:71811,Gaasperplas,71811,,1,,1584627,0,1
152365,2199,379395468,GVB:53:71885,Gaasperplas,71885,,1,,1584628,0,1
152365,2199,379395469,GVB:53:71738,Gaasperplas,71738,,1,,1584627,0,1
152365,2199,379395470,GVB:53:71774,Gaasperplas,71774,,1,,1584628,0,1
152365,2199,379395471,GVB:53:71632,Gaasperplas,71632,,1,,1584627,0,1
152365,2199,379395472,GVB:53:71951,Gaasperplas,71951,,1,,1584628,0,1
152365,2199,379395473,GVB:53:71917,Gaasperplas,71917,,1,,1584627,0,1
152365,2199,379395474,GVB:53:71666,Gaasperplas,71666,,1,,1584628,0,1
152365,2199,379395475,GVB:53:71850,Gaasperplas,71850,,1,,1584627,0,1
152365,2199,379395476,GVB:53:71815,Gaasperplas,71815,,1,,1584628,0,1
152365,2199,379395477,GVB:53:71889,Gaasperplas,71889,,1,,1584627,0,1
152365,2199,379395478,GVB:53:71742,Gaasperplas,71742,,1,,1584629,0,1
152365,2199,379395479,GVB:53:71778,Gaasperplas,71778,,1,,1584627,0,1
152365,2199,379395480,GVB:53:71636,Gaasperplas,71636,,1,,1584629,0,1
152365,2199,379395481,GVB:53:71955,Gaasperplas,71955,,1,,1584630,0,1
152365,2199,379395482,GVB:53:71921,Gaasperplas,71921,,1,,1584629,0,1
152365,2199,379395483,GVB:53:71928,Centraal Station,71928,,0,,1584623,0,1
152365,2199,379395484,GVB:53:71643,Centraal Station,71643,,0,,1584623,0,1
152365,2199,379395485,GVB:53:71827,Centraal Station,71827,,0,,1584623,0,1
152365,2199,379395486,GVB:53:71699,Centraal Station,71699,,0,,1584623,0,1
152365,2199,379395487,GVB:53:71966,Centraal Station,71966,,0,,1584623,0,1
152365,2199,379395488,GVB:53:71755,Centraal Station,71755,,0,,1584623,0,1
152365,2199,379395489,GVB:53:71932,Centraal Station,71932,,0,,1584623,0,1
152365,2199,379395490,GVB:53:71647,Centraal Station,71647,,0,,1584623,0,1
152365,2199,379395491,GVB:53:71831,Centraal Station,71831,,0,,1584623,0,1
152365,2199,379395492,GVB:53:71703,Centraal Station,71703,,0,,1584623,0,1
152365,2199,379395493,GVB:53:71970,Centraal Station,71970,,0,,1584623,0,1
152365,2199,379395494,GVB:53:71759,Centraal Station,71759,,0,,1584623,0,1
152365,2199,379395495,GVB:53:71936,Centraal Station,71936,,0,,1584623,0,1
152365,2199,379395496,GVB:53:71651,Centraal Station,71651,,0,,1584623,0,1
152365,2199,379395497,GVB:53:71835,Centraal Station,71835,,0,,1584623,0,1
152365,2199,379395498,GVB:53:71707,Centraal Station,71707,,0,,1584623,0,1
152365,2199,379395499,GVB:53:71974,Centraal Station,71974,,0,,1584623,0,1
152365,2199,379395500,GVB:53:71763,Centraal Station,71763,,0,,1584623,0,1
152365,2199,379395501,GVB:53:71940,Centraal Station,71940,,0,,1584623,0,1
152365,2199,379395502,GVB:53:71655,Centraal Station,71655,,0,,1584623,0,1
152365,2199,379395503,GVB:53:71839,Centraal Station,71839,,0,,1584623,0,1
152365,2199,379395504,GVB:53:71711,Centraal Station,71711,,0,,1584623,0,1
152365,2199,379395505,GVB:53:71978,Centraal Station,71978,,0,,1584623,0,1
152365,2199,379395506,GVB:53:71767,Centraal Station,71767,,0,,1584623,0,1
152365,2199,379395507,GVB:53:71894,Centraal Station,71894,,0,,1584626,0,1
152365,2199,379395508,GVB:53:71679,Centraal Station,71679,,0,,1584622,0,1
152365,2199,379395509,GVB:53:71790,Centraal Station,71790,,0,,1584622,0,1
152365,2199,379395510,GVB:53:71866,Centraal Station,71866,,0,,1584622,0,1
152365,2199,379395511,GVB:53:71717,Centraal Station,71717,,0,,1584622,0,1
152365,2199,379395512,GVB:53:71613,Centraal Station,71613,,0,,1584622,0,1
152365,2199,379395513,GVB:53:71898,Centraal Station,71898,,0,,1584622,0,1
152365,2199,379395514,GVB:53:71683,Centraal Station,71683,,0,,1584622,0,1
152365,2199,379395515,GVB:53:71794,Centraal Station,71794,,0,,1584622,0,1
152365,2199,379395516,GVB:53:71870,Centraal Station,71870,,0,,1584622,0,1
152365,2199,379395517,GVB:53:71721,Centraal Station,71721,,0,,1584622,0,1
152365,2199,379395518,GVB:53:71617,Centraal Station,71617,,0,,1584622,0,1
152365,2199,379395519,GVB:53:71902,Centraal Station,71902,,0,,1584622,0,1
152365,2199,379395520,GVB:53:71687,Centraal Station,71687,,0,,1584622,0,1
152365,2199,379395521,GVB:53:71798,Centraal Station,71798,,0,,1584622,0,1
152365,2199,379395522,GVB:53:71874,Centraal Station,71874,,0,,1584622,0,1
152365,2199,379395523,GVB:53:71725,Centraal Station,71725,,0,,1584622,0,1
152365,2199,379395524,GVB:53:71621,Centraal Station,71621,,0,,1584622,0,1
152365,2199,379395525,GVB:53:71906,Centraal Station,71906,,0,,1584622,0,1
152365,2199,379395526,GVB:53:71691,Centraal Station,71691,,0,,1584622,0,1
152365,2199,379395527,GVB:53:71802,Centraal Station,71802,,0,,1584622,0,1
152365,2199,379395528,GVB:53:71878,Centraal Station,71878,,0,,1584622,0,1
152365,2199,379395529,GVB:53:71729,Centraal Station,71729,,0,,1584622,0,1
152365,2199,379395530,GVB:53:71625,Centraal Station,71625,,0,,1584623,0,1
152365,2199,379395531,GVB:53:71826,Gaasperplas,71826,,1,,1584628,0,1
152365,2199,379395532,GVB:53:71698,Gaasperplas,71698,,1,,1584628,0,1
152365,2199,379395533,GVB:53:71965,Gaasperplas,71965,,1,,1584628,0,1
152365,2199,379395534,GVB:53:71754,Gaasperplas,71754,,1,,1584628,0,1
152365,2199,379395535,GVB:53:71931,Gaasperplas,71931,,1,,1584628,0,1
152365,2199,379395536,GVB:53:71646,Gaasperplas,71646,,1,,1584628,0,1
152365,2199,379395537,GVB:53:71830,Gaasperplas,71830,,1,,1584628,0,1
152365,2199,379395538,GVB:53:71702,Gaasperplas,71702,,1,,1584628,0,1
152365,2199,379395539,GVB:53:71969,Gaasperplas,71969,,1,,1584628,0,1
152365,2199,379395540,GVB:53:71758,Gaasperplas,71758,,1,,1584628,0,1
152365,2199,379395541,GVB:53:71935,Gaasperplas,71935,,1,,1584628,0,1
152365,2199,379395542,GVB:53:71650,Gaasperplas,71650,,1,,1584628,0,1
152365,2199,379395543,GVB:53:71834,Gaasperplas,71834,,1,,1584628,0,1
152365,2199,379395544,GVB:53:71706,Gaasperplas,71706,,1,,1584628,0,1
152365,2199,379395545,GVB:53:71973,Gaasperplas,71973,,1,,1584628,0,1
152365,2199,379395546,GVB:53:71762,Gaasperplas,71762,,1,,1584628,0,1
152365,2199,379395547,GVB:53:71939,Gaasperplas,71939,,1,,1584628,0,1
152365,2199,379395548,GVB:53:71654,Gaasperplas,71654,,1,,1584628,0,1
152365,2199,379395549,GVB:53:71838,Gaasperplas,71838,,1,,1584628,0,1
152365,2199,379395550,GVB:53:71710,Gaasperplas,71710,,1,,1584628,0,1
152365,2199,379395551,GVB:53:71977,Gaasperplas,71977,,1,,1584628,0,1
152365,2199,379395552,GVB:53:71766,Gaasperplas,71766,,1,,1584628,0,1
152365,2199,379395553,GVB:53:71943,Gaasperplas,71943,,1,,1584628,0,1
152365,2199,379395554,GVB:53:71658,Gaasperplas,71658,,1,,1584628,0,1
152365,2199,379395555,GVB:53:71789,Gaasperplas,71789,,1,,1584627,0,1
152365,2199,379395556,GVB:53:71865,Gaasperplas,71865,,1,,1584627,0,1
152365,2199,379395557,GVB:53:71716,Gaasperplas,71716,,1,,1584627,0,1
152365,2199,379395558,GVB:53:71612,Gaasperplas,71612,,1,,1584627,0,1
152365,2199,379395559,GVB:53:71897,Gaasperplas,71897,,1,,1584627,0,1
152365,2199,379395560,GVB:53:71682,Gaasperplas,71682,,1,,1584627,0,1
152365,2199,379395561,GVB:53:71793,Gaasperplas,71793,,1,,1584627,0,1
152365,2199,379395562,GVB:53:71869,Gaasperplas,71869,,1,,1584627,0,1
152365,2199,379395563,GVB:53:71720,Gaasperplas,71720,,1,,1584627,0,1
152365,2199,379395564,GVB:53:71616,Gaasperplas,71616,,1,,1584627,0,1
152365,2199,379395565,GVB:53:71901,Gaasperplas,71901,,1,,1584627,0,1
152365,2199,379395566,GVB:53:71686,Gaasperplas,71686,,1,,1584627,0,1
152365,2199,379395567,GVB:53:71797,Gaasperplas,71797,,1,,1584627,0,1
152365,2199,379395568,GVB:53:71873,Gaasperplas,71873,,1,,1584627,0,1
152365,2199,379395569,GVB:53:71724,Gaasperplas,71724,,1,,1584627,0,1
152365,2199,379395570,GVB:53:71620,Gaasperplas,71620,,1,,1584627,0,1
152365,2199,379395571,GVB:53:71905,Gaasperplas,71905,,1,,1584627,0,1
152365,2199,379395572,GVB:53:71690,Gaasperplas,71690,,1,,1584627,0,1
152365,2199,379395573,GVB:53:71801,Gaasperplas,71801,,1,,1584627,0,1
152365,2199,379395574,GVB:53:71877,Gaasperplas,71877,,1,,1584627,0,1
152365,2199,379395575,GVB:53:71728,Gaasperplas,71728,,1,,1584627,0,1
152365,2199,379395576,GVB:53:71624,Gaasperplas,71624,,1,,1584627,0,1
152365,2199,379395577,GVB:53:71909,Gaasperplas,71909,,1,,1584630,0,1
152365,2199,379395578,GVB:53:71694,Gaasperplas,71694,,1,,1584630,0,1
152365,1874,379395756,GVB:53:70991,Centraal Station,70991,,0,,1584623,0,1
152365,1874,379395757,GVB:53:71067,Centraal Station,71067,,0,,1584622,0,1
152365,1874,379395758,GVB:53:70827,Centraal Station,70827,,0,,1584623,0,1
152365,1874,379395759,GVB:53:70765,Centraal Station,70765,,0,,1584622,0,1
152365,1874,379395760,GVB:53:70957,Centraal Station,70957,,0,,1584623,0,1
152365,1874,379395761,GVB:53:71033,Centraal Station,71033,,0,,1584622,0,1
152365,1874,379395762,GVB:53:70921,Centraal Station,70921,,0,,1584623,0,1
152365,1874,379395763,GVB:53:70805,Centraal Station,70805,,0,,1584622,0,1
152365,1874,379395764,GVB:53:71127,Centraal Station,71127,,0,,1584623,0,1
152365,1874,379395765,GVB:53:70995,Centraal Station,70995,,0,,1584622,0,1
152365,1874,379395766,GVB:53:71071,Centraal Station,71071,,0,,1584623,0,1
152365,1874,379395767,GVB:53:70831,Centraal Station,70831,,0,,1584622,0,1
152365,1874,379395768,GVB:53:70769,Centraal Station,70769,,0,,1584623,0,1
152365,1874,379395769,GVB:53:70961,Centraal Station,70961,,0,,1584622,0,1
152365,1874,379395770,GVB:53:71053,Centraal Station,71053,,0,,1584623,0,1
152365,1874,379395771,GVB:53:70903,Centraal Station,70903,,0,,1584625,0,1
152365,1874,379395772,GVB:53:70941,Centraal Station,70941,,0,,1584623,0,1
152365,1874,379395773,GVB:53:71147,Centraal Station,71147,,0,,1584623,0,1
152365,1874,379395774,GVB:53:71017,Centraal Station,71017,,0,,1584623,0,1
152365,1874,379395775,GVB:53:71093,Centraal Station,71093,,0,,1584623,0,1
152365,1874,379395776,GVB:53:70851,Centraal Station,70851,,0,,1584623,0,1
152365,1874,379395777,GVB:53:70875,Centraal Station,70875,,0,,1584623,0,1
152365,1874,379395778,GVB:53:70789,Centraal Station,70789,,0,,1584623,0,1
152365,1874,379395779,GVB:53:70981,Centraal Station,70981,,0,,1584622,0,1
152365,1874,379395780,GVB:53:71057,Centraal Station,71057,,0,,1584623,0,1
152365,1874,379395781,GVB:53:70907,Centraal Station,70907,,0,,1584622,0,1
152365,1874,379395782,GVB:53:70945,Centraal Station,70945,,0,,1584623,0,1
152365,1874,379395783,GVB:53:71151,Centraal Station,71151,,0,,1584622,0,1
152365,1874,379395784,GVB:53:71021,Centraal Station,71021,,0,,1584623,0,1
152365,1874,379395785,GVB:53:71097,Centraal Station,71097,,0,,1584622,0,1
152365,1874,379395786,GVB:53:70879,Centraal Station,70879,,0,,1584623,0,1
152365,1874,379395787,GVB:53:70793,Centraal Station,70793,,0,,1584622,0,1
152365,1874,379395788,GVB:53:70985,Centraal Station,70985,,0,,1584623,0,1
152365,1874,379395789,GVB:53:71061,Centraal Station,71061,,0,,1584622,0,1
152365,1874,379395790,GVB:53:70911,Centraal Station,70911,,0,,1584623,0,1
152365,1874,379395791,GVB:53:70949,Centraal Station,70949,,0,,1584622,0,1
152365,1874,379395792,GVB:53:71155,Centraal Station,71155,,0,,1584623,0,1
152365,1874,379395793,GVB:53:71025,Centraal Station,71025,,0,,1584622,0,1
152365,1874,379395794,GVB:53:71101,Centraal Station,71101,,0,,1584623,0,1
152365,1874,379395795,GVB:53:70883,Centraal Station,70883,,0,,1584626,0,1
152365,1874,379395796,GVB:53:70797,Centraal Station,70797,,0,,1584622,0,1
152365,1874,379395797,GVB:53:70764,Gaasperplas,70764,,1,,1584628,0,1
152365,1874,379395798,GVB:53:70956,Gaasperplas,70956,,1,,1584627,0,1
152365,1874,379395799,GVB:53:71032,Gaasperplas,71032,,1,,1584628,0,1
152365,1874,379395800,GVB:53:70920,Gaasperplas,70920,,1,,1584627,0,1
152365,1874,379395801,GVB:53:70804,Gaasperplas,70804,,1,,1584628,0,1
152365,1874,379395802,GVB:53:71126,Gaasperplas,71126,,1,,1584627,0,1
152365,1874,379395803,GVB:53:70994,Gaasperplas,70994,,1,,1584628,0,1
152365,1874,379395804,GVB:53:71070,Gaasperplas,71070,,1,,1584627,0,1
152365,1874,379395805,GVB:53:70830,Gaasperplas,70830,,1,,1584628,0,1
152365,1874,379395806,GVB:53:70768,Gaasperplas,70768,,1,,1584627,0,1
152365,1874,379395807,GVB:53:70960,Gaasperplas,70960,,1,,1584628,0,1
152365,1874,379395808,GVB:53:71036,Gaasperplas,71036,,1,,1584627,0,1
152365,1874,379395809,GVB:53:70924,Gaasperplas,70924,,1,,1584628,0,1
152365,1874,379395810,GVB:53:70808,Gaasperplas,70808,,1,,1584627,0,1
152365,1874,379395811,GVB:53:71146,Gaasperplas,71146,,1,,1584628,0,1
152365,1874,379395812,GVB:53:71016,Gaasperplas,71016,,1,,1584628,0,1
152365,1874,379395813,GVB:53:71092,Gaasperplas,71092,,1,,1584628,0,1
152365,1874,379395814,GVB:53:70850,Gaasperplas,70850,,1,,1584628,0,1
152365,1874,379395815,GVB:53:70874,Gaasperplas,70874,,1,,1584628,0,1
152365,1874,379395816,GVB:53:70788,Gaasperplas,70788,,1,,1584628,0,1
152365,1874,379395817,GVB:53:70980,Gaasperplas,70980,,1,,1584628,0,1
152365,1874,379395818,GVB:53:71056,Gaasperplas,71056,,1,,1584628,0,1
152365,1874,379395819,GVB:53:70906,Gaasperplas,70906,,1,,1584628,0,1
152365,1874,379395820,GVB:53:70944,Gaasperplas,70944,,1,,1584628,0,1
152365,1874,379395821,GVB:53:71150,Gaasperplas,71150,,1,,1584628,0,1
152365,1874,379395822,GVB:53:71020,Gaasperplas,71020,,1,,1584627,0,1
152365,1874,379395823,GVB:53:71096,Gaasperplas,71096,,1,,1584628,0,1
152365,1874,379395824,GVB:53:70878,Gaasperplas,70878,,1,,1584627,0,1
152365,1874,379395825,GVB:53:70792,Gaasperplas,70792,,1,,1584628,0,1
152365,1874,379395826,GVB:53:70984,Gaasperplas,70984,,1,,1584627,0,1
152365,1874,379395827,GVB:53:71060,Gaasperplas,71060,,1,,1584628,0,1
152365,1874,379395828,GVB:53:70910,Gaasperplas,70910,,1,,1584627,0,1
152365,1874,379395829,GVB:53:70948,Gaasperplas,70948,,1,,1584628,0,1
152365,1874,379395830,GVB:53:71154,Gaasperplas,71154,,1,,1584627,0,1
152365,1874,379395831,GVB:53:71024,Gaasperplas,71024,,1,,1584628,0,1
152365,1874,379395832,GVB:53:71100,Gaasperplas,71100,,1,,1584627,0,1
152365,1874,379395833,GVB:53:70882,Gaasperplas,70882,,1,,1584629,0,1
152365,1874,379395834,GVB:53:70796,Gaasperplas,70796,,1,,1584627,0,1
152365,1874,379395835,GVB:53:70988,Gaasperplas,70988,,1,,1584629,0,1
152365,1874,379395836,GVB:53:71064,Gaasperplas,71064,,1,,1584630,0,1
152365,1874,379395837,GVB:53:70914,Gaasperplas,70914,,1,,1584629,0,1
152365,1874,379395838,GVB:53:71037,Centraal Station,71037,,0,,1584623,0,1
152365,1874,379395839,GVB:53:70925,Centraal Station,70925,,0,,1584623,0,1
152365,1874,379395840,GVB:53:71131,Centraal Station,71131,,0,,1584623,0,1
152365,1874,379395841,GVB:53:71107,Centraal Station,71107,,0,,1584623,0,1
152365,1874,379395842,GVB:53:70835,Centraal Station,70835,,0,,1584623,0,1
152365,1874,379395843,GVB:53:70773,Centraal Station,70773,,0,,1584623,0,1
152365,1874,379395844,GVB:53:71041,Centraal Station,71041,,0,,1584623,0,1
152365,1874,379395845,GVB:53:70929,Centraal Station,70929,,0,,1584623,0,1
152365,1874,379395846,GVB:53:71135,Centraal Station,71135,,0,,1584623,0,1
152365,1874,379395847,GVB:53:71111,Centraal Station,71111,,0,,1584623,0,1
152365,1874,379395848,GVB:53:70839,Centraal Station,70839,,0,,1584623,0,1
152365,1874,379395849,GVB:53:70777,Centraal Station,70777,,0,,1584623,0,1
152365,1874,379395850,GVB:53:71045,Centraal Station,71045,,0,,1584623,0,1
152365,1874,379395851,GVB:53:70933,Centraal Station,70933,,0,,1584623,0,1
152365,1874,379395852,GVB:53:71139,Centraal Station,71139,,0,,1584623,0,1
152365,1874,379395853,GVB:53:71115,Centraal Station,71115,,0,,1584623,0,1
152365,1874,379395854,GVB:53:70843,Centraal Station,70843,,0,,1584623,0,1
152365,1874,379395855,GVB:53:70781,Centraal Station,70781,,0,,1584623,0,1
152365,1874,379395856,GVB:53:71049,Centraal Station,71049,,0,,1584623,0,1
152365,1874,379395857,GVB:53:70937,Centraal Station,70937,,0,,1584623,0,1
152365,1874,379395858,GVB:53:71143,Centraal Station,71143,,0,,1584623,0,1
152365,1874,379395859,GVB:53:71119,Centraal Station,71119,,0,,1584623,0,1
152365,1874,379395860,GVB:53:70847,Centraal Station,70847,,0,,1584623,0,1
152365,1874,379395861,GVB:53:70785,Centraal Station,70785,,0,,1584623,0,1
152365,1874,379395862,GVB:53:70887,Centraal Station,70887,,0,,1584626,0,1
152365,1874,379395863,GVB:53:70809,Centraal Station,70809,,0,,1584622,0,1
152365,1874,379395864,GVB:53:70999,Centraal Station,70999,,0,,1584622,0,1
152365,1874,379395865,GVB:53:71077,Centraal Station,71077,,0,,1584622,0,1
152365,1874,379395866,GVB:53:70857,Centraal Station,70857,,0,,1584622,0,1
152365,1874,379395867,GVB:53:70965,Centraal Station,70965,,0,,1584622,0,1
152365,1874,379395868,GVB:53:70891,Centraal Station,70891,,0,,1584622,0,1
152365,1874,379395869,GVB:53:70813,Centraal Station,70813,,0,,1584622,0,1
152365,1874,379395870,GVB:53:71003,Centraal Station,71003,,0,,1584622,0,1
152365,1874,379395871,GVB:53:71081,Centraal Station,71081,,0,,1584622,0,1
152365,1874,379395872,GVB:53:70861,Centraal Station,70861,,0,,1584622,0,1
152365,1874,379395873,GVB:53:70969,Centraal Station,70969,,0,,1584622,0,1
152365,1874,379395874,GVB:53:70895,Centraal Station,70895,,0,,1584622,0,1
152365,1874,379395875,GVB:53:70817,Centraal Station,70817,,0,,1584622,0,1
152365,1874,379395876,GVB:53:71007,Centraal Station,71007,,0,,1584622,0,1
152365,1874,379395877,GVB:53:71085,Centraal Station,71085,,0,,1584622,0,1
152365,1874,379395878,GVB:53:70865,Centraal Station,70865,,0,,1584622,0,1
152365,1874,379395879,GVB:53:70973,Centraal Station,70973,,0,,1584622,0,1
152365,1874,379395880,GVB:53:70899,Centraal Station,70899,,0,,1584622,0,1
152365,1874,379395881,GVB:53:70821,Centraal Station,70821,,0,,1584622,0,1
152365,1874,379395882,GVB:53:71011,Centraal Station,71011,,0,,1584622,0,1
152365,1874,379395883,GVB:53:71089,Centraal Station,71089,,0,,1584622,0,1
152365,1874,379395884,GVB:53:70869,Centraal Station,70869,,0,,1584622,0,1
152365,1874,379395885,GVB:53:70977,Centraal Station,70977,,0,,1584623,0,1
152365,1874,379395886,GVB:53:71130,Gaasperplas,71130,,1,,1584628,0,1
152365,1874,379395887,GVB:53:71106,Gaasperplas,71106,,1,,1584628,0,1
152365,1874,379395888,GVB:53:70834,Gaasperplas,70834,,1,,1584628,0,1
152365,1874,379395889,GVB:53:70772,Gaasperplas,70772,,1,,1584628,0,1
152365,1874,379395890,GVB:53:71040,Gaasperplas,71040,,1,,1584628,0,1
152365,1874,379395891,GVB:53:70928,Gaasperplas,70928,,1,,1584628,0,1
152365,1874,379395892,GVB:53:71134,Gaasperplas,71134,,1,,1584628,0,1
152365,1874,379395893,GVB:53:71110,Gaasperplas,71110,,1,,1584628,0,1
152365,1874,379395894,GVB:53:70838,Gaasperplas,70838,,1,,1584628,0,1
152365,1874,379395895,GVB:53:70776,Gaasperplas,70776,,1,,1584628,0,1
152365,1874,379395896,GVB:53:71044,Gaasperplas,71044,,1,,1584628,0,1
152365,1874,379395897,GVB:53:70932,Gaasperplas,70932,,1,,1584628,0,1
152365,1874,379395898,GVB:53:71138,Gaasperplas,71138,,1,,1584628,0,1
152365,1874,379395899,GVB:53:71114,Gaasperplas,71114,,1,,1584628,0,1
152365,1874,379395900,GVB:53:70842,Gaasperplas,70842,,1,,1584628,0,1
152365,1874,379395901,GVB:53:70780,Gaasperplas,70780,,1,,1584628,0,1
152365,1874,379395902,GVB:53:71048,Gaasperplas,71048,,1,,1584628,0,1
152365,1874,379395903,GVB:53:70936,Gaasperplas,70936,,1,,1584628,0,1
152365,1874,379395904,GVB:53:71142,Gaasperplas,71142,,1,,1584628,0,1
152365,1874,379395905,GVB:53:71118,Gaasperplas,71118,,1,,1584628,0,1
152365,1874,379395906,GVB:53:70846,Gaasperplas,70846,,1,,1584628,0,1
152365,1874,379395907,GVB:53:70784,Gaasperplas,70784,,1,,1584628,0,1
152365,1874,379395908,GVB:53:71052,Gaasperplas,71052,,1,,1584628,0,1
152365,1874,379395909,GVB:53:70940,Gaasperplas,70940,,1,,1584628,0,1
152365,1874,379395910,GVB:53:70998,Gaasperplas,70998,,1,,1584627,0,1
152365,1874,379395911,GVB:53:71076,Gaasperplas,71076,,1,,1584627,0,1
152365,1874,379395912,GVB:53:70856,Gaasperplas,70856,,1,,1584627,0,1
152365,1874,379395913,GVB:53:70964,Gaasperplas,70964,,1,,1584627,0,1
152365,1874,379395914,GVB:53:70890,Gaasperplas,70890,,1,,1584627,0,1
152365,1874,379395915,GVB:53:70812,Gaasperplas,70812,,1,,1584627,0,1
152365,1874,379395916,GVB:53:71002,Gaasperplas,71002,,1,,1584627,0,1
152365,1874,379395917,GVB:53:71080,Gaasperplas,71080,,1,,1584627,0,1
152365,1874,379395918,GVB:53:70860,Gaasperplas,70860,,1,,1584627,0,1
152365,1874,379395919,GVB:53:70968,Gaasperplas,70968,,1,,1584627,0,1
152365,1874,379395920,GVB:53:70894,Gaasperplas,70894,,1,,1584627,0,1
152365,1874,379395921,GVB:53:70816,Gaasperplas,70816,,1,,1584627,0,1
152365,1874,379395922,GVB:53:71006,Gaasperplas,71006,,1,,1584627,0,1
152365,1874,379395923,GVB:53:71084,Gaasperplas,71084,,1,,1584627,0,1
152365,1874,379395924,GVB:53:70864,Gaasperplas,70864,,1,,1584627,0,1
152365,1874,379395925,GVB:53:70972,Gaasperplas,70972,,1,,1584627,0,1
152365,1874,379395926,GVB:53:70898,Gaasperplas,70898,,1,,1584627,0,1
152365,1874,379395927,GVB:53:70820,Gaasperplas,70820,,1,,1584627,0,1
152365,1874,379395928,GVB:53:71010,Gaasperplas,71010,,1,,1584627,0,1
152365,1874,379395929,GVB:53:71088,Gaasperplas,71088,,1,,1584627,0,1
152365,1874,379395930,GVB:53:70868,Gaasperplas,70868,,1,,1584627,0,1
152365,1874,379395931,GVB:53:70976,Gaasperplas,70976,,1,,1584627,0,1
152365,1874,379395932,GVB:53:70902,Gaasperplas,70902,,1,,1584630,0,1
152365,1874,379395933,GVB:53:70824,Gaasperplas,70824,,1,,1584630,0,1
152365,1468,379396119,GVB:53:69774,Centraal Station,69774,,0,,1584613,0,2
152365,1468,379396120,GVB:53:69736,Centraal Station,69736,,0,,1584622,0,2
152365,1468,379396121,GVB:53:69775,Gaasperplas,69775,,1,,1584627,0,2
152365,1468,379396122,GVB:53:69536,Centraal Station,69536,,0,,1584623,0,2
152365,1468,379396123,GVB:53:69699,Gaasperplas,69699,,1,,1584628,0,2
152365,1468,379396124,GVB:53:69574,Centraal Station,69574,,0,,1584622,0,2
152365,1468,379396125,GVB:53:69434,Gaasperplas,69434,,1,,1584627,0,2
152365,1468,379396126,GVB:53:69776,Centraal Station,69776,,0,,1584623,0,2
152365,1468,379396127,GVB:53:69394,Gaasperplas,69394,,1,,1584628,0,2
152365,1468,379396128,GVB:53:69700,Centraal Station,69700,,0,,1584622,0,2
152365,1468,379396129,GVB:53:69466,Gaasperplas,69466,,1,,1584627,0,2
152365,1468,379396130,GVB:53:69435,Centraal Station,69435,,0,,1584623,0,2
152365,1468,379396131,GVB:53:69605,Gaasperplas,69605,,1,,1584628,0,2
152365,1468,379396132,GVB:53:69395,Centraal Station,69395,,0,,1584622,0,2
152365,1468,379396133,GVB:53:69662,Centraal Station,69662,,0,,1584625,0,2
152365,1468,379396134,GVB:53:69739,Gaasperplas,69739,,1,,1584627,0,2
152365,1468,379396135,GVB:53:69467,Centraal Station,69467,,0,,1584622,0,2
152365,1468,379396136,GVB:53:69539,Gaasperplas,69539,,1,,1584628,0,2
152365,1468,379396137,GVB:53:69606,Centraal Station,69606,,0,,1584623,0,2
152365,1468,379396138,GVB:53:69502,Gaasperplas,69502,,1,,1584627,0,2
152365,1468,379396139,GVB:53:69740,Centraal Station,69740,,0,,1584622,0,2
152365,1468,379396140,GVB:53:69579,Gaasperplas,69579,,1,,1584628,0,2
152365,1468,379396141,GVB:53:69540,Centraal Station,69540,,0,,1584623,0,2
152365,1468,379396142,GVB:53:69779,Gaasperplas,69779,,1,,1584627,0,2
152365,1468,379396143,GVB:53:69503,Centraal Station,69503,,0,,1584622,0,2
152365,1468,379396144,GVB:53:69641,Gaasperplas,69641,,1,,1584628,0,2
152365,1468,379396145,GVB:53:69580,Centraal Station,69580,,0,,1584623,0,2
152365,1468,379396146,GVB:53:69703,Gaasperplas,69703,,1,,1584627,0,2
152365,1468,379396147,GVB:53:69780,Centraal Station,69780,,0,,1584622,0,2
152365,1468,379396148,GVB:53:69438,Gaasperplas,69438,,1,,1584628,0,2
152365,1468,379396149,GVB:53:69642,Centraal Station,69642,,0,,1584623,0,2
152365,1468,379396150,GVB:53:69398,Gaasperplas,69398,,1,,1584627,0,2
152365,1468,379396151,GVB:53:69704,Centraal Station,69704,,0,,1584622,0,2
152365,1468,379396152,GVB:53:69665,Gaasperplas,69665,,1,,1584628,0,2
152365,1468,379396153,GVB:53:69439,Centraal Station,69439,,0,,1584623,0,2
152365,1468,379396154,GVB:53:69470,Gaasperplas,69470,,1,,1584627,0,2
152365,1468,379396155,GVB:53:69399,Centraal Station,69399,,0,,1584622,0,2
152365,1468,379396156,GVB:53:69609,Gaasperplas,69609,,1,,1584628,0,2
152365,1468,379396157,GVB:53:69666,Centraal Station,69666,,0,,1584623,0,2
152365,1468,379396158,GVB:53:69743,Gaasperplas,69743,,1,,1584627,0,2
152365,1468,379396159,GVB:53:69471,Centraal Station,69471,,0,,1584622,0,2
152365,1468,379396160,GVB:53:69543,Gaasperplas,69543,,1,,1584628,0,2
152365,1468,379396161,GVB:53:69610,Centraal Station,69610,,0,,1584623,0,2
152365,1468,379396162,GVB:53:69506,Gaasperplas,69506,,1,,1584627,0,2
152365,1468,379396163,GVB:53:69744,Centraal Station,69744,,0,,1584622,0,2
152365,1468,379396164,GVB:53:69583,Gaasperplas,69583,,1,,1584628,0,2
152365,1468,379396165,GVB:53:69544,Centraal Station,69544,,0,,1584623,0,2
152365,1468,379396166,GVB:53:69783,Gaasperplas,69783,,1,,1584627,0,2
152365,1468,379396167,GVB:53:69507,Centraal Station,69507,,0,,1584622,0,2
152365,1468,379396168,GVB:53:69645,Gaasperplas,69645,,1,,1584628,0,2
152365,1468,379396169,GVB:53:69584,Centraal Station,69584,,0,,1584623,0,2
152365,1468,379396170,GVB:53:69707,Gaasperplas,69707,,1,,1584627,0,2
152365,1468,379396171,GVB:53:69784,Centraal Station,69784,,0,,1584622,0,2
152365,1468,379396172,GVB:53:69442,Gaasperplas,69442,,1,,1584628,0,2
152365,1468,379396173,GVB:53:69646,Centraal Station,69646,,0,,1584623,0,2
152365,1468,379396174,GVB:53:69402,Gaasperplas,69402,,1,,1584627,0,2
152365,1468,379396175,GVB:53:69708,Centraal Station,69708,,0,,1584622,0,2
152365,1468,379396176,GVB:53:69669,Gaasperplas,69669,,1,,1584628,0,2
152365,1468,379396177,GVB:53:69443,Centraal Station,69443,,0,,1584623,0,2
152365,1468,379396178,GVB:53:69474,Gaasperplas,69474,,1,,1584627,0,2
152365,1468,379396179,GVB:53:69403,Centraal Station,69403,,0,,1584622,0,2
152365,1468,379396180,GVB:53:69613,Gaasperplas,69613,,1,,1584628,0,2
152365,1468,379396181,GVB:53:69670,Centraal Station,69670,,0,,1584623,0,2
152365,1468,379396182,GVB:53:69747,Gaasperplas,69747,,1,,1584627,0,2
152365,1468,379396183,GVB:53:69475,Centraal Station,69475,,0,,1584622,0,2
152365,1468,379396184,GVB:53:69547,Gaasperplas,69547,,1,,1584628,0,2
152365,1468,379396185,GVB:53:69614,Centraal Station,69614,,0,,1584623,0,2
152365,1468,379396186,GVB:53:69510,Gaasperplas,69510,,1,,1584627,0,2
152365,1468,379396187,GVB:53:69748,Centraal Station,69748,,0,,1584622,0,2
152365,1468,379396188,GVB:53:69587,Gaasperplas,69587,,1,,1584628,0,2
152365,1468,379396189,GVB:53:69548,Centraal Station,69548,,0,,1584623,0,2
152365,1468,379396190,GVB:53:69787,Gaasperplas,69787,,1,,1584627,0,2
152365,1468,379396191,GVB:53:69511,Centraal Station,69511,,0,,1584622,0,2
152365,1468,379396192,GVB:53:69649,Gaasperplas,69649,,1,,1584628,0,2
152365,1468,379396193,GVB:53:69588,Centraal Station,69588,,0,,1584623,0,2
152365,1468,379396194,GVB:53:69711,Gaasperplas,69711,,1,,1584627,0,2
152365,1468,379396195,GVB:53:69788,Centraal Station,69788,,0,,1584622,0,2
152365,1468,379396196,GVB:53:69446,Gaasperplas,69446,,1,,1584628,0,2
152365,1468,379396197,GVB:53:69650,Centraal Station,69650,,0,,1584623,0,2
152365,1468,379396198,GVB:53:69406,Gaasperplas,69406,,1,,1584627,0,2
152365,1468,379396199,GVB:53:69712,Centraal Station,69712,,0,,1584622,0,2
152365,1468,379396200,GVB:53:69673,Gaasperplas,69673,,1,,1584628,0,2
152365,1468,379396201,GVB:53:69447,Centraal Station,69447,,0,,1584623,0,2
152365,1468,379396202,GVB:53:69478,Gaasperplas,69478,,1,,1584627,0,2
152365,1468,379396203,GVB:53:69407,Centraal Station,69407,,0,,1584622,0,2
152365,1468,379396204,GVB:53:69617,Gaasperplas,69617,,1,,1584628,0,2
152365,1468,379396205,GVB:53:69674,Centraal Station,69674,,0,,1584623,0,2
152365,1468,379396206,GVB:53:69751,Gaasperplas,69751,,1,,1584627,0,2
152365,1468,379396207,GVB:53:69479,Centraal Station,69479,,0,,1584622,0,2
152365,1468,379396208,GVB:53:69551,Gaasperplas,69551,,1,,1584628,0,2
152365,1468,379396209,GVB:53:69618,Centraal Station,69618,,0,,1584623,0,2
152365,1468,379396210,GVB:53:69514,Gaasperplas,69514,,1,,1584627,0,2
152365,1468,379396211,GVB:53:69752,Centraal Station,69752,,0,,1584622,0,2
152365,1468,379396212,GVB:53:69591,Gaasperplas,69591,,1,,1584628,0,2
152365,1468,379396213,GVB:53:69552,Centraal Station,69552,,0,,1584623,0,2
152365,1468,379396214,GVB:53:69791,Gaasperplas,69791,,1,,1584627,0,2
152365,1468,379396215,GVB:53:69515,Centraal Station,69515,,0,,1584622,0,2
152365,1468,379396216,GVB:53:69653,Gaasperplas,69653,,1,,1584628,0,2
152365,1468,379396217,GVB:53:69592,Centraal Station,69592,,0,,1584623,0,2
152365,1468,379396218,GVB:53:69715,Gaasperplas,69715,,1,,1584627,0,2
152365,1468,379396219,GVB:53:69792,Centraal Station,69792,,0,,1584622,0,2
152365,1468,379396220,GVB:53:69450,Gaasperplas,69450,,1,,1584628,0,2
152365,1468,379396221,GVB:53:69654,Centraal Station,69654,,0,,1584623,0,2
152365,1468,379396222,GVB:53:69410,Gaasperplas,69410,,1,,1584627,0,2
152365,1468,379396223,GVB:53:69716,Centraal Station,69716,,0,,1584622,0,2
152365,1468,379396224,GVB:53:69677,Gaasperplas,69677,,1,,1584628,0,2
152365,1468,379396225,GVB:53:69451,Centraal Station,69451,,0,,1584623,0,2
152365,1468,379396226,GVB:53:69482,Gaasperplas,69482,,1,,1584627,0,2
152365,1468,379396227,GVB:53:69411,Centraal Station,69411,,0,,1584622,0,2
152365,1468,379396228,GVB:53:69621,Gaasperplas,69621,,1,,1584628,0,2
152365,1468,379396229,GVB:53:69678,Centraal Station,69678,,0,,1584623,0,2
152365,1468,379396230,GVB:53:69755,Gaasperplas,69755,,1,,1584627,0,2
152365,1468,379396231,GVB:53:69483,Centraal Station,69483,,0,,1584622,0,2
152365,1468,379396232,GVB:53:69555,Gaasperplas,69555,,1,,1584628,0,2
152365,1468,379396233,GVB:53:69622,Centraal Station,69622,,0,,1584623,0,2
152365,1468,379396234,GVB:53:69518,Gaasperplas,69518,,1,,1584627,0,2
152365,1468,379396235,GVB:53:69756,Centraal Station,69756,,0,,1584622,0,2
152365,1468,379396236,GVB:53:69595,Gaasperplas,69595,,1,,1584628,0,2
152365,1468,379396237,GVB:53:69556,Centraal Station,69556,,0,,1584623,0,2
152365,1468,379396238,GVB:53:69795,Gaasperplas,69795,,1,,1584627,0,2
152365,1468,379396239,GVB:53:69519,Centraal Station,69519,,0,,1584622,0,2
152365,1468,379396240,GVB:53:69657,Gaasperplas,69657,,1,,1584628,0,2
152365,1468,379396241,GVB:53:69596,Centraal Station,69596,,0,,1584623,0,2
152365,1468,379396242,GVB:53:69719,Gaasperplas,69719,,1,,1584627,0,2
152365,1468,379396243,GVB:53:69796,Centraal Station,69796,,0,,1584622,0,2
152365,1468,379396244,GVB:53:69454,Gaasperplas,69454,,1,,1584628,0,2
152365,1468,379396245,GVB:53:69658,Centraal Station,69658,,0,,1584623,0,2
152365,1468,379396246,GVB:53:69414,Gaasperplas,69414,,1,,1584627,0,2
152365,1468,379396247,GVB:53:69720,Centraal Station,69720,,0,,1584622,0,2
152365,1468,379396248,GVB:53:69681,Gaasperplas,69681,,1,,1584628,0,2
152365,1468,379396249,GVB:53:69455,Centraal Station,69455,,0,,1584623,0,2
152365,1468,379396250,GVB:53:69486,Gaasperplas,69486,,1,,1584627,0,2
152365,1468,379396251,GVB:53:69415,Centraal Station,69415,,0,,1584622,0,2
152365,1468,379396252,GVB:53:69625,Gaasperplas,69625,,1,,1584628,0,2
152365,1468,379396253,GVB:53:69682,Centraal Station,69682,,0,,1584623,0,2
152365,1468,379396254,GVB:53:69759,Gaasperplas,69759,,1,,1584630,0,2
152365,1468,379396255,GVB:53:69559,Gaasperplas,69559,,1,,1584628,0,2
152365,1468,379396256,GVB:53:69487,Centraal Station,69487,,0,,1584623,0,2
152365,1468,379396257,GVB:53:69522,Gaasperplas,69522,,1,,1584630,0,2
152365,1468,379396258,GVB:53:69626,Centraal Station,69626,,0,,1584623,0,2
152365,1468,379396259,GVB:53:69599,Gaasperplas,69599,,1,,1584628,0,2
152365,1468,379396260,GVB:53:69760,Centraal Station,69760,,0,,1584625,0,2
152365,1468,379396261,GVB:53:69801,Gaasperplas,69801,,1,,1584628,0,2
152365,1468,379396262,GVB:53:69560,Centraal Station,69560,,0,,1584623,0,2
152365,1468,379396263,GVB:53:69723,Gaasperplas,69723,,1,,1584628,0,2
152365,1468,379396264,GVB:53:69523,Centraal Station,69523,,0,,1584625,0,2
152365,1468,379396265,GVB:53:69458,Gaasperplas,69458,,1,,1584628,0,2
152365,1468,379396266,GVB:53:69802,Centraal Station,69802,,0,,1584623,0,2
152365,1468,379396267,GVB:53:69420,Gaasperplas,69420,,1,,1584628,0,2
152365,1468,379396268,GVB:53:69724,Centraal Station,69724,,0,,1584623,0,2
152365,1468,379396269,GVB:53:69685,Gaasperplas,69685,,1,,1584628,0,2
152365,1468,379396270,GVB:53:69459,Centraal Station,69459,,0,,1584623,0,2
152365,1468,379396271,GVB:53:69490,Gaasperplas,69490,,1,,1584628,0,2
152365,1468,379396272,GVB:53:69421,Centraal Station,69421,,0,,1584623,0,2
152365,1468,379396273,GVB:53:69629,Gaasperplas,69629,,1,,1584628,0,2
152365,1468,379396274,GVB:53:69686,Centraal Station,69686,,0,,1584623,0,2
152365,1468,379396275,GVB:53:69763,Gaasperplas,69763,,1,,1584628,0,2
152365,1468,379396276,GVB:53:69491,Centraal Station,69491,,0,,1584622,0,2
152365,1468,379396277,GVB:53:69563,Gaasperplas,69563,,1,,1584628,0,2
152365,1468,379396278,GVB:53:69630,Centraal Station,69630,,0,,1584623,0,2
152365,1468,379396279,GVB:53:69526,Gaasperplas,69526,,1,,1584628,0,2
152365,1468,379396280,GVB:53:69764,Centraal Station,69764,,0,,1584622,0,2
152365,1468,379396281,GVB:53:69805,Gaasperplas,69805,,1,,1584627,0,2
152365,1468,379396282,GVB:53:69564,Centraal Station,69564,,0,,1584623,0,2
152365,1468,379396283,GVB:53:69727,Gaasperplas,69727,,1,,1584628,0,2
152365,1468,379396284,GVB:53:69527,Centraal Station,69527,,0,,1584622,0,2
152365,1468,379396285,GVB:53:69424,Gaasperplas,69424,,1,,1584627,0,2
152365,1468,379396286,GVB:53:69806,Centraal Station,69806,,0,,1584623,0,2
152365,1468,379396287,GVB:53:69689,Gaasperplas,69689,,1,,1584628,0,2
152365,1468,379396288,GVB:53:69728,Centraal Station,69728,,0,,1584622,0,2
152365,1468,379396289,GVB:53:69494,Gaasperplas,69494,,1,,1584627,0,2
152365,1468,379396290,GVB:53:69425,Centraal Station,69425,,0,,1584623,0,2
152365,1468,379396291,GVB:53:69633,Gaasperplas,69633,,1,,1584628,0,2
152365,1468,379396292,GVB:53:69690,Centraal Station,69690,,0,,1584622,0,2
152365,1468,379396293,GVB:53:69767,Gaasperplas,69767,,1,,1584627,0,2
152365,1468,379396294,GVB:53:69495,Centraal Station,69495,,0,,1584623,0,2
152365,1468,379396295,GVB:53:69567,Gaasperplas,69567,,1,,1584628,0,2
152365,1468,379396296,GVB:53:69634,Centraal Station,69634,,0,,1584622,0,2
152365,1468,379396297,GVB:53:69530,Gaasperplas,69530,,1,,1584627,0,2
152365,1468,379396298,GVB:53:69768,Centraal Station,69768,,0,,1584623,0,2
152365,1468,379396299,GVB:53:69809,Gaasperplas,69809,,1,,1584628,0,2
152365,1468,379396300,GVB:53:69568,Centraal Station,69568,,0,,1584622,0,2
152365,1468,379396301,GVB:53:69731,Gaasperplas,69731,,1,,1584627,0,2
152365,1468,379396302,GVB:53:69531,Centraal Station,69531,,0,,1584623,0,2
152365,1468,379396303,GVB:53:69428,Gaasperplas,69428,,1,,1584629,0,2
152365,1468,379396304,GVB:53:69810,Centraal Station,69810,,0,,1584622,0,2
152365,1468,379396305,GVB:53:69693,Gaasperplas,69693,,1,,1584627,0,2
152365,1468,379396306,GVB:53:69732,Centraal Station,69732,,0,,1584623,0,2
152365,1468,379396307,GVB:53:69498,Gaasperplas,69498,,1,,1584629,0,2
152365,1468,379396308,GVB:53:69429,Centraal Station,69429,,0,,1584626,0,2
152365,1468,379396309,GVB:53:69637,Gaasperplas,69637,,1,,1584630,0,2
152365,1468,379396310,GVB:53:69694,Centraal Station,69694,,0,,1584622,0,2
152365,1468,379396311,GVB:53:69771,Gaasperplas,69771,,1,,1584629,0,2
152365,3656,379435568,GVB:53:70182,Centraal Station,70182,,0,,1650793,0,2
152365,3656,379435569,GVB:53:69889,Centraal Station,69889,,0,,1584622,0,2
152365,3656,379435570,GVB:53:70220,Centraal Station,70220,,0,,1584622,0,2
152365,3656,379435571,GVB:53:70183,Gaasperplas,70183,,1,,1584629,0,2
152365,3656,379435572,GVB:53:69853,Centraal Station,69853,,0,,1584622,0,2
152365,3656,379435573,GVB:53:69927,Gaasperplas,69927,,1,,1584628,0,2
152365,3656,379435574,GVB:53:70110,Centraal Station,70110,,0,,1584622,0,2
152365,3656,379435575,GVB:53:70001,Gaasperplas,70001,,1,,1584629,0,2
152365,3656,379435576,GVB:53:70146,Centraal Station,70146,,0,,1584622,0,2
152365,3656,379435577,GVB:53:70075,Gaasperplas,70075,,1,,1584628,0,2
152365,3656,379435578,GVB:53:70184,Centraal Station,70184,,0,,1584626,0,2
152365,3656,379435579,GVB:53:70038,Gaasperplas,70038,,1,,1584629,0,2
152365,3656,379435580,GVB:53:69928,Centraal Station,69928,,0,,1584622,0,2
152365,3656,379435581,GVB:53:69818,Gaasperplas,69818,,1,,1584628,0,2
152365,3656,379435582,GVB:53:70002,Centraal Station,70002,,0,,1584626,0,2
152365,3656,379435583,GVB:53:69965,Gaasperplas,69965,,1,,1584629,0,2
152365,3656,379435584,GVB:53:70076,Centraal Station,70076,,0,,1584622,0,2
152365,3656,379435585,GVB:53:70260,Gaasperplas,70260,,1,,1584628,0,2
152365,3656,379435586,GVB:53:70039,Centraal Station,70039,,0,,1584626,0,2
152365,3656,379435587,GVB:53:69892,Gaasperplas,69892,,1,,1584629,0,2
152365,3656,379435588,GVB:53:69819,Centraal Station,69819,,0,,1584622,0,2
152365,3656,379435589,GVB:53:70223,Gaasperplas,70223,,1,,1584628,0,2
152365,3656,379435590,GVB:53:69966,Centraal Station,69966,,0,,1584626,0,2
152365,3656,379435591,GVB:53:69856,Gaasperplas,69856,,1,,1584629,0,2
152365,3656,379435592,GVB:53:70261,Centraal Station,70261,,0,,1584622,0,2
152365,3656,379435593,GVB:53:70113,Gaasperplas,70113,,1,,1584628,0,2
152365,3656,379435594,GVB:53:69893,Centraal Station,69893,,0,,1584626,0,2
152365,3656,379435595,GVB:53:70149,Gaasperplas,70149,,1,,1584629,0,2
152365,3656,379435596,GVB:53:70224,Centraal Station,70224,,0,,1584622,0,2
152365,3656,379435597,GVB:53:70187,Gaasperplas,70187,,1,,1584628,0,2
152365,3656,379435598,GVB:53:69857,Centraal Station,69857,,0,,1584626,0,2
152365,3656,379435599,GVB:53:69931,Gaasperplas,69931,,1,,1584629,0,2
152365,3656,379435600,GVB:53:70114,Centraal Station,70114,,0,,1584622,0,2
152365,3656,379435601,GVB:53:70005,Gaasperplas,70005,,1,,1584628,0,2
152365,3656,379435602,GVB:53:70150,Centraal Station,70150,,0,,1584626,0,2
152365,3656,379435603,GVB:53:70079,Gaasperplas,70079,,1,,1584629,0,2
152365,3656,379435604,GVB:53:70188,Centraal Station,70188,,0,,1584622,0,2
152365,3656,379435605,GVB:53:70042,Gaasperplas,70042,,1,,1584628,0,2
152365,3656,379435606,GVB:53:69932,Centraal Station,69932,,0,,1584626,0,2
152365,3656,379435607,GVB:53:69822,Gaasperplas,69822,,1,,1584629,0,2
152365,3656,379435608,GVB:53:70006,Centraal Station,70006,,0,,1584622,0,2
152365,3656,379435609,GVB:53:69969,Gaasperplas,69969,,1,,1584628,0,2
152365,3656,379435610,GVB:53:70080,Centraal Station,70080,,0,,1584626,0,2
152365,3656,379435611,GVB:53:70264,Gaasperplas,70264,,1,,1584629,0,2
152365,3656,379435612,GVB:53:70043,Centraal Station,70043,,0,,1584622,0,2
152365,3656,379435613,GVB:53:69896,Gaasperplas,69896,,1,,1584628,0,2
152365,3656,379435614,GVB:53:69823,Centraal Station,69823,,0,,1584626,0,2
152365,3656,379435615,GVB:53:70227,Gaasperplas,70227,,1,,1584629,0,2
152365,3656,379435616,GVB:53:69970,Centraal Station,69970,,0,,1584622,0,2
152365,3656,379435617,GVB:53:69860,Gaasperplas,69860,,1,,1584628,0,2
152365,3656,379435618,GVB:53:70265,Centraal Station,70265,,0,,1584626,0,2
152365,3656,379435619,GVB:53:70117,Gaasperplas,70117,,1,,1584629,0,2
152365,3656,379435620,GVB:53:69897,Centraal Station,69897,,0,,1584622,0,2
152365,3656,379435621,GVB:53:70153,Gaasperplas,70153,,1,,1584628,0,2
152365,3656,379435622,GVB:53:70228,Centraal Station,70228,,0,,1584626,0,2
152365,3656,379435623,GVB:53:70191,Gaasperplas,70191,,1,,1584629,0,2
152365,3656,379435624,GVB:53:69861,Centraal Station,69861,,0,,1584622,0,2
152365,3656,379435625,GVB:53:69935,Gaasperplas,69935,,1,,1584628,0,2
152365,3656,379435626,GVB:53:70118,Centraal Station,70118,,0,,1584626,0,2
152365,3656,379435627,GVB:53:70009,Gaasperplas,70009,,1,,1584629,0,2
152365,3656,379435628,GVB:53:70154,Centraal Station,70154,,0,,1584622,0,2
152365,3656,379435629,GVB:53:70083,Gaasperplas,70083,,1,,1584628,0,2
152365,3656,379435630,GVB:53:70192,Centraal Station,70192,,0,,1584626,0,2
152365,3656,379435631,GVB:53:70046,Gaasperplas,70046,,1,,1584629,0,2
152365,3656,379435632,GVB:53:69936,Centraal Station,69936,,0,,1584622,0,2
152365,3656,379435633,GVB:53:69826,Gaasperplas,69826,,1,,1584628,0,2
152365,3656,379435634,GVB:53:70010,Centraal Station,70010,,0,,1584626,0,2
152365,3656,379435635,GVB:53:69973,Gaasperplas,69973,,1,,1584629,0,2
152365,3656,379435636,GVB:53:70084,Centraal Station,70084,,0,,1584622,0,2
152365,3656,379435637,GVB:53:70268,Gaasperplas,70268,,1,,1584628,0,2
152365,3656,379435638,GVB:53:70047,Centraal Station,70047,,0,,1584626,0,2
152365,3656,379435639,GVB:53:69900,Gaasperplas,69900,,1,,1584629,0,2
152365,3656,379435640,GVB:53:69827,Centraal Station,69827,,0,,1584622,0,2
152365,3656,379435641,GVB:53:70231,Gaasperplas,70231,,1,,1584628,0,2
152365,3656,379435642,GVB:53:69974,Centraal Station,69974,,0,,1584626,0,2
152365,3656,379435643,GVB:53:69864,Gaasperplas,69864,,1,,1584629,0,2
152365,3656,379435644,GVB:53:70269,Centraal Station,70269,,0,,1584622,0,2
152365,3656,379435645,GVB:53:70121,Gaasperplas,70121,,1,,1584628,0,2
152365,3656,379435646,GVB:53:69901,Centraal Station,69901,,0,,1584626,0,2
152365,3656,379435647,GVB:53:70157,Gaasperplas,70157,,1,,1584629,0,2
152365,3656,379435648,GVB:53:70232,Centraal Station,70232,,0,,1584622,0,2
152365,3656,379435649,GVB:53:70195,Gaasperplas,70195,,1,,1584628,0,2
152365,3656,379435650,GVB:53:69865,Centraal Station,69865,,0,,1584626,0,2
152365,3656,379435651,GVB:53:69939,Gaasperplas,69939,,1,,1584629,0,2
152365,3656,379435652,GVB:53:70122,Centraal Station,70122,,0,,1584622,0,2
152365,3656,379435653,GVB:53:70013,Gaasperplas,70013,,1,,1584628,0,2
152365,3656,379435654,GVB:53:70158,Centraal Station,70158,,0,,1584626,0,2
152365,3656,379435655,GVB:53:70087,Gaasperplas,70087,,1,,1584629,0,2
152365,3656,379435656,GVB:53:70196,Centraal Station,70196,,0,,1584622,0,2
152365,3656,379435657,GVB:53:70050,Gaasperplas,70050,,1,,1584628,0,2
152365,3656,379435658,GVB:53:69940,Centraal Station,69940,,0,,1584626,0,2
152365,3656,379435659,GVB:53:69830,Gaasperplas,69830,,1,,1584629,0,2
152365,3656,379435660,GVB:53:70014,Centraal Station,70014,,0,,1584622,0,2
152365,3656,379435661,GVB:53:69977,Gaasperplas,69977,,1,,1584628,0,2
152365,3656,379435662,GVB:53:70088,Centraal Station,70088,,0,,1584626,0,2
152365,3656,379435663,GVB:53:70272,Gaasperplas,70272,,1,,1584629,0,2
152365,3656,379435664,GVB:53:70051,Centraal Station,70051,,0,,1584622,0,2
152365,3656,379435665,GVB:53:69904,Gaasperplas,69904,,1,,1584628,0,2
152365,3656,379435666,GVB:53:69831,Centraal Station,69831,,0,,1584626,0,2
152365,3656,379435667,GVB:53:70235,Gaasperplas,70235,,1,,1584629,0,2
152365,3656,379435668,GVB:53:69978,Centraal Station,69978,,0,,1584622,0,2
152365,3656,379435669,GVB:53:69868,Gaasperplas,69868,,1,,1584628,0,2
152365,3656,379435670,GVB:53:70273,Centraal Station,70273,,0,,1584626,0,2
152365,3656,379435671,GVB:53:70125,Gaasperplas,70125,,1,,1584629,0,2
152365,3656,379435672,GVB:53:69905,Centraal Station,69905,,0,,1584622,0,2
152365,3656,379435673,GVB:53:70161,Gaasperplas,70161,,1,,1584628,0,2
152365,3656,379435674,GVB:53:70236,Centraal Station,70236,,0,,1584626,0,2
152365,3656,379435675,GVB:53:70199,Gaasperplas,70199,,1,,1584629,0,2
152365,3656,379435676,GVB:53:69869,Centraal Station,69869,,0,,1584622,0,2
152365,3656,379435677,GVB:53:69943,Gaasperplas,69943,,1,,1584628,0,2
152365,3656,379435678,GVB:53:70126,Centraal Station,70126,,0,,1584626,0,2
152365,3656,379435679,GVB:53:70017,Gaasperplas,70017,,1,,1584629,0,2
152365,3656,379435680,GVB:53:70162,Centraal Station,70162,,0,,1584622,0,2
152365,3656,379435681,GVB:53:70091,Gaasperplas,70091,,1,,1584628,0,2
152365,3656,379435682,GVB:53:70200,Centraal Station,70200,,0,,1584626,0,2
152365,3656,379435683,GVB:53:70054,Gaasperplas,70054,,1,,1584629,0,2
152365,3656,379435684,GVB:53:69944,Centraal Station,69944,,0,,1584622,0,2
152365,3656,379435685,GVB:53:69834,Gaasperplas,69834,,1,,1584628,0,2
152365,3656,379435686,GVB:53:70018,Centraal Station,70018,,0,,1584626,0,2
152365,3656,379435687,GVB:53:69981,Gaasperplas,69981,,1,,1584629,0,2
152365,3656,379435688,GVB:53:70092,Centraal Station,70092,,0,,1584622,0,2
152365,3656,379435689,GVB:53:70276,Gaasperplas,70276,,1,,1584628,0,2
152365,3656,379435690,GVB:53:70055,Centraal Station,70055,,0,,1584626,0,2
152365,3656,379435691,GVB:53:69908,Gaasperplas,69908,,1,,1584629,0,2
152365,3656,379435692,GVB:53:69835,Centraal Station,69835,,0,,1584622,0,2
152365,3656,379435693,GVB:53:70239,Gaasperplas,70239,,1,,1584628,0,2
152365,3656,379435694,GVB:53:69982,Centraal Station,69982,,0,,1584626,0,2
152365,3656,379435695,GVB:53:69872,Gaasperplas,69872,,1,,1584629,0,2
152365,3656,379435696,GVB:53:70277,Centraal Station,70277,,0,,1584622,0,2
152365,3656,379435697,GVB:53:70129,Gaasperplas,70129,,1,,1584628,0,2
152365,3656,379435698,GVB:53:69909,Centraal Station,69909,,0,,1584626,0,2
152365,3656,379435699,GVB:53:70165,Gaasperplas,70165,,1,,1584629,0,2
152365,3656,379435700,GVB:53:70240,Centraal Station,70240,,0,,1584622,0,2
152365,3656,379435701,GVB:53:70203,Gaasperplas,70203,,1,,1584628,0,2
152365,3656,379435702,GVB:53:69873,Centraal Station,69873,,0,,1584626,0,2
152365,3656,379435703,GVB:53:69947,Gaasperplas,69947,,1,,1584629,0,2
152365,3656,379435704,GVB:53:70130,Centraal Station,70130,,0,,1584622,0,2
152365,3656,379435705,GVB:53:70021,Gaasperplas,70021,,1,,1584628,0,2
152365,3656,379435706,GVB:53:70166,Centraal Station,70166,,0,,1584626,0,2
152365,3656,379435707,GVB:53:70095,Gaasperplas,70095,,1,,1584629,0,2
152365,3656,379435708,GVB:53:70204,Centraal Station,70204,,0,,1584622,0,2
152365,3656,379435709,GVB:53:70058,Gaasperplas,70058,,1,,1584628,0,2
152365,3656,379435710,GVB:53:69948,Centraal Station,69948,,0,,1584626,0,2
152365,3656,379435711,GVB:53:69838,Gaasperplas,69838,,1,,1584629,0,2
152365,3656,379435712,GVB:53:70022,Centraal Station,70022,,0,,1584622,0,2
152365,3656,379435713,GVB:53:69985,Gaasperplas,69985,,1,,1584628,0,2
152365,3656,379435714,GVB:53:70096,Centraal Station,70096,,0,,1584626,0,2
152365,3656,379435715,GVB:53:70280,Gaasperplas,70280,,1,,1584629,0,2
152365,3656,379435716,GVB:53:70059,Centraal Station,70059,,0,,1584622,0,2
152365,3656,379435717,GVB:53:69912,Gaasperplas,69912,,1,,1584628,0,2
152365,3656,379435718,GVB:53:69839,Centraal Station,69839,,0,,1584626,0,2
152365,3656,379435719,GVB:53:70243,Gaasperplas,70243,,1,,1584629,0,2
152365,3656,379435720,GVB:53:69986,Centraal Station,69986,,0,,1584622,0,2
152365,3656,379435721,GVB:53:69876,Gaasperplas,69876,,1,,1584628,0,2
152365,3656,379435722,GVB:53:70281,Centraal Station,70281,,0,,1584626,0,2
152365,3656,379435723,GVB:53:70133,Gaasperplas,70133,,1,,1584629,0,2
152365,3656,379435724,GVB:53:69913,Centraal Station,69913,,0,,1584622,0,2
152365,3656,379435725,GVB:53:70169,Gaasperplas,70169,,1,,1584628,0,2
152365,3656,379435726,GVB:53:70244,Centraal Station,70244,,0,,1584626,0,2
152365,3656,379435727,GVB:53:70207,Gaasperplas,70207,,1,,1584629,0,2
152365,3656,379435728,GVB:53:69877,Centraal Station,69877,,0,,1584622,0,2
152365,3656,379435729,GVB:53:69951,Gaasperplas,69951,,1,,1584628,0,2
152365,3656,379435730,GVB:53:70134,Centraal Station,70134,,0,,1584626,0,2
152365,3656,379435731,GVB:53:70025,Gaasperplas,70025,,1,,1584629,0,2
152365,3656,379435732,GVB:53:70170,Centraal Station,70170,,0,,1584622,0,2
152365,3656,379435733,GVB:53:70099,Gaasperplas,70099,,1,,1584628,0,2
152365,3656,379435734,GVB:53:70208,Centraal Station,70208,,0,,1584626,0,2
152365,3656,379435735,GVB:53:70062,Gaasperplas,70062,,1,,1584629,0,2
152365,3656,379435736,GVB:53:69952,Centraal Station,69952,,0,,1584622,0,2
152365,3656,379435737,GVB:53:69842,Gaasperplas,69842,,1,,1584628,0,2
152365,3656,379435738,GVB:53:70026,Centraal Station,70026,,0,,1584626,0,2
152365,3656,379435739,GVB:53:69989,Gaasperplas,69989,,1,,1584629,0,2
152365,3656,379435740,GVB:53:70100,Centraal Station,70100,,0,,1584622,0,2
152365,3656,379435741,GVB:53:70284,Gaasperplas,70284,,1,,1584628,0,2
152365,3656,379435742,GVB:53:70063,Centraal Station,70063,,0,,1584626,0,2
152365,3656,379435743,GVB:53:69916,Gaasperplas,69916,,1,,1584629,0,2
152365,3656,379435744,GVB:53:69843,Centraal Station,69843,,0,,1584622,0,2
152365,3656,379435745,GVB:53:70247,Gaasperplas,70247,,1,,1584628,0,2
152365,3656,379435746,GVB:53:69990,Centraal Station,69990,,0,,1584626,0,2
152365,3656,379435747,GVB:53:69880,Gaasperplas,69880,,1,,1584629,0,2
152365,3656,379435748,GVB:53:70285,Centraal Station,70285,,0,,1584622,0,2
152365,3656,379435749,GVB:53:70137,Gaasperplas,70137,,1,,1584628,0,2
152365,3656,379435750,GVB:53:69917,Centraal Station,69917,,0,,1584626,0,2
152365,3656,379435751,GVB:53:70173,Gaasperplas,70173,,1,,1584629,0,2
152365,3656,379435752,GVB:53:70248,Centraal Station,70248,,0,,1584622,0,2
152365,3656,379435753,GVB:53:70211,Gaasperplas,70211,,1,,1584628,0,2
152365,3656,379435754,GVB:53:69881,Centraal Station,69881,,0,,1584626,0,2
152365,3656,379435755,GVB:53:69955,Gaasperplas,69955,,1,,1584629,0,2
152365,3656,379435756,GVB:53:70138,Centraal Station,70138,,0,,1584622,0,2
152365,3656,379435757,GVB:53:70029,Gaasperplas,70029,,1,,1584628,0,2
152365,3656,379435758,GVB:53:70174,Centraal Station,70174,,0,,1584626,0,2
152365,3656,379435759,GVB:53:70103,Gaasperplas,70103,,1,,1584629,0,2
152365,3656,379435760,GVB:53:70212,Centraal Station,70212,,0,,1584622,0,2
152365,3656,379435761,GVB:53:70066,Gaasperplas,70066,,1,,1584628,0,2
152365,3656,379435762,GVB:53:69956,Centraal Station,69956,,0,,1584626,0,2
152365,3656,379435763,GVB:53:69846,Gaasperplas,69846,,1,,1584629,0,2
152365,3656,379435764,GVB:53:70030,Centraal Station,70030,,0,,1584622,0,2
152365,3656,379435765,GVB:53:69993,Gaasperplas,69993,,1,,1584628,0,2
152365,3656,379435766,GVB:53:70104,Centraal Station,70104,,0,,1584626,0,2
152365,3656,379435767,GVB:53:70288,Gaasperplas,70288,,1,,1584629,0,2
152365,3656,379435768,GVB:53:70067,Centraal Station,70067,,0,,1584622,0,2
152365,3656,379435769,GVB:53:69920,Gaasperplas,69920,,1,,1584628,0,2
152365,3656,379435770,GVB:53:69847,Centraal Station,69847,,0,,1584626,0,2
152365,3656,379435771,GVB:53:70251,Gaasperplas,70251,,1,,1584629,0,2
152365,3656,379435772,GVB:53:69994,Centraal Station,69994,,0,,1584622,0,2
152365,3656,379435773,GVB:53:69884,Gaasperplas,69884,,1,,1584628,0,2
152365,3656,379435774,GVB:53:70289,Centraal Station,70289,,0,,1584626,0,2
152365,3656,379435775,GVB:53:70141,Gaasperplas,70141,,1,,1584629,0,2
152365,3656,379435776,GVB:53:69921,Centraal Station,69921,,0,,1584622,0,2
152365,3656,379435777,GVB:53:70177,Gaasperplas,70177,,1,,1584628,0,2
152365,3656,379435778,GVB:53:70252,Centraal Station,70252,,0,,1584626,0,2
152365,3656,379435779,GVB:53:70215,Gaasperplas,70215,,1,,1584629,0,2
152365,3656,379435780,GVB:53:69885,Centraal Station,69885,,0,,1584622,0,2
152365,3656,379435781,GVB:53:69959,Gaasperplas,69959,,1,,1584628,0,2
152365,3656,379435782,GVB:53:70142,Centraal Station,70142,,0,,1584626,0,2
152365,3656,379435783,GVB:53:70033,Gaasperplas,70033,,1,,1584629,0,2
152365,3656,379435784,GVB:53:70178,Centraal Station,70178,,0,,1584622,0,2
152365,3656,379435785,GVB:53:70107,Gaasperplas,70107,,1,,1584629,0,2
152365,3656,379435786,GVB:53:70216,Centraal Station,70216,,0,,1584626,0,2
152365,3656,379435787,GVB:53:70070,Gaasperplas,70070,,1,,1584629,0,2
152365,3656,379435788,GVB:53:69850,Gaasperplas,69850,,1,,1584629,0,2
152365,3700,379439586,GVB:53:72353,Centraal Station,72353,,0,,1650793,0,2
152365,3700,379439587,GVB:53:72060,Centraal Station,72060,,0,,1584622,0,2
152365,3700,379439588,GVB:53:72391,Centraal Station,72391,,0,,1584622,0,2
152365,3700,379439589,GVB:53:72354,Gaasperplas,72354,,1,,1584629,0,2
152365,3700,379439590,GVB:53:72024,Centraal Station,72024,,0,,1584622,0,2
152365,3700,379439591,GVB:53:72098,Gaasperplas,72098,,1,,1584628,0,2
152365,3700,379439592,GVB:53:72281,Centraal Station,72281,,0,,1584622,0,2
152365,3700,379439593,GVB:53:72172,Gaasperplas,72172,,1,,1584629,0,2
152365,3700,379439594,GVB:53:72317,Centraal Station,72317,,0,,1584622,0,2
152365,3700,379439595,GVB:53:72246,Gaasperplas,72246,,1,,1584628,0,2
152365,3700,379439596,GVB:53:72355,Centraal Station,72355,,0,,1584626,0,2
152365,3700,379439597,GVB:53:72209,Gaasperplas,72209,,1,,1584629,0,2
152365,3700,379439598,GVB:53:72099,Centraal Station,72099,,0,,1584622,0,2
152365,3700,379439599,GVB:53:71989,Gaasperplas,71989,,1,,1584628,0,2
152365,3700,379439600,GVB:53:72173,Centraal Station,72173,,0,,1584626,0,2
152365,3700,379439601,GVB:53:72136,Gaasperplas,72136,,1,,1584629,0,2
152365,3700,379439602,GVB:53:72247,Centraal Station,72247,,0,,1584622,0,2
152365,3700,379439603,GVB:53:72431,Gaasperplas,72431,,1,,1584628,0,2
152365,3700,379439604,GVB:53:72210,Centraal Station,72210,,0,,1584626,0,2
152365,3700,379439605,GVB:53:72063,Gaasperplas,72063,,1,,1584629,0,2
152365,3700,379439606,GVB:53:71990,Centraal Station,71990,,0,,1584622,0,2
152365,3700,379439607,GVB:53:72394,Gaasperplas,72394,,1,,1584628,0,2
152365,3700,379439608,GVB:53:72137,Centraal Station,72137,,0,,1584626,0,2
152365,3700,379439609,GVB:53:72027,Gaasperplas,72027,,1,,1584629,0,2
152365,3700,379439610,GVB:53:72432,Centraal Station,72432,,0,,1584622,0,2
152365,3700,379439611,GVB:53:72284,Gaasperplas,72284,,1,,1584628,0,2
152365,3700,379439612,GVB:53:72064,Centraal Station,72064,,0,,1584626,0,2
152365,3700,379439613,GVB:53:72320,Gaasperplas,72320,,1,,1584629,0,2
152365,3700,379439614,GVB:53:72395,Centraal Station,72395,,0,,1584622,0,2
152365,3700,379439615,GVB:53:72358,Gaasperplas,72358,,1,,1584628,0,2
152365,3700,379439616,GVB:53:72028,Centraal Station,72028,,0,,1584626,0,2
152365,3700,379439617,GVB:53:72102,Gaasperplas,72102,,1,,1584629,0,2
152365,3700,379439618,GVB:53:72285,Centraal Station,72285,,0,,1584622,0,2
152365,3700,379439619,GVB:53:72176,Gaasperplas,72176,,1,,1584628,0,2
152365,3700,379439620,GVB:53:72321,Centraal Station,72321,,0,,1584626,0,2
152365,3700,379439621,GVB:53:72250,Gaasperplas,72250,,1,,1584629,0,2
152365,3700,379439622,GVB:53:72359,Centraal Station,72359,,0,,1584622,0,2
152365,3700,379439623,GVB:53:72213,Gaasperplas,72213,,1,,1584628,0,2
152365,3700,379439624,GVB:53:72103,Centraal Station,72103,,0,,1584626,0,2
152365,3700,379439625,GVB:53:71993,Gaasperplas,71993,,1,,1584629,0,2
152365,3700,379439626,GVB:53:72177,Centraal Station,72177,,0,,1584622,0,2
152365,3700,379439627,GVB:53:72140,Gaasperplas,72140,,1,,1584628,0,2
152365,3700,379439628,GVB:53:72251,Centraal Station,72251,,0,,1584626,0,2
152365,3700,379439629,GVB:53:72435,Gaasperplas,72435,,1,,1584629,0,2
152365,3700,379439630,GVB:53:72214,Centraal Station,72214,,0,,1584622,0,2
152365,3700,379439631,GVB:53:72067,Gaasperplas,72067,,1,,1584628,0,2
152365,3700,379439632,GVB:53:71994,Centraal Station,71994,,0,,1584626,0,2
152365,3700,379439633,GVB:53:72398,Gaasperplas,72398,,1,,1584629,0,2
152365,3700,379439634,GVB:53:72141,Centraal Station,72141,,0,,1584622,0,2
152365,3700,379439635,GVB:53:72031,Gaasperplas,72031,,1,,1584628,0,2
152365,3700,379439636,GVB:53:72436,Centraal Station,72436,,0,,1584626,0,2
152365,3700,379439637,GVB:53:72288,Gaasperplas,72288,,1,,1584629,0,2
152365,3700,379439638,GVB:53:72068,Centraal Station,72068,,0,,1584622,0,2
152365,3700,379439639,GVB:53:72324,Gaasperplas,72324,,1,,1584628,0,2
152365,3700,379439640,GVB:53:72399,Centraal Station,72399,,0,,1584626,0,2
152365,3700,379439641,GVB:53:72362,Gaasperplas,72362,,1,,1584629,0,2
152365,3700,379439642,GVB:53:72032,Centraal Station,72032,,0,,1584622,0,2
152365,3700,379439643,GVB:53:72106,Gaasperplas,72106,,1,,1584628,0,2
152365,3700,379439644,GVB:53:72289,Centraal Station,72289,,0,,1584626,0,2
152365,3700,379439645,GVB:53:72180,Gaasperplas,72180,,1,,1584629,0,2
152365,3700,379439646,GVB:53:72325,Centraal Station,72325,,0,,1584622,0,2
152365,3700,379439647,GVB:53:72254,Gaasperplas,72254,,1,,1584628,0,2
152365,3700,379439648,GVB:53:72363,Centraal Station,72363,,0,,1584626,0,2
152365,3700,379439649,GVB:53:72217,Gaasperplas,72217,,1,,1584629,0,2
152365,3700,379439650,GVB:53:72107,Centraal Station,72107,,0,,1584622,0,2
152365,3700,379439651,GVB:53:71997,Gaasperplas,71997,,1,,1584628,0,2
152365,3700,379439652,GVB:53:72181,Centraal Station,72181,,0,,1584626,0,2
152365,3700,379439653,GVB:53:72144,Gaasperplas,72144,,1,,1584629,0,2
152365,3700,379439654,GVB:53:72255,Centraal Station,72255,,0,,1584622,0,2
152365,3700,379439655,GVB:53:72439,Gaasperplas,72439,,1,,1584628,0,2
152365,3700,379439656,GVB:53:72218,Centraal Station,72218,,0,,1584626,0,2
152365,3700,379439657,GVB:53:72071,Gaasperplas,72071,,1,,1584629,0,2
152365,3700,379439658,GVB:53:71998,Centraal Station,71998,,0,,1584622,0,2
152365,3700,379439659,GVB:53:72402,Gaasperplas,72402,,1,,1584628,0,2
152365,3700,379439660,GVB:53:72145,Centraal Station,72145,,0,,1584626,0,2
152365,3700,379439661,GVB:53:72035,Gaasperplas,72035,,1,,1584629,0,2
152365,3700,379439662,GVB:53:72440,Centraal Station,72440,,0,,1584622,0,2
152365,3700,379439663,GVB:53:72292,Gaasperplas,72292,,1,,1584628,0,2
152365,3700,379439664,GVB:53:72072,Centraal Station,72072,,0,,1584626,0,2
152365,3700,379439665,GVB:53:72328,Gaasperplas,72328,,1,,1584629,0,2
152365,3700,379439666,GVB:53:72403,Centraal Station,72403,,0,,1584622,0,2
152365,3700,379439667,GVB:53:72366,Gaasperplas,72366,,1,,1584628,0,2
152365,3700,379439668,GVB:53:72036,Centraal Station,72036,,0,,1584626,0,2
152365,3700,379439669,GVB:53:72110,Gaasperplas,72110,,1,,1584629,0,2
152365,3700,379439670,GVB:53:72293,Centraal Station,72293,,0,,1584622,0,2
152365,3700,379439671,GVB:53:72184,Gaasperplas,72184,,1,,1584628,0,2
152365,3700,379439672,GVB:53:72329,Centraal Station,72329,,0,,1584626,0,2
152365,3700,379439673,GVB:53:72258,Gaasperplas,72258,,1,,1584629,0,2
152365,3700,379439674,GVB:53:72367,Centraal Station,72367,,0,,1584622,0,2
152365,3700,379439675,GVB:53:72221,Gaasperplas,72221,,1,,1584628,0,2
152365,3700,379439676,GVB:53:72111,Centraal Station,72111,,0,,1584626,0,2
152365,3700,379439677,GVB:53:72001,Gaasperplas,72001,,1,,1584629,0,2
152365,3700,379439678,GVB:53:72185,Centraal Station,72185,,0,,1584622,0,2
152365,3700,379439679,GVB:53:72148,Gaasperplas,72148,,1,,1584628,0,2
152365,3700,379439680,GVB:53:72259,Centraal Station,72259,,0,,1584626,0,2
152365,3700,379439681,GVB:53:72443,Gaasperplas,72443,,1,,1584629,0,2
152365,3700,379439682,GVB:53:72222,Centraal Station,72222,,0,,1584622,0,2
152365,3700,379439683,GVB:53:72075,Gaasperplas,72075,,1,,1584628,0,2
152365,3700,379439684,GVB:53:72002,Centraal Station,72002,,0,,1584626,0,2
152365,3700,379439685,GVB:53:72406,Gaasperplas,72406,,1,,1584629,0,2
152365,3700,379439686,GVB:53:72149,Centraal Station,72149,,0,,1584622,0,2
152365,3700,379439687,GVB:53:72039,Gaasperplas,72039,,1,,1584628,0,2
152365,3700,379439688,GVB:53:72444,Centraal Station,72444,,0,,1584626,0,2
152365,3700,379439689,GVB:53:72296,Gaasperplas,72296,,1,,1584629,0,2
152365,3700,379439690,GVB:53:72076,Centraal Station,72076,,0,,1584622,0,2
152365,3700,379439691,GVB:53:72332,Gaasperplas,72332,,1,,1584628,0,2
152365,3700,379439692,GVB:53:72407,Centraal Station,72407,,0,,1584626,0,2
152365,3700,379439693,GVB:53:72370,Gaasperplas,72370,,1,,1584629,0,2
152365,3700,379439694,GVB:53:72040,Centraal Station,72040,,0,,1584622,0,2
152365,3700,379439695,GVB:53:72114,Gaasperplas,72114,,1,,1584628,0,2
152365,3700,379439696,GVB:53:72297,Centraal Station,72297,,0,,1584626,0,2
152365,3700,379439697,GVB:53:72188,Gaasperplas,72188,,1,,1584629,0,2
152365,3700,379439698,GVB:53:72333,Centraal Station,72333,,0,,1584622,0,2
152365,3700,379439699,GVB:53:72262,Gaasperplas,72262,,1,,1584628,0,2
152365,3700,379439700,GVB:53:72371,Centraal Station,72371,,0,,1584626,0,2
152365,3700,379439701,GVB:53:72225,Gaasperplas,72225,,1,,1584629,0,2
152365,3700,379439702,GVB:53:72115,Centraal Station,72115,,0,,1584622,0,2
152365,3700,379439703,GVB:53:72005,Gaasperplas,72005,,1,,1584628,0,2
152365,3700,379439704,GVB:53:72189,Centraal Station,72189,,0,,1584626,0,2
152365,3700,379439705,GVB:53:72152,Gaasperplas,72152,,1,,1584629,0,2
152365,3700,379439706,GVB:53:72263,Centraal Station,72263,,0,,1584622,0,2
152365,3700,379439707,GVB:53:72447,Gaasperplas,72447,,1,,1584628,0,2
152365,3700,379439708,GVB:53:72226,Centraal Station,72226,,0,,1584626,0,2
152365,3700,379439709,GVB:53:72079,Gaasperplas,72079,,1,,1584629,0,2
152365,3700,379439710,GVB:53:72006,Centraal Station,72006,,0,,1584622,0,2
152365,3700,379439711,GVB:53:72410,Gaasperplas,72410,,1,,1584628,0,2
152365,3700,379439712,GVB:53:72153,Centraal Station,72153,,0,,1584626,0,2
152365,3700,379439713,GVB:53:72043,Gaasperplas,72043,,1,,1584629,0,2
152365,3700,379439714,GVB:53:72448,Centraal Station,72448,,0,,1584622,0,2
152365,3700,379439715,GVB:53:72300,Gaasperplas,72300,,1,,1584628,0,2
152365,3700,379439716,GVB:53:72080,Centraal Station,72080,,0,,1584626,0,2
152365,3700,379439717,GVB:53:72336,Gaasperplas,72336,,1,,1584629,0,2
152365,3700,379439718,GVB:53:72411,Centraal Station,72411,,0,,1584622,0,2
152365,3700,379439719,GVB:53:72374,Gaasperplas,72374,,1,,1584628,0,2
152365,3700,379439720,GVB:53:72044,Centraal Station,72044,,0,,1584626,0,2
152365,3700,379439721,GVB:53:72118,Gaasperplas,72118,,1,,1584629,0,2
152365,3700,379439722,GVB:53:72301,Centraal Station,72301,,0,,1584622,0,2
152365,3700,379439723,GVB:53:72192,Gaasperplas,72192,,1,,1584628,0,2
152365,3700,379439724,GVB:53:72337,Centraal Station,72337,,0,,1584626,0,2
152365,3700,379439725,GVB:53:72266,Gaasperplas,72266,,1,,1584629,0,2
152365,3700,379439726,GVB:53:72375,Centraal Station,72375,,0,,1584622,0,2
152365,3700,379439727,GVB:53:72229,Gaasperplas,72229,,1,,1584628,0,2
152365,3700,379439728,GVB:53:72119,Centraal Station,72119,,0,,1584626,0,2
152365,3700,379439729,GVB:53:72009,Gaasperplas,72009,,1,,1584629,0,2
152365,3700,379439730,GVB:53:72193,Centraal Station,72193,,0,,1584622,0,2
152365,3700,379439731,GVB:53:72156,Gaasperplas,72156,,1,,1584628,0,2
152365,3700,379439732,GVB:53:72267,Centraal Station,72267,,0,,1584626,0,2
152365,3700,379439733,GVB:53:72451,Gaasperplas,72451,,1,,1584629,0,2
152365,3700,379439734,GVB:53:72230,Centraal Station,72230,,0,,1584622,0,2
152365,3700,379439735,GVB:53:72083,Gaasperplas,72083,,1,,1584628,0,2
152365,3700,379439736,GVB:53:72010,Centraal Station,72010,,0,,1584626,0,2
152365,3700,379439737,GVB:53:72414,Gaasperplas,72414,,1,,1584629,0,2
152365,3700,379439738,GVB:53:72157,Centraal Station,72157,,0,,1584622,0,2
152365,3700,379439739,GVB:53:72047,Gaasperplas,72047,,1,,1584628,0,2
152365,3700,379439740,GVB:53:72452,Centraal Station,72452,,0,,1584626,0,2
152365,3700,379439741,GVB:53:72304,Gaasperplas,72304,,1,,1584629,0,2
152365,3700,379439742,GVB:53:72084,Centraal Station,72084,,0,,1584622,0,2
152365,3700,379439743,GVB:53:72340,Gaasperplas,72340,,1,,1584628,0,2
152365,3700,379439744,GVB:53:72415,Centraal Station,72415,,0,,1584626,0,2
152365,3700,379439745,GVB:53:72378,Gaasperplas,72378,,1,,1584629,0,2
152365,3700,379439746,GVB:53:72048,Centraal Station,72048,,0,,1584622,0,2
152365,3700,379439747,GVB:53:72122,Gaasperplas,72122,,1,,1584628,0,2
152365,3700,379439748,GVB:53:72305,Centraal Station,72305,,0,,1584626,0,2
152365,3700,379439749,GVB:53:72196,Gaasperplas,72196,,1,,1584629,0,2
152365,3700,379439750,GVB:53:72341,Centraal Station,72341,,0,,1584622,0,2
152365,3700,379439751,GVB:53:72270,Gaasperplas,72270,,1,,1584628,0,2
152365,3700,379439752,GVB:53:72379,Centraal Station,72379,,0,,1584626,0,2
152365,3700,379439753,GVB:53:72233,Gaasperplas,72233,,1,,1584629,0,2
152365,3700,379439754,GVB:53:72123,Centraal Station,72123,,0,,1584622,0,2
152365,3700,379439755,GVB:53:72013,Gaasperplas,72013,,1,,1584628,0,2
152365,3700,379439756,GVB:53:72197,Centraal Station,72197,,0,,1584626,0,2
152365,3700,379439757,GVB:53:72160,Gaasperplas,72160,,1,,1584629,0,2
152365,3700,379439758,GVB:53:72271,Centraal Station,72271,,0,,1584622,0,2
152365,3700,379439759,GVB:53:72455,Gaasperplas,72455,,1,,1584628,0,2
152365,3700,379439760,GVB:53:72234,Centraal Station,72234,,0,,1584626,0,2
152365,3700,379439761,GVB:53:72087,Gaasperplas,72087,,1,,1584629,0,2
152365,3700,379439762,GVB:53:72014,Centraal Station,72014,,0,,1584622,0,2
152365,3700,379439763,GVB:53:72418,Gaasperplas,72418,,1,,1584628,0,2
152365,3700,379439764,GVB:53:72161,Centraal Station,72161,,0,,1584626,0,2
152365,3700,379439765,GVB:53:72051,Gaasperplas,72051,,1,,1584629,0,2
152365,3700,379439766,GVB:53:72456,Centraal Station,72456,,0,,1584622,0,2
152365,3700,379439767,GVB:53:72308,Gaasperplas,72308,,1,,1584628,0,2
152365,3700,379439768,GVB:53:72088,Centraal Station,72088,,0,,1584626,0,2
152365,3700,379439769,GVB:53:72344,Gaasperplas,72344,,1,,1584629,0,2
152365,3700,379439770,GVB:53:72419,Centraal Station,72419,,0,,1584622,0,2
152365,3700,379439771,GVB:53:72382,Gaasperplas,72382,,1,,1584628,0,2
152365,3700,379439772,GVB:53:72052,Centraal Station,72052,,0,,1584626,0,2
152365,3700,379439773,GVB:53:72126,Gaasperplas,72126,,1,,1584629,0,2
152365,3700,379439774,GVB:53:72309,Centraal Station,72309,,0,,1584622,0,2
152365,3700,379439775,GVB:53:72200,Gaasperplas,72200,,1,,1584628,0,2
152365,3700,379439776,GVB:53:72345,Centraal Station,72345,,0,,1584626,0,2
152365,3700,379439777,GVB:53:72274,Gaasperplas,72274,,1,,1584629,0,2
152365,3700,379439778,GVB:53:72383,Centraal Station,72383,,0,,1584622,0,2
152365,3700,379439779,GVB:53:72237,Gaasperplas,72237,,1,,1584628,0,2
152365,3700,379439780,GVB:53:72127,Centraal Station,72127,,0,,1584626,0,2
152365,3700,379439781,GVB:53:72017,Gaasperplas,72017,,1,,1584629,0,2
152365,3700,379439782,GVB:53:72201,Centraal Station,72201,,0,,1584622,0,2
152365,3700,379439783,GVB:53:72164,Gaasperplas,72164,,1,,1584628,0,2
152365,3700,379439784,GVB:53:72275,Centraal Station,72275,,0,,1584626,0,2
152365,3700,379439785,GVB:53:72459,Gaasperplas,72459,,1,,1584629,0,2
152365,3700,379439786,GVB:53:72238,Centraal Station,72238,,0,,1584622,0,2
152365,3700,379439787,GVB:53:72091,Gaasperplas,72091,,1,,1584628,0,2
152365,3700,379439788,GVB:53:72018,Centraal Station,72018,,0,,1584626,0,2
152365,3700,379439789,GVB:53:72422,Gaasperplas,72422,,1,,1584629,0,2
152365,3700,379439790,GVB:53:72165,Centraal Station,72165,,0,,1584622,0,2
152365,3700,379439791,GVB:53:72055,Gaasperplas,72055,,1,,1584628,0,2
152365,3700,379439792,GVB:53:72460,Centraal Station,72460,,0,,1584626,0,2
152365,3700,379439793,GVB:53:72312,Gaasperplas,72312,,1,,1584629,0,2
152365,3700,379439794,GVB:53:72092,Centraal Station,72092,,0,,1584622,0,2
152365,3700,379439795,GVB:53:72348,Gaasperplas,72348,,1,,1584628,0,2
152365,3700,379439796,GVB:53:72423,Centraal Station,72423,,0,,1584626,0,2
152365,3700,379439797,GVB:53:72386,Gaasperplas,72386,,1,,1584629,0,2
152365,3700,379439798,GVB:53:72056,Centraal Station,72056,,0,,1584622,0,2
152365,3700,379439799,GVB:53:72130,Gaasperplas,72130,,1,,1584628,0,2
152365,3700,379439800,GVB:53:72313,Centraal Station,72313,,0,,1584626,0,2
152365,3700,379439801,GVB:53:72204,Gaasperplas,72204,,1,,1584629,0,2
152365,3700,379439802,GVB:53:72349,Centraal Station,72349,,0,,1584622,0,2
152365,3700,379439803,GVB:53:72278,Gaasperplas,72278,,1,,1584629,0,2
152365,3700,379439804,GVB:53:72387,Centraal Station,72387,,0,,1584626,0,2
152365,3700,379439805,GVB:53:72241,Gaasperplas,72241,,1,,1584629,0,2
152365,3700,379439806,GVB:53:72021,Gaasperplas,72021,,1,,1584629,0,2
152365,3666,379440033,GVB:53:70294,Centraal Station,70294,,0,,1584622,0,1
152365,3666,379440034,GVB:53:70547,Centraal Station,70547,,0,,1584622,0,1
152365,3666,379440035,GVB:53:70475,Gaasperplas,70475,,1,,1584628,0,1
152365,3666,379440036,GVB:53:70727,Centraal Station,70727,,0,,1584622,0,1
152365,3666,379440037,GVB:53:70692,Gaasperplas,70692,,1,,1584629,0,1
152365,3666,379440038,GVB:53:70620,Centraal Station,70620,,0,,1584622,0,1
152365,3666,379440039,GVB:53:70369,Gaasperplas,70369,,1,,1584628,0,1
152365,3666,379440040,GVB:53:70440,Centraal Station,70440,,0,,1584622,0,1
152365,3666,379440041,GVB:53:70656,Gaasperplas,70656,,1,,1584629,0,1
152365,3666,379440042,GVB:53:70476,Centraal Station,70476,,0,,1584622,0,1
152365,3666,379440043,GVB:53:70333,Gaasperplas,70333,,1,,1584628,0,1
152365,3666,379440044,GVB:53:70693,Centraal Station,70693,,0,,1584626,0,1
152365,3666,379440045,GVB:53:70586,Gaasperplas,70586,,1,,1584629,0,1
152365,3666,379440046,GVB:53:70370,Centraal Station,70370,,0,,1584622,0,1
152365,3666,379440047,GVB:53:70513,Gaasperplas,70513,,1,,1584628,0,1
152365,3666,379440048,GVB:53:70657,Centraal Station,70657,,0,,1584626,0,1
152365,3666,379440049,GVB:53:70407,Gaasperplas,70407,,1,,1584629,0,1
152365,3666,379440050,GVB:53:70334,Centraal Station,70334,,0,,1584622,0,1
152365,3666,379440051,GVB:53:70297,Gaasperplas,70297,,1,,1584628,0,1
152365,3666,379440052,GVB:53:70587,Centraal Station,70587,,0,,1584626,0,1
152365,3666,379440053,GVB:53:70550,Gaasperplas,70550,,1,,1584629,0,1
152365,3666,379440054,GVB:53:70514,Centraal Station,70514,,0,,1584622,0,1
152365,3666,379440055,GVB:53:70730,Gaasperplas,70730,,1,,1584628,0,1
152365,3666,379440056,GVB:53:70408,Centraal Station,70408,,0,,1584626,0,1
152365,3666,379440057,GVB:53:70623,Gaasperplas,70623,,1,,1584629,0,1
152365,3666,379440058,GVB:53:70298,Centraal Station,70298,,0,,1584622,0,1
152365,3666,379440059,GVB:53:70443,Gaasperplas,70443,,1,,1584628,0,1
152365,3666,379440060,GVB:53:70551,Centraal Station,70551,,0,,1584626,0,1
152365,3666,379440061,GVB:53:70479,Gaasperplas,70479,,1,,1584629,0,1
152365,3666,379440062,GVB:53:70731,Centraal Station,70731,,0,,1584622,0,1
152365,3666,379440063,GVB:53:70696,Gaasperplas,70696,,1,,1584628,0,1
152365,3666,379440064,GVB:53:70624,Centraal Station,70624,,0,,1584626,0,1
152365,3666,379440065,GVB:53:70373,Gaasperplas,70373,,1,,1584629,0,1
152365,3666,379440066,GVB:53:70444,Centraal Station,70444,,0,,1584622,0,1
152365,3666,379440067,GVB:53:70660,Gaasperplas,70660,,1,,1584628,0,1
152365,3666,379440068,GVB:53:70480,Centraal Station,70480,,0,,1584626,0,1
152365,3666,379440069,GVB:53:70337,Gaasperplas,70337,,1,,1584629,0,1
152365,3666,379440070,GVB:53:70697,Centraal Station,70697,,0,,1584622,0,1
152365,3666,379440071,GVB:53:70590,Gaasperplas,70590,,1,,1584628,0,1
152365,3666,379440072,GVB:53:70374,Centraal Station,70374,,0,,1584626,0,1
152365,3666,379440073,GVB:53:70517,Gaasperplas,70517,,1,,1584629,0,1
152365,3666,379440074,GVB:53:70661,Centraal Station,70661,,0,,1584622,0,1
152365,3666,379440075,GVB:53:70411,Gaasperplas,70411,,1,,1584628,0,1
152365,3666,379440076,GVB:53:70338,Centraal Station,70338,,0,,1584626,0,1
152365,3666,379440077,GVB:53:70301,Gaasperplas,70301,,1,,1584629,0,1
152365,3666,379440078,GVB:53:70591,Centraal Station,70591,,0,,1584622,0,1
152365,3666,379440079,GVB:53:70554,Gaasperplas,70554,,1,,1584628,0,1
152365,3666,379440080,GVB:53:70518,Centraal Station,70518,,0,,1584626,0,1
152365,3666,379440081,GVB:53:70734,Gaasperplas,70734,,1,,1584629,0,1
152365,3666,379440082,GVB:53:70412,Centraal Station,70412,,0,,1584622,0,1
152365,3666,379440083,GVB:53:70627,Gaasperplas,70627,,1,,1584628,0,1
152365,3666,379440084,GVB:53:70302,Centraal Station,70302,,0,,1584626,0,1
152365,3666,379440085,GVB:53:70447,Gaasperplas,70447,,1,,1584629,0,1
152365,3666,379440086,GVB:53:70555,Centraal Station,70555,,0,,1584622,0,1
152365,3666,379440087,GVB:53:70483,Gaasperplas,70483,,1,,1584628,0,1
152365,3666,379440088,GVB:53:70735,Centraal Station,70735,,0,,1584626,0,1
152365,3666,379440089,GVB:53:70700,Gaasperplas,70700,,1,,1584629,0,1
152365,3666,379440090,GVB:53:70628,Centraal Station,70628,,0,,1584622,0,1
152365,3666,379440091,GVB:53:70377,Gaasperplas,70377,,1,,1584628,0,1
152365,3666,379440092,GVB:53:70448,Centraal Station,70448,,0,,1584626,0,1
152365,3666,379440093,GVB:53:70664,Gaasperplas,70664,,1,,1584629,0,1
152365,3666,379440094,GVB:53:70484,Centraal Station,70484,,0,,1584622,0,1
152365,3666,379440095,GVB:53:70341,Gaasperplas,70341,,1,,1584628,0,1
152365,3666,379440096,GVB:53:70701,Centraal Station,70701,,0,,1584626,0,1
152365,3666,379440097,GVB:53:70594,Gaasperplas,70594,,1,,1584629,0,1
152365,3666,379440098,GVB:53:70378,Centraal Station,70378,,0,,1584622,0,1
152365,3666,379440099,GVB:53:70521,Gaasperplas,70521,,1,,1584628,0,1
152365,3666,379440100,GVB:53:70665,Centraal Station,70665,,0,,1584626,0,1
152365,3666,379440101,GVB:53:70415,Gaasperplas,70415,,1,,1584629,0,1
152365,3666,379440102,GVB:53:70342,Centraal Station,70342,,0,,1584622,0,1
152365,3666,379440103,GVB:53:70305,Gaasperplas,70305,,1,,1584628,0,1
152365,3666,379440104,GVB:53:70595,Centraal Station,70595,,0,,1584626,0,1
152365,3666,379440105,GVB:53:70558,Gaasperplas,70558,,1,,1584629,0,1
152365,3666,379440106,GVB:53:70522,Centraal Station,70522,,0,,1584622,0,1
152365,3666,379440107,GVB:53:70738,Gaasperplas,70738,,1,,1584628,0,1
152365,3666,379440108,GVB:53:70416,Centraal Station,70416,,0,,1584626,0,1
152365,3666,379440109,GVB:53:70631,Gaasperplas,70631,,1,,1584629,0,1
152365,3666,379440110,GVB:53:70306,Centraal Station,70306,,0,,1584622,0,1
152365,3666,379440111,GVB:53:70451,Gaasperplas,70451,,1,,1584628,0,1
152365,3666,379440112,GVB:53:70559,Centraal Station,70559,,0,,1584626,0,1
152365,3666,379440113,GVB:53:70487,Gaasperplas,70487,,1,,1584629,0,1
152365,3666,379440114,GVB:53:70739,Centraal Station,70739,,0,,1584622,0,1
152365,3666,379440115,GVB:53:70704,Gaasperplas,70704,,1,,1584628,0,1
152365,3666,379440116,GVB:53:70632,Centraal Station,70632,,0,,1584626,0,1
152365,3666,379440117,GVB:53:70381,Gaasperplas,70381,,1,,1584629,0,1
152365,3666,379440118,GVB:53:70452,Centraal Station,70452,,0,,1584622,0,1
152365,3666,379440119,GVB:53:70668,Gaasperplas,70668,,1,,1584628,0,1
152365,3666,379440120,GVB:53:70488,Centraal Station,70488,,0,,1584626,0,1
152365,3666,379440121,GVB:53:70345,Gaasperplas,70345,,1,,1584629,0,1
152365,3666,379440122,GVB:53:70705,Centraal Station,70705,,0,,1584622,0,1
152365,3666,379440123,GVB:53:70598,Gaasperplas,70598,,1,,1584628,0,1
152365,3666,379440124,GVB:53:70382,Centraal Station,70382,,0,,1584626,0,1
152365,3666,379440125,GVB:53:70525,Gaasperplas,70525,,1,,1584629,0,1
152365,3666,379440126,GVB:53:70669,Centraal Station,70669,,0,,1584622,0,1
152365,3666,379440127,GVB:53:70419,Gaasperplas,70419,,1,,1584628,0,1
152365,3666,379440128,GVB:53:70346,Centraal Station,70346,,0,,1584626,0,1
152365,3666,379440129,GVB:53:70309,Gaasperplas,70309,,1,,1584629,0,1
152365,3666,379440130,GVB:53:70599,Centraal Station,70599,,0,,1584622,0,1
152365,3666,379440131,GVB:53:70562,Gaasperplas,70562,,1,,1584628,0,1
152365,3666,379440132,GVB:53:70526,Centraal Station,70526,,0,,1584626,0,1
152365,3666,379440133,GVB:53:70742,Gaasperplas,70742,,1,,1584629,0,1
152365,3666,379440134,GVB:53:70420,Centraal Station,70420,,0,,1584622,0,1
152365,3666,379440135,GVB:53:70635,Gaasperplas,70635,,1,,1584628,0,1
152365,3666,379440136,GVB:53:70310,Centraal Station,70310,,0,,1584626,0,1
152365,3666,379440137,GVB:53:70455,Gaasperplas,70455,,1,,1584629,0,1
152365,3666,379440138,GVB:53:70563,Centraal Station,70563,,0,,1584622,0,1
152365,3666,379440139,GVB:53:70491,Gaasperplas,70491,,1,,1584628,0,1
152365,3666,379440140,GVB:53:70743,Centraal Station,70743,,0,,1584626,0,1
152365,3666,379440141,GVB:53:70708,Gaasperplas,70708,,1,,1584629,0,1
152365,3666,379440142,GVB:53:70636,Centraal Station,70636,,0,,1584622,0,1
152365,3666,379440143,GVB:53:70385,Gaasperplas,70385,,1,,1584628,0,1
152365,3666,379440144,GVB:53:70456,Centraal Station,70456,,0,,1584626,0,1
152365,3666,379440145,GVB:53:70672,Gaasperplas,70672,,1,,1584629,0,1
152365,3666,379440146,GVB:53:70492,Centraal Station,70492,,0,,1584622,0,1
152365,3666,379440147,GVB:53:70349,Gaasperplas,70349,,1,,1584628,0,1
152365,3666,379440148,GVB:53:70709,Centraal Station,70709,,0,,1584626,0,1
152365,3666,379440149,GVB:53:70602,Gaasperplas,70602,,1,,1584629,0,1
152365,3666,379440150,GVB:53:70386,Centraal Station,70386,,0,,1584622,0,1
152365,3666,379440151,GVB:53:70529,Gaasperplas,70529,,1,,1584628,0,1
152365,3666,379440152,GVB:53:70673,Centraal Station,70673,,0,,1584626,0,1
152365,3666,379440153,GVB:53:70423,Gaasperplas,70423,,1,,1584629,0,1
152365,3666,379440154,GVB:53:70350,Centraal Station,70350,,0,,1584622,0,1
152365,3666,379440155,GVB:53:70313,Gaasperplas,70313,,1,,1584628,0,1
152365,3666,379440156,GVB:53:70603,Centraal Station,70603,,0,,1584626,0,1
152365,3666,379440157,GVB:53:70566,Gaasperplas,70566,,1,,1584629,0,1
152365,3666,379440158,GVB:53:70530,Centraal Station,70530,,0,,1584622,0,1
152365,3666,379440159,GVB:53:70746,Gaasperplas,70746,,1,,1584628,0,1
152365,3666,379440160,GVB:53:70424,Centraal Station,70424,,0,,1584626,0,1
152365,3666,379440161,GVB:53:70639,Gaasperplas,70639,,1,,1584629,0,1
152365,3666,379440162,GVB:53:70314,Centraal Station,70314,,0,,1584622,0,1
152365,3666,379440163,GVB:53:70459,Gaasperplas,70459,,1,,1584628,0,1
152365,3666,379440164,GVB:53:70567,Centraal Station,70567,,0,,1584626,0,1
152365,3666,379440165,GVB:53:70495,Gaasperplas,70495,,1,,1584629,0,1
152365,3666,379440166,GVB:53:70747,Centraal Station,70747,,0,,1584622,0,1
152365,3666,379440167,GVB:53:70712,Gaasperplas,70712,,1,,1584628,0,1
152365,3666,379440168,GVB:53:70640,Centraal Station,70640,,0,,1584626,0,1
152365,3666,379440169,GVB:53:70389,Gaasperplas,70389,,1,,1584629,0,1
152365,3666,379440170,GVB:53:70460,Centraal Station,70460,,0,,1584622,0,1
152365,3666,379440171,GVB:53:70676,Gaasperplas,70676,,1,,1584628,0,1
152365,3666,379440172,GVB:53:70496,Centraal Station,70496,,0,,1584626,0,1
152365,3666,379440173,GVB:53:70353,Gaasperplas,70353,,1,,1584629,0,1
152365,3666,379440174,GVB:53:70713,Centraal Station,70713,,0,,1584622,0,1
152365,3666,379440175,GVB:53:70606,Gaasperplas,70606,,1,,1584628,0,1
152365,3666,379440176,GVB:53:70390,Centraal Station,70390,,0,,1584626,0,1
152365,3666,379440177,GVB:53:70533,Gaasperplas,70533,,1,,1584629,0,1
152365,3666,379440178,GVB:53:70677,Centraal Station,70677,,0,,1584622,0,1
152365,3666,379440179,GVB:53:70427,Gaasperplas,70427,,1,,1584628,0,1
152365,3666,379440180,GVB:53:70354,Centraal Station,70354,,0,,1584626,0,1
152365,3666,379440181,GVB:53:70317,Gaasperplas,70317,,1,,1584629,0,1
152365,3666,379440182,GVB:53:70607,Centraal Station,70607,,0,,1584622,0,1
152365,3666,379440183,GVB:53:70570,Gaasperplas,70570,,1,,1584628,0,1
152365,3666,379440184,GVB:53:70534,Centraal Station,70534,,0,,1584626,0,1
152365,3666,379440185,GVB:53:70750,Gaasperplas,70750,,1,,1584629,0,1
152365,3666,379440186,GVB:53:70428,Centraal Station,70428,,0,,1584622,0,1
152365,3666,379440187,GVB:53:70643,Gaasperplas,70643,,1,,1584628,0,1
152365,3666,379440188,GVB:53:70318,Centraal Station,70318,,0,,1584626,0,1
152365,3666,379440189,GVB:53:70463,Gaasperplas,70463,,1,,1584629,0,1
152365,3666,379440190,GVB:53:70571,Centraal Station,70571,,0,,1584622,0,1
152365,3666,379440191,GVB:53:70499,Gaasperplas,70499,,1,,1584628,0,1
152365,3666,379440192,GVB:53:70751,Centraal Station,70751,,0,,1584626,0,1
152365,3666,379440193,GVB:53:70716,Gaasperplas,70716,,1,,1584629,0,1
152365,3666,379440194,GVB:53:70644,Centraal Station,70644,,0,,1584622,0,1
152365,3666,379440195,GVB:53:70393,Gaasperplas,70393,,1,,1584628,0,1
152365,3666,379440196,GVB:53:70464,Centraal Station,70464,,0,,1584626,0,1
152365,3666,379440197,GVB:53:70680,Gaasperplas,70680,,1,,1584629,0,1
152365,3666,379440198,GVB:53:70500,Centraal Station,70500,,0,,1584622,0,1
152365,3666,379440199,GVB:53:70357,Gaasperplas,70357,,1,,1584628,0,1
152365,3666,379440200,GVB:53:70717,Centraal Station,70717,,0,,1584626,0,1
152365,3666,379440201,GVB:53:70610,Gaasperplas,70610,,1,,1584629,0,1
152365,3666,379440202,GVB:53:70394,Centraal Station,70394,,0,,1584622,0,1
152365,3666,379440203,GVB:53:70537,Gaasperplas,70537,,1,,1584628,0,1
152365,3666,379440204,GVB:53:70681,Centraal Station,70681,,0,,1584626,0,1
152365,3666,379440205,GVB:53:70431,Gaasperplas,70431,,1,,1584629,0,1
152365,3666,379440206,GVB:53:70358,Centraal Station,70358,,0,,1584622,0,1
152365,3666,379440207,GVB:53:70321,Gaasperplas,70321,,1,,1584628,0,1
152365,3666,379440208,GVB:53:70611,Centraal Station,70611,,0,,1584626,0,1
152365,3666,379440209,GVB:53:70574,Gaasperplas,70574,,1,,1584629,0,1
152365,3666,379440210,GVB:53:70538,Centraal Station,70538,,0,,1584622,0,1
152365,3666,379440211,GVB:53:70754,Gaasperplas,70754,,1,,1584628,0,1
152365,3666,379440212,GVB:53:70432,Centraal Station,70432,,0,,1584626,0,1
152365,3666,379440213,GVB:53:70647,Gaasperplas,70647,,1,,1584629,0,1
152365,3666,379440214,GVB:53:70322,Centraal Station,70322,,0,,1584622,0,1
152365,3666,379440215,GVB:53:70467,Gaasperplas,70467,,1,,1584628,0,1
152365,3666,379440216,GVB:53:70575,Centraal Station,70575,,0,,1584626,0,1
152365,3666,379440217,GVB:53:70503,Gaasperplas,70503,,1,,1584629,0,1
152365,3666,379440218,GVB:53:70755,Centraal Station,70755,,0,,1584622,0,1
152365,3666,379440219,GVB:53:70720,Gaasperplas,70720,,1,,1584628,0,1
152365,3666,379440220,GVB:53:70648,Centraal Station,70648,,0,,1584626,0,1
152365,3666,379440221,GVB:53:70397,Gaasperplas,70397,,1,,1584629,0,1
152365,3666,379440222,GVB:53:70468,Centraal Station,70468,,0,,1584622,0,1
152365,3666,379440223,GVB:53:70684,Gaasperplas,70684,,1,,1584628,0,1
152365,3666,379440224,GVB:53:70504,Centraal Station,70504,,0,,1584626,0,1
152365,3666,379440225,GVB:53:70361,Gaasperplas,70361,,1,,1584629,0,1
152365,3666,379440226,GVB:53:70721,Centraal Station,70721,,0,,1584622,0,1
152365,3666,379440227,GVB:53:70614,Gaasperplas,70614,,1,,1584628,0,1
152365,3666,379440228,GVB:53:70398,Centraal Station,70398,,0,,1584626,0,1
152365,3666,379440229,GVB:53:70541,Gaasperplas,70541,,1,,1584629,0,1
152365,3666,379440230,GVB:53:70685,Centraal Station,70685,,0,,1584622,0,1
152365,3666,379440231,GVB:53:70435,Gaasperplas,70435,,1,,1584628,0,1
152365,3666,379440232,GVB:53:70362,Centraal Station,70362,,0,,1584626,0,1
152365,3666,379440233,GVB:53:70325,Gaasperplas,70325,,1,,1584629,0,1
152365,3666,379440234,GVB:53:70615,Centraal Station,70615,,0,,1584622,0,1
152365,3666,379440235,GVB:53:70578,Gaasperplas,70578,,1,,1584628,0,1
152365,3666,379440236,GVB:53:70542,Centraal Station,70542,,0,,1584626,0,1
152365,3666,379440237,GVB:53:70758,Gaasperplas,70758,,1,,1584629,0,1
152365,3666,379440238,GVB:53:70436,Centraal Station,70436,,0,,1584622,0,1
152365,3666,379440239,GVB:53:70651,Gaasperplas,70651,,1,,1584628,0,1
152365,3666,379440240,GVB:53:70326,Centraal Station,70326,,0,,1584626,0,1
152365,3666,379440241,GVB:53:70471,Gaasperplas,70471,,1,,1584629,0,1
152365,3666,379440242,GVB:53:70579,Centraal Station,70579,,0,,1584622,0,1
152365,3666,379440243,GVB:53:70507,Gaasperplas,70507,,1,,1584629,0,1
152365,3666,379440244,GVB:53:70759,Centraal Station,70759,,0,,1584626,0,1
152365,3666,379440245,GVB:53:70724,Gaasperplas,70724,,1,,1584629,0,1
152365,3666,379440246,GVB:53:70401,Gaasperplas,70401,,1,,1584629,0,1
152365,3689,379440470,GVB:53:71160,Centraal Station,71160,,0,,1584622,0,1
152365,3689,379440471,GVB:53:71502,Centraal Station,71502,,0,,1584622,0,1
152365,3689,379440472,GVB:53:71296,Gaasperplas,71296,,1,,1584628,0,1
152365,3689,379440473,GVB:53:71397,Centraal Station,71397,,0,,1584622,0,1
152365,3689,379440474,GVB:53:71537,Gaasperplas,71537,,1,,1584629,0,1
152365,3689,379440475,GVB:53:71194,Centraal Station,71194,,0,,1584622,0,1
152365,3689,379440476,GVB:53:71469,Gaasperplas,71469,,1,,1584628,0,1
152365,3689,379440477,GVB:53:71364,Centraal Station,71364,,0,,1584622,0,1
152365,3689,379440478,GVB:53:71572,Gaasperplas,71572,,1,,1584629,0,1
152365,3689,379440479,GVB:53:71297,Centraal Station,71297,,0,,1584622,0,1
152365,3689,379440480,GVB:53:71434,Gaasperplas,71434,,1,,1584628,0,1
152365,3689,379440481,GVB:53:71538,Centraal Station,71538,,0,,1584626,0,1
152365,3689,379440482,GVB:53:71333,Gaasperplas,71333,,1,,1584629,0,1
152365,3689,379440483,GVB:53:71470,Centraal Station,71470,,0,,1584622,0,1
152365,3689,379440484,GVB:53:71264,Gaasperplas,71264,,1,,1584628,0,1
152365,3689,379440485,GVB:53:71573,Centraal Station,71573,,0,,1584626,0,1
152365,3689,379440486,GVB:53:71230,Gaasperplas,71230,,1,,1584629,0,1
152365,3689,379440487,GVB:53:71435,Centraal Station,71435,,0,,1584622,0,1
152365,3689,379440488,GVB:53:71163,Gaasperplas,71163,,1,,1584628,0,1
152365,3689,379440489,GVB:53:71334,Centraal Station,71334,,0,,1584626,0,1
152365,3689,379440490,GVB:53:71505,Gaasperplas,71505,,1,,1584629,0,1
152365,3689,379440491,GVB:53:71265,Centraal Station,71265,,0,,1584622,0,1
152365,3689,379440492,GVB:53:71400,Gaasperplas,71400,,1,,1584628,0,1
152365,3689,379440493,GVB:53:71231,Centraal Station,71231,,0,,1584626,0,1
152365,3689,379440494,GVB:53:71197,Gaasperplas,71197,,1,,1584629,0,1
152365,3689,379440495,GVB:53:71164,Centraal Station,71164,,0,,1584622,0,1
152365,3689,379440496,GVB:53:71367,Gaasperplas,71367,,1,,1584628,0,1
152365,3689,379440497,GVB:53:71506,Centraal Station,71506,,0,,1584626,0,1
152365,3689,379440498,GVB:53:71300,Gaasperplas,71300,,1,,1584629,0,1
152365,3689,379440499,GVB:53:71401,Centraal Station,71401,,0,,1584622,0,1
152365,3689,379440500,GVB:53:71541,Gaasperplas,71541,,1,,1584628,0,1
152365,3689,379440501,GVB:53:71198,Centraal Station,71198,,0,,1584626,0,1
152365,3689,379440502,GVB:53:71473,Gaasperplas,71473,,1,,1584629,0,1
152365,3689,379440503,GVB:53:71368,Centraal Station,71368,,0,,1584622,0,1
152365,3689,379440504,GVB:53:71576,Gaasperplas,71576,,1,,1584628,0,1
152365,3689,379440505,GVB:53:71301,Centraal Station,71301,,0,,1584626,0,1
152365,3689,379440506,GVB:53:71438,Gaasperplas,71438,,1,,1584629,0,1
152365,3689,379440507,GVB:53:71542,Centraal Station,71542,,0,,1584622,0,1
152365,3689,379440508,GVB:53:71337,Gaasperplas,71337,,1,,1584628,0,1
152365,3689,379440509,GVB:53:71474,Centraal Station,71474,,0,,1584626,0,1
152365,3689,379440510,GVB:53:71268,Gaasperplas,71268,,1,,1584629,0,1
152365,3689,379440511,GVB:53:71577,Centraal Station,71577,,0,,1584622,0,1
152365,3689,379440512,GVB:53:71234,Gaasperplas,71234,,1,,1584628,0,1
152365,3689,379440513,GVB:53:71439,Centraal Station,71439,,0,,1584626,0,1
152365,3689,379440514,GVB:53:71167,Gaasperplas,71167,,1,,1584629,0,1
152365,3689,379440515,GVB:53:71338,Centraal Station,71338,,0,,1584622,0,1
152365,3689,379440516,GVB:53:71509,Gaasperplas,71509,,1,,1584628,0,1
152365,3689,379440517,GVB:53:71269,Centraal Station,71269,,0,,1584626,0,1
152365,3689,379440518,GVB:53:71404,Gaasperplas,71404,,1,,1584629,0,1
152365,3689,379440519,GVB:53:71235,Centraal Station,71235,,0,,1584622,0,1
152365,3689,379440520,GVB:53:71201,Gaasperplas,71201,,1,,1584628,0,1
152365,3689,379440521,GVB:53:71168,Centraal Station,71168,,0,,1584626,0,1
152365,3689,379440522,GVB:53:71371,Gaasperplas,71371,,1,,1584629,0,1
152365,3689,379440523,GVB:53:71510,Centraal Station,71510,,0,,1584622,0,1
152365,3689,379440524,GVB:53:71304,Gaasperplas,71304,,1,,1584628,0,1
152365,3689,379440525,GVB:53:71405,Centraal Station,71405,,0,,1584626,0,1
152365,3689,379440526,GVB:53:71545,Gaasperplas,71545,,1,,1584629,0,1
152365,3689,379440527,GVB:53:71202,Centraal Station,71202,,0,,1584622,0,1
152365,3689,379440528,GVB:53:71477,Gaasperplas,71477,,1,,1584628,0,1
152365,3689,379440529,GVB:53:71372,Centraal Station,71372,,0,,1584626,0,1
152365,3689,379440530,GVB:53:71580,Gaasperplas,71580,,1,,1584629,0,1
152365,3689,379440531,GVB:53:71305,Centraal Station,71305,,0,,1584622,0,1
152365,3689,379440532,GVB:53:71442,Gaasperplas,71442,,1,,1584628,0,1
152365,3689,379440533,GVB:53:71546,Centraal Station,71546,,0,,1584626,0,1
152365,3689,379440534,GVB:53:71341,Gaasperplas,71341,,1,,1584629,0,1
152365,3689,379440535,GVB:53:71478,Centraal Station,71478,,0,,1584622,0,1
152365,3689,379440536,GVB:53:71272,Gaasperplas,71272,,1,,1584628,0,1
152365,3689,379440537,GVB:53:71581,Centraal Station,71581,,0,,1584626,0,1
152365,3689,379440538,GVB:53:71238,Gaasperplas,71238,,1,,1584629,0,1
152365,3689,379440539,GVB:53:71443,Centraal Station,71443,,0,,1584622,0,1
152365,3689,379440540,GVB:53:71171,Gaasperplas,71171,,1,,1584628,0,1
152365,3689,379440541,GVB:53:71342,Centraal Station,71342,,0,,1584626,0,1
152365,3689,379440542,GVB:53:71513,Gaasperplas,71513,,1,,1584629,0,1
152365,3689,379440543,GVB:53:71273,Centraal Station,71273,,0,,1584622,0,1
152365,3689,379440544,GVB:53:71408,Gaasperplas,71408,,1,,1584628,0,1
152365,3689,379440545,GVB:53:71239,Centraal Station,71239,,0,,1584626,0,1
152365,3689,379440546,GVB:53:71205,Gaasperplas,71205,,1,,1584629,0,1
152365,3689,379440547,GVB:53:71172,Centraal Station,71172,,0,,1584622,0,1
152365,3689,379440548,GVB:53:71375,Gaasperplas,71375,,1,,1584628,0,1
152365,3689,379440549,GVB:53:71514,Centraal Station,71514,,0,,1584626,0,1
152365,3689,379440550,GVB:53:71308,Gaasperplas,71308,,1,,1584629,0,1
152365,3689,379440551,GVB:53:71409,Centraal Station,71409,,0,,1584622,0,1
152365,3689,379440552,GVB:53:71549,Gaasperplas,71549,,1,,1584628,0,1
152365,3689,379440553,GVB:53:71206,Centraal Station,71206,,0,,1584626,0,1
152365,3689,379440554,GVB:53:71481,Gaasperplas,71481,,1,,1584629,0,1
152365,3689,379440555,GVB:53:71376,Centraal Station,71376,,0,,1584622,0,1
152365,3689,379440556,GVB:53:71584,Gaasperplas,71584,,1,,1584628,0,1
152365,3689,379440557,GVB:53:71309,Centraal Station,71309,,0,,1584626,0,1
152365,3689,379440558,GVB:53:71446,Gaasperplas,71446,,1,,1584629,0,1
152365,3689,379440559,GVB:53:71550,Centraal Station,71550,,0,,1584622,0,1
152365,3689,379440560,GVB:53:71345,Gaasperplas,71345,,1,,1584628,0,1
152365,3689,379440561,GVB:53:71482,Centraal Station,71482,,0,,1584626,0,1
152365,3689,379440562,GVB:53:71276,Gaasperplas,71276,,1,,1584629,0,1
152365,3689,379440563,GVB:53:71585,Centraal Station,71585,,0,,1584622,0,1
152365,3689,379440564,GVB:53:71242,Gaasperplas,71242,,1,,1584628,0,1
152365,3689,379440565,GVB:53:71447,Centraal Station,71447,,0,,1584626,0,1
152365,3689,379440566,GVB:53:71175,Gaasperplas,71175,,1,,1584629,0,1
152365,3689,379440567,GVB:53:71346,Centraal Station,71346,,0,,1584622,0,1
152365,3689,379440568,GVB:53:71517,Gaasperplas,71517,,1,,1584628,0,1
152365,3689,379440569,GVB:53:71277,Centraal Station,71277,,0,,1584626,0,1
152365,3689,379440570,GVB:53:71412,Gaasperplas,71412,,1,,1584629,0,1
152365,3689,379440571,GVB:53:71243,Centraal Station,71243,,0,,1584622,0,1
152365,3689,379440572,GVB:53:71209,Gaasperplas,71209,,1,,1584628,0,1
152365,3689,379440573,GVB:53:71176,Centraal Station,71176,,0,,1584626,0,1
152365,3689,379440574,GVB:53:71379,Gaasperplas,71379,,1,,1584629,0,1
152365,3689,379440575,GVB:53:71518,Centraal Station,71518,,0,,1584622,0,1
152365,3689,379440576,GVB:53:71312,Gaasperplas,71312,,1,,1584628,0,1
152365,3689,379440577,GVB:53:71413,Centraal Station,71413,,0,,1584626,0,1
152365,3689,379440578,GVB:53:71553,Gaasperplas,71553,,1,,1584629,0,1
152365,3689,379440579,GVB:53:71210,Centraal Station,71210,,0,,1584622,0,1
152365,3689,379440580,GVB:53:71485,Gaasperplas,71485,,1,,1584628,0,1
152365,3689,379440581,GVB:53:71380,Centraal Station,71380,,0,,1584626,0,1
152365,3689,379440582,GVB:53:71588,Gaasperplas,71588,,1,,1584629,0,1
152365,3689,379440583,GVB:53:71313,Centraal Station,71313,,0,,1584622,0,1
152365,3689,379440584,GVB:53:71450,Gaasperplas,71450,,1,,1584628,0,1
152365,3689,379440585,GVB:53:71554,Centraal Station,71554,,0,,1584626,0,1
152365,3689,379440586,GVB:53:71349,Gaasperplas,71349,,1,,1584629,0,1
152365,3689,379440587,GVB:53:71486,Centraal Station,71486,,0,,1584622,0,1
152365,3689,379440588,GVB:53:71280,Gaasperplas,71280,,1,,1584628,0,1
152365,3689,379440589,GVB:53:71589,Centraal Station,71589,,0,,1584626,0,1
152365,3689,379440590,GVB:53:71246,Gaasperplas,71246,,1,,1584629,0,1
152365,3689,379440591,GVB:53:71451,Centraal Station,71451,,0,,1584622,0,1
152365,3689,379440592,GVB:53:71179,Gaasperplas,71179,,1,,1584628,0,1
152365,3689,379440593,GVB:53:71350,Centraal Station,71350,,0,,1584626,0,1
152365,3689,379440594,GVB:53:71521,Gaasperplas,71521,,1,,1584629,0,1
152365,3689,379440595,GVB:53:71281,Centraal Station,71281,,0,,1584622,0,1
152365,3689,379440596,GVB:53:71416,Gaasperplas,71416,,1,,1584628,0,1
152365,3689,379440597,GVB:53:71247,Centraal Station,71247,,0,,1584626,0,1
152365,3689,379440598,GVB:53:71213,Gaasperplas,71213,,1,,1584629,0,1
152365,3689,379440599,GVB:53:71180,Centraal Station,71180,,0,,1584622,0,1
152365,3689,379440600,GVB:53:71383,Gaasperplas,71383,,1,,1584628,0,1
152365,3689,379440601,GVB:53:71522,Centraal Station,71522,,0,,1584626,0,1
152365,3689,379440602,GVB:53:71316,Gaasperplas,71316,,1,,1584629,0,1
152365,3689,379440603,GVB:53:71417,Centraal Station,71417,,0,,1584622,0,1
152365,3689,379440604,GVB:53:71557,Gaasperplas,71557,,1,,1584628,0,1
152365,3689,379440605,GVB:53:71214,Centraal Station,71214,,0,,1584626,0,1
152365,3689,379440606,GVB:53:71489,Gaasperplas,71489,,1,,1584629,0,1
152365,3689,379440607,GVB:53:71384,Centraal Station,71384,,0,,1584622,0,1
152365,3689,379440608,GVB:53:71592,Gaasperplas,71592,,1,,1584628,0,1
152365,3689,379440609,GVB:53:71317,Centraal Station,71317,,0,,1584626,0,1
152365,3689,379440610,GVB:53:71454,Gaasperplas,71454,,1,,1584629,0,1
152365,3689,379440611,GVB:53:71558,Centraal Station,71558,,0,,1584622,0,1
152365,3689,379440612,GVB:53:71353,Gaasperplas,71353,,1,,1584628,0,1
152365,3689,379440613,GVB:53:71490,Centraal Station,71490,,0,,1584626,0,1
152365,3689,379440614,GVB:53:71284,Gaasperplas,71284,,1,,1584629,0,1
152365,3689,379440615,GVB:53:71593,Centraal Station,71593,,0,,1584622,0,1
152365,3689,379440616,GVB:53:71250,Gaasperplas,71250,,1,,1584628,0,1
152365,3689,379440617,GVB:53:71455,Centraal Station,71455,,0,,1584626,0,1
152365,3689,379440618,GVB:53:71183,Gaasperplas,71183,,1,,1584629,0,1
152365,3689,379440619,GVB:53:71354,Centraal Station,71354,,0,,1584622,0,1
152365,3689,379440620,GVB:53:71525,Gaasperplas,71525,,1,,1584628,0,1
152365,3689,379440621,GVB:53:71285,Centraal Station,71285,,0,,1584626,0,1
152365,3689,379440622,GVB:53:71420,Gaasperplas,71420,,1,,1584629,0,1
152365,3689,379440623,GVB:53:71251,Centraal Station,71251,,0,,1584622,0,1
152365,3689,379440624,GVB:53:71217,Gaasperplas,71217,,1,,1584628,0,1
152365,3689,379440625,GVB:53:71184,Centraal Station,71184,,0,,1584626,0,1
152365,3689,379440626,GVB:53:71387,Gaasperplas,71387,,1,,1584629,0,1
152365,3689,379440627,GVB:53:71526,Centraal Station,71526,,0,,1584622,0,1
152365,3689,379440628,GVB:53:71320,Gaasperplas,71320,,1,,1584628,0,1
152365,3689,379440629,GVB:53:71421,Centraal Station,71421,,0,,1584626,0,1
152365,3689,379440630,GVB:53:71561,Gaasperplas,71561,,1,,1584629,0,1
152365,3689,379440631,GVB:53:71218,Centraal Station,71218,,0,,1584622,0,1
152365,3689,379440632,GVB:53:71493,Gaasperplas,71493,,1,,1584628,0,1
152365,3689,379440633,GVB:53:71388,Centraal Station,71388,,0,,1584626,0,1
152365,3689,379440634,GVB:53:71596,Gaasperplas,71596,,1,,1584629,0,1
152365,3689,379440635,GVB:53:71321,Centraal Station,71321,,0,,1584622,0,1
152365,3689,379440636,GVB:53:71458,Gaasperplas,71458,,1,,1584628,0,1
152365,3689,379440637,GVB:53:71562,Centraal Station,71562,,0,,1584626,0,1
152365,3689,379440638,GVB:53:71357,Gaasperplas,71357,,1,,1584629,0,1
152365,3689,379440639,GVB:53:71494,Centraal Station,71494,,0,,1584622,0,1
152365,3689,379440640,GVB:53:71288,Gaasperplas,71288,,1,,1584628,0,1
152365,3689,379440641,GVB:53:71597,Centraal Station,71597,,0,,1584626,0,1
152365,3689,379440642,GVB:53:71254,Gaasperplas,71254,,1,,1584629,0,1
152365,3689,379440643,GVB:53:71459,Centraal Station,71459,,0,,1584622,0,1
152365,3689,379440644,GVB:53:71187,Gaasperplas,71187,,1,,1584628,0,1
152365,3689,379440645,GVB:53:71358,Centraal Station,71358,,0,,1584626,0,1
152365,3689,379440646,GVB:53:71529,Gaasperplas,71529,,1,,1584629,0,1
152365,3689,379440647,GVB:53:71289,Centraal Station,71289,,0,,1584622,0,1
152365,3689,379440648,GVB:53:71424,Gaasperplas,71424,,1,,1584628,0,1
152365,3689,379440649,GVB:53:71255,Centraal Station,71255,,0,,1584626,0,1
152365,3689,379440650,GVB:53:71221,Gaasperplas,71221,,1,,1584629,0,1
152365,3689,379440651,GVB:53:71188,Centraal Station,71188,,0,,1584622,0,1
152365,3689,379440652,GVB:53:71391,Gaasperplas,71391,,1,,1584628,0,1
152365,3689,379440653,GVB:53:71530,Centraal Station,71530,,0,,1584626,0,1
152365,3689,379440654,GVB:53:71324,Gaasperplas,71324,,1,,1584629,0,1
152365,3689,379440655,GVB:53:71425,Centraal Station,71425,,0,,1584622,0,1
152365,3689,379440656,GVB:53:71565,Gaasperplas,71565,,1,,1584628,0,1
152365,3689,379440657,GVB:53:71222,Centraal Station,71222,,0,,1584626,0,1
152365,3689,379440658,GVB:53:71497,Gaasperplas,71497,,1,,1584629,0,1
152365,3689,379440659,GVB:53:71392,Centraal Station,71392,,0,,1584622,0,1
152365,3689,379440660,GVB:53:71600,Gaasperplas,71600,,1,,1584628,0,1
152365,3689,379440661,GVB:53:71325,Centraal Station,71325,,0,,1584626,0,1
152365,3689,379440662,GVB:53:71462,Gaasperplas,71462,,1,,1584629,0,1
152365,3689,379440663,GVB:53:71566,Centraal Station,71566,,0,,1584622,0,1
152365,3689,379440664,GVB:53:71361,Gaasperplas,71361,,1,,1584628,0,1
152365,3689,379440665,GVB:53:71498,Centraal Station,71498,,0,,1584626,0,1
152365,3689,379440666,GVB:53:71292,Gaasperplas,71292,,1,,1584629,0,1
152365,3689,379440667,GVB:53:71601,Centraal Station,71601,,0,,1584622,0,1
152365,3689,379440668,GVB:53:71258,Gaasperplas,71258,,1,,1584629,0,1
152365,3689,379440669,GVB:53:71463,Centraal Station,71463,,0,,1584626,0,1
152365,3689,379440670,GVB:53:71191,Gaasperplas,71191,,1,,1584629,0,1
152365,3689,379440671,GVB:53:71533,Gaasperplas,71533,,1,,1584629,0,1
